image_path,ground_truth,prediction,nsfw_prob,config,dataset
/Users/ahooker/Documents/Dissertation/virtushield/final-datasets/in-the-wild-final-small/UNSAFE/0/frame_100.jpg,UNSAFE,UNSAFE,0.9086242318153381,context_encoding_only,in_the_wild
/Users/ahooker/Documents/Dissertation/virtushield/final-datasets/in-the-wild-final-small/UNSAFE/0/frame_1000.jpg,UNSAFE,UNSAFE,0.8291680216789246,context_encoding_only,in_the_wild
/Users/ahooker/Documents/Dissertation/virtushield/final-datasets/in-the-wild-final-small/UNSAFE/0/frame_100__1.jpg,UNSAFE,UNSAFE,0.880696713924408,context_encoding_only,in_the_wild
/Users/ahooker/Documents/Dissertation/virtushield/final-datasets/in-the-wild-final-small/UNSAFE/0/frame_101.jpg,UNSAFE,SAFE,0.49574145674705505,context_encoding_only,in_the_wild
/Users/ahooker/Documents/Dissertation/virtushield/final-datasets/in-the-wild-final-small/UNSAFE/0/frame_1011.jpg,UNSAFE,UNSAFE,0.8332159519195557,context_encoding_only,in_the_wild
/Users/ahooker/Documents/Dissertation/virtushield/final-datasets/in-the-wild-final-small/UNSAFE/0/frame_1012.jpg,UNSAFE,UNSAFE,0.8385067582130432,context_encoding_only,in_the_wild
/Users/ahooker/Documents/Dissertation/virtushield/final-datasets/in-the-wild-final-small/UNSAFE/0/frame_1013.jpg,UNSAFE,UNSAFE,0.9005743861198425,context_encoding_only,in_the_wild
/Users/ahooker/Documents/Dissertation/virtushield/final-datasets/in-the-wild-final-small/UNSAFE/0/frame_1018.jpg,UNSAFE,UNSAFE,0.9154275059700012,context_encoding_only,in_the_wild
/Users/ahooker/Documents/Dissertation/virtushield/final-datasets/in-the-wild-final-small/UNSAFE/0/frame_1019.jpg,UNSAFE,UNSAFE,0.8923267126083374,context_encoding_only,in_the_wild
/Users/ahooker/Documents/Dissertation/virtushield/final-datasets/in-the-wild-final-small/UNSAFE/0/frame_102.jpg,UNSAFE,SAFE,0.48454633355140686,context_encoding_only,in_the_wild
/Users/ahooker/Documents/Dissertation/virtushield/final-datasets/in-the-wild-final-small/UNSAFE/0/frame_1022.jpg,UNSAFE,UNSAFE,0.6455097198486328,context_encoding_only,in_the_wild
/Users/ahooker/Documents/Dissertation/virtushield/final-datasets/in-the-wild-final-small/UNSAFE/0/frame_102__1.jpg,UNSAFE,SAFE,0.36088797450065613,context_encoding_only,in_the_wild
/Users/ahooker/Documents/Dissertation/virtushield/final-datasets/in-the-wild-final-small/UNSAFE/0/frame_103.jpg,UNSAFE,UNSAFE,0.5668579339981079,context_encoding_only,in_the_wild
/Users/ahooker/Documents/Dissertation/virtushield/final-datasets/in-the-wild-final-small/UNSAFE/0/frame_1030.jpg,UNSAFE,UNSAFE,0.9119899868965149,context_encoding_only,in_the_wild
/Users/ahooker/Documents/Dissertation/virtushield/final-datasets/in-the-wild-final-small/UNSAFE/0/frame_1054.jpg,UNSAFE,UNSAFE,0.8264224529266357,context_encoding_only,in_the_wild
/Users/ahooker/Documents/Dissertation/virtushield/final-datasets/in-the-wild-final-small/UNSAFE/0/frame_106.jpg,UNSAFE,UNSAFE,0.6890265345573425,context_encoding_only,in_the_wild
/Users/ahooker/Documents/Dissertation/virtushield/final-datasets/in-the-wild-final-small/UNSAFE/0/frame_107.jpg,UNSAFE,UNSAFE,0.897087812423706,context_encoding_only,in_the_wild
/Users/ahooker/Documents/Dissertation/virtushield/final-datasets/in-the-wild-final-small/UNSAFE/0/frame_108.jpg,UNSAFE,UNSAFE,0.5572072267532349,context_encoding_only,in_the_wild
/Users/ahooker/Documents/Dissertation/virtushield/final-datasets/in-the-wild-final-small/UNSAFE/0/frame_108__1.jpg,UNSAFE,UNSAFE,0.8773841261863708,context_encoding_only,in_the_wild
/Users/ahooker/Documents/Dissertation/virtushield/final-datasets/in-the-wild-final-small/UNSAFE/0/frame_11.jpg,UNSAFE,UNSAFE,0.7353035807609558,context_encoding_only,in_the_wild
/Users/ahooker/Documents/Dissertation/virtushield/final-datasets/in-the-wild-final-small/UNSAFE/0/frame_110.jpg,UNSAFE,UNSAFE,0.5353878736495972,context_encoding_only,in_the_wild
/Users/ahooker/Documents/Dissertation/virtushield/final-datasets/in-the-wild-final-small/UNSAFE/0/frame_111.jpg,UNSAFE,UNSAFE,0.8016881942749023,context_encoding_only,in_the_wild
/Users/ahooker/Documents/Dissertation/virtushield/final-datasets/in-the-wild-final-small/UNSAFE/0/frame_112.jpg,UNSAFE,SAFE,0.2182759791612625,context_encoding_only,in_the_wild
/Users/ahooker/Documents/Dissertation/virtushield/final-datasets/in-the-wild-final-small/UNSAFE/0/frame_112__1.jpg,UNSAFE,UNSAFE,0.8169863224029541,context_encoding_only,in_the_wild
/Users/ahooker/Documents/Dissertation/virtushield/final-datasets/in-the-wild-final-small/UNSAFE/0/frame_113.jpg,UNSAFE,UNSAFE,0.8715009689331055,context_encoding_only,in_the_wild
/Users/ahooker/Documents/Dissertation/virtushield/final-datasets/in-the-wild-final-small/UNSAFE/0/frame_113__1.jpg,UNSAFE,UNSAFE,0.8072179555892944,context_encoding_only,in_the_wild
/Users/ahooker/Documents/Dissertation/virtushield/final-datasets/in-the-wild-final-small/UNSAFE/0/frame_113__2.jpg,UNSAFE,UNSAFE,0.7776061296463013,context_encoding_only,in_the_wild
/Users/ahooker/Documents/Dissertation/virtushield/final-datasets/in-the-wild-final-small/UNSAFE/0/frame_115.jpg,UNSAFE,UNSAFE,0.8276326656341553,context_encoding_only,in_the_wild
/Users/ahooker/Documents/Dissertation/virtushield/final-datasets/in-the-wild-final-small/UNSAFE/0/frame_115__1.jpg,UNSAFE,SAFE,0.39810386300086975,context_encoding_only,in_the_wild
/Users/ahooker/Documents/Dissertation/virtushield/final-datasets/in-the-wild-final-small/UNSAFE/0/frame_115__2.jpg,UNSAFE,SAFE,0.3491412401199341,context_encoding_only,in_the_wild
/Users/ahooker/Documents/Dissertation/virtushield/final-datasets/in-the-wild-final-small/UNSAFE/0/frame_116.jpg,UNSAFE,SAFE,0.1796429604291916,context_encoding_only,in_the_wild
/Users/ahooker/Documents/Dissertation/virtushield/final-datasets/in-the-wild-final-small/UNSAFE/0/frame_117.jpg,UNSAFE,SAFE,0.24596019089221954,context_encoding_only,in_the_wild
/Users/ahooker/Documents/Dissertation/virtushield/final-datasets/in-the-wild-final-small/UNSAFE/0/frame_118.jpg,UNSAFE,UNSAFE,0.7705572247505188,context_encoding_only,in_the_wild
/Users/ahooker/Documents/Dissertation/virtushield/final-datasets/in-the-wild-final-small/UNSAFE/0/frame_118__1.jpg,UNSAFE,UNSAFE,0.7616105079650879,context_encoding_only,in_the_wild
/Users/ahooker/Documents/Dissertation/virtushield/final-datasets/in-the-wild-final-small/UNSAFE/0/frame_119.jpg,UNSAFE,SAFE,0.25479423999786377,context_encoding_only,in_the_wild
/Users/ahooker/Documents/Dissertation/virtushield/final-datasets/in-the-wild-final-small/UNSAFE/0/frame_119__1.jpg,UNSAFE,UNSAFE,0.7592748999595642,context_encoding_only,in_the_wild
/Users/ahooker/Documents/Dissertation/virtushield/final-datasets/in-the-wild-final-small/UNSAFE/0/frame_119__2.jpg,UNSAFE,UNSAFE,0.6629157662391663,context_encoding_only,in_the_wild
/Users/ahooker/Documents/Dissertation/virtushield/final-datasets/in-the-wild-final-small/UNSAFE/0/frame_12.jpg,UNSAFE,UNSAFE,0.6382607817649841,context_encoding_only,in_the_wild
/Users/ahooker/Documents/Dissertation/virtushield/final-datasets/in-the-wild-final-small/UNSAFE/0/frame_120.jpg,UNSAFE,UNSAFE,0.8001859784126282,context_encoding_only,in_the_wild
/Users/ahooker/Documents/Dissertation/virtushield/final-datasets/in-the-wild-final-small/UNSAFE/0/frame_120__1.jpg,UNSAFE,SAFE,0.3251760005950928,context_encoding_only,in_the_wild
/Users/ahooker/Documents/Dissertation/virtushield/final-datasets/in-the-wild-final-small/UNSAFE/0/frame_122.jpg,UNSAFE,SAFE,0.34144309163093567,context_encoding_only,in_the_wild
/Users/ahooker/Documents/Dissertation/virtushield/final-datasets/in-the-wild-final-small/UNSAFE/0/frame_122__1.jpg,UNSAFE,UNSAFE,0.8756449818611145,context_encoding_only,in_the_wild
/Users/ahooker/Documents/Dissertation/virtushield/final-datasets/in-the-wild-final-small/UNSAFE/0/frame_122__2.jpg,UNSAFE,UNSAFE,0.8252164125442505,context_encoding_only,in_the_wild
/Users/ahooker/Documents/Dissertation/virtushield/final-datasets/in-the-wild-final-small/UNSAFE/0/frame_122__3.jpg,UNSAFE,UNSAFE,0.808204710483551,context_encoding_only,in_the_wild
/Users/ahooker/Documents/Dissertation/virtushield/final-datasets/in-the-wild-final-small/UNSAFE/0/frame_123.jpg,UNSAFE,UNSAFE,0.843474268913269,context_encoding_only,in_the_wild
/Users/ahooker/Documents/Dissertation/virtushield/final-datasets/in-the-wild-final-small/UNSAFE/0/frame_125.jpg,UNSAFE,UNSAFE,0.8865146636962891,context_encoding_only,in_the_wild
/Users/ahooker/Documents/Dissertation/virtushield/final-datasets/in-the-wild-final-small/UNSAFE/0/frame_130.jpg,UNSAFE,UNSAFE,0.9210574626922607,context_encoding_only,in_the_wild
/Users/ahooker/Documents/Dissertation/virtushield/final-datasets/in-the-wild-final-small/UNSAFE/0/frame_131.jpg,UNSAFE,SAFE,0.33231255412101746,context_encoding_only,in_the_wild
/Users/ahooker/Documents/Dissertation/virtushield/final-datasets/in-the-wild-final-small/UNSAFE/0/frame_131__1.jpg,UNSAFE,UNSAFE,0.5637331008911133,context_encoding_only,in_the_wild
/Users/ahooker/Documents/Dissertation/virtushield/final-datasets/in-the-wild-final-small/UNSAFE/0/frame_131__2.jpg,UNSAFE,SAFE,0.33231255412101746,context_encoding_only,in_the_wild
/Users/ahooker/Documents/Dissertation/virtushield/final-datasets/in-the-wild-final-small/UNSAFE/0/frame_132.jpg,UNSAFE,UNSAFE,0.6062052845954895,context_encoding_only,in_the_wild
/Users/ahooker/Documents/Dissertation/virtushield/final-datasets/in-the-wild-final-small/UNSAFE/0/frame_133.jpg,UNSAFE,UNSAFE,0.90934157371521,context_encoding_only,in_the_wild
/Users/ahooker/Documents/Dissertation/virtushield/final-datasets/in-the-wild-final-small/UNSAFE/0/frame_134.jpg,UNSAFE,SAFE,0.4055429995059967,context_encoding_only,in_the_wild
/Users/ahooker/Documents/Dissertation/virtushield/final-datasets/in-the-wild-final-small/UNSAFE/0/frame_134__1.jpg,UNSAFE,UNSAFE,0.8691511750221252,context_encoding_only,in_the_wild
/Users/ahooker/Documents/Dissertation/virtushield/final-datasets/in-the-wild-final-small/UNSAFE/0/frame_134__2.jpg,UNSAFE,UNSAFE,0.5431983470916748,context_encoding_only,in_the_wild
/Users/ahooker/Documents/Dissertation/virtushield/final-datasets/in-the-wild-final-small/UNSAFE/0/frame_135.jpg,UNSAFE,SAFE,0.4773290753364563,context_encoding_only,in_the_wild
/Users/ahooker/Documents/Dissertation/virtushield/final-datasets/in-the-wild-final-small/UNSAFE/0/frame_137.jpg,UNSAFE,UNSAFE,0.7976586818695068,context_encoding_only,in_the_wild
/Users/ahooker/Documents/Dissertation/virtushield/final-datasets/in-the-wild-final-small/UNSAFE/0/frame_138.jpg,UNSAFE,UNSAFE,0.5598480105400085,context_encoding_only,in_the_wild
/Users/ahooker/Documents/Dissertation/virtushield/final-datasets/in-the-wild-final-small/UNSAFE/0/frame_138__1.jpg,UNSAFE,UNSAFE,0.5598480105400085,context_encoding_only,in_the_wild
/Users/ahooker/Documents/Dissertation/virtushield/final-datasets/in-the-wild-final-small/UNSAFE/0/frame_139.jpg,UNSAFE,SAFE,0.2702130973339081,context_encoding_only,in_the_wild
/Users/ahooker/Documents/Dissertation/virtushield/final-datasets/in-the-wild-final-small/UNSAFE/0/frame_139__1.jpg,UNSAFE,UNSAFE,0.8434115052223206,context_encoding_only,in_the_wild
/Users/ahooker/Documents/Dissertation/virtushield/final-datasets/in-the-wild-final-small/UNSAFE/0/frame_140.jpg,UNSAFE,UNSAFE,0.8999612331390381,context_encoding_only,in_the_wild
/Users/ahooker/Documents/Dissertation/virtushield/final-datasets/in-the-wild-final-small/UNSAFE/0/frame_140__1.jpg,UNSAFE,UNSAFE,0.9239882230758667,context_encoding_only,in_the_wild
/Users/ahooker/Documents/Dissertation/virtushield/final-datasets/in-the-wild-final-small/UNSAFE/0/frame_141.jpg,UNSAFE,SAFE,0.3863699734210968,context_encoding_only,in_the_wild
/Users/ahooker/Documents/Dissertation/virtushield/final-datasets/in-the-wild-final-small/UNSAFE/0/frame_142.jpg,UNSAFE,SAFE,0.29485899209976196,context_encoding_only,in_the_wild
/Users/ahooker/Documents/Dissertation/virtushield/final-datasets/in-the-wild-final-small/UNSAFE/0/frame_143.jpg,UNSAFE,UNSAFE,0.7639800310134888,context_encoding_only,in_the_wild
/Users/ahooker/Documents/Dissertation/virtushield/final-datasets/in-the-wild-final-small/UNSAFE/0/frame_143__1.jpg,UNSAFE,UNSAFE,0.9369561672210693,context_encoding_only,in_the_wild
/Users/ahooker/Documents/Dissertation/virtushield/final-datasets/in-the-wild-final-small/UNSAFE/0/frame_144.jpg,UNSAFE,UNSAFE,0.8464056849479675,context_encoding_only,in_the_wild
/Users/ahooker/Documents/Dissertation/virtushield/final-datasets/in-the-wild-final-small/UNSAFE/0/frame_145.jpg,UNSAFE,SAFE,0.4417266249656677,context_encoding_only,in_the_wild
/Users/ahooker/Documents/Dissertation/virtushield/final-datasets/in-the-wild-final-small/UNSAFE/0/frame_149.jpg,UNSAFE,UNSAFE,0.7253629565238953,context_encoding_only,in_the_wild
/Users/ahooker/Documents/Dissertation/virtushield/final-datasets/in-the-wild-final-small/UNSAFE/0/frame_150.jpg,UNSAFE,UNSAFE,0.5256199240684509,context_encoding_only,in_the_wild
/Users/ahooker/Documents/Dissertation/virtushield/final-datasets/in-the-wild-final-small/UNSAFE/0/frame_151.jpg,UNSAFE,UNSAFE,0.8499629497528076,context_encoding_only,in_the_wild
/Users/ahooker/Documents/Dissertation/virtushield/final-datasets/in-the-wild-final-small/UNSAFE/0/frame_151__1.jpg,UNSAFE,UNSAFE,0.9338444471359253,context_encoding_only,in_the_wild
/Users/ahooker/Documents/Dissertation/virtushield/final-datasets/in-the-wild-final-small/UNSAFE/0/frame_152.jpg,UNSAFE,UNSAFE,0.9065732955932617,context_encoding_only,in_the_wild
/Users/ahooker/Documents/Dissertation/virtushield/final-datasets/in-the-wild-final-small/UNSAFE/0/frame_153.jpg,UNSAFE,UNSAFE,0.915852963924408,context_encoding_only,in_the_wild
/Users/ahooker/Documents/Dissertation/virtushield/final-datasets/in-the-wild-final-small/UNSAFE/0/frame_153__1.jpg,UNSAFE,UNSAFE,0.9390916228294373,context_encoding_only,in_the_wild
/Users/ahooker/Documents/Dissertation/virtushield/final-datasets/in-the-wild-final-small/UNSAFE/0/frame_155.jpg,UNSAFE,UNSAFE,0.5853872895240784,context_encoding_only,in_the_wild
/Users/ahooker/Documents/Dissertation/virtushield/final-datasets/in-the-wild-final-small/UNSAFE/0/frame_156.jpg,UNSAFE,UNSAFE,0.9386342167854309,context_encoding_only,in_the_wild
/Users/ahooker/Documents/Dissertation/virtushield/final-datasets/in-the-wild-final-small/UNSAFE/0/frame_156__1.jpg,UNSAFE,UNSAFE,0.588477611541748,context_encoding_only,in_the_wild
/Users/ahooker/Documents/Dissertation/virtushield/final-datasets/in-the-wild-final-small/UNSAFE/0/frame_156__2.jpg,UNSAFE,UNSAFE,0.9152795076370239,context_encoding_only,in_the_wild
/Users/ahooker/Documents/Dissertation/virtushield/final-datasets/in-the-wild-final-small/UNSAFE/0/frame_161.jpg,UNSAFE,UNSAFE,0.7206977605819702,context_encoding_only,in_the_wild
/Users/ahooker/Documents/Dissertation/virtushield/final-datasets/in-the-wild-final-small/UNSAFE/0/frame_161__1.jpg,UNSAFE,UNSAFE,0.746478796005249,context_encoding_only,in_the_wild
/Users/ahooker/Documents/Dissertation/virtushield/final-datasets/in-the-wild-final-small/UNSAFE/0/frame_162.jpg,UNSAFE,UNSAFE,0.9432359933853149,context_encoding_only,in_the_wild
/Users/ahooker/Documents/Dissertation/virtushield/final-datasets/in-the-wild-final-small/UNSAFE/0/frame_162__1.jpg,UNSAFE,UNSAFE,0.625842809677124,context_encoding_only,in_the_wild
/Users/ahooker/Documents/Dissertation/virtushield/final-datasets/in-the-wild-final-small/UNSAFE/0/frame_163.jpg,UNSAFE,UNSAFE,0.7322168946266174,context_encoding_only,in_the_wild
/Users/ahooker/Documents/Dissertation/virtushield/final-datasets/in-the-wild-final-small/UNSAFE/0/frame_163__1.jpg,UNSAFE,UNSAFE,0.9326176047325134,context_encoding_only,in_the_wild
/Users/ahooker/Documents/Dissertation/virtushield/final-datasets/in-the-wild-final-small/UNSAFE/0/frame_164.jpg,UNSAFE,UNSAFE,0.9595781564712524,context_encoding_only,in_the_wild
/Users/ahooker/Documents/Dissertation/virtushield/final-datasets/in-the-wild-final-small/UNSAFE/0/frame_166.jpg,UNSAFE,UNSAFE,0.9337326288223267,context_encoding_only,in_the_wild
/Users/ahooker/Documents/Dissertation/virtushield/final-datasets/in-the-wild-final-small/UNSAFE/0/frame_166__1.jpg,UNSAFE,UNSAFE,0.8647174835205078,context_encoding_only,in_the_wild
/Users/ahooker/Documents/Dissertation/virtushield/final-datasets/in-the-wild-final-small/UNSAFE/0/frame_166__2.jpg,UNSAFE,UNSAFE,0.7405248880386353,context_encoding_only,in_the_wild
/Users/ahooker/Documents/Dissertation/virtushield/final-datasets/in-the-wild-final-small/UNSAFE/0/frame_167.jpg,UNSAFE,UNSAFE,0.8512334823608398,context_encoding_only,in_the_wild
/Users/ahooker/Documents/Dissertation/virtushield/final-datasets/in-the-wild-final-small/UNSAFE/0/frame_167__1.jpg,UNSAFE,UNSAFE,0.6513999104499817,context_encoding_only,in_the_wild
/Users/ahooker/Documents/Dissertation/virtushield/final-datasets/in-the-wild-final-small/UNSAFE/0/frame_168.jpg,UNSAFE,UNSAFE,0.7459409236907959,context_encoding_only,in_the_wild
/Users/ahooker/Documents/Dissertation/virtushield/final-datasets/in-the-wild-final-small/UNSAFE/0/frame_168__1.jpg,UNSAFE,UNSAFE,0.9438583254814148,context_encoding_only,in_the_wild
/Users/ahooker/Documents/Dissertation/virtushield/final-datasets/in-the-wild-final-small/UNSAFE/0/frame_170.jpg,UNSAFE,UNSAFE,0.8285828828811646,context_encoding_only,in_the_wild
/Users/ahooker/Documents/Dissertation/virtushield/final-datasets/in-the-wild-final-small/UNSAFE/0/frame_173.jpg,UNSAFE,UNSAFE,0.870015561580658,context_encoding_only,in_the_wild
/Users/ahooker/Documents/Dissertation/virtushield/final-datasets/in-the-wild-final-small/UNSAFE/0/frame_174.jpg,UNSAFE,UNSAFE,0.9381529092788696,context_encoding_only,in_the_wild
/Users/ahooker/Documents/Dissertation/virtushield/final-datasets/in-the-wild-final-small/UNSAFE/0/frame_175.jpg,UNSAFE,UNSAFE,0.9713782668113708,context_encoding_only,in_the_wild
/Users/ahooker/Documents/Dissertation/virtushield/final-datasets/in-the-wild-final-small/UNSAFE/0/frame_175__1.jpg,UNSAFE,UNSAFE,0.5063453912734985,context_encoding_only,in_the_wild
/Users/ahooker/Documents/Dissertation/virtushield/final-datasets/in-the-wild-final-small/UNSAFE/0/frame_177.jpg,UNSAFE,UNSAFE,0.9476045966148376,context_encoding_only,in_the_wild
/Users/ahooker/Documents/Dissertation/virtushield/final-datasets/in-the-wild-final-small/UNSAFE/0/frame_178.jpg,UNSAFE,UNSAFE,0.6063755750656128,context_encoding_only,in_the_wild
/Users/ahooker/Documents/Dissertation/virtushield/final-datasets/in-the-wild-final-small/UNSAFE/0/frame_179.jpg,UNSAFE,UNSAFE,0.8867108225822449,context_encoding_only,in_the_wild
/Users/ahooker/Documents/Dissertation/virtushield/final-datasets/in-the-wild-final-small/UNSAFE/0/frame_18.jpg,UNSAFE,SAFE,0.4086717367172241,context_encoding_only,in_the_wild
/Users/ahooker/Documents/Dissertation/virtushield/final-datasets/in-the-wild-final-small/UNSAFE/0/frame_180.jpg,UNSAFE,UNSAFE,0.5321535468101501,context_encoding_only,in_the_wild
/Users/ahooker/Documents/Dissertation/virtushield/final-datasets/in-the-wild-final-small/UNSAFE/0/frame_180__1.jpg,UNSAFE,UNSAFE,0.746065616607666,context_encoding_only,in_the_wild
/Users/ahooker/Documents/Dissertation/virtushield/final-datasets/in-the-wild-final-small/UNSAFE/0/frame_181.jpg,UNSAFE,UNSAFE,0.5725253224372864,context_encoding_only,in_the_wild
/Users/ahooker/Documents/Dissertation/virtushield/final-datasets/in-the-wild-final-small/UNSAFE/0/frame_181__1.jpg,UNSAFE,UNSAFE,0.5725253224372864,context_encoding_only,in_the_wild
/Users/ahooker/Documents/Dissertation/virtushield/final-datasets/in-the-wild-final-small/UNSAFE/0/frame_183.jpg,UNSAFE,UNSAFE,0.8494060039520264,context_encoding_only,in_the_wild
/Users/ahooker/Documents/Dissertation/virtushield/final-datasets/in-the-wild-final-small/UNSAFE/0/frame_184.jpg,UNSAFE,SAFE,0.3993508219718933,context_encoding_only,in_the_wild
/Users/ahooker/Documents/Dissertation/virtushield/final-datasets/in-the-wild-final-small/UNSAFE/0/frame_185.jpg,UNSAFE,SAFE,0.4789638817310333,context_encoding_only,in_the_wild
/Users/ahooker/Documents/Dissertation/virtushield/final-datasets/in-the-wild-final-small/UNSAFE/0/frame_186.jpg,UNSAFE,UNSAFE,0.8403905034065247,context_encoding_only,in_the_wild
/Users/ahooker/Documents/Dissertation/virtushield/final-datasets/in-the-wild-final-small/UNSAFE/0/frame_187.jpg,UNSAFE,UNSAFE,0.5461112856864929,context_encoding_only,in_the_wild
/Users/ahooker/Documents/Dissertation/virtushield/final-datasets/in-the-wild-final-small/UNSAFE/0/frame_187__1.jpg,UNSAFE,UNSAFE,0.5886725187301636,context_encoding_only,in_the_wild
/Users/ahooker/Documents/Dissertation/virtushield/final-datasets/in-the-wild-final-small/UNSAFE/0/frame_188.jpg,UNSAFE,SAFE,0.48899397253990173,context_encoding_only,in_the_wild
/Users/ahooker/Documents/Dissertation/virtushield/final-datasets/in-the-wild-final-small/UNSAFE/0/frame_189.jpg,UNSAFE,SAFE,0.48877236247062683,context_encoding_only,in_the_wild
/Users/ahooker/Documents/Dissertation/virtushield/final-datasets/in-the-wild-final-small/UNSAFE/0/frame_190.jpg,UNSAFE,UNSAFE,0.5560474395751953,context_encoding_only,in_the_wild
/Users/ahooker/Documents/Dissertation/virtushield/final-datasets/in-the-wild-final-small/UNSAFE/0/frame_191.jpg,UNSAFE,UNSAFE,0.812286913394928,context_encoding_only,in_the_wild
/Users/ahooker/Documents/Dissertation/virtushield/final-datasets/in-the-wild-final-small/UNSAFE/0/frame_191__1.jpg,UNSAFE,UNSAFE,0.899847686290741,context_encoding_only,in_the_wild
/Users/ahooker/Documents/Dissertation/virtushield/final-datasets/in-the-wild-final-small/UNSAFE/0/frame_192.jpg,UNSAFE,UNSAFE,0.560282289981842,context_encoding_only,in_the_wild
/Users/ahooker/Documents/Dissertation/virtushield/final-datasets/in-the-wild-final-small/UNSAFE/0/frame_192__1.jpg,UNSAFE,UNSAFE,0.750939667224884,context_encoding_only,in_the_wild
/Users/ahooker/Documents/Dissertation/virtushield/final-datasets/in-the-wild-final-small/UNSAFE/0/frame_192__2.jpg,UNSAFE,UNSAFE,0.6307955384254456,context_encoding_only,in_the_wild
/Users/ahooker/Documents/Dissertation/virtushield/final-datasets/in-the-wild-final-small/UNSAFE/0/frame_193.jpg,UNSAFE,UNSAFE,0.7667469382286072,context_encoding_only,in_the_wild
/Users/ahooker/Documents/Dissertation/virtushield/final-datasets/in-the-wild-final-small/UNSAFE/0/frame_193__1.jpg,UNSAFE,UNSAFE,0.8881668448448181,context_encoding_only,in_the_wild
/Users/ahooker/Documents/Dissertation/virtushield/final-datasets/in-the-wild-final-small/UNSAFE/0/frame_194.jpg,UNSAFE,UNSAFE,0.872804582118988,context_encoding_only,in_the_wild
/Users/ahooker/Documents/Dissertation/virtushield/final-datasets/in-the-wild-final-small/UNSAFE/0/frame_194__1.jpg,UNSAFE,UNSAFE,0.872804582118988,context_encoding_only,in_the_wild
/Users/ahooker/Documents/Dissertation/virtushield/final-datasets/in-the-wild-final-small/UNSAFE/0/frame_194__2.jpg,UNSAFE,UNSAFE,0.8897550702095032,context_encoding_only,in_the_wild
/Users/ahooker/Documents/Dissertation/virtushield/final-datasets/in-the-wild-final-small/UNSAFE/0/frame_195.jpg,UNSAFE,UNSAFE,0.5288432836532593,context_encoding_only,in_the_wild
/Users/ahooker/Documents/Dissertation/virtushield/final-datasets/in-the-wild-final-small/UNSAFE/0/frame_197.jpg,UNSAFE,UNSAFE,0.5382428765296936,context_encoding_only,in_the_wild
/Users/ahooker/Documents/Dissertation/virtushield/final-datasets/in-the-wild-final-small/UNSAFE/0/frame_197__1.jpg,UNSAFE,UNSAFE,0.6137322783470154,context_encoding_only,in_the_wild
/Users/ahooker/Documents/Dissertation/virtushield/final-datasets/in-the-wild-final-small/UNSAFE/0/frame_198.jpg,UNSAFE,UNSAFE,0.9192792773246765,context_encoding_only,in_the_wild
/Users/ahooker/Documents/Dissertation/virtushield/final-datasets/in-the-wild-final-small/UNSAFE/0/frame_199.jpg,UNSAFE,UNSAFE,0.8498054146766663,context_encoding_only,in_the_wild
/Users/ahooker/Documents/Dissertation/virtushield/final-datasets/in-the-wild-final-small/UNSAFE/0/frame_200.jpg,UNSAFE,SAFE,0.3937346637248993,context_encoding_only,in_the_wild
/Users/ahooker/Documents/Dissertation/virtushield/final-datasets/in-the-wild-final-small/UNSAFE/0/frame_201.jpg,UNSAFE,UNSAFE,0.8527066111564636,context_encoding_only,in_the_wild
/Users/ahooker/Documents/Dissertation/virtushield/final-datasets/in-the-wild-final-small/UNSAFE/0/frame_201__1.jpg,UNSAFE,SAFE,0.385283887386322,context_encoding_only,in_the_wild
/Users/ahooker/Documents/Dissertation/virtushield/final-datasets/in-the-wild-final-small/UNSAFE/0/frame_205.jpg,UNSAFE,UNSAFE,0.504599928855896,context_encoding_only,in_the_wild
/Users/ahooker/Documents/Dissertation/virtushield/final-datasets/in-the-wild-final-small/UNSAFE/0/frame_206.jpg,UNSAFE,UNSAFE,0.7586122155189514,context_encoding_only,in_the_wild
/Users/ahooker/Documents/Dissertation/virtushield/final-datasets/in-the-wild-final-small/UNSAFE/0/frame_207.jpg,UNSAFE,UNSAFE,0.9011228084564209,context_encoding_only,in_the_wild
/Users/ahooker/Documents/Dissertation/virtushield/final-datasets/in-the-wild-final-small/UNSAFE/0/frame_210.jpg,UNSAFE,UNSAFE,0.7539201974868774,context_encoding_only,in_the_wild
/Users/ahooker/Documents/Dissertation/virtushield/final-datasets/in-the-wild-final-small/UNSAFE/0/frame_216.jpg,UNSAFE,UNSAFE,0.5953359007835388,context_encoding_only,in_the_wild
/Users/ahooker/Documents/Dissertation/virtushield/final-datasets/in-the-wild-final-small/UNSAFE/0/frame_216__1.jpg,UNSAFE,UNSAFE,0.5953359007835388,context_encoding_only,in_the_wild
/Users/ahooker/Documents/Dissertation/virtushield/final-datasets/in-the-wild-final-small/UNSAFE/0/frame_216__2.jpg,UNSAFE,UNSAFE,0.8366739749908447,context_encoding_only,in_the_wild
/Users/ahooker/Documents/Dissertation/virtushield/final-datasets/in-the-wild-final-small/UNSAFE/0/frame_217.jpg,UNSAFE,UNSAFE,0.554829478263855,context_encoding_only,in_the_wild
/Users/ahooker/Documents/Dissertation/virtushield/final-datasets/in-the-wild-final-small/UNSAFE/0/frame_217__1.jpg,UNSAFE,UNSAFE,0.9090792536735535,context_encoding_only,in_the_wild
/Users/ahooker/Documents/Dissertation/virtushield/final-datasets/in-the-wild-final-small/UNSAFE/0/frame_218.jpg,UNSAFE,UNSAFE,0.6351026296615601,context_encoding_only,in_the_wild
/Users/ahooker/Documents/Dissertation/virtushield/final-datasets/in-the-wild-final-small/UNSAFE/0/frame_218__1.jpg,UNSAFE,SAFE,0.37500256299972534,context_encoding_only,in_the_wild
/Users/ahooker/Documents/Dissertation/virtushield/final-datasets/in-the-wild-final-small/UNSAFE/0/frame_220.jpg,UNSAFE,UNSAFE,0.6846677660942078,context_encoding_only,in_the_wild
/Users/ahooker/Documents/Dissertation/virtushield/final-datasets/in-the-wild-final-small/UNSAFE/0/frame_221.jpg,UNSAFE,UNSAFE,0.9089889526367188,context_encoding_only,in_the_wild
/Users/ahooker/Documents/Dissertation/virtushield/final-datasets/in-the-wild-final-small/UNSAFE/0/frame_222.jpg,UNSAFE,UNSAFE,0.7742455005645752,context_encoding_only,in_the_wild
/Users/ahooker/Documents/Dissertation/virtushield/final-datasets/in-the-wild-final-small/UNSAFE/0/frame_223.jpg,UNSAFE,UNSAFE,0.8080539107322693,context_encoding_only,in_the_wild
/Users/ahooker/Documents/Dissertation/virtushield/final-datasets/in-the-wild-final-small/UNSAFE/0/frame_223__1.jpg,UNSAFE,UNSAFE,0.8545592427253723,context_encoding_only,in_the_wild
/Users/ahooker/Documents/Dissertation/virtushield/final-datasets/in-the-wild-final-small/UNSAFE/0/frame_224.jpg,UNSAFE,UNSAFE,0.83046555519104,context_encoding_only,in_the_wild
/Users/ahooker/Documents/Dissertation/virtushield/final-datasets/in-the-wild-final-small/UNSAFE/0/frame_225.jpg,UNSAFE,UNSAFE,0.9148827791213989,context_encoding_only,in_the_wild
/Users/ahooker/Documents/Dissertation/virtushield/final-datasets/in-the-wild-final-small/UNSAFE/0/frame_225__1.jpg,UNSAFE,UNSAFE,0.9148827791213989,context_encoding_only,in_the_wild
/Users/ahooker/Documents/Dissertation/virtushield/final-datasets/in-the-wild-final-small/UNSAFE/0/frame_226.jpg,UNSAFE,UNSAFE,0.8395439386367798,context_encoding_only,in_the_wild
/Users/ahooker/Documents/Dissertation/virtushield/final-datasets/in-the-wild-final-small/UNSAFE/0/frame_23.jpg,UNSAFE,UNSAFE,0.7531384229660034,context_encoding_only,in_the_wild
/Users/ahooker/Documents/Dissertation/virtushield/final-datasets/in-the-wild-final-small/UNSAFE/0/frame_230.jpg,UNSAFE,UNSAFE,0.8796201944351196,context_encoding_only,in_the_wild
/Users/ahooker/Documents/Dissertation/virtushield/final-datasets/in-the-wild-final-small/UNSAFE/0/frame_230__1.jpg,UNSAFE,UNSAFE,0.8105134963989258,context_encoding_only,in_the_wild
/Users/ahooker/Documents/Dissertation/virtushield/final-datasets/in-the-wild-final-small/UNSAFE/0/frame_231.jpg,UNSAFE,UNSAFE,0.7796313762664795,context_encoding_only,in_the_wild
/Users/ahooker/Documents/Dissertation/virtushield/final-datasets/in-the-wild-final-small/UNSAFE/0/frame_233.jpg,UNSAFE,UNSAFE,0.8035383820533752,context_encoding_only,in_the_wild
/Users/ahooker/Documents/Dissertation/virtushield/final-datasets/in-the-wild-final-small/UNSAFE/0/frame_233__1.jpg,UNSAFE,SAFE,0.3928021192550659,context_encoding_only,in_the_wild
/Users/ahooker/Documents/Dissertation/virtushield/final-datasets/in-the-wild-final-small/UNSAFE/0/frame_234.jpg,UNSAFE,UNSAFE,0.9064202904701233,context_encoding_only,in_the_wild
/Users/ahooker/Documents/Dissertation/virtushield/final-datasets/in-the-wild-final-small/UNSAFE/0/frame_235.jpg,UNSAFE,UNSAFE,0.8849112391471863,context_encoding_only,in_the_wild
/Users/ahooker/Documents/Dissertation/virtushield/final-datasets/in-the-wild-final-small/UNSAFE/0/frame_236.jpg,UNSAFE,UNSAFE,0.903815507888794,context_encoding_only,in_the_wild
/Users/ahooker/Documents/Dissertation/virtushield/final-datasets/in-the-wild-final-small/UNSAFE/0/frame_236__1.jpg,UNSAFE,UNSAFE,0.8208686113357544,context_encoding_only,in_the_wild
/Users/ahooker/Documents/Dissertation/virtushield/final-datasets/in-the-wild-final-small/UNSAFE/0/frame_237.jpg,UNSAFE,SAFE,0.35004115104675293,context_encoding_only,in_the_wild
/Users/ahooker/Documents/Dissertation/virtushield/final-datasets/in-the-wild-final-small/UNSAFE/0/frame_237__1.jpg,UNSAFE,UNSAFE,0.9111639261245728,context_encoding_only,in_the_wild
/Users/ahooker/Documents/Dissertation/virtushield/final-datasets/in-the-wild-final-small/UNSAFE/0/frame_239.jpg,UNSAFE,UNSAFE,0.6727160811424255,context_encoding_only,in_the_wild
/Users/ahooker/Documents/Dissertation/virtushield/final-datasets/in-the-wild-final-small/UNSAFE/0/frame_24.jpg,UNSAFE,UNSAFE,0.7870339155197144,context_encoding_only,in_the_wild
/Users/ahooker/Documents/Dissertation/virtushield/final-datasets/in-the-wild-final-small/UNSAFE/0/frame_240.jpg,UNSAFE,UNSAFE,0.8732768893241882,context_encoding_only,in_the_wild
/Users/ahooker/Documents/Dissertation/virtushield/final-datasets/in-the-wild-final-small/UNSAFE/0/frame_240__1.jpg,UNSAFE,UNSAFE,0.863120973110199,context_encoding_only,in_the_wild
/Users/ahooker/Documents/Dissertation/virtushield/final-datasets/in-the-wild-final-small/UNSAFE/0/frame_240__2.jpg,UNSAFE,UNSAFE,0.8164206743240356,context_encoding_only,in_the_wild
/Users/ahooker/Documents/Dissertation/virtushield/final-datasets/in-the-wild-final-small/UNSAFE/0/frame_242.jpg,UNSAFE,UNSAFE,0.8618051409721375,context_encoding_only,in_the_wild
/Users/ahooker/Documents/Dissertation/virtushield/final-datasets/in-the-wild-final-small/UNSAFE/0/frame_244.jpg,UNSAFE,UNSAFE,0.9054628610610962,context_encoding_only,in_the_wild
/Users/ahooker/Documents/Dissertation/virtushield/final-datasets/in-the-wild-final-small/UNSAFE/0/frame_245.jpg,UNSAFE,SAFE,0.4769817292690277,context_encoding_only,in_the_wild
/Users/ahooker/Documents/Dissertation/virtushield/final-datasets/in-the-wild-final-small/UNSAFE/0/frame_245__1.jpg,UNSAFE,UNSAFE,0.8610738515853882,context_encoding_only,in_the_wild
/Users/ahooker/Documents/Dissertation/virtushield/final-datasets/in-the-wild-final-small/UNSAFE/0/frame_245__2.jpg,UNSAFE,UNSAFE,0.8610738515853882,context_encoding_only,in_the_wild
/Users/ahooker/Documents/Dissertation/virtushield/final-datasets/in-the-wild-final-small/UNSAFE/0/frame_245__3.jpg,UNSAFE,UNSAFE,0.8233389854431152,context_encoding_only,in_the_wild
/Users/ahooker/Documents/Dissertation/virtushield/final-datasets/in-the-wild-final-small/UNSAFE/0/frame_246.jpg,UNSAFE,UNSAFE,0.8699676990509033,context_encoding_only,in_the_wild
/Users/ahooker/Documents/Dissertation/virtushield/final-datasets/in-the-wild-final-small/UNSAFE/0/frame_246__1.jpg,UNSAFE,UNSAFE,0.8569234013557434,context_encoding_only,in_the_wild
/Users/ahooker/Documents/Dissertation/virtushield/final-datasets/in-the-wild-final-small/UNSAFE/0/frame_247.jpg,UNSAFE,UNSAFE,0.9159168004989624,context_encoding_only,in_the_wild
/Users/ahooker/Documents/Dissertation/virtushield/final-datasets/in-the-wild-final-small/UNSAFE/0/frame_248.jpg,UNSAFE,UNSAFE,0.7166417837142944,context_encoding_only,in_the_wild
/Users/ahooker/Documents/Dissertation/virtushield/final-datasets/in-the-wild-final-small/UNSAFE/0/frame_249.jpg,UNSAFE,UNSAFE,0.6969055533409119,context_encoding_only,in_the_wild
/Users/ahooker/Documents/Dissertation/virtushield/final-datasets/in-the-wild-final-small/UNSAFE/0/frame_25.jpg,UNSAFE,SAFE,0.2824489176273346,context_encoding_only,in_the_wild
/Users/ahooker/Documents/Dissertation/virtushield/final-datasets/in-the-wild-final-small/UNSAFE/0/frame_250.jpg,UNSAFE,UNSAFE,0.8382845520973206,context_encoding_only,in_the_wild
/Users/ahooker/Documents/Dissertation/virtushield/final-datasets/in-the-wild-final-small/UNSAFE/0/frame_250__1.jpg,UNSAFE,UNSAFE,0.6011349558830261,context_encoding_only,in_the_wild
/Users/ahooker/Documents/Dissertation/virtushield/final-datasets/in-the-wild-final-small/UNSAFE/0/frame_251.jpg,UNSAFE,UNSAFE,0.9227927923202515,context_encoding_only,in_the_wild
/Users/ahooker/Documents/Dissertation/virtushield/final-datasets/in-the-wild-final-small/UNSAFE/0/frame_251__1.jpg,UNSAFE,SAFE,0.3981166481971741,context_encoding_only,in_the_wild
/Users/ahooker/Documents/Dissertation/virtushield/final-datasets/in-the-wild-final-small/UNSAFE/0/frame_251__2.jpg,UNSAFE,SAFE,0.3981166481971741,context_encoding_only,in_the_wild
/Users/ahooker/Documents/Dissertation/virtushield/final-datasets/in-the-wild-final-small/UNSAFE/0/frame_252.jpg,UNSAFE,UNSAFE,0.8178030848503113,context_encoding_only,in_the_wild
/Users/ahooker/Documents/Dissertation/virtushield/final-datasets/in-the-wild-final-small/UNSAFE/0/frame_252__1.jpg,UNSAFE,UNSAFE,0.8178030848503113,context_encoding_only,in_the_wild
/Users/ahooker/Documents/Dissertation/virtushield/final-datasets/in-the-wild-final-small/UNSAFE/0/frame_253.jpg,UNSAFE,UNSAFE,0.8862221240997314,context_encoding_only,in_the_wild
/Users/ahooker/Documents/Dissertation/virtushield/final-datasets/in-the-wild-final-small/UNSAFE/0/frame_255.jpg,UNSAFE,UNSAFE,0.8786579370498657,context_encoding_only,in_the_wild
/Users/ahooker/Documents/Dissertation/virtushield/final-datasets/in-the-wild-final-small/UNSAFE/0/frame_256.jpg,UNSAFE,UNSAFE,0.7810701131820679,context_encoding_only,in_the_wild
/Users/ahooker/Documents/Dissertation/virtushield/final-datasets/in-the-wild-final-small/UNSAFE/0/frame_258.jpg,UNSAFE,UNSAFE,0.5905749201774597,context_encoding_only,in_the_wild
/Users/ahooker/Documents/Dissertation/virtushield/final-datasets/in-the-wild-final-small/UNSAFE/0/frame_258__1.jpg,UNSAFE,UNSAFE,0.6852357387542725,context_encoding_only,in_the_wild
/Users/ahooker/Documents/Dissertation/virtushield/final-datasets/in-the-wild-final-small/UNSAFE/0/frame_259.jpg,UNSAFE,UNSAFE,0.8715357184410095,context_encoding_only,in_the_wild
/Users/ahooker/Documents/Dissertation/virtushield/final-datasets/in-the-wild-final-small/UNSAFE/0/frame_259__1.jpg,UNSAFE,UNSAFE,0.7901971936225891,context_encoding_only,in_the_wild
/Users/ahooker/Documents/Dissertation/virtushield/final-datasets/in-the-wild-final-small/UNSAFE/0/frame_25__1.jpg,UNSAFE,UNSAFE,0.8936883807182312,context_encoding_only,in_the_wild
/Users/ahooker/Documents/Dissertation/virtushield/final-datasets/in-the-wild-final-small/UNSAFE/0/frame_260.jpg,UNSAFE,UNSAFE,0.8182250261306763,context_encoding_only,in_the_wild
/Users/ahooker/Documents/Dissertation/virtushield/final-datasets/in-the-wild-final-small/UNSAFE/0/frame_260__1.jpg,UNSAFE,UNSAFE,0.8169460296630859,context_encoding_only,in_the_wild
/Users/ahooker/Documents/Dissertation/virtushield/final-datasets/in-the-wild-final-small/UNSAFE/0/frame_262.jpg,UNSAFE,UNSAFE,0.8989644646644592,context_encoding_only,in_the_wild
/Users/ahooker/Documents/Dissertation/virtushield/final-datasets/in-the-wild-final-small/UNSAFE/0/frame_262__1.jpg,UNSAFE,UNSAFE,0.8940419554710388,context_encoding_only,in_the_wild
/Users/ahooker/Documents/Dissertation/virtushield/final-datasets/in-the-wild-final-small/UNSAFE/0/frame_264.jpg,UNSAFE,UNSAFE,0.8855870366096497,context_encoding_only,in_the_wild
/Users/ahooker/Documents/Dissertation/virtushield/final-datasets/in-the-wild-final-small/UNSAFE/0/frame_265.jpg,UNSAFE,UNSAFE,0.8736815452575684,context_encoding_only,in_the_wild
/Users/ahooker/Documents/Dissertation/virtushield/final-datasets/in-the-wild-final-small/UNSAFE/0/frame_265__1.jpg,UNSAFE,UNSAFE,0.8736815452575684,context_encoding_only,in_the_wild
/Users/ahooker/Documents/Dissertation/virtushield/final-datasets/in-the-wild-final-small/UNSAFE/0/frame_267.jpg,UNSAFE,UNSAFE,0.8071006536483765,context_encoding_only,in_the_wild
/Users/ahooker/Documents/Dissertation/virtushield/final-datasets/in-the-wild-final-small/UNSAFE/0/frame_268.jpg,UNSAFE,UNSAFE,0.8449147939682007,context_encoding_only,in_the_wild
/Users/ahooker/Documents/Dissertation/virtushield/final-datasets/in-the-wild-final-small/UNSAFE/0/frame_268__1.jpg,UNSAFE,UNSAFE,0.9174134135246277,context_encoding_only,in_the_wild
/Users/ahooker/Documents/Dissertation/virtushield/final-datasets/in-the-wild-final-small/UNSAFE/0/frame_269.jpg,UNSAFE,UNSAFE,0.8630436062812805,context_encoding_only,in_the_wild
/Users/ahooker/Documents/Dissertation/virtushield/final-datasets/in-the-wild-final-small/UNSAFE/0/frame_269__1.jpg,UNSAFE,UNSAFE,0.8651703000068665,context_encoding_only,in_the_wild
/Users/ahooker/Documents/Dissertation/virtushield/final-datasets/in-the-wild-final-small/UNSAFE/0/frame_269__2.jpg,UNSAFE,SAFE,0.31410765647888184,context_encoding_only,in_the_wild
/Users/ahooker/Documents/Dissertation/virtushield/final-datasets/in-the-wild-final-small/UNSAFE/0/frame_269__3.jpg,UNSAFE,UNSAFE,0.9389694929122925,context_encoding_only,in_the_wild
/Users/ahooker/Documents/Dissertation/virtushield/final-datasets/in-the-wild-final-small/UNSAFE/0/frame_270.jpg,UNSAFE,UNSAFE,0.8222524523735046,context_encoding_only,in_the_wild
/Users/ahooker/Documents/Dissertation/virtushield/final-datasets/in-the-wild-final-small/UNSAFE/0/frame_270__1.jpg,UNSAFE,UNSAFE,0.8642654418945312,context_encoding_only,in_the_wild
/Users/ahooker/Documents/Dissertation/virtushield/final-datasets/in-the-wild-final-small/UNSAFE/0/frame_270__2.jpg,UNSAFE,UNSAFE,0.820610761642456,context_encoding_only,in_the_wild
/Users/ahooker/Documents/Dissertation/virtushield/final-datasets/in-the-wild-final-small/UNSAFE/0/frame_271.jpg,UNSAFE,UNSAFE,0.7810339331626892,context_encoding_only,in_the_wild
/Users/ahooker/Documents/Dissertation/virtushield/final-datasets/in-the-wild-final-small/UNSAFE/0/frame_275.jpg,UNSAFE,SAFE,0.25794610381126404,context_encoding_only,in_the_wild
/Users/ahooker/Documents/Dissertation/virtushield/final-datasets/in-the-wild-final-small/UNSAFE/0/frame_276.jpg,UNSAFE,UNSAFE,0.8402612805366516,context_encoding_only,in_the_wild
/Users/ahooker/Documents/Dissertation/virtushield/final-datasets/in-the-wild-final-small/UNSAFE/0/frame_279.jpg,UNSAFE,UNSAFE,0.6980058550834656,context_encoding_only,in_the_wild
/Users/ahooker/Documents/Dissertation/virtushield/final-datasets/in-the-wild-final-small/UNSAFE/0/frame_280.jpg,UNSAFE,UNSAFE,0.7183258533477783,context_encoding_only,in_the_wild
/Users/ahooker/Documents/Dissertation/virtushield/final-datasets/in-the-wild-final-small/UNSAFE/0/frame_281.jpg,UNSAFE,UNSAFE,0.8183290958404541,context_encoding_only,in_the_wild
/Users/ahooker/Documents/Dissertation/virtushield/final-datasets/in-the-wild-final-small/UNSAFE/0/frame_282.jpg,UNSAFE,UNSAFE,0.7919150590896606,context_encoding_only,in_the_wild
/Users/ahooker/Documents/Dissertation/virtushield/final-datasets/in-the-wild-final-small/UNSAFE/0/frame_282__1.jpg,UNSAFE,UNSAFE,0.8707321286201477,context_encoding_only,in_the_wild
/Users/ahooker/Documents/Dissertation/virtushield/final-datasets/in-the-wild-final-small/UNSAFE/0/frame_283.jpg,UNSAFE,UNSAFE,0.708903431892395,context_encoding_only,in_the_wild
/Users/ahooker/Documents/Dissertation/virtushield/final-datasets/in-the-wild-final-small/UNSAFE/0/frame_285.jpg,UNSAFE,UNSAFE,0.6527227759361267,context_encoding_only,in_the_wild
/Users/ahooker/Documents/Dissertation/virtushield/final-datasets/in-the-wild-final-small/UNSAFE/0/frame_288.jpg,UNSAFE,UNSAFE,0.7129989266395569,context_encoding_only,in_the_wild
/Users/ahooker/Documents/Dissertation/virtushield/final-datasets/in-the-wild-final-small/UNSAFE/0/frame_291.jpg,UNSAFE,UNSAFE,0.7412546277046204,context_encoding_only,in_the_wild
/Users/ahooker/Documents/Dissertation/virtushield/final-datasets/in-the-wild-final-small/UNSAFE/0/frame_291__1.jpg,UNSAFE,UNSAFE,0.7846502661705017,context_encoding_only,in_the_wild
/Users/ahooker/Documents/Dissertation/virtushield/final-datasets/in-the-wild-final-small/UNSAFE/0/frame_291__2.jpg,UNSAFE,UNSAFE,0.7200181484222412,context_encoding_only,in_the_wild
/Users/ahooker/Documents/Dissertation/virtushield/final-datasets/in-the-wild-final-small/UNSAFE/0/frame_292.jpg,UNSAFE,UNSAFE,0.7720006108283997,context_encoding_only,in_the_wild
/Users/ahooker/Documents/Dissertation/virtushield/final-datasets/in-the-wild-final-small/UNSAFE/0/frame_292__1.jpg,UNSAFE,UNSAFE,0.6671358346939087,context_encoding_only,in_the_wild
/Users/ahooker/Documents/Dissertation/virtushield/final-datasets/in-the-wild-final-small/UNSAFE/0/frame_295.jpg,UNSAFE,UNSAFE,0.8882164359092712,context_encoding_only,in_the_wild
/Users/ahooker/Documents/Dissertation/virtushield/final-datasets/in-the-wild-final-small/UNSAFE/0/frame_297.jpg,UNSAFE,UNSAFE,0.591417670249939,context_encoding_only,in_the_wild
/Users/ahooker/Documents/Dissertation/virtushield/final-datasets/in-the-wild-final-small/UNSAFE/0/frame_30.jpg,UNSAFE,UNSAFE,0.6207917928695679,context_encoding_only,in_the_wild
/Users/ahooker/Documents/Dissertation/virtushield/final-datasets/in-the-wild-final-small/UNSAFE/0/frame_300.jpg,UNSAFE,UNSAFE,0.8733986616134644,context_encoding_only,in_the_wild
/Users/ahooker/Documents/Dissertation/virtushield/final-datasets/in-the-wild-final-small/UNSAFE/0/frame_300__1.jpg,UNSAFE,UNSAFE,0.6955307722091675,context_encoding_only,in_the_wild
/Users/ahooker/Documents/Dissertation/virtushield/final-datasets/in-the-wild-final-small/UNSAFE/0/frame_301.jpg,UNSAFE,UNSAFE,0.8562230467796326,context_encoding_only,in_the_wild
/Users/ahooker/Documents/Dissertation/virtushield/final-datasets/in-the-wild-final-small/UNSAFE/0/frame_302.jpg,UNSAFE,UNSAFE,0.7117597460746765,context_encoding_only,in_the_wild
/Users/ahooker/Documents/Dissertation/virtushield/final-datasets/in-the-wild-final-small/UNSAFE/0/frame_304.jpg,UNSAFE,UNSAFE,0.8128325343132019,context_encoding_only,in_the_wild
/Users/ahooker/Documents/Dissertation/virtushield/final-datasets/in-the-wild-final-small/UNSAFE/0/frame_305.jpg,UNSAFE,SAFE,0.1533237248659134,context_encoding_only,in_the_wild
/Users/ahooker/Documents/Dissertation/virtushield/final-datasets/in-the-wild-final-small/UNSAFE/0/frame_306.jpg,UNSAFE,UNSAFE,0.7939412593841553,context_encoding_only,in_the_wild
/Users/ahooker/Documents/Dissertation/virtushield/final-datasets/in-the-wild-final-small/UNSAFE/0/frame_307.jpg,UNSAFE,UNSAFE,0.8700302243232727,context_encoding_only,in_the_wild
/Users/ahooker/Documents/Dissertation/virtushield/final-datasets/in-the-wild-final-small/UNSAFE/0/frame_308.jpg,UNSAFE,UNSAFE,0.9154939651489258,context_encoding_only,in_the_wild
/Users/ahooker/Documents/Dissertation/virtushield/final-datasets/in-the-wild-final-small/UNSAFE/0/frame_31.jpg,UNSAFE,SAFE,0.41797566413879395,context_encoding_only,in_the_wild
/Users/ahooker/Documents/Dissertation/virtushield/final-datasets/in-the-wild-final-small/UNSAFE/0/frame_311.jpg,UNSAFE,UNSAFE,0.8741987347602844,context_encoding_only,in_the_wild
/Users/ahooker/Documents/Dissertation/virtushield/final-datasets/in-the-wild-final-small/UNSAFE/0/frame_311__1.jpg,UNSAFE,UNSAFE,0.7593237161636353,context_encoding_only,in_the_wild
/Users/ahooker/Documents/Dissertation/virtushield/final-datasets/in-the-wild-final-small/UNSAFE/0/frame_312.jpg,UNSAFE,UNSAFE,0.7859160900115967,context_encoding_only,in_the_wild
/Users/ahooker/Documents/Dissertation/virtushield/final-datasets/in-the-wild-final-small/UNSAFE/0/frame_315.jpg,UNSAFE,UNSAFE,0.7371396422386169,context_encoding_only,in_the_wild
/Users/ahooker/Documents/Dissertation/virtushield/final-datasets/in-the-wild-final-small/UNSAFE/0/frame_317.jpg,UNSAFE,UNSAFE,0.6721980571746826,context_encoding_only,in_the_wild
/Users/ahooker/Documents/Dissertation/virtushield/final-datasets/in-the-wild-final-small/UNSAFE/0/frame_318.jpg,UNSAFE,UNSAFE,0.8660068511962891,context_encoding_only,in_the_wild
/Users/ahooker/Documents/Dissertation/virtushield/final-datasets/in-the-wild-final-small/UNSAFE/0/frame_319.jpg,UNSAFE,UNSAFE,0.8054893612861633,context_encoding_only,in_the_wild
/Users/ahooker/Documents/Dissertation/virtushield/final-datasets/in-the-wild-final-small/UNSAFE/0/frame_32.jpg,UNSAFE,SAFE,0.465821236371994,context_encoding_only,in_the_wild
/Users/ahooker/Documents/Dissertation/virtushield/final-datasets/in-the-wild-final-small/UNSAFE/0/frame_321.jpg,UNSAFE,UNSAFE,0.8044235706329346,context_encoding_only,in_the_wild
/Users/ahooker/Documents/Dissertation/virtushield/final-datasets/in-the-wild-final-small/UNSAFE/0/frame_321__1.jpg,UNSAFE,UNSAFE,0.6331188082695007,context_encoding_only,in_the_wild
/Users/ahooker/Documents/Dissertation/virtushield/final-datasets/in-the-wild-final-small/UNSAFE/0/frame_324.jpg,UNSAFE,UNSAFE,0.8701634407043457,context_encoding_only,in_the_wild
/Users/ahooker/Documents/Dissertation/virtushield/final-datasets/in-the-wild-final-small/UNSAFE/0/frame_325.jpg,UNSAFE,UNSAFE,0.8839818239212036,context_encoding_only,in_the_wild
/Users/ahooker/Documents/Dissertation/virtushield/final-datasets/in-the-wild-final-small/UNSAFE/0/frame_325__1.jpg,UNSAFE,UNSAFE,0.8839818239212036,context_encoding_only,in_the_wild
/Users/ahooker/Documents/Dissertation/virtushield/final-datasets/in-the-wild-final-small/UNSAFE/0/frame_328.jpg,UNSAFE,UNSAFE,0.8618662357330322,context_encoding_only,in_the_wild
/Users/ahooker/Documents/Dissertation/virtushield/final-datasets/in-the-wild-final-small/UNSAFE/0/frame_329.jpg,UNSAFE,UNSAFE,0.8217079043388367,context_encoding_only,in_the_wild
/Users/ahooker/Documents/Dissertation/virtushield/final-datasets/in-the-wild-final-small/UNSAFE/0/frame_32__1.jpg,UNSAFE,UNSAFE,0.9415539503097534,context_encoding_only,in_the_wild
/Users/ahooker/Documents/Dissertation/virtushield/final-datasets/in-the-wild-final-small/UNSAFE/0/frame_330.jpg,UNSAFE,UNSAFE,0.8920469880104065,context_encoding_only,in_the_wild
/Users/ahooker/Documents/Dissertation/virtushield/final-datasets/in-the-wild-final-small/UNSAFE/0/frame_331.jpg,UNSAFE,UNSAFE,0.8767001628875732,context_encoding_only,in_the_wild
/Users/ahooker/Documents/Dissertation/virtushield/final-datasets/in-the-wild-final-small/UNSAFE/0/frame_333.jpg,UNSAFE,UNSAFE,0.7168787121772766,context_encoding_only,in_the_wild
/Users/ahooker/Documents/Dissertation/virtushield/final-datasets/in-the-wild-final-small/UNSAFE/0/frame_334.jpg,UNSAFE,UNSAFE,0.8449289798736572,context_encoding_only,in_the_wild
/Users/ahooker/Documents/Dissertation/virtushield/final-datasets/in-the-wild-final-small/UNSAFE/0/frame_334__1.jpg,UNSAFE,UNSAFE,0.5314059853553772,context_encoding_only,in_the_wild
/Users/ahooker/Documents/Dissertation/virtushield/final-datasets/in-the-wild-final-small/UNSAFE/0/frame_336.jpg,UNSAFE,UNSAFE,0.8315220475196838,context_encoding_only,in_the_wild
/Users/ahooker/Documents/Dissertation/virtushield/final-datasets/in-the-wild-final-small/UNSAFE/0/frame_339.jpg,UNSAFE,UNSAFE,0.7998935580253601,context_encoding_only,in_the_wild
/Users/ahooker/Documents/Dissertation/virtushield/final-datasets/in-the-wild-final-small/UNSAFE/0/frame_343.jpg,UNSAFE,UNSAFE,0.8697232007980347,context_encoding_only,in_the_wild
/Users/ahooker/Documents/Dissertation/virtushield/final-datasets/in-the-wild-final-small/UNSAFE/0/frame_344.jpg,UNSAFE,SAFE,0.4681694209575653,context_encoding_only,in_the_wild
/Users/ahooker/Documents/Dissertation/virtushield/final-datasets/in-the-wild-final-small/UNSAFE/0/frame_344__1.jpg,UNSAFE,UNSAFE,0.7911790013313293,context_encoding_only,in_the_wild
/Users/ahooker/Documents/Dissertation/virtushield/final-datasets/in-the-wild-final-small/UNSAFE/0/frame_345.jpg,UNSAFE,UNSAFE,0.882527768611908,context_encoding_only,in_the_wild
/Users/ahooker/Documents/Dissertation/virtushield/final-datasets/in-the-wild-final-small/UNSAFE/0/frame_347.jpg,UNSAFE,UNSAFE,0.5941079258918762,context_encoding_only,in_the_wild
/Users/ahooker/Documents/Dissertation/virtushield/final-datasets/in-the-wild-final-small/UNSAFE/0/frame_347__1.jpg,UNSAFE,UNSAFE,0.8820068836212158,context_encoding_only,in_the_wild
/Users/ahooker/Documents/Dissertation/virtushield/final-datasets/in-the-wild-final-small/UNSAFE/0/frame_348.jpg,UNSAFE,UNSAFE,0.848843514919281,context_encoding_only,in_the_wild
/Users/ahooker/Documents/Dissertation/virtushield/final-datasets/in-the-wild-final-small/UNSAFE/0/frame_349.jpg,UNSAFE,UNSAFE,0.8720222115516663,context_encoding_only,in_the_wild
/Users/ahooker/Documents/Dissertation/virtushield/final-datasets/in-the-wild-final-small/UNSAFE/0/frame_350.jpg,UNSAFE,UNSAFE,0.8419754505157471,context_encoding_only,in_the_wild
/Users/ahooker/Documents/Dissertation/virtushield/final-datasets/in-the-wild-final-small/UNSAFE/0/frame_351.jpg,UNSAFE,UNSAFE,0.7487568855285645,context_encoding_only,in_the_wild
/Users/ahooker/Documents/Dissertation/virtushield/final-datasets/in-the-wild-final-small/UNSAFE/0/frame_352.jpg,UNSAFE,UNSAFE,0.8778406977653503,context_encoding_only,in_the_wild
/Users/ahooker/Documents/Dissertation/virtushield/final-datasets/in-the-wild-final-small/UNSAFE/0/frame_352__1.jpg,UNSAFE,UNSAFE,0.7998520731925964,context_encoding_only,in_the_wild
/Users/ahooker/Documents/Dissertation/virtushield/final-datasets/in-the-wild-final-small/UNSAFE/0/frame_355.jpg,UNSAFE,UNSAFE,0.8963371515274048,context_encoding_only,in_the_wild
/Users/ahooker/Documents/Dissertation/virtushield/final-datasets/in-the-wild-final-small/UNSAFE/0/frame_355__1.jpg,UNSAFE,UNSAFE,0.7426915168762207,context_encoding_only,in_the_wild
/Users/ahooker/Documents/Dissertation/virtushield/final-datasets/in-the-wild-final-small/UNSAFE/0/frame_355__2.jpg,UNSAFE,UNSAFE,0.8963371515274048,context_encoding_only,in_the_wild
/Users/ahooker/Documents/Dissertation/virtushield/final-datasets/in-the-wild-final-small/UNSAFE/0/frame_355__3.jpg,UNSAFE,UNSAFE,0.7348236441612244,context_encoding_only,in_the_wild
/Users/ahooker/Documents/Dissertation/virtushield/final-datasets/in-the-wild-final-small/UNSAFE/0/frame_359.jpg,UNSAFE,UNSAFE,0.8574480414390564,context_encoding_only,in_the_wild
/Users/ahooker/Documents/Dissertation/virtushield/final-datasets/in-the-wild-final-small/UNSAFE/0/frame_36.jpg,UNSAFE,UNSAFE,0.5974170565605164,context_encoding_only,in_the_wild
/Users/ahooker/Documents/Dissertation/virtushield/final-datasets/in-the-wild-final-small/UNSAFE/0/frame_362.jpg,UNSAFE,SAFE,0.3764829635620117,context_encoding_only,in_the_wild
/Users/ahooker/Documents/Dissertation/virtushield/final-datasets/in-the-wild-final-small/UNSAFE/0/frame_363.jpg,UNSAFE,SAFE,0.3735499382019043,context_encoding_only,in_the_wild
/Users/ahooker/Documents/Dissertation/virtushield/final-datasets/in-the-wild-final-small/UNSAFE/0/frame_364.jpg,UNSAFE,UNSAFE,0.7548186182975769,context_encoding_only,in_the_wild
/Users/ahooker/Documents/Dissertation/virtushield/final-datasets/in-the-wild-final-small/UNSAFE/0/frame_364__1.jpg,UNSAFE,UNSAFE,0.5001468658447266,context_encoding_only,in_the_wild
/Users/ahooker/Documents/Dissertation/virtushield/final-datasets/in-the-wild-final-small/UNSAFE/0/frame_364__2.jpg,UNSAFE,UNSAFE,0.5883995890617371,context_encoding_only,in_the_wild
/Users/ahooker/Documents/Dissertation/virtushield/final-datasets/in-the-wild-final-small/UNSAFE/0/frame_365.jpg,UNSAFE,UNSAFE,0.5526731610298157,context_encoding_only,in_the_wild
/Users/ahooker/Documents/Dissertation/virtushield/final-datasets/in-the-wild-final-small/UNSAFE/0/frame_366.jpg,UNSAFE,UNSAFE,0.7771443724632263,context_encoding_only,in_the_wild
/Users/ahooker/Documents/Dissertation/virtushield/final-datasets/in-the-wild-final-small/UNSAFE/0/frame_369.jpg,UNSAFE,UNSAFE,0.8318998217582703,context_encoding_only,in_the_wild
/Users/ahooker/Documents/Dissertation/virtushield/final-datasets/in-the-wild-final-small/UNSAFE/0/frame_369__1.jpg,UNSAFE,UNSAFE,0.8542203903198242,context_encoding_only,in_the_wild
/Users/ahooker/Documents/Dissertation/virtushield/final-datasets/in-the-wild-final-small/UNSAFE/0/frame_370.jpg,UNSAFE,UNSAFE,0.8326492309570312,context_encoding_only,in_the_wild
/Users/ahooker/Documents/Dissertation/virtushield/final-datasets/in-the-wild-final-small/UNSAFE/0/frame_370__1.jpg,UNSAFE,SAFE,0.45330724120140076,context_encoding_only,in_the_wild
/Users/ahooker/Documents/Dissertation/virtushield/final-datasets/in-the-wild-final-small/UNSAFE/0/frame_370__2.jpg,UNSAFE,SAFE,0.45330724120140076,context_encoding_only,in_the_wild
/Users/ahooker/Documents/Dissertation/virtushield/final-datasets/in-the-wild-final-small/UNSAFE/0/frame_370__3.jpg,UNSAFE,UNSAFE,0.8129589557647705,context_encoding_only,in_the_wild
/Users/ahooker/Documents/Dissertation/virtushield/final-datasets/in-the-wild-final-small/UNSAFE/0/frame_372.jpg,UNSAFE,UNSAFE,0.5673860907554626,context_encoding_only,in_the_wild
/Users/ahooker/Documents/Dissertation/virtushield/final-datasets/in-the-wild-final-small/UNSAFE/0/frame_374.jpg,UNSAFE,UNSAFE,0.7905300259590149,context_encoding_only,in_the_wild
/Users/ahooker/Documents/Dissertation/virtushield/final-datasets/in-the-wild-final-small/UNSAFE/0/frame_377.jpg,UNSAFE,UNSAFE,0.828190803527832,context_encoding_only,in_the_wild
/Users/ahooker/Documents/Dissertation/virtushield/final-datasets/in-the-wild-final-small/UNSAFE/0/frame_377__1.jpg,UNSAFE,UNSAFE,0.5387865304946899,context_encoding_only,in_the_wild
/Users/ahooker/Documents/Dissertation/virtushield/final-datasets/in-the-wild-final-small/UNSAFE/0/frame_378.jpg,UNSAFE,UNSAFE,0.9026259779930115,context_encoding_only,in_the_wild
/Users/ahooker/Documents/Dissertation/virtushield/final-datasets/in-the-wild-final-small/UNSAFE/0/frame_379.jpg,UNSAFE,UNSAFE,0.753428041934967,context_encoding_only,in_the_wild
/Users/ahooker/Documents/Dissertation/virtushield/final-datasets/in-the-wild-final-small/UNSAFE/0/frame_380.jpg,UNSAFE,UNSAFE,0.5725398063659668,context_encoding_only,in_the_wild
/Users/ahooker/Documents/Dissertation/virtushield/final-datasets/in-the-wild-final-small/UNSAFE/0/frame_382.jpg,UNSAFE,UNSAFE,0.9310534596443176,context_encoding_only,in_the_wild
/Users/ahooker/Documents/Dissertation/virtushield/final-datasets/in-the-wild-final-small/UNSAFE/0/frame_383.jpg,UNSAFE,UNSAFE,0.748961329460144,context_encoding_only,in_the_wild
/Users/ahooker/Documents/Dissertation/virtushield/final-datasets/in-the-wild-final-small/UNSAFE/0/frame_385.jpg,UNSAFE,UNSAFE,0.8191152215003967,context_encoding_only,in_the_wild
/Users/ahooker/Documents/Dissertation/virtushield/final-datasets/in-the-wild-final-small/UNSAFE/0/frame_386.jpg,UNSAFE,UNSAFE,0.8460328578948975,context_encoding_only,in_the_wild
/Users/ahooker/Documents/Dissertation/virtushield/final-datasets/in-the-wild-final-small/UNSAFE/0/frame_388.jpg,UNSAFE,UNSAFE,0.9010986089706421,context_encoding_only,in_the_wild
/Users/ahooker/Documents/Dissertation/virtushield/final-datasets/in-the-wild-final-small/UNSAFE/0/frame_389.jpg,UNSAFE,UNSAFE,0.7305899262428284,context_encoding_only,in_the_wild
/Users/ahooker/Documents/Dissertation/virtushield/final-datasets/in-the-wild-final-small/UNSAFE/0/frame_391.jpg,UNSAFE,UNSAFE,0.8603953123092651,context_encoding_only,in_the_wild
/Users/ahooker/Documents/Dissertation/virtushield/final-datasets/in-the-wild-final-small/UNSAFE/0/frame_393.jpg,UNSAFE,UNSAFE,0.6416732668876648,context_encoding_only,in_the_wild
/Users/ahooker/Documents/Dissertation/virtushield/final-datasets/in-the-wild-final-small/UNSAFE/0/frame_394.jpg,UNSAFE,UNSAFE,0.8960773944854736,context_encoding_only,in_the_wild
/Users/ahooker/Documents/Dissertation/virtushield/final-datasets/in-the-wild-final-small/UNSAFE/0/frame_395.jpg,UNSAFE,UNSAFE,0.8342429399490356,context_encoding_only,in_the_wild
/Users/ahooker/Documents/Dissertation/virtushield/final-datasets/in-the-wild-final-small/UNSAFE/0/frame_395__1.jpg,UNSAFE,UNSAFE,0.5970317125320435,context_encoding_only,in_the_wild
/Users/ahooker/Documents/Dissertation/virtushield/final-datasets/in-the-wild-final-small/UNSAFE/0/frame_398.jpg,UNSAFE,UNSAFE,0.6268655061721802,context_encoding_only,in_the_wild
/Users/ahooker/Documents/Dissertation/virtushield/final-datasets/in-the-wild-final-small/UNSAFE/0/frame_403.jpg,UNSAFE,UNSAFE,0.9034730195999146,context_encoding_only,in_the_wild
/Users/ahooker/Documents/Dissertation/virtushield/final-datasets/in-the-wild-final-small/UNSAFE/0/frame_406.jpg,UNSAFE,UNSAFE,0.9229851961135864,context_encoding_only,in_the_wild
/Users/ahooker/Documents/Dissertation/virtushield/final-datasets/in-the-wild-final-small/UNSAFE/0/frame_407.jpg,UNSAFE,UNSAFE,0.8932421207427979,context_encoding_only,in_the_wild
/Users/ahooker/Documents/Dissertation/virtushield/final-datasets/in-the-wild-final-small/UNSAFE/0/frame_409.jpg,UNSAFE,UNSAFE,0.8244674205780029,context_encoding_only,in_the_wild
/Users/ahooker/Documents/Dissertation/virtushield/final-datasets/in-the-wild-final-small/UNSAFE/0/frame_41.jpg,UNSAFE,UNSAFE,0.5591546297073364,context_encoding_only,in_the_wild
/Users/ahooker/Documents/Dissertation/virtushield/final-datasets/in-the-wild-final-small/UNSAFE/0/frame_412.jpg,UNSAFE,UNSAFE,0.7052980065345764,context_encoding_only,in_the_wild
/Users/ahooker/Documents/Dissertation/virtushield/final-datasets/in-the-wild-final-small/UNSAFE/0/frame_413.jpg,UNSAFE,UNSAFE,0.8607894778251648,context_encoding_only,in_the_wild
/Users/ahooker/Documents/Dissertation/virtushield/final-datasets/in-the-wild-final-small/UNSAFE/0/frame_414.jpg,UNSAFE,UNSAFE,0.7932098507881165,context_encoding_only,in_the_wild
/Users/ahooker/Documents/Dissertation/virtushield/final-datasets/in-the-wild-final-small/UNSAFE/0/frame_415.jpg,UNSAFE,UNSAFE,0.8786445260047913,context_encoding_only,in_the_wild
/Users/ahooker/Documents/Dissertation/virtushield/final-datasets/in-the-wild-final-small/UNSAFE/0/frame_416.jpg,UNSAFE,UNSAFE,0.836178183555603,context_encoding_only,in_the_wild
/Users/ahooker/Documents/Dissertation/virtushield/final-datasets/in-the-wild-final-small/UNSAFE/0/frame_418.jpg,UNSAFE,UNSAFE,0.8209894299507141,context_encoding_only,in_the_wild
/Users/ahooker/Documents/Dissertation/virtushield/final-datasets/in-the-wild-final-small/UNSAFE/0/frame_420.jpg,UNSAFE,UNSAFE,0.9142476320266724,context_encoding_only,in_the_wild
/Users/ahooker/Documents/Dissertation/virtushield/final-datasets/in-the-wild-final-small/UNSAFE/0/frame_422.jpg,UNSAFE,UNSAFE,0.8929562568664551,context_encoding_only,in_the_wild
/Users/ahooker/Documents/Dissertation/virtushield/final-datasets/in-the-wild-final-small/UNSAFE/0/frame_423.jpg,UNSAFE,UNSAFE,0.7742741703987122,context_encoding_only,in_the_wild
/Users/ahooker/Documents/Dissertation/virtushield/final-datasets/in-the-wild-final-small/UNSAFE/0/frame_423__1.jpg,UNSAFE,UNSAFE,0.7830350399017334,context_encoding_only,in_the_wild
/Users/ahooker/Documents/Dissertation/virtushield/final-datasets/in-the-wild-final-small/UNSAFE/0/frame_424.jpg,UNSAFE,UNSAFE,0.8198390007019043,context_encoding_only,in_the_wild
/Users/ahooker/Documents/Dissertation/virtushield/final-datasets/in-the-wild-final-small/UNSAFE/0/frame_426.jpg,UNSAFE,UNSAFE,0.8149464130401611,context_encoding_only,in_the_wild
/Users/ahooker/Documents/Dissertation/virtushield/final-datasets/in-the-wild-final-small/UNSAFE/0/frame_426__1.jpg,UNSAFE,UNSAFE,0.8606845736503601,context_encoding_only,in_the_wild
/Users/ahooker/Documents/Dissertation/virtushield/final-datasets/in-the-wild-final-small/UNSAFE/0/frame_427.jpg,UNSAFE,UNSAFE,0.868712842464447,context_encoding_only,in_the_wild
/Users/ahooker/Documents/Dissertation/virtushield/final-datasets/in-the-wild-final-small/UNSAFE/0/frame_427__1.jpg,UNSAFE,UNSAFE,0.7545598149299622,context_encoding_only,in_the_wild
/Users/ahooker/Documents/Dissertation/virtushield/final-datasets/in-the-wild-final-small/UNSAFE/0/frame_43.jpg,UNSAFE,UNSAFE,0.7680562734603882,context_encoding_only,in_the_wild
/Users/ahooker/Documents/Dissertation/virtushield/final-datasets/in-the-wild-final-small/UNSAFE/0/frame_430.jpg,UNSAFE,UNSAFE,0.7786657214164734,context_encoding_only,in_the_wild
/Users/ahooker/Documents/Dissertation/virtushield/final-datasets/in-the-wild-final-small/UNSAFE/0/frame_433.jpg,UNSAFE,UNSAFE,0.7568875551223755,context_encoding_only,in_the_wild
/Users/ahooker/Documents/Dissertation/virtushield/final-datasets/in-the-wild-final-small/UNSAFE/0/frame_435.jpg,UNSAFE,UNSAFE,0.6262205839157104,context_encoding_only,in_the_wild
/Users/ahooker/Documents/Dissertation/virtushield/final-datasets/in-the-wild-final-small/UNSAFE/0/frame_435__1.jpg,UNSAFE,UNSAFE,0.7249128818511963,context_encoding_only,in_the_wild
/Users/ahooker/Documents/Dissertation/virtushield/final-datasets/in-the-wild-final-small/UNSAFE/0/frame_437.jpg,UNSAFE,UNSAFE,0.7127342224121094,context_encoding_only,in_the_wild
/Users/ahooker/Documents/Dissertation/virtushield/final-datasets/in-the-wild-final-small/UNSAFE/0/frame_438.jpg,UNSAFE,UNSAFE,0.7700431942939758,context_encoding_only,in_the_wild
/Users/ahooker/Documents/Dissertation/virtushield/final-datasets/in-the-wild-final-small/UNSAFE/0/frame_442.jpg,UNSAFE,UNSAFE,0.7833653092384338,context_encoding_only,in_the_wild
/Users/ahooker/Documents/Dissertation/virtushield/final-datasets/in-the-wild-final-small/UNSAFE/0/frame_448.jpg,UNSAFE,UNSAFE,0.8220926523208618,context_encoding_only,in_the_wild
/Users/ahooker/Documents/Dissertation/virtushield/final-datasets/in-the-wild-final-small/UNSAFE/0/frame_454.jpg,UNSAFE,UNSAFE,0.9069586992263794,context_encoding_only,in_the_wild
/Users/ahooker/Documents/Dissertation/virtushield/final-datasets/in-the-wild-final-small/UNSAFE/0/frame_456.jpg,UNSAFE,UNSAFE,0.746712327003479,context_encoding_only,in_the_wild
/Users/ahooker/Documents/Dissertation/virtushield/final-datasets/in-the-wild-final-small/UNSAFE/0/frame_459.jpg,UNSAFE,UNSAFE,0.739798903465271,context_encoding_only,in_the_wild
/Users/ahooker/Documents/Dissertation/virtushield/final-datasets/in-the-wild-final-small/UNSAFE/0/frame_46.jpg,UNSAFE,SAFE,0.47828611731529236,context_encoding_only,in_the_wild
/Users/ahooker/Documents/Dissertation/virtushield/final-datasets/in-the-wild-final-small/UNSAFE/0/frame_460.jpg,UNSAFE,UNSAFE,0.8048880100250244,context_encoding_only,in_the_wild
/Users/ahooker/Documents/Dissertation/virtushield/final-datasets/in-the-wild-final-small/UNSAFE/0/frame_463.jpg,UNSAFE,UNSAFE,0.8951601982116699,context_encoding_only,in_the_wild
/Users/ahooker/Documents/Dissertation/virtushield/final-datasets/in-the-wild-final-small/UNSAFE/0/frame_463__1.jpg,UNSAFE,UNSAFE,0.89351487159729,context_encoding_only,in_the_wild
/Users/ahooker/Documents/Dissertation/virtushield/final-datasets/in-the-wild-final-small/UNSAFE/0/frame_465.jpg,UNSAFE,UNSAFE,0.7835155129432678,context_encoding_only,in_the_wild
/Users/ahooker/Documents/Dissertation/virtushield/final-datasets/in-the-wild-final-small/UNSAFE/0/frame_467.jpg,UNSAFE,UNSAFE,0.9022172093391418,context_encoding_only,in_the_wild
/Users/ahooker/Documents/Dissertation/virtushield/final-datasets/in-the-wild-final-small/UNSAFE/0/frame_474.jpg,UNSAFE,UNSAFE,0.889244019985199,context_encoding_only,in_the_wild
/Users/ahooker/Documents/Dissertation/virtushield/final-datasets/in-the-wild-final-small/UNSAFE/0/frame_475.jpg,UNSAFE,UNSAFE,0.5318543314933777,context_encoding_only,in_the_wild
/Users/ahooker/Documents/Dissertation/virtushield/final-datasets/in-the-wild-final-small/UNSAFE/0/frame_475__1.jpg,UNSAFE,UNSAFE,0.8541514873504639,context_encoding_only,in_the_wild
/Users/ahooker/Documents/Dissertation/virtushield/final-datasets/in-the-wild-final-small/UNSAFE/0/frame_476.jpg,UNSAFE,UNSAFE,0.7355251312255859,context_encoding_only,in_the_wild
/Users/ahooker/Documents/Dissertation/virtushield/final-datasets/in-the-wild-final-small/UNSAFE/0/frame_478.jpg,UNSAFE,SAFE,0.37388476729393005,context_encoding_only,in_the_wild
/Users/ahooker/Documents/Dissertation/virtushield/final-datasets/in-the-wild-final-small/UNSAFE/0/frame_481.jpg,UNSAFE,UNSAFE,0.6341517567634583,context_encoding_only,in_the_wild
/Users/ahooker/Documents/Dissertation/virtushield/final-datasets/in-the-wild-final-small/UNSAFE/0/frame_488.jpg,UNSAFE,UNSAFE,0.79190593957901,context_encoding_only,in_the_wild
/Users/ahooker/Documents/Dissertation/virtushield/final-datasets/in-the-wild-final-small/UNSAFE/0/frame_489.jpg,UNSAFE,UNSAFE,0.54592365026474,context_encoding_only,in_the_wild
/Users/ahooker/Documents/Dissertation/virtushield/final-datasets/in-the-wild-final-small/UNSAFE/0/frame_492.jpg,UNSAFE,UNSAFE,0.814441978931427,context_encoding_only,in_the_wild
/Users/ahooker/Documents/Dissertation/virtushield/final-datasets/in-the-wild-final-small/UNSAFE/0/frame_496.jpg,UNSAFE,UNSAFE,0.850016176700592,context_encoding_only,in_the_wild
/Users/ahooker/Documents/Dissertation/virtushield/final-datasets/in-the-wild-final-small/UNSAFE/0/frame_498.jpg,UNSAFE,UNSAFE,0.5940117835998535,context_encoding_only,in_the_wild
/Users/ahooker/Documents/Dissertation/virtushield/final-datasets/in-the-wild-final-small/UNSAFE/0/frame_50.jpg,UNSAFE,UNSAFE,0.7203360199928284,context_encoding_only,in_the_wild
/Users/ahooker/Documents/Dissertation/virtushield/final-datasets/in-the-wild-final-small/UNSAFE/0/frame_505.jpg,UNSAFE,UNSAFE,0.7315963506698608,context_encoding_only,in_the_wild
/Users/ahooker/Documents/Dissertation/virtushield/final-datasets/in-the-wild-final-small/UNSAFE/0/frame_509.jpg,UNSAFE,UNSAFE,0.8831399083137512,context_encoding_only,in_the_wild
/Users/ahooker/Documents/Dissertation/virtushield/final-datasets/in-the-wild-final-small/UNSAFE/0/frame_510.jpg,UNSAFE,UNSAFE,0.5900993347167969,context_encoding_only,in_the_wild
/Users/ahooker/Documents/Dissertation/virtushield/final-datasets/in-the-wild-final-small/UNSAFE/0/frame_523.jpg,UNSAFE,SAFE,0.3632126450538635,context_encoding_only,in_the_wild
/Users/ahooker/Documents/Dissertation/virtushield/final-datasets/in-the-wild-final-small/UNSAFE/0/frame_523__1.jpg,UNSAFE,SAFE,0.3303454518318176,context_encoding_only,in_the_wild
/Users/ahooker/Documents/Dissertation/virtushield/final-datasets/in-the-wild-final-small/UNSAFE/0/frame_524.jpg,UNSAFE,UNSAFE,0.542058527469635,context_encoding_only,in_the_wild
/Users/ahooker/Documents/Dissertation/virtushield/final-datasets/in-the-wild-final-small/UNSAFE/0/frame_525.jpg,UNSAFE,SAFE,0.2859479784965515,context_encoding_only,in_the_wild
/Users/ahooker/Documents/Dissertation/virtushield/final-datasets/in-the-wild-final-small/UNSAFE/0/frame_528.jpg,UNSAFE,SAFE,0.3086931109428406,context_encoding_only,in_the_wild
/Users/ahooker/Documents/Dissertation/virtushield/final-datasets/in-the-wild-final-small/UNSAFE/0/frame_534.jpg,UNSAFE,UNSAFE,0.8307713866233826,context_encoding_only,in_the_wild
/Users/ahooker/Documents/Dissertation/virtushield/final-datasets/in-the-wild-final-small/UNSAFE/0/frame_542.jpg,UNSAFE,UNSAFE,0.5517742037773132,context_encoding_only,in_the_wild
/Users/ahooker/Documents/Dissertation/virtushield/final-datasets/in-the-wild-final-small/UNSAFE/0/frame_544.jpg,UNSAFE,SAFE,0.43391117453575134,context_encoding_only,in_the_wild
/Users/ahooker/Documents/Dissertation/virtushield/final-datasets/in-the-wild-final-small/UNSAFE/0/frame_548.jpg,UNSAFE,UNSAFE,0.6324828267097473,context_encoding_only,in_the_wild
/Users/ahooker/Documents/Dissertation/virtushield/final-datasets/in-the-wild-final-small/UNSAFE/0/frame_551.jpg,UNSAFE,SAFE,0.4240262508392334,context_encoding_only,in_the_wild
/Users/ahooker/Documents/Dissertation/virtushield/final-datasets/in-the-wild-final-small/UNSAFE/0/frame_553.jpg,UNSAFE,UNSAFE,0.8798313140869141,context_encoding_only,in_the_wild
/Users/ahooker/Documents/Dissertation/virtushield/final-datasets/in-the-wild-final-small/UNSAFE/0/frame_555.jpg,UNSAFE,UNSAFE,0.8999975323677063,context_encoding_only,in_the_wild
/Users/ahooker/Documents/Dissertation/virtushield/final-datasets/in-the-wild-final-small/UNSAFE/0/frame_56.jpg,UNSAFE,UNSAFE,0.9549051523208618,context_encoding_only,in_the_wild
/Users/ahooker/Documents/Dissertation/virtushield/final-datasets/in-the-wild-final-small/UNSAFE/0/frame_561.jpg,UNSAFE,SAFE,0.3687519431114197,context_encoding_only,in_the_wild
/Users/ahooker/Documents/Dissertation/virtushield/final-datasets/in-the-wild-final-small/UNSAFE/0/frame_563.jpg,UNSAFE,SAFE,0.32049432396888733,context_encoding_only,in_the_wild
/Users/ahooker/Documents/Dissertation/virtushield/final-datasets/in-the-wild-final-small/UNSAFE/0/frame_570.jpg,UNSAFE,UNSAFE,0.5275513529777527,context_encoding_only,in_the_wild
/Users/ahooker/Documents/Dissertation/virtushield/final-datasets/in-the-wild-final-small/UNSAFE/0/frame_58.jpg,UNSAFE,UNSAFE,0.6637012958526611,context_encoding_only,in_the_wild
/Users/ahooker/Documents/Dissertation/virtushield/final-datasets/in-the-wild-final-small/UNSAFE/0/frame_583.jpg,UNSAFE,SAFE,0.42434069514274597,context_encoding_only,in_the_wild
/Users/ahooker/Documents/Dissertation/virtushield/final-datasets/in-the-wild-final-small/UNSAFE/0/frame_586.jpg,UNSAFE,SAFE,0.29786351323127747,context_encoding_only,in_the_wild
/Users/ahooker/Documents/Dissertation/virtushield/final-datasets/in-the-wild-final-small/UNSAFE/0/frame_593.jpg,UNSAFE,UNSAFE,0.6587696075439453,context_encoding_only,in_the_wild
/Users/ahooker/Documents/Dissertation/virtushield/final-datasets/in-the-wild-final-small/UNSAFE/0/frame_594.jpg,UNSAFE,UNSAFE,0.6099721789360046,context_encoding_only,in_the_wild
/Users/ahooker/Documents/Dissertation/virtushield/final-datasets/in-the-wild-final-small/UNSAFE/0/frame_60.jpg,UNSAFE,UNSAFE,0.7751679420471191,context_encoding_only,in_the_wild
/Users/ahooker/Documents/Dissertation/virtushield/final-datasets/in-the-wild-final-small/UNSAFE/0/frame_60__1.jpg,UNSAFE,SAFE,0.44277530908584595,context_encoding_only,in_the_wild
/Users/ahooker/Documents/Dissertation/virtushield/final-datasets/in-the-wild-final-small/UNSAFE/0/frame_61.jpg,UNSAFE,SAFE,0.3463590741157532,context_encoding_only,in_the_wild
/Users/ahooker/Documents/Dissertation/virtushield/final-datasets/in-the-wild-final-small/UNSAFE/0/frame_612.jpg,UNSAFE,UNSAFE,0.8219558596611023,context_encoding_only,in_the_wild
/Users/ahooker/Documents/Dissertation/virtushield/final-datasets/in-the-wild-final-small/UNSAFE/0/frame_61__1.jpg,UNSAFE,SAFE,0.3463590741157532,context_encoding_only,in_the_wild
/Users/ahooker/Documents/Dissertation/virtushield/final-datasets/in-the-wild-final-small/UNSAFE/0/frame_62.jpg,UNSAFE,UNSAFE,0.5063239336013794,context_encoding_only,in_the_wild
/Users/ahooker/Documents/Dissertation/virtushield/final-datasets/in-the-wild-final-small/UNSAFE/0/frame_620.jpg,UNSAFE,UNSAFE,0.5284069776535034,context_encoding_only,in_the_wild
/Users/ahooker/Documents/Dissertation/virtushield/final-datasets/in-the-wild-final-small/UNSAFE/0/frame_627.jpg,UNSAFE,SAFE,0.24931049346923828,context_encoding_only,in_the_wild
/Users/ahooker/Documents/Dissertation/virtushield/final-datasets/in-the-wild-final-small/UNSAFE/0/frame_628.jpg,UNSAFE,UNSAFE,0.9357683062553406,context_encoding_only,in_the_wild
/Users/ahooker/Documents/Dissertation/virtushield/final-datasets/in-the-wild-final-small/UNSAFE/0/frame_629.jpg,UNSAFE,UNSAFE,0.9205905795097351,context_encoding_only,in_the_wild
/Users/ahooker/Documents/Dissertation/virtushield/final-datasets/in-the-wild-final-small/UNSAFE/0/frame_63.jpg,UNSAFE,SAFE,0.3932507634162903,context_encoding_only,in_the_wild
/Users/ahooker/Documents/Dissertation/virtushield/final-datasets/in-the-wild-final-small/UNSAFE/0/frame_63__1.jpg,UNSAFE,UNSAFE,0.818528950214386,context_encoding_only,in_the_wild
/Users/ahooker/Documents/Dissertation/virtushield/final-datasets/in-the-wild-final-small/UNSAFE/0/frame_64.jpg,UNSAFE,UNSAFE,0.6147708296775818,context_encoding_only,in_the_wild
/Users/ahooker/Documents/Dissertation/virtushield/final-datasets/in-the-wild-final-small/UNSAFE/0/frame_644.jpg,UNSAFE,UNSAFE,0.8694034814834595,context_encoding_only,in_the_wild
/Users/ahooker/Documents/Dissertation/virtushield/final-datasets/in-the-wild-final-small/UNSAFE/0/frame_65.jpg,UNSAFE,SAFE,0.3316839337348938,context_encoding_only,in_the_wild
/Users/ahooker/Documents/Dissertation/virtushield/final-datasets/in-the-wild-final-small/UNSAFE/0/frame_652.jpg,UNSAFE,UNSAFE,0.5207886099815369,context_encoding_only,in_the_wild
/Users/ahooker/Documents/Dissertation/virtushield/final-datasets/in-the-wild-final-small/UNSAFE/0/frame_655.jpg,UNSAFE,UNSAFE,0.858762264251709,context_encoding_only,in_the_wild
/Users/ahooker/Documents/Dissertation/virtushield/final-datasets/in-the-wild-final-small/UNSAFE/0/frame_66.jpg,UNSAFE,UNSAFE,0.7602712512016296,context_encoding_only,in_the_wild
/Users/ahooker/Documents/Dissertation/virtushield/final-datasets/in-the-wild-final-small/UNSAFE/0/frame_66__1.jpg,UNSAFE,UNSAFE,0.6440204977989197,context_encoding_only,in_the_wild
/Users/ahooker/Documents/Dissertation/virtushield/final-datasets/in-the-wild-final-small/UNSAFE/0/frame_67.jpg,UNSAFE,UNSAFE,0.893082320690155,context_encoding_only,in_the_wild
/Users/ahooker/Documents/Dissertation/virtushield/final-datasets/in-the-wild-final-small/UNSAFE/0/frame_675.jpg,UNSAFE,UNSAFE,0.539923369884491,context_encoding_only,in_the_wild
/Users/ahooker/Documents/Dissertation/virtushield/final-datasets/in-the-wild-final-small/UNSAFE/0/frame_677.jpg,UNSAFE,UNSAFE,0.8506761193275452,context_encoding_only,in_the_wild
/Users/ahooker/Documents/Dissertation/virtushield/final-datasets/in-the-wild-final-small/UNSAFE/0/frame_679.jpg,UNSAFE,UNSAFE,0.7074907422065735,context_encoding_only,in_the_wild
/Users/ahooker/Documents/Dissertation/virtushield/final-datasets/in-the-wild-final-small/UNSAFE/0/frame_67__1.jpg,UNSAFE,UNSAFE,0.8334271311759949,context_encoding_only,in_the_wild
/Users/ahooker/Documents/Dissertation/virtushield/final-datasets/in-the-wild-final-small/UNSAFE/0/frame_68.jpg,UNSAFE,SAFE,0.3003835082054138,context_encoding_only,in_the_wild
/Users/ahooker/Documents/Dissertation/virtushield/final-datasets/in-the-wild-final-small/UNSAFE/0/frame_681.jpg,UNSAFE,UNSAFE,0.8116042613983154,context_encoding_only,in_the_wild
/Users/ahooker/Documents/Dissertation/virtushield/final-datasets/in-the-wild-final-small/UNSAFE/0/frame_683.jpg,UNSAFE,SAFE,0.4680364429950714,context_encoding_only,in_the_wild
/Users/ahooker/Documents/Dissertation/virtushield/final-datasets/in-the-wild-final-small/UNSAFE/0/frame_684.jpg,UNSAFE,UNSAFE,0.8191977739334106,context_encoding_only,in_the_wild
/Users/ahooker/Documents/Dissertation/virtushield/final-datasets/in-the-wild-final-small/UNSAFE/0/frame_687.jpg,UNSAFE,SAFE,0.3463413417339325,context_encoding_only,in_the_wild
/Users/ahooker/Documents/Dissertation/virtushield/final-datasets/in-the-wild-final-small/UNSAFE/0/frame_688.jpg,UNSAFE,UNSAFE,0.9097573757171631,context_encoding_only,in_the_wild
/Users/ahooker/Documents/Dissertation/virtushield/final-datasets/in-the-wild-final-small/UNSAFE/0/frame_691.jpg,UNSAFE,SAFE,0.4075802266597748,context_encoding_only,in_the_wild
/Users/ahooker/Documents/Dissertation/virtushield/final-datasets/in-the-wild-final-small/UNSAFE/0/frame_693.jpg,UNSAFE,UNSAFE,0.9065448641777039,context_encoding_only,in_the_wild
/Users/ahooker/Documents/Dissertation/virtushield/final-datasets/in-the-wild-final-small/UNSAFE/0/frame_695.jpg,UNSAFE,UNSAFE,0.546883225440979,context_encoding_only,in_the_wild
/Users/ahooker/Documents/Dissertation/virtushield/final-datasets/in-the-wild-final-small/UNSAFE/0/frame_696.jpg,UNSAFE,SAFE,0.3925555646419525,context_encoding_only,in_the_wild
/Users/ahooker/Documents/Dissertation/virtushield/final-datasets/in-the-wild-final-small/UNSAFE/0/frame_70.jpg,UNSAFE,UNSAFE,0.8320978283882141,context_encoding_only,in_the_wild
/Users/ahooker/Documents/Dissertation/virtushield/final-datasets/in-the-wild-final-small/UNSAFE/0/frame_701.jpg,UNSAFE,UNSAFE,0.565982460975647,context_encoding_only,in_the_wild
/Users/ahooker/Documents/Dissertation/virtushield/final-datasets/in-the-wild-final-small/UNSAFE/0/frame_703.jpg,UNSAFE,UNSAFE,0.6336183547973633,context_encoding_only,in_the_wild
/Users/ahooker/Documents/Dissertation/virtushield/final-datasets/in-the-wild-final-small/UNSAFE/0/frame_704.jpg,UNSAFE,UNSAFE,0.639802873134613,context_encoding_only,in_the_wild
/Users/ahooker/Documents/Dissertation/virtushield/final-datasets/in-the-wild-final-small/UNSAFE/0/frame_706.jpg,UNSAFE,UNSAFE,0.6902533173561096,context_encoding_only,in_the_wild
/Users/ahooker/Documents/Dissertation/virtushield/final-datasets/in-the-wild-final-small/UNSAFE/0/frame_71.jpg,UNSAFE,UNSAFE,0.8440669178962708,context_encoding_only,in_the_wild
/Users/ahooker/Documents/Dissertation/virtushield/final-datasets/in-the-wild-final-small/UNSAFE/0/frame_714.jpg,UNSAFE,UNSAFE,0.9064734578132629,context_encoding_only,in_the_wild
/Users/ahooker/Documents/Dissertation/virtushield/final-datasets/in-the-wild-final-small/UNSAFE/0/frame_718.jpg,UNSAFE,UNSAFE,0.9177568554878235,context_encoding_only,in_the_wild
/Users/ahooker/Documents/Dissertation/virtushield/final-datasets/in-the-wild-final-small/UNSAFE/0/frame_718__1.jpg,UNSAFE,UNSAFE,0.614433765411377,context_encoding_only,in_the_wild
/Users/ahooker/Documents/Dissertation/virtushield/final-datasets/in-the-wild-final-small/UNSAFE/0/frame_721.jpg,UNSAFE,UNSAFE,0.8796536922454834,context_encoding_only,in_the_wild
/Users/ahooker/Documents/Dissertation/virtushield/final-datasets/in-the-wild-final-small/UNSAFE/0/frame_729.jpg,UNSAFE,UNSAFE,0.7677643895149231,context_encoding_only,in_the_wild
/Users/ahooker/Documents/Dissertation/virtushield/final-datasets/in-the-wild-final-small/UNSAFE/0/frame_73.jpg,UNSAFE,UNSAFE,0.815703809261322,context_encoding_only,in_the_wild
/Users/ahooker/Documents/Dissertation/virtushield/final-datasets/in-the-wild-final-small/UNSAFE/0/frame_73__1.jpg,UNSAFE,UNSAFE,0.9346787333488464,context_encoding_only,in_the_wild
/Users/ahooker/Documents/Dissertation/virtushield/final-datasets/in-the-wild-final-small/UNSAFE/0/frame_73__2.jpg,UNSAFE,UNSAFE,0.815703809261322,context_encoding_only,in_the_wild
/Users/ahooker/Documents/Dissertation/virtushield/final-datasets/in-the-wild-final-small/UNSAFE/0/frame_74.jpg,UNSAFE,UNSAFE,0.8052747249603271,context_encoding_only,in_the_wild
/Users/ahooker/Documents/Dissertation/virtushield/final-datasets/in-the-wild-final-small/UNSAFE/0/frame_744.jpg,UNSAFE,UNSAFE,0.8407774567604065,context_encoding_only,in_the_wild
/Users/ahooker/Documents/Dissertation/virtushield/final-datasets/in-the-wild-final-small/UNSAFE/0/frame_74__1.jpg,UNSAFE,UNSAFE,0.8052747249603271,context_encoding_only,in_the_wild
/Users/ahooker/Documents/Dissertation/virtushield/final-datasets/in-the-wild-final-small/UNSAFE/0/frame_750.jpg,UNSAFE,UNSAFE,0.868124783039093,context_encoding_only,in_the_wild
/Users/ahooker/Documents/Dissertation/virtushield/final-datasets/in-the-wild-final-small/UNSAFE/0/frame_751.jpg,UNSAFE,UNSAFE,0.8466126322746277,context_encoding_only,in_the_wild
/Users/ahooker/Documents/Dissertation/virtushield/final-datasets/in-the-wild-final-small/UNSAFE/0/frame_758.jpg,UNSAFE,UNSAFE,0.7908194661140442,context_encoding_only,in_the_wild
/Users/ahooker/Documents/Dissertation/virtushield/final-datasets/in-the-wild-final-small/UNSAFE/0/frame_759.jpg,UNSAFE,UNSAFE,0.8596607446670532,context_encoding_only,in_the_wild
/Users/ahooker/Documents/Dissertation/virtushield/final-datasets/in-the-wild-final-small/UNSAFE/0/frame_761.jpg,UNSAFE,UNSAFE,0.9017930626869202,context_encoding_only,in_the_wild
/Users/ahooker/Documents/Dissertation/virtushield/final-datasets/in-the-wild-final-small/UNSAFE/0/frame_77.jpg,UNSAFE,UNSAFE,0.8955805897712708,context_encoding_only,in_the_wild
/Users/ahooker/Documents/Dissertation/virtushield/final-datasets/in-the-wild-final-small/UNSAFE/0/frame_775.jpg,UNSAFE,UNSAFE,0.8547682166099548,context_encoding_only,in_the_wild
/Users/ahooker/Documents/Dissertation/virtushield/final-datasets/in-the-wild-final-small/UNSAFE/0/frame_776.jpg,UNSAFE,UNSAFE,0.9082062244415283,context_encoding_only,in_the_wild
/Users/ahooker/Documents/Dissertation/virtushield/final-datasets/in-the-wild-final-small/UNSAFE/0/frame_781.jpg,UNSAFE,UNSAFE,0.7935731410980225,context_encoding_only,in_the_wild
/Users/ahooker/Documents/Dissertation/virtushield/final-datasets/in-the-wild-final-small/UNSAFE/0/frame_784.jpg,UNSAFE,UNSAFE,0.838668167591095,context_encoding_only,in_the_wild
/Users/ahooker/Documents/Dissertation/virtushield/final-datasets/in-the-wild-final-small/UNSAFE/0/frame_79.jpg,UNSAFE,SAFE,0.3594748079776764,context_encoding_only,in_the_wild
/Users/ahooker/Documents/Dissertation/virtushield/final-datasets/in-the-wild-final-small/UNSAFE/0/frame_797.jpg,UNSAFE,UNSAFE,0.9141108393669128,context_encoding_only,in_the_wild
/Users/ahooker/Documents/Dissertation/virtushield/final-datasets/in-the-wild-final-small/UNSAFE/0/frame_79__1.jpg,UNSAFE,SAFE,0.34746095538139343,context_encoding_only,in_the_wild
/Users/ahooker/Documents/Dissertation/virtushield/final-datasets/in-the-wild-final-small/UNSAFE/0/frame_8.jpg,UNSAFE,UNSAFE,0.6428573131561279,context_encoding_only,in_the_wild
/Users/ahooker/Documents/Dissertation/virtushield/final-datasets/in-the-wild-final-small/UNSAFE/0/frame_803.jpg,UNSAFE,UNSAFE,0.7920178771018982,context_encoding_only,in_the_wild
/Users/ahooker/Documents/Dissertation/virtushield/final-datasets/in-the-wild-final-small/UNSAFE/0/frame_813.jpg,UNSAFE,UNSAFE,0.966285228729248,context_encoding_only,in_the_wild
/Users/ahooker/Documents/Dissertation/virtushield/final-datasets/in-the-wild-final-small/UNSAFE/0/frame_820.jpg,UNSAFE,UNSAFE,0.8613560795783997,context_encoding_only,in_the_wild
/Users/ahooker/Documents/Dissertation/virtushield/final-datasets/in-the-wild-final-small/UNSAFE/0/frame_824.jpg,UNSAFE,UNSAFE,0.9402551054954529,context_encoding_only,in_the_wild
/Users/ahooker/Documents/Dissertation/virtushield/final-datasets/in-the-wild-final-small/UNSAFE/0/frame_825.jpg,UNSAFE,UNSAFE,0.9066792130470276,context_encoding_only,in_the_wild
/Users/ahooker/Documents/Dissertation/virtushield/final-datasets/in-the-wild-final-small/UNSAFE/0/frame_826.jpg,UNSAFE,UNSAFE,0.9151732325553894,context_encoding_only,in_the_wild
/Users/ahooker/Documents/Dissertation/virtushield/final-datasets/in-the-wild-final-small/UNSAFE/0/frame_830.jpg,UNSAFE,UNSAFE,0.8078615665435791,context_encoding_only,in_the_wild
/Users/ahooker/Documents/Dissertation/virtushield/final-datasets/in-the-wild-final-small/UNSAFE/0/frame_832.jpg,UNSAFE,UNSAFE,0.8257220983505249,context_encoding_only,in_the_wild
/Users/ahooker/Documents/Dissertation/virtushield/final-datasets/in-the-wild-final-small/UNSAFE/0/frame_834.jpg,UNSAFE,UNSAFE,0.9053741097450256,context_encoding_only,in_the_wild
/Users/ahooker/Documents/Dissertation/virtushield/final-datasets/in-the-wild-final-small/UNSAFE/0/frame_835.jpg,UNSAFE,UNSAFE,0.8106399774551392,context_encoding_only,in_the_wild
/Users/ahooker/Documents/Dissertation/virtushield/final-datasets/in-the-wild-final-small/UNSAFE/0/frame_836.jpg,UNSAFE,UNSAFE,0.8502073884010315,context_encoding_only,in_the_wild
/Users/ahooker/Documents/Dissertation/virtushield/final-datasets/in-the-wild-final-small/UNSAFE/0/frame_84.jpg,UNSAFE,UNSAFE,0.9246212840080261,context_encoding_only,in_the_wild
/Users/ahooker/Documents/Dissertation/virtushield/final-datasets/in-the-wild-final-small/UNSAFE/0/frame_842.jpg,UNSAFE,UNSAFE,0.898781955242157,context_encoding_only,in_the_wild
/Users/ahooker/Documents/Dissertation/virtushield/final-datasets/in-the-wild-final-small/UNSAFE/0/frame_843.jpg,UNSAFE,UNSAFE,0.8628953099250793,context_encoding_only,in_the_wild
/Users/ahooker/Documents/Dissertation/virtushield/final-datasets/in-the-wild-final-small/UNSAFE/0/frame_847.jpg,UNSAFE,UNSAFE,0.9515933990478516,context_encoding_only,in_the_wild
/Users/ahooker/Documents/Dissertation/virtushield/final-datasets/in-the-wild-final-small/UNSAFE/0/frame_85.jpg,UNSAFE,UNSAFE,0.8794451951980591,context_encoding_only,in_the_wild
/Users/ahooker/Documents/Dissertation/virtushield/final-datasets/in-the-wild-final-small/UNSAFE/0/frame_850.jpg,UNSAFE,UNSAFE,0.9318293333053589,context_encoding_only,in_the_wild
/Users/ahooker/Documents/Dissertation/virtushield/final-datasets/in-the-wild-final-small/UNSAFE/0/frame_858.jpg,UNSAFE,UNSAFE,0.9286945462226868,context_encoding_only,in_the_wild
/Users/ahooker/Documents/Dissertation/virtushield/final-datasets/in-the-wild-final-small/UNSAFE/0/frame_85__1.jpg,UNSAFE,UNSAFE,0.8794451951980591,context_encoding_only,in_the_wild
/Users/ahooker/Documents/Dissertation/virtushield/final-datasets/in-the-wild-final-small/UNSAFE/0/frame_85__2.jpg,UNSAFE,UNSAFE,0.9147914052009583,context_encoding_only,in_the_wild
/Users/ahooker/Documents/Dissertation/virtushield/final-datasets/in-the-wild-final-small/UNSAFE/0/frame_86.jpg,UNSAFE,SAFE,0.4639104902744293,context_encoding_only,in_the_wild
/Users/ahooker/Documents/Dissertation/virtushield/final-datasets/in-the-wild-final-small/UNSAFE/0/frame_861.jpg,UNSAFE,UNSAFE,0.7780148386955261,context_encoding_only,in_the_wild
/Users/ahooker/Documents/Dissertation/virtushield/final-datasets/in-the-wild-final-small/UNSAFE/0/frame_86__1.jpg,UNSAFE,SAFE,0.4639104902744293,context_encoding_only,in_the_wild
/Users/ahooker/Documents/Dissertation/virtushield/final-datasets/in-the-wild-final-small/UNSAFE/0/frame_87.jpg,UNSAFE,UNSAFE,0.9613524675369263,context_encoding_only,in_the_wild
/Users/ahooker/Documents/Dissertation/virtushield/final-datasets/in-the-wild-final-small/UNSAFE/0/frame_88.jpg,UNSAFE,SAFE,0.4932093024253845,context_encoding_only,in_the_wild
/Users/ahooker/Documents/Dissertation/virtushield/final-datasets/in-the-wild-final-small/UNSAFE/0/frame_88__1.jpg,UNSAFE,UNSAFE,0.5251424312591553,context_encoding_only,in_the_wild
/Users/ahooker/Documents/Dissertation/virtushield/final-datasets/in-the-wild-final-small/UNSAFE/0/frame_9.jpg,UNSAFE,SAFE,0.47944796085357666,context_encoding_only,in_the_wild
/Users/ahooker/Documents/Dissertation/virtushield/final-datasets/in-the-wild-final-small/UNSAFE/0/frame_90.jpg,UNSAFE,UNSAFE,0.879932701587677,context_encoding_only,in_the_wild
/Users/ahooker/Documents/Dissertation/virtushield/final-datasets/in-the-wild-final-small/UNSAFE/0/frame_91.jpg,UNSAFE,SAFE,0.4000876843929291,context_encoding_only,in_the_wild
/Users/ahooker/Documents/Dissertation/virtushield/final-datasets/in-the-wild-final-small/UNSAFE/0/frame_92.jpg,UNSAFE,UNSAFE,0.6632847785949707,context_encoding_only,in_the_wild
/Users/ahooker/Documents/Dissertation/virtushield/final-datasets/in-the-wild-final-small/UNSAFE/0/frame_93.jpg,UNSAFE,SAFE,0.35212522745132446,context_encoding_only,in_the_wild
/Users/ahooker/Documents/Dissertation/virtushield/final-datasets/in-the-wild-final-small/UNSAFE/0/frame_95.jpg,UNSAFE,SAFE,0.4037950336933136,context_encoding_only,in_the_wild
/Users/ahooker/Documents/Dissertation/virtushield/final-datasets/in-the-wild-final-small/UNSAFE/0/frame_952.jpg,UNSAFE,UNSAFE,0.7334954738616943,context_encoding_only,in_the_wild
/Users/ahooker/Documents/Dissertation/virtushield/final-datasets/in-the-wild-final-small/UNSAFE/0/frame_958.jpg,UNSAFE,UNSAFE,0.7420706748962402,context_encoding_only,in_the_wild
/Users/ahooker/Documents/Dissertation/virtushield/final-datasets/in-the-wild-final-small/UNSAFE/0/frame_96.jpg,UNSAFE,UNSAFE,0.9507592916488647,context_encoding_only,in_the_wild
/Users/ahooker/Documents/Dissertation/virtushield/final-datasets/in-the-wild-final-small/UNSAFE/0/frame_963.jpg,UNSAFE,UNSAFE,0.8927946090698242,context_encoding_only,in_the_wild
/Users/ahooker/Documents/Dissertation/virtushield/final-datasets/in-the-wild-final-small/UNSAFE/0/frame_968.jpg,UNSAFE,UNSAFE,0.9283742904663086,context_encoding_only,in_the_wild
/Users/ahooker/Documents/Dissertation/virtushield/final-datasets/in-the-wild-final-small/UNSAFE/0/frame_976.jpg,UNSAFE,UNSAFE,0.8999075293540955,context_encoding_only,in_the_wild
/Users/ahooker/Documents/Dissertation/virtushield/final-datasets/in-the-wild-final-small/UNSAFE/0/frame_978.jpg,UNSAFE,UNSAFE,0.8771635293960571,context_encoding_only,in_the_wild
/Users/ahooker/Documents/Dissertation/virtushield/final-datasets/in-the-wild-final-small/UNSAFE/0/frame_979.jpg,UNSAFE,UNSAFE,0.8127631545066833,context_encoding_only,in_the_wild
/Users/ahooker/Documents/Dissertation/virtushield/final-datasets/in-the-wild-final-small/UNSAFE/0/frame_98.jpg,UNSAFE,UNSAFE,0.8460328578948975,context_encoding_only,in_the_wild
/Users/ahooker/Documents/Dissertation/virtushield/final-datasets/in-the-wild-final-small/UNSAFE/0/frame_980.jpg,UNSAFE,UNSAFE,0.8518353700637817,context_encoding_only,in_the_wild
/Users/ahooker/Documents/Dissertation/virtushield/final-datasets/in-the-wild-final-small/UNSAFE/0/frame_99.jpg,UNSAFE,UNSAFE,0.5967099666595459,context_encoding_only,in_the_wild
/Users/ahooker/Documents/Dissertation/virtushield/final-datasets/in-the-wild-final-small/UNSAFE/0/frame_998.jpg,UNSAFE,UNSAFE,0.8995952606201172,context_encoding_only,in_the_wild
/Users/ahooker/Documents/Dissertation/virtushield/final-datasets/in-the-wild-final-small/UNSAFE/1/frame_1006.jpg,UNSAFE,UNSAFE,0.776083767414093,context_encoding_only,in_the_wild
/Users/ahooker/Documents/Dissertation/virtushield/final-datasets/in-the-wild-final-small/UNSAFE/1/frame_1007.jpg,UNSAFE,UNSAFE,0.8550369143486023,context_encoding_only,in_the_wild
/Users/ahooker/Documents/Dissertation/virtushield/final-datasets/in-the-wild-final-small/UNSAFE/1/frame_101.jpg,UNSAFE,UNSAFE,0.8589826226234436,context_encoding_only,in_the_wild
/Users/ahooker/Documents/Dissertation/virtushield/final-datasets/in-the-wild-final-small/UNSAFE/1/frame_1017.jpg,UNSAFE,UNSAFE,0.8817155957221985,context_encoding_only,in_the_wild
/Users/ahooker/Documents/Dissertation/virtushield/final-datasets/in-the-wild-final-small/UNSAFE/1/frame_101__1.jpg,UNSAFE,UNSAFE,0.7672279477119446,context_encoding_only,in_the_wild
/Users/ahooker/Documents/Dissertation/virtushield/final-datasets/in-the-wild-final-small/UNSAFE/1/frame_102.jpg,UNSAFE,SAFE,0.36088797450065613,context_encoding_only,in_the_wild
/Users/ahooker/Documents/Dissertation/virtushield/final-datasets/in-the-wild-final-small/UNSAFE/1/frame_1028.jpg,UNSAFE,UNSAFE,0.9167152047157288,context_encoding_only,in_the_wild
/Users/ahooker/Documents/Dissertation/virtushield/final-datasets/in-the-wild-final-small/UNSAFE/1/frame_102__1.jpg,UNSAFE,UNSAFE,0.9477525353431702,context_encoding_only,in_the_wild
/Users/ahooker/Documents/Dissertation/virtushield/final-datasets/in-the-wild-final-small/UNSAFE/1/frame_103.jpg,UNSAFE,UNSAFE,0.8850677013397217,context_encoding_only,in_the_wild
/Users/ahooker/Documents/Dissertation/virtushield/final-datasets/in-the-wild-final-small/UNSAFE/1/frame_1032.jpg,UNSAFE,UNSAFE,0.9541612863540649,context_encoding_only,in_the_wild
/Users/ahooker/Documents/Dissertation/virtushield/final-datasets/in-the-wild-final-small/UNSAFE/1/frame_1038.jpg,UNSAFE,UNSAFE,0.8490174412727356,context_encoding_only,in_the_wild
/Users/ahooker/Documents/Dissertation/virtushield/final-datasets/in-the-wild-final-small/UNSAFE/1/frame_103__1.jpg,UNSAFE,UNSAFE,0.8728865385055542,context_encoding_only,in_the_wild
/Users/ahooker/Documents/Dissertation/virtushield/final-datasets/in-the-wild-final-small/UNSAFE/1/frame_103__2.jpg,UNSAFE,SAFE,0.3999173939228058,context_encoding_only,in_the_wild
/Users/ahooker/Documents/Dissertation/virtushield/final-datasets/in-the-wild-final-small/UNSAFE/1/frame_104.jpg,UNSAFE,SAFE,0.4158761501312256,context_encoding_only,in_the_wild
/Users/ahooker/Documents/Dissertation/virtushield/final-datasets/in-the-wild-final-small/UNSAFE/1/frame_104__1.jpg,UNSAFE,SAFE,0.4158761501312256,context_encoding_only,in_the_wild
/Users/ahooker/Documents/Dissertation/virtushield/final-datasets/in-the-wild-final-small/UNSAFE/1/frame_104__2.jpg,UNSAFE,SAFE,0.37430277466773987,context_encoding_only,in_the_wild
/Users/ahooker/Documents/Dissertation/virtushield/final-datasets/in-the-wild-final-small/UNSAFE/1/frame_105.jpg,UNSAFE,UNSAFE,0.766288161277771,context_encoding_only,in_the_wild
/Users/ahooker/Documents/Dissertation/virtushield/final-datasets/in-the-wild-final-small/UNSAFE/1/frame_105__1.jpg,UNSAFE,UNSAFE,0.5181518793106079,context_encoding_only,in_the_wild
/Users/ahooker/Documents/Dissertation/virtushield/final-datasets/in-the-wild-final-small/UNSAFE/1/frame_106.jpg,UNSAFE,UNSAFE,0.8686760067939758,context_encoding_only,in_the_wild
/Users/ahooker/Documents/Dissertation/virtushield/final-datasets/in-the-wild-final-small/UNSAFE/1/frame_106__1.jpg,UNSAFE,UNSAFE,0.6473045945167542,context_encoding_only,in_the_wild
/Users/ahooker/Documents/Dissertation/virtushield/final-datasets/in-the-wild-final-small/UNSAFE/1/frame_108.jpg,UNSAFE,UNSAFE,0.8491019606590271,context_encoding_only,in_the_wild
/Users/ahooker/Documents/Dissertation/virtushield/final-datasets/in-the-wild-final-small/UNSAFE/1/frame_109.jpg,UNSAFE,UNSAFE,0.8976092338562012,context_encoding_only,in_the_wild
/Users/ahooker/Documents/Dissertation/virtushield/final-datasets/in-the-wild-final-small/UNSAFE/1/frame_110.jpg,UNSAFE,SAFE,0.47573235630989075,context_encoding_only,in_the_wild
/Users/ahooker/Documents/Dissertation/virtushield/final-datasets/in-the-wild-final-small/UNSAFE/1/frame_111.jpg,UNSAFE,UNSAFE,0.6169998049736023,context_encoding_only,in_the_wild
/Users/ahooker/Documents/Dissertation/virtushield/final-datasets/in-the-wild-final-small/UNSAFE/1/frame_112.jpg,UNSAFE,SAFE,0.42430204153060913,context_encoding_only,in_the_wild
/Users/ahooker/Documents/Dissertation/virtushield/final-datasets/in-the-wild-final-small/UNSAFE/1/frame_112__1.jpg,UNSAFE,UNSAFE,0.7450821995735168,context_encoding_only,in_the_wild
/Users/ahooker/Documents/Dissertation/virtushield/final-datasets/in-the-wild-final-small/UNSAFE/1/frame_113.jpg,UNSAFE,SAFE,0.47930753231048584,context_encoding_only,in_the_wild
/Users/ahooker/Documents/Dissertation/virtushield/final-datasets/in-the-wild-final-small/UNSAFE/1/frame_114.jpg,UNSAFE,UNSAFE,0.9063466191291809,context_encoding_only,in_the_wild
/Users/ahooker/Documents/Dissertation/virtushield/final-datasets/in-the-wild-final-small/UNSAFE/1/frame_114__1.jpg,UNSAFE,UNSAFE,0.8180359601974487,context_encoding_only,in_the_wild
/Users/ahooker/Documents/Dissertation/virtushield/final-datasets/in-the-wild-final-small/UNSAFE/1/frame_116.jpg,UNSAFE,UNSAFE,0.7992697954177856,context_encoding_only,in_the_wild
/Users/ahooker/Documents/Dissertation/virtushield/final-datasets/in-the-wild-final-small/UNSAFE/1/frame_116__1.jpg,UNSAFE,SAFE,0.37049224972724915,context_encoding_only,in_the_wild
/Users/ahooker/Documents/Dissertation/virtushield/final-datasets/in-the-wild-final-small/UNSAFE/1/frame_116__2.jpg,UNSAFE,SAFE,0.2687116265296936,context_encoding_only,in_the_wild
/Users/ahooker/Documents/Dissertation/virtushield/final-datasets/in-the-wild-final-small/UNSAFE/1/frame_116__3.jpg,UNSAFE,SAFE,0.48687902092933655,context_encoding_only,in_the_wild
/Users/ahooker/Documents/Dissertation/virtushield/final-datasets/in-the-wild-final-small/UNSAFE/1/frame_116__4.jpg,UNSAFE,SAFE,0.2687116265296936,context_encoding_only,in_the_wild
/Users/ahooker/Documents/Dissertation/virtushield/final-datasets/in-the-wild-final-small/UNSAFE/1/frame_117.jpg,UNSAFE,UNSAFE,0.7981677055358887,context_encoding_only,in_the_wild
/Users/ahooker/Documents/Dissertation/virtushield/final-datasets/in-the-wild-final-small/UNSAFE/1/frame_118.jpg,UNSAFE,SAFE,0.2783832252025604,context_encoding_only,in_the_wild
/Users/ahooker/Documents/Dissertation/virtushield/final-datasets/in-the-wild-final-small/UNSAFE/1/frame_119.jpg,UNSAFE,UNSAFE,0.5683353543281555,context_encoding_only,in_the_wild
/Users/ahooker/Documents/Dissertation/virtushield/final-datasets/in-the-wild-final-small/UNSAFE/1/frame_12.jpg,UNSAFE,SAFE,0.45585283637046814,context_encoding_only,in_the_wild
/Users/ahooker/Documents/Dissertation/virtushield/final-datasets/in-the-wild-final-small/UNSAFE/1/frame_120.jpg,UNSAFE,UNSAFE,0.8942293524742126,context_encoding_only,in_the_wild
/Users/ahooker/Documents/Dissertation/virtushield/final-datasets/in-the-wild-final-small/UNSAFE/1/frame_121.jpg,UNSAFE,UNSAFE,0.7422375082969666,context_encoding_only,in_the_wild
/Users/ahooker/Documents/Dissertation/virtushield/final-datasets/in-the-wild-final-small/UNSAFE/1/frame_122.jpg,UNSAFE,SAFE,0.3383849561214447,context_encoding_only,in_the_wild
/Users/ahooker/Documents/Dissertation/virtushield/final-datasets/in-the-wild-final-small/UNSAFE/1/frame_123.jpg,UNSAFE,UNSAFE,0.8872296214103699,context_encoding_only,in_the_wild
/Users/ahooker/Documents/Dissertation/virtushield/final-datasets/in-the-wild-final-small/UNSAFE/1/frame_124.jpg,UNSAFE,UNSAFE,0.9065133333206177,context_encoding_only,in_the_wild
/Users/ahooker/Documents/Dissertation/virtushield/final-datasets/in-the-wild-final-small/UNSAFE/1/frame_124__1.jpg,UNSAFE,UNSAFE,0.8711123466491699,context_encoding_only,in_the_wild
/Users/ahooker/Documents/Dissertation/virtushield/final-datasets/in-the-wild-final-small/UNSAFE/1/frame_126.jpg,UNSAFE,SAFE,0.27445656061172485,context_encoding_only,in_the_wild
/Users/ahooker/Documents/Dissertation/virtushield/final-datasets/in-the-wild-final-small/UNSAFE/1/frame_128.jpg,UNSAFE,UNSAFE,0.586086094379425,context_encoding_only,in_the_wild
/Users/ahooker/Documents/Dissertation/virtushield/final-datasets/in-the-wild-final-small/UNSAFE/1/frame_128__1.jpg,UNSAFE,UNSAFE,0.931260347366333,context_encoding_only,in_the_wild
/Users/ahooker/Documents/Dissertation/virtushield/final-datasets/in-the-wild-final-small/UNSAFE/1/frame_128__2.jpg,UNSAFE,SAFE,0.3198445737361908,context_encoding_only,in_the_wild
/Users/ahooker/Documents/Dissertation/virtushield/final-datasets/in-the-wild-final-small/UNSAFE/1/frame_129.jpg,UNSAFE,SAFE,0.44181129336357117,context_encoding_only,in_the_wild
/Users/ahooker/Documents/Dissertation/virtushield/final-datasets/in-the-wild-final-small/UNSAFE/1/frame_129__1.jpg,UNSAFE,UNSAFE,0.8915708065032959,context_encoding_only,in_the_wild
/Users/ahooker/Documents/Dissertation/virtushield/final-datasets/in-the-wild-final-small/UNSAFE/1/frame_130.jpg,UNSAFE,UNSAFE,0.8420366048812866,context_encoding_only,in_the_wild
/Users/ahooker/Documents/Dissertation/virtushield/final-datasets/in-the-wild-final-small/UNSAFE/1/frame_130__1.jpg,UNSAFE,UNSAFE,0.6371220946311951,context_encoding_only,in_the_wild
/Users/ahooker/Documents/Dissertation/virtushield/final-datasets/in-the-wild-final-small/UNSAFE/1/frame_130__2.jpg,UNSAFE,SAFE,0.4172928035259247,context_encoding_only,in_the_wild
/Users/ahooker/Documents/Dissertation/virtushield/final-datasets/in-the-wild-final-small/UNSAFE/1/frame_132.jpg,UNSAFE,UNSAFE,0.6655650734901428,context_encoding_only,in_the_wild
/Users/ahooker/Documents/Dissertation/virtushield/final-datasets/in-the-wild-final-small/UNSAFE/1/frame_133.jpg,UNSAFE,SAFE,0.38204196095466614,context_encoding_only,in_the_wild
/Users/ahooker/Documents/Dissertation/virtushield/final-datasets/in-the-wild-final-small/UNSAFE/1/frame_133__1.jpg,UNSAFE,UNSAFE,0.7033612728118896,context_encoding_only,in_the_wild
/Users/ahooker/Documents/Dissertation/virtushield/final-datasets/in-the-wild-final-small/UNSAFE/1/frame_134.jpg,UNSAFE,UNSAFE,0.896148145198822,context_encoding_only,in_the_wild
/Users/ahooker/Documents/Dissertation/virtushield/final-datasets/in-the-wild-final-small/UNSAFE/1/frame_135.jpg,UNSAFE,UNSAFE,0.8580877780914307,context_encoding_only,in_the_wild
/Users/ahooker/Documents/Dissertation/virtushield/final-datasets/in-the-wild-final-small/UNSAFE/1/frame_136.jpg,UNSAFE,UNSAFE,0.8940173983573914,context_encoding_only,in_the_wild
/Users/ahooker/Documents/Dissertation/virtushield/final-datasets/in-the-wild-final-small/UNSAFE/1/frame_136__1.jpg,UNSAFE,UNSAFE,0.841386079788208,context_encoding_only,in_the_wild
/Users/ahooker/Documents/Dissertation/virtushield/final-datasets/in-the-wild-final-small/UNSAFE/1/frame_137.jpg,UNSAFE,UNSAFE,0.9219791293144226,context_encoding_only,in_the_wild
/Users/ahooker/Documents/Dissertation/virtushield/final-datasets/in-the-wild-final-small/UNSAFE/1/frame_137__1.jpg,UNSAFE,UNSAFE,0.8432139754295349,context_encoding_only,in_the_wild
/Users/ahooker/Documents/Dissertation/virtushield/final-datasets/in-the-wild-final-small/UNSAFE/1/frame_138.jpg,UNSAFE,UNSAFE,0.8198025822639465,context_encoding_only,in_the_wild
/Users/ahooker/Documents/Dissertation/virtushield/final-datasets/in-the-wild-final-small/UNSAFE/1/frame_139.jpg,UNSAFE,UNSAFE,0.7736311554908752,context_encoding_only,in_the_wild
/Users/ahooker/Documents/Dissertation/virtushield/final-datasets/in-the-wild-final-small/UNSAFE/1/frame_139__1.jpg,UNSAFE,UNSAFE,0.5510051846504211,context_encoding_only,in_the_wild
/Users/ahooker/Documents/Dissertation/virtushield/final-datasets/in-the-wild-final-small/UNSAFE/1/frame_14.jpg,UNSAFE,SAFE,0.30701136589050293,context_encoding_only,in_the_wild
/Users/ahooker/Documents/Dissertation/virtushield/final-datasets/in-the-wild-final-small/UNSAFE/1/frame_140.jpg,UNSAFE,UNSAFE,0.8759164214134216,context_encoding_only,in_the_wild
/Users/ahooker/Documents/Dissertation/virtushield/final-datasets/in-the-wild-final-small/UNSAFE/1/frame_145.jpg,UNSAFE,UNSAFE,0.784899890422821,context_encoding_only,in_the_wild
/Users/ahooker/Documents/Dissertation/virtushield/final-datasets/in-the-wild-final-small/UNSAFE/1/frame_146.jpg,UNSAFE,SAFE,0.29280614852905273,context_encoding_only,in_the_wild
/Users/ahooker/Documents/Dissertation/virtushield/final-datasets/in-the-wild-final-small/UNSAFE/1/frame_146__1.jpg,UNSAFE,SAFE,0.29280614852905273,context_encoding_only,in_the_wild
/Users/ahooker/Documents/Dissertation/virtushield/final-datasets/in-the-wild-final-small/UNSAFE/1/frame_147.jpg,UNSAFE,UNSAFE,0.7835119366645813,context_encoding_only,in_the_wild
/Users/ahooker/Documents/Dissertation/virtushield/final-datasets/in-the-wild-final-small/UNSAFE/1/frame_147__1.jpg,UNSAFE,SAFE,0.403372198343277,context_encoding_only,in_the_wild
/Users/ahooker/Documents/Dissertation/virtushield/final-datasets/in-the-wild-final-small/UNSAFE/1/frame_148.jpg,UNSAFE,UNSAFE,0.7453491687774658,context_encoding_only,in_the_wild
/Users/ahooker/Documents/Dissertation/virtushield/final-datasets/in-the-wild-final-small/UNSAFE/1/frame_148__1.jpg,UNSAFE,UNSAFE,0.8795696496963501,context_encoding_only,in_the_wild
/Users/ahooker/Documents/Dissertation/virtushield/final-datasets/in-the-wild-final-small/UNSAFE/1/frame_149.jpg,UNSAFE,UNSAFE,0.8332440853118896,context_encoding_only,in_the_wild
/Users/ahooker/Documents/Dissertation/virtushield/final-datasets/in-the-wild-final-small/UNSAFE/1/frame_151.jpg,UNSAFE,UNSAFE,0.5402384400367737,context_encoding_only,in_the_wild
/Users/ahooker/Documents/Dissertation/virtushield/final-datasets/in-the-wild-final-small/UNSAFE/1/frame_151__1.jpg,UNSAFE,UNSAFE,0.9490238428115845,context_encoding_only,in_the_wild
/Users/ahooker/Documents/Dissertation/virtushield/final-datasets/in-the-wild-final-small/UNSAFE/1/frame_151__2.jpg,UNSAFE,UNSAFE,0.7413501143455505,context_encoding_only,in_the_wild
/Users/ahooker/Documents/Dissertation/virtushield/final-datasets/in-the-wild-final-small/UNSAFE/1/frame_152.jpg,UNSAFE,UNSAFE,0.8920680284500122,context_encoding_only,in_the_wild
/Users/ahooker/Documents/Dissertation/virtushield/final-datasets/in-the-wild-final-small/UNSAFE/1/frame_152__1.jpg,UNSAFE,UNSAFE,0.9065732955932617,context_encoding_only,in_the_wild
/Users/ahooker/Documents/Dissertation/virtushield/final-datasets/in-the-wild-final-small/UNSAFE/1/frame_153.jpg,UNSAFE,UNSAFE,0.6018998026847839,context_encoding_only,in_the_wild
/Users/ahooker/Documents/Dissertation/virtushield/final-datasets/in-the-wild-final-small/UNSAFE/1/frame_153__1.jpg,UNSAFE,UNSAFE,0.8452640771865845,context_encoding_only,in_the_wild
/Users/ahooker/Documents/Dissertation/virtushield/final-datasets/in-the-wild-final-small/UNSAFE/1/frame_154.jpg,UNSAFE,UNSAFE,0.8755851984024048,context_encoding_only,in_the_wild
/Users/ahooker/Documents/Dissertation/virtushield/final-datasets/in-the-wild-final-small/UNSAFE/1/frame_155.jpg,UNSAFE,UNSAFE,0.8659355640411377,context_encoding_only,in_the_wild
/Users/ahooker/Documents/Dissertation/virtushield/final-datasets/in-the-wild-final-small/UNSAFE/1/frame_155__1.jpg,UNSAFE,UNSAFE,0.6834417581558228,context_encoding_only,in_the_wild
/Users/ahooker/Documents/Dissertation/virtushield/final-datasets/in-the-wild-final-small/UNSAFE/1/frame_157.jpg,UNSAFE,UNSAFE,0.5416252613067627,context_encoding_only,in_the_wild
/Users/ahooker/Documents/Dissertation/virtushield/final-datasets/in-the-wild-final-small/UNSAFE/1/frame_158.jpg,UNSAFE,UNSAFE,0.8719903230667114,context_encoding_only,in_the_wild
/Users/ahooker/Documents/Dissertation/virtushield/final-datasets/in-the-wild-final-small/UNSAFE/1/frame_158__1.jpg,UNSAFE,UNSAFE,0.9195446968078613,context_encoding_only,in_the_wild
/Users/ahooker/Documents/Dissertation/virtushield/final-datasets/in-the-wild-final-small/UNSAFE/1/frame_159.jpg,UNSAFE,UNSAFE,0.7174667716026306,context_encoding_only,in_the_wild
/Users/ahooker/Documents/Dissertation/virtushield/final-datasets/in-the-wild-final-small/UNSAFE/1/frame_159__1.jpg,UNSAFE,UNSAFE,0.7791935801506042,context_encoding_only,in_the_wild
/Users/ahooker/Documents/Dissertation/virtushield/final-datasets/in-the-wild-final-small/UNSAFE/1/frame_16.jpg,UNSAFE,UNSAFE,0.5188166499137878,context_encoding_only,in_the_wild
/Users/ahooker/Documents/Dissertation/virtushield/final-datasets/in-the-wild-final-small/UNSAFE/1/frame_161.jpg,UNSAFE,UNSAFE,0.7525880336761475,context_encoding_only,in_the_wild
/Users/ahooker/Documents/Dissertation/virtushield/final-datasets/in-the-wild-final-small/UNSAFE/1/frame_162.jpg,UNSAFE,UNSAFE,0.5967108607292175,context_encoding_only,in_the_wild
/Users/ahooker/Documents/Dissertation/virtushield/final-datasets/in-the-wild-final-small/UNSAFE/1/frame_163.jpg,UNSAFE,UNSAFE,0.5483031868934631,context_encoding_only,in_the_wild
/Users/ahooker/Documents/Dissertation/virtushield/final-datasets/in-the-wild-final-small/UNSAFE/1/frame_164.jpg,UNSAFE,UNSAFE,0.6800180673599243,context_encoding_only,in_the_wild
/Users/ahooker/Documents/Dissertation/virtushield/final-datasets/in-the-wild-final-small/UNSAFE/1/frame_164__1.jpg,UNSAFE,UNSAFE,0.907142698764801,context_encoding_only,in_the_wild
/Users/ahooker/Documents/Dissertation/virtushield/final-datasets/in-the-wild-final-small/UNSAFE/1/frame_165.jpg,UNSAFE,UNSAFE,0.8539413213729858,context_encoding_only,in_the_wild
/Users/ahooker/Documents/Dissertation/virtushield/final-datasets/in-the-wild-final-small/UNSAFE/1/frame_165__1.jpg,UNSAFE,UNSAFE,0.9502317905426025,context_encoding_only,in_the_wild
/Users/ahooker/Documents/Dissertation/virtushield/final-datasets/in-the-wild-final-small/UNSAFE/1/frame_168.jpg,UNSAFE,UNSAFE,0.8552137017250061,context_encoding_only,in_the_wild
/Users/ahooker/Documents/Dissertation/virtushield/final-datasets/in-the-wild-final-small/UNSAFE/1/frame_169.jpg,UNSAFE,UNSAFE,0.6490292549133301,context_encoding_only,in_the_wild
/Users/ahooker/Documents/Dissertation/virtushield/final-datasets/in-the-wild-final-small/UNSAFE/1/frame_170.jpg,UNSAFE,UNSAFE,0.6184380054473877,context_encoding_only,in_the_wild
/Users/ahooker/Documents/Dissertation/virtushield/final-datasets/in-the-wild-final-small/UNSAFE/1/frame_171.jpg,UNSAFE,UNSAFE,0.9078574180603027,context_encoding_only,in_the_wild
/Users/ahooker/Documents/Dissertation/virtushield/final-datasets/in-the-wild-final-small/UNSAFE/1/frame_171__1.jpg,UNSAFE,UNSAFE,0.9221341013908386,context_encoding_only,in_the_wild
/Users/ahooker/Documents/Dissertation/virtushield/final-datasets/in-the-wild-final-small/UNSAFE/1/frame_172.jpg,UNSAFE,UNSAFE,0.8688002824783325,context_encoding_only,in_the_wild
/Users/ahooker/Documents/Dissertation/virtushield/final-datasets/in-the-wild-final-small/UNSAFE/1/frame_174.jpg,UNSAFE,UNSAFE,0.8671926856040955,context_encoding_only,in_the_wild
/Users/ahooker/Documents/Dissertation/virtushield/final-datasets/in-the-wild-final-small/UNSAFE/1/frame_175.jpg,UNSAFE,UNSAFE,0.7333683371543884,context_encoding_only,in_the_wild
/Users/ahooker/Documents/Dissertation/virtushield/final-datasets/in-the-wild-final-small/UNSAFE/1/frame_177.jpg,UNSAFE,UNSAFE,0.6408194303512573,context_encoding_only,in_the_wild
/Users/ahooker/Documents/Dissertation/virtushield/final-datasets/in-the-wild-final-small/UNSAFE/1/frame_177__1.jpg,UNSAFE,UNSAFE,0.8785237073898315,context_encoding_only,in_the_wild
/Users/ahooker/Documents/Dissertation/virtushield/final-datasets/in-the-wild-final-small/UNSAFE/1/frame_178.jpg,UNSAFE,SAFE,0.4876323938369751,context_encoding_only,in_the_wild
/Users/ahooker/Documents/Dissertation/virtushield/final-datasets/in-the-wild-final-small/UNSAFE/1/frame_179.jpg,UNSAFE,UNSAFE,0.6643510460853577,context_encoding_only,in_the_wild
/Users/ahooker/Documents/Dissertation/virtushield/final-datasets/in-the-wild-final-small/UNSAFE/1/frame_180.jpg,UNSAFE,UNSAFE,0.9394705891609192,context_encoding_only,in_the_wild
/Users/ahooker/Documents/Dissertation/virtushield/final-datasets/in-the-wild-final-small/UNSAFE/1/frame_180__1.jpg,UNSAFE,UNSAFE,0.7150067687034607,context_encoding_only,in_the_wild
/Users/ahooker/Documents/Dissertation/virtushield/final-datasets/in-the-wild-final-small/UNSAFE/1/frame_181.jpg,UNSAFE,UNSAFE,0.6254367828369141,context_encoding_only,in_the_wild
/Users/ahooker/Documents/Dissertation/virtushield/final-datasets/in-the-wild-final-small/UNSAFE/1/frame_181__1.jpg,UNSAFE,UNSAFE,0.9421046376228333,context_encoding_only,in_the_wild
/Users/ahooker/Documents/Dissertation/virtushield/final-datasets/in-the-wild-final-small/UNSAFE/1/frame_184.jpg,UNSAFE,UNSAFE,0.545689582824707,context_encoding_only,in_the_wild
/Users/ahooker/Documents/Dissertation/virtushield/final-datasets/in-the-wild-final-small/UNSAFE/1/frame_184__1.jpg,UNSAFE,UNSAFE,0.7504119873046875,context_encoding_only,in_the_wild
/Users/ahooker/Documents/Dissertation/virtushield/final-datasets/in-the-wild-final-small/UNSAFE/1/frame_184__2.jpg,UNSAFE,UNSAFE,0.7504119873046875,context_encoding_only,in_the_wild
/Users/ahooker/Documents/Dissertation/virtushield/final-datasets/in-the-wild-final-small/UNSAFE/1/frame_185.jpg,UNSAFE,UNSAFE,0.6965609192848206,context_encoding_only,in_the_wild
/Users/ahooker/Documents/Dissertation/virtushield/final-datasets/in-the-wild-final-small/UNSAFE/1/frame_189.jpg,UNSAFE,SAFE,0.4315823018550873,context_encoding_only,in_the_wild
/Users/ahooker/Documents/Dissertation/virtushield/final-datasets/in-the-wild-final-small/UNSAFE/1/frame_191.jpg,UNSAFE,SAFE,0.48791977763175964,context_encoding_only,in_the_wild
/Users/ahooker/Documents/Dissertation/virtushield/final-datasets/in-the-wild-final-small/UNSAFE/1/frame_192.jpg,UNSAFE,UNSAFE,0.9211658835411072,context_encoding_only,in_the_wild
/Users/ahooker/Documents/Dissertation/virtushield/final-datasets/in-the-wild-final-small/UNSAFE/1/frame_196.jpg,UNSAFE,UNSAFE,0.7651042342185974,context_encoding_only,in_the_wild
/Users/ahooker/Documents/Dissertation/virtushield/final-datasets/in-the-wild-final-small/UNSAFE/1/frame_199.jpg,UNSAFE,UNSAFE,0.8839814066886902,context_encoding_only,in_the_wild
/Users/ahooker/Documents/Dissertation/virtushield/final-datasets/in-the-wild-final-small/UNSAFE/1/frame_20.jpg,UNSAFE,UNSAFE,0.729420006275177,context_encoding_only,in_the_wild
/Users/ahooker/Documents/Dissertation/virtushield/final-datasets/in-the-wild-final-small/UNSAFE/1/frame_200.jpg,UNSAFE,UNSAFE,0.6610870957374573,context_encoding_only,in_the_wild
/Users/ahooker/Documents/Dissertation/virtushield/final-datasets/in-the-wild-final-small/UNSAFE/1/frame_201.jpg,UNSAFE,SAFE,0.41413459181785583,context_encoding_only,in_the_wild
/Users/ahooker/Documents/Dissertation/virtushield/final-datasets/in-the-wild-final-small/UNSAFE/1/frame_201__1.jpg,UNSAFE,UNSAFE,0.8394750356674194,context_encoding_only,in_the_wild
/Users/ahooker/Documents/Dissertation/virtushield/final-datasets/in-the-wild-final-small/UNSAFE/1/frame_202.jpg,UNSAFE,UNSAFE,0.8431236147880554,context_encoding_only,in_the_wild
/Users/ahooker/Documents/Dissertation/virtushield/final-datasets/in-the-wild-final-small/UNSAFE/1/frame_203.jpg,UNSAFE,UNSAFE,0.5085922479629517,context_encoding_only,in_the_wild
/Users/ahooker/Documents/Dissertation/virtushield/final-datasets/in-the-wild-final-small/UNSAFE/1/frame_204.jpg,UNSAFE,UNSAFE,0.885117769241333,context_encoding_only,in_the_wild
/Users/ahooker/Documents/Dissertation/virtushield/final-datasets/in-the-wild-final-small/UNSAFE/1/frame_205.jpg,UNSAFE,SAFE,0.297488272190094,context_encoding_only,in_the_wild
/Users/ahooker/Documents/Dissertation/virtushield/final-datasets/in-the-wild-final-small/UNSAFE/1/frame_205__1.jpg,UNSAFE,UNSAFE,0.9424241781234741,context_encoding_only,in_the_wild
/Users/ahooker/Documents/Dissertation/virtushield/final-datasets/in-the-wild-final-small/UNSAFE/1/frame_205__2.jpg,UNSAFE,UNSAFE,0.5545175671577454,context_encoding_only,in_the_wild
/Users/ahooker/Documents/Dissertation/virtushield/final-datasets/in-the-wild-final-small/UNSAFE/1/frame_207.jpg,UNSAFE,UNSAFE,0.8574517965316772,context_encoding_only,in_the_wild
/Users/ahooker/Documents/Dissertation/virtushield/final-datasets/in-the-wild-final-small/UNSAFE/1/frame_207__1.jpg,UNSAFE,UNSAFE,0.9219886064529419,context_encoding_only,in_the_wild
/Users/ahooker/Documents/Dissertation/virtushield/final-datasets/in-the-wild-final-small/UNSAFE/1/frame_208.jpg,UNSAFE,UNSAFE,0.8605180382728577,context_encoding_only,in_the_wild
/Users/ahooker/Documents/Dissertation/virtushield/final-datasets/in-the-wild-final-small/UNSAFE/1/frame_208__1.jpg,UNSAFE,UNSAFE,0.7413782477378845,context_encoding_only,in_the_wild
/Users/ahooker/Documents/Dissertation/virtushield/final-datasets/in-the-wild-final-small/UNSAFE/1/frame_208__2.jpg,UNSAFE,SAFE,0.3510381281375885,context_encoding_only,in_the_wild
/Users/ahooker/Documents/Dissertation/virtushield/final-datasets/in-the-wild-final-small/UNSAFE/1/frame_208__3.jpg,UNSAFE,UNSAFE,0.8930754065513611,context_encoding_only,in_the_wild
/Users/ahooker/Documents/Dissertation/virtushield/final-datasets/in-the-wild-final-small/UNSAFE/1/frame_209.jpg,UNSAFE,UNSAFE,0.6769803762435913,context_encoding_only,in_the_wild
/Users/ahooker/Documents/Dissertation/virtushield/final-datasets/in-the-wild-final-small/UNSAFE/1/frame_209__1.jpg,UNSAFE,UNSAFE,0.8820450305938721,context_encoding_only,in_the_wild
/Users/ahooker/Documents/Dissertation/virtushield/final-datasets/in-the-wild-final-small/UNSAFE/1/frame_20__1.jpg,UNSAFE,UNSAFE,0.7370413541793823,context_encoding_only,in_the_wild
/Users/ahooker/Documents/Dissertation/virtushield/final-datasets/in-the-wild-final-small/UNSAFE/1/frame_21.jpg,UNSAFE,SAFE,0.3030429184436798,context_encoding_only,in_the_wild
/Users/ahooker/Documents/Dissertation/virtushield/final-datasets/in-the-wild-final-small/UNSAFE/1/frame_210.jpg,UNSAFE,UNSAFE,0.8989894390106201,context_encoding_only,in_the_wild
/Users/ahooker/Documents/Dissertation/virtushield/final-datasets/in-the-wild-final-small/UNSAFE/1/frame_210__1.jpg,UNSAFE,UNSAFE,0.859620988368988,context_encoding_only,in_the_wild
/Users/ahooker/Documents/Dissertation/virtushield/final-datasets/in-the-wild-final-small/UNSAFE/1/frame_215.jpg,UNSAFE,UNSAFE,0.8388033509254456,context_encoding_only,in_the_wild
/Users/ahooker/Documents/Dissertation/virtushield/final-datasets/in-the-wild-final-small/UNSAFE/1/frame_215__1.jpg,UNSAFE,UNSAFE,0.8214506506919861,context_encoding_only,in_the_wild
/Users/ahooker/Documents/Dissertation/virtushield/final-datasets/in-the-wild-final-small/UNSAFE/1/frame_217.jpg,UNSAFE,UNSAFE,0.6402304768562317,context_encoding_only,in_the_wild
/Users/ahooker/Documents/Dissertation/virtushield/final-datasets/in-the-wild-final-small/UNSAFE/1/frame_219.jpg,UNSAFE,UNSAFE,0.6197477579116821,context_encoding_only,in_the_wild
/Users/ahooker/Documents/Dissertation/virtushield/final-datasets/in-the-wild-final-small/UNSAFE/1/frame_219__1.jpg,UNSAFE,UNSAFE,0.6197477579116821,context_encoding_only,in_the_wild
/Users/ahooker/Documents/Dissertation/virtushield/final-datasets/in-the-wild-final-small/UNSAFE/1/frame_22.jpg,UNSAFE,SAFE,0.41420260071754456,context_encoding_only,in_the_wild
/Users/ahooker/Documents/Dissertation/virtushield/final-datasets/in-the-wild-final-small/UNSAFE/1/frame_222.jpg,UNSAFE,UNSAFE,0.8407105207443237,context_encoding_only,in_the_wild
/Users/ahooker/Documents/Dissertation/virtushield/final-datasets/in-the-wild-final-small/UNSAFE/1/frame_222__1.jpg,UNSAFE,SAFE,0.4662935137748718,context_encoding_only,in_the_wild
/Users/ahooker/Documents/Dissertation/virtushield/final-datasets/in-the-wild-final-small/UNSAFE/1/frame_223.jpg,UNSAFE,UNSAFE,0.8389500379562378,context_encoding_only,in_the_wild
/Users/ahooker/Documents/Dissertation/virtushield/final-datasets/in-the-wild-final-small/UNSAFE/1/frame_227.jpg,UNSAFE,UNSAFE,0.7953611612319946,context_encoding_only,in_the_wild
/Users/ahooker/Documents/Dissertation/virtushield/final-datasets/in-the-wild-final-small/UNSAFE/1/frame_229.jpg,UNSAFE,UNSAFE,0.6589050889015198,context_encoding_only,in_the_wild
/Users/ahooker/Documents/Dissertation/virtushield/final-datasets/in-the-wild-final-small/UNSAFE/1/frame_230.jpg,UNSAFE,UNSAFE,0.8055727481842041,context_encoding_only,in_the_wild
/Users/ahooker/Documents/Dissertation/virtushield/final-datasets/in-the-wild-final-small/UNSAFE/1/frame_231.jpg,UNSAFE,UNSAFE,0.5624834895133972,context_encoding_only,in_the_wild
/Users/ahooker/Documents/Dissertation/virtushield/final-datasets/in-the-wild-final-small/UNSAFE/1/frame_232.jpg,UNSAFE,UNSAFE,0.8168776631355286,context_encoding_only,in_the_wild
/Users/ahooker/Documents/Dissertation/virtushield/final-datasets/in-the-wild-final-small/UNSAFE/1/frame_232__1.jpg,UNSAFE,UNSAFE,0.9000998139381409,context_encoding_only,in_the_wild
/Users/ahooker/Documents/Dissertation/virtushield/final-datasets/in-the-wild-final-small/UNSAFE/1/frame_234.jpg,UNSAFE,UNSAFE,0.7449130415916443,context_encoding_only,in_the_wild
/Users/ahooker/Documents/Dissertation/virtushield/final-datasets/in-the-wild-final-small/UNSAFE/1/frame_235.jpg,UNSAFE,UNSAFE,0.7500900626182556,context_encoding_only,in_the_wild
/Users/ahooker/Documents/Dissertation/virtushield/final-datasets/in-the-wild-final-small/UNSAFE/1/frame_236.jpg,UNSAFE,UNSAFE,0.6982547044754028,context_encoding_only,in_the_wild
/Users/ahooker/Documents/Dissertation/virtushield/final-datasets/in-the-wild-final-small/UNSAFE/1/frame_238.jpg,UNSAFE,UNSAFE,0.5105150938034058,context_encoding_only,in_the_wild
/Users/ahooker/Documents/Dissertation/virtushield/final-datasets/in-the-wild-final-small/UNSAFE/1/frame_238__1.jpg,UNSAFE,UNSAFE,0.8598479628562927,context_encoding_only,in_the_wild
/Users/ahooker/Documents/Dissertation/virtushield/final-datasets/in-the-wild-final-small/UNSAFE/1/frame_239.jpg,UNSAFE,UNSAFE,0.6727160811424255,context_encoding_only,in_the_wild
/Users/ahooker/Documents/Dissertation/virtushield/final-datasets/in-the-wild-final-small/UNSAFE/1/frame_24.jpg,UNSAFE,SAFE,0.43571487069129944,context_encoding_only,in_the_wild
/Users/ahooker/Documents/Dissertation/virtushield/final-datasets/in-the-wild-final-small/UNSAFE/1/frame_240.jpg,UNSAFE,UNSAFE,0.7164713144302368,context_encoding_only,in_the_wild
/Users/ahooker/Documents/Dissertation/virtushield/final-datasets/in-the-wild-final-small/UNSAFE/1/frame_244.jpg,UNSAFE,UNSAFE,0.5087423920631409,context_encoding_only,in_the_wild
/Users/ahooker/Documents/Dissertation/virtushield/final-datasets/in-the-wild-final-small/UNSAFE/1/frame_245.jpg,UNSAFE,UNSAFE,0.9316391348838806,context_encoding_only,in_the_wild
/Users/ahooker/Documents/Dissertation/virtushield/final-datasets/in-the-wild-final-small/UNSAFE/1/frame_246.jpg,UNSAFE,UNSAFE,0.893610417842865,context_encoding_only,in_the_wild
/Users/ahooker/Documents/Dissertation/virtushield/final-datasets/in-the-wild-final-small/UNSAFE/1/frame_248.jpg,UNSAFE,UNSAFE,0.9372395277023315,context_encoding_only,in_the_wild
/Users/ahooker/Documents/Dissertation/virtushield/final-datasets/in-the-wild-final-small/UNSAFE/1/frame_248__1.jpg,UNSAFE,UNSAFE,0.7166417837142944,context_encoding_only,in_the_wild
/Users/ahooker/Documents/Dissertation/virtushield/final-datasets/in-the-wild-final-small/UNSAFE/1/frame_250.jpg,UNSAFE,UNSAFE,0.6011349558830261,context_encoding_only,in_the_wild
/Users/ahooker/Documents/Dissertation/virtushield/final-datasets/in-the-wild-final-small/UNSAFE/1/frame_253.jpg,UNSAFE,UNSAFE,0.8832670450210571,context_encoding_only,in_the_wild
/Users/ahooker/Documents/Dissertation/virtushield/final-datasets/in-the-wild-final-small/UNSAFE/1/frame_254.jpg,UNSAFE,UNSAFE,0.8242520093917847,context_encoding_only,in_the_wild
/Users/ahooker/Documents/Dissertation/virtushield/final-datasets/in-the-wild-final-small/UNSAFE/1/frame_254__1.jpg,UNSAFE,UNSAFE,0.8799360394477844,context_encoding_only,in_the_wild
/Users/ahooker/Documents/Dissertation/virtushield/final-datasets/in-the-wild-final-small/UNSAFE/1/frame_254__2.jpg,UNSAFE,UNSAFE,0.8242520093917847,context_encoding_only,in_the_wild
/Users/ahooker/Documents/Dissertation/virtushield/final-datasets/in-the-wild-final-small/UNSAFE/1/frame_255.jpg,UNSAFE,UNSAFE,0.7589826583862305,context_encoding_only,in_the_wild
/Users/ahooker/Documents/Dissertation/virtushield/final-datasets/in-the-wild-final-small/UNSAFE/1/frame_261.jpg,UNSAFE,UNSAFE,0.8863416910171509,context_encoding_only,in_the_wild
/Users/ahooker/Documents/Dissertation/virtushield/final-datasets/in-the-wild-final-small/UNSAFE/1/frame_262.jpg,UNSAFE,UNSAFE,0.8668342232704163,context_encoding_only,in_the_wild
/Users/ahooker/Documents/Dissertation/virtushield/final-datasets/in-the-wild-final-small/UNSAFE/1/frame_263.jpg,UNSAFE,UNSAFE,0.8206362724304199,context_encoding_only,in_the_wild
/Users/ahooker/Documents/Dissertation/virtushield/final-datasets/in-the-wild-final-small/UNSAFE/1/frame_263__1.jpg,UNSAFE,UNSAFE,0.664802610874176,context_encoding_only,in_the_wild
/Users/ahooker/Documents/Dissertation/virtushield/final-datasets/in-the-wild-final-small/UNSAFE/1/frame_264.jpg,UNSAFE,UNSAFE,0.755471408367157,context_encoding_only,in_the_wild
/Users/ahooker/Documents/Dissertation/virtushield/final-datasets/in-the-wild-final-small/UNSAFE/1/frame_266.jpg,UNSAFE,UNSAFE,0.8465616106987,context_encoding_only,in_the_wild
/Users/ahooker/Documents/Dissertation/virtushield/final-datasets/in-the-wild-final-small/UNSAFE/1/frame_268.jpg,UNSAFE,UNSAFE,0.7969571352005005,context_encoding_only,in_the_wild
/Users/ahooker/Documents/Dissertation/virtushield/final-datasets/in-the-wild-final-small/UNSAFE/1/frame_272.jpg,UNSAFE,UNSAFE,0.8009247779846191,context_encoding_only,in_the_wild
/Users/ahooker/Documents/Dissertation/virtushield/final-datasets/in-the-wild-final-small/UNSAFE/1/frame_273.jpg,UNSAFE,UNSAFE,0.7712268829345703,context_encoding_only,in_the_wild
/Users/ahooker/Documents/Dissertation/virtushield/final-datasets/in-the-wild-final-small/UNSAFE/1/frame_274.jpg,UNSAFE,UNSAFE,0.9130901098251343,context_encoding_only,in_the_wild
/Users/ahooker/Documents/Dissertation/virtushield/final-datasets/in-the-wild-final-small/UNSAFE/1/frame_274__1.jpg,UNSAFE,UNSAFE,0.759227454662323,context_encoding_only,in_the_wild
/Users/ahooker/Documents/Dissertation/virtushield/final-datasets/in-the-wild-final-small/UNSAFE/1/frame_275.jpg,UNSAFE,UNSAFE,0.8715534806251526,context_encoding_only,in_the_wild
/Users/ahooker/Documents/Dissertation/virtushield/final-datasets/in-the-wild-final-small/UNSAFE/1/frame_276.jpg,UNSAFE,UNSAFE,0.7904030084609985,context_encoding_only,in_the_wild
/Users/ahooker/Documents/Dissertation/virtushield/final-datasets/in-the-wild-final-small/UNSAFE/1/frame_276__1.jpg,UNSAFE,UNSAFE,0.8243381977081299,context_encoding_only,in_the_wild
/Users/ahooker/Documents/Dissertation/virtushield/final-datasets/in-the-wild-final-small/UNSAFE/1/frame_276__2.jpg,UNSAFE,UNSAFE,0.8880549669265747,context_encoding_only,in_the_wild
/Users/ahooker/Documents/Dissertation/virtushield/final-datasets/in-the-wild-final-small/UNSAFE/1/frame_278.jpg,UNSAFE,UNSAFE,0.906371533870697,context_encoding_only,in_the_wild
/Users/ahooker/Documents/Dissertation/virtushield/final-datasets/in-the-wild-final-small/UNSAFE/1/frame_279.jpg,UNSAFE,UNSAFE,0.8153260946273804,context_encoding_only,in_the_wild
/Users/ahooker/Documents/Dissertation/virtushield/final-datasets/in-the-wild-final-small/UNSAFE/1/frame_28.jpg,UNSAFE,SAFE,0.3956986963748932,context_encoding_only,in_the_wild
/Users/ahooker/Documents/Dissertation/virtushield/final-datasets/in-the-wild-final-small/UNSAFE/1/frame_281.jpg,UNSAFE,SAFE,0.17967361211776733,context_encoding_only,in_the_wild
/Users/ahooker/Documents/Dissertation/virtushield/final-datasets/in-the-wild-final-small/UNSAFE/1/frame_281__1.jpg,UNSAFE,UNSAFE,0.8183290958404541,context_encoding_only,in_the_wild
/Users/ahooker/Documents/Dissertation/virtushield/final-datasets/in-the-wild-final-small/UNSAFE/1/frame_282.jpg,UNSAFE,UNSAFE,0.7436915040016174,context_encoding_only,in_the_wild
/Users/ahooker/Documents/Dissertation/virtushield/final-datasets/in-the-wild-final-small/UNSAFE/1/frame_286.jpg,UNSAFE,UNSAFE,0.8151066303253174,context_encoding_only,in_the_wild
/Users/ahooker/Documents/Dissertation/virtushield/final-datasets/in-the-wild-final-small/UNSAFE/1/frame_286__1.jpg,UNSAFE,UNSAFE,0.8205068111419678,context_encoding_only,in_the_wild
/Users/ahooker/Documents/Dissertation/virtushield/final-datasets/in-the-wild-final-small/UNSAFE/1/frame_287.jpg,UNSAFE,UNSAFE,0.923532247543335,context_encoding_only,in_the_wild
/Users/ahooker/Documents/Dissertation/virtushield/final-datasets/in-the-wild-final-small/UNSAFE/1/frame_288.jpg,UNSAFE,UNSAFE,0.8677695989608765,context_encoding_only,in_the_wild
/Users/ahooker/Documents/Dissertation/virtushield/final-datasets/in-the-wild-final-small/UNSAFE/1/frame_288__1.jpg,UNSAFE,UNSAFE,0.8343591690063477,context_encoding_only,in_the_wild
/Users/ahooker/Documents/Dissertation/virtushield/final-datasets/in-the-wild-final-small/UNSAFE/1/frame_289.jpg,UNSAFE,UNSAFE,0.8100918531417847,context_encoding_only,in_the_wild
/Users/ahooker/Documents/Dissertation/virtushield/final-datasets/in-the-wild-final-small/UNSAFE/1/frame_289__1.jpg,UNSAFE,UNSAFE,0.7370380163192749,context_encoding_only,in_the_wild
/Users/ahooker/Documents/Dissertation/virtushield/final-datasets/in-the-wild-final-small/UNSAFE/1/frame_28__1.jpg,UNSAFE,UNSAFE,0.9353818297386169,context_encoding_only,in_the_wild
/Users/ahooker/Documents/Dissertation/virtushield/final-datasets/in-the-wild-final-small/UNSAFE/1/frame_290.jpg,UNSAFE,UNSAFE,0.8356297612190247,context_encoding_only,in_the_wild
/Users/ahooker/Documents/Dissertation/virtushield/final-datasets/in-the-wild-final-small/UNSAFE/1/frame_290__1.jpg,UNSAFE,UNSAFE,0.8189235329627991,context_encoding_only,in_the_wild
/Users/ahooker/Documents/Dissertation/virtushield/final-datasets/in-the-wild-final-small/UNSAFE/1/frame_291.jpg,UNSAFE,UNSAFE,0.844496488571167,context_encoding_only,in_the_wild
/Users/ahooker/Documents/Dissertation/virtushield/final-datasets/in-the-wild-final-small/UNSAFE/1/frame_292.jpg,UNSAFE,UNSAFE,0.7411613464355469,context_encoding_only,in_the_wild
/Users/ahooker/Documents/Dissertation/virtushield/final-datasets/in-the-wild-final-small/UNSAFE/1/frame_293.jpg,UNSAFE,UNSAFE,0.8634622097015381,context_encoding_only,in_the_wild
/Users/ahooker/Documents/Dissertation/virtushield/final-datasets/in-the-wild-final-small/UNSAFE/1/frame_294.jpg,UNSAFE,UNSAFE,0.8645747900009155,context_encoding_only,in_the_wild
/Users/ahooker/Documents/Dissertation/virtushield/final-datasets/in-the-wild-final-small/UNSAFE/1/frame_294__1.jpg,UNSAFE,UNSAFE,0.6469552516937256,context_encoding_only,in_the_wild
/Users/ahooker/Documents/Dissertation/virtushield/final-datasets/in-the-wild-final-small/UNSAFE/1/frame_296.jpg,UNSAFE,UNSAFE,0.7818359732627869,context_encoding_only,in_the_wild
/Users/ahooker/Documents/Dissertation/virtushield/final-datasets/in-the-wild-final-small/UNSAFE/1/frame_297.jpg,UNSAFE,UNSAFE,0.8008760213851929,context_encoding_only,in_the_wild
/Users/ahooker/Documents/Dissertation/virtushield/final-datasets/in-the-wild-final-small/UNSAFE/1/frame_298.jpg,UNSAFE,UNSAFE,0.8237788081169128,context_encoding_only,in_the_wild
/Users/ahooker/Documents/Dissertation/virtushield/final-datasets/in-the-wild-final-small/UNSAFE/1/frame_30.jpg,UNSAFE,UNSAFE,0.9361361861228943,context_encoding_only,in_the_wild
/Users/ahooker/Documents/Dissertation/virtushield/final-datasets/in-the-wild-final-small/UNSAFE/1/frame_300.jpg,UNSAFE,UNSAFE,0.6955307722091675,context_encoding_only,in_the_wild
/Users/ahooker/Documents/Dissertation/virtushield/final-datasets/in-the-wild-final-small/UNSAFE/1/frame_301.jpg,UNSAFE,UNSAFE,0.8562230467796326,context_encoding_only,in_the_wild
/Users/ahooker/Documents/Dissertation/virtushield/final-datasets/in-the-wild-final-small/UNSAFE/1/frame_303.jpg,UNSAFE,UNSAFE,0.9001303315162659,context_encoding_only,in_the_wild
/Users/ahooker/Documents/Dissertation/virtushield/final-datasets/in-the-wild-final-small/UNSAFE/1/frame_309.jpg,UNSAFE,UNSAFE,0.8710052371025085,context_encoding_only,in_the_wild
/Users/ahooker/Documents/Dissertation/virtushield/final-datasets/in-the-wild-final-small/UNSAFE/1/frame_310.jpg,UNSAFE,UNSAFE,0.7844535112380981,context_encoding_only,in_the_wild
/Users/ahooker/Documents/Dissertation/virtushield/final-datasets/in-the-wild-final-small/UNSAFE/1/frame_310__1.jpg,UNSAFE,UNSAFE,0.7844535112380981,context_encoding_only,in_the_wild
/Users/ahooker/Documents/Dissertation/virtushield/final-datasets/in-the-wild-final-small/UNSAFE/1/frame_313.jpg,UNSAFE,UNSAFE,0.7091851830482483,context_encoding_only,in_the_wild
/Users/ahooker/Documents/Dissertation/virtushield/final-datasets/in-the-wild-final-small/UNSAFE/1/frame_314.jpg,UNSAFE,UNSAFE,0.5598880052566528,context_encoding_only,in_the_wild
/Users/ahooker/Documents/Dissertation/virtushield/final-datasets/in-the-wild-final-small/UNSAFE/1/frame_315.jpg,UNSAFE,SAFE,0.48708346486091614,context_encoding_only,in_the_wild
/Users/ahooker/Documents/Dissertation/virtushield/final-datasets/in-the-wild-final-small/UNSAFE/1/frame_320.jpg,UNSAFE,UNSAFE,0.8422392010688782,context_encoding_only,in_the_wild
/Users/ahooker/Documents/Dissertation/virtushield/final-datasets/in-the-wild-final-small/UNSAFE/1/frame_323.jpg,UNSAFE,UNSAFE,0.8917930126190186,context_encoding_only,in_the_wild
/Users/ahooker/Documents/Dissertation/virtushield/final-datasets/in-the-wild-final-small/UNSAFE/1/frame_323__1.jpg,UNSAFE,UNSAFE,0.8605409264564514,context_encoding_only,in_the_wild
/Users/ahooker/Documents/Dissertation/virtushield/final-datasets/in-the-wild-final-small/UNSAFE/1/frame_323__2.jpg,UNSAFE,UNSAFE,0.7954086661338806,context_encoding_only,in_the_wild
/Users/ahooker/Documents/Dissertation/virtushield/final-datasets/in-the-wild-final-small/UNSAFE/1/frame_324.jpg,UNSAFE,UNSAFE,0.8526869416236877,context_encoding_only,in_the_wild
/Users/ahooker/Documents/Dissertation/virtushield/final-datasets/in-the-wild-final-small/UNSAFE/1/frame_325.jpg,UNSAFE,UNSAFE,0.7619732618331909,context_encoding_only,in_the_wild
/Users/ahooker/Documents/Dissertation/virtushield/final-datasets/in-the-wild-final-small/UNSAFE/1/frame_326.jpg,UNSAFE,UNSAFE,0.8419345617294312,context_encoding_only,in_the_wild
/Users/ahooker/Documents/Dissertation/virtushield/final-datasets/in-the-wild-final-small/UNSAFE/1/frame_327.jpg,UNSAFE,UNSAFE,0.8453735709190369,context_encoding_only,in_the_wild
/Users/ahooker/Documents/Dissertation/virtushield/final-datasets/in-the-wild-final-small/UNSAFE/1/frame_327__1.jpg,UNSAFE,UNSAFE,0.813481330871582,context_encoding_only,in_the_wild
/Users/ahooker/Documents/Dissertation/virtushield/final-datasets/in-the-wild-final-small/UNSAFE/1/frame_329.jpg,UNSAFE,UNSAFE,0.7726476192474365,context_encoding_only,in_the_wild
/Users/ahooker/Documents/Dissertation/virtushield/final-datasets/in-the-wild-final-small/UNSAFE/1/frame_331.jpg,UNSAFE,UNSAFE,0.8767001628875732,context_encoding_only,in_the_wild
/Users/ahooker/Documents/Dissertation/virtushield/final-datasets/in-the-wild-final-small/UNSAFE/1/frame_332.jpg,UNSAFE,UNSAFE,0.9024874567985535,context_encoding_only,in_the_wild
/Users/ahooker/Documents/Dissertation/virtushield/final-datasets/in-the-wild-final-small/UNSAFE/1/frame_333.jpg,UNSAFE,UNSAFE,0.8377397656440735,context_encoding_only,in_the_wild
/Users/ahooker/Documents/Dissertation/virtushield/final-datasets/in-the-wild-final-small/UNSAFE/1/frame_335.jpg,UNSAFE,UNSAFE,0.8445139527320862,context_encoding_only,in_the_wild
/Users/ahooker/Documents/Dissertation/virtushield/final-datasets/in-the-wild-final-small/UNSAFE/1/frame_335__1.jpg,UNSAFE,UNSAFE,0.8445139527320862,context_encoding_only,in_the_wild
/Users/ahooker/Documents/Dissertation/virtushield/final-datasets/in-the-wild-final-small/UNSAFE/1/frame_338.jpg,UNSAFE,UNSAFE,0.8121591806411743,context_encoding_only,in_the_wild
/Users/ahooker/Documents/Dissertation/virtushield/final-datasets/in-the-wild-final-small/UNSAFE/1/frame_339.jpg,UNSAFE,UNSAFE,0.8664078116416931,context_encoding_only,in_the_wild
/Users/ahooker/Documents/Dissertation/virtushield/final-datasets/in-the-wild-final-small/UNSAFE/1/frame_34.jpg,UNSAFE,SAFE,0.4089321494102478,context_encoding_only,in_the_wild
/Users/ahooker/Documents/Dissertation/virtushield/final-datasets/in-the-wild-final-small/UNSAFE/1/frame_341.jpg,UNSAFE,UNSAFE,0.5564842820167542,context_encoding_only,in_the_wild
/Users/ahooker/Documents/Dissertation/virtushield/final-datasets/in-the-wild-final-small/UNSAFE/1/frame_345.jpg,UNSAFE,UNSAFE,0.9105969667434692,context_encoding_only,in_the_wild
/Users/ahooker/Documents/Dissertation/virtushield/final-datasets/in-the-wild-final-small/UNSAFE/1/frame_345__1.jpg,UNSAFE,UNSAFE,0.882527768611908,context_encoding_only,in_the_wild
/Users/ahooker/Documents/Dissertation/virtushield/final-datasets/in-the-wild-final-small/UNSAFE/1/frame_346.jpg,UNSAFE,UNSAFE,0.8398635983467102,context_encoding_only,in_the_wild
/Users/ahooker/Documents/Dissertation/virtushield/final-datasets/in-the-wild-final-small/UNSAFE/1/frame_346__1.jpg,UNSAFE,UNSAFE,0.8661018013954163,context_encoding_only,in_the_wild
/Users/ahooker/Documents/Dissertation/virtushield/final-datasets/in-the-wild-final-small/UNSAFE/1/frame_348.jpg,UNSAFE,UNSAFE,0.7591891288757324,context_encoding_only,in_the_wild
/Users/ahooker/Documents/Dissertation/virtushield/final-datasets/in-the-wild-final-small/UNSAFE/1/frame_349.jpg,UNSAFE,UNSAFE,0.7561694383621216,context_encoding_only,in_the_wild
/Users/ahooker/Documents/Dissertation/virtushield/final-datasets/in-the-wild-final-small/UNSAFE/1/frame_349__1.jpg,UNSAFE,UNSAFE,0.8720222115516663,context_encoding_only,in_the_wild
/Users/ahooker/Documents/Dissertation/virtushield/final-datasets/in-the-wild-final-small/UNSAFE/1/frame_34__1.jpg,UNSAFE,SAFE,0.4318401515483856,context_encoding_only,in_the_wild
/Users/ahooker/Documents/Dissertation/virtushield/final-datasets/in-the-wild-final-small/UNSAFE/1/frame_35.jpg,UNSAFE,UNSAFE,0.6247122287750244,context_encoding_only,in_the_wild
/Users/ahooker/Documents/Dissertation/virtushield/final-datasets/in-the-wild-final-small/UNSAFE/1/frame_350.jpg,UNSAFE,UNSAFE,0.8419754505157471,context_encoding_only,in_the_wild
/Users/ahooker/Documents/Dissertation/virtushield/final-datasets/in-the-wild-final-small/UNSAFE/1/frame_351.jpg,UNSAFE,UNSAFE,0.847926914691925,context_encoding_only,in_the_wild
/Users/ahooker/Documents/Dissertation/virtushield/final-datasets/in-the-wild-final-small/UNSAFE/1/frame_352.jpg,UNSAFE,UNSAFE,0.5636744499206543,context_encoding_only,in_the_wild
/Users/ahooker/Documents/Dissertation/virtushield/final-datasets/in-the-wild-final-small/UNSAFE/1/frame_353.jpg,UNSAFE,UNSAFE,0.7115412950515747,context_encoding_only,in_the_wild
/Users/ahooker/Documents/Dissertation/virtushield/final-datasets/in-the-wild-final-small/UNSAFE/1/frame_356.jpg,UNSAFE,UNSAFE,0.7208735942840576,context_encoding_only,in_the_wild
/Users/ahooker/Documents/Dissertation/virtushield/final-datasets/in-the-wild-final-small/UNSAFE/1/frame_357.jpg,UNSAFE,UNSAFE,0.8116544485092163,context_encoding_only,in_the_wild
/Users/ahooker/Documents/Dissertation/virtushield/final-datasets/in-the-wild-final-small/UNSAFE/1/frame_357__1.jpg,UNSAFE,UNSAFE,0.5564767718315125,context_encoding_only,in_the_wild
/Users/ahooker/Documents/Dissertation/virtushield/final-datasets/in-the-wild-final-small/UNSAFE/1/frame_358.jpg,UNSAFE,UNSAFE,0.7762895226478577,context_encoding_only,in_the_wild
/Users/ahooker/Documents/Dissertation/virtushield/final-datasets/in-the-wild-final-small/UNSAFE/1/frame_358__1.jpg,UNSAFE,UNSAFE,0.7762895226478577,context_encoding_only,in_the_wild
/Users/ahooker/Documents/Dissertation/virtushield/final-datasets/in-the-wild-final-small/UNSAFE/1/frame_35__1.jpg,UNSAFE,SAFE,0.41442155838012695,context_encoding_only,in_the_wild
/Users/ahooker/Documents/Dissertation/virtushield/final-datasets/in-the-wild-final-small/UNSAFE/1/frame_36.jpg,UNSAFE,SAFE,0.4432756006717682,context_encoding_only,in_the_wild
/Users/ahooker/Documents/Dissertation/virtushield/final-datasets/in-the-wild-final-small/UNSAFE/1/frame_360.jpg,UNSAFE,UNSAFE,0.7196276783943176,context_encoding_only,in_the_wild
/Users/ahooker/Documents/Dissertation/virtushield/final-datasets/in-the-wild-final-small/UNSAFE/1/frame_360__1.jpg,UNSAFE,UNSAFE,0.830190122127533,context_encoding_only,in_the_wild
/Users/ahooker/Documents/Dissertation/virtushield/final-datasets/in-the-wild-final-small/UNSAFE/1/frame_361.jpg,UNSAFE,SAFE,0.355891615152359,context_encoding_only,in_the_wild
/Users/ahooker/Documents/Dissertation/virtushield/final-datasets/in-the-wild-final-small/UNSAFE/1/frame_363.jpg,UNSAFE,SAFE,0.3735499382019043,context_encoding_only,in_the_wild
/Users/ahooker/Documents/Dissertation/virtushield/final-datasets/in-the-wild-final-small/UNSAFE/1/frame_365.jpg,UNSAFE,UNSAFE,0.9026356935501099,context_encoding_only,in_the_wild
/Users/ahooker/Documents/Dissertation/virtushield/final-datasets/in-the-wild-final-small/UNSAFE/1/frame_365__1.jpg,UNSAFE,UNSAFE,0.5526731610298157,context_encoding_only,in_the_wild
/Users/ahooker/Documents/Dissertation/virtushield/final-datasets/in-the-wild-final-small/UNSAFE/1/frame_367.jpg,UNSAFE,UNSAFE,0.6936042904853821,context_encoding_only,in_the_wild
/Users/ahooker/Documents/Dissertation/virtushield/final-datasets/in-the-wild-final-small/UNSAFE/1/frame_368.jpg,UNSAFE,SAFE,0.1885637491941452,context_encoding_only,in_the_wild
/Users/ahooker/Documents/Dissertation/virtushield/final-datasets/in-the-wild-final-small/UNSAFE/1/frame_371.jpg,UNSAFE,UNSAFE,0.8813391327857971,context_encoding_only,in_the_wild
/Users/ahooker/Documents/Dissertation/virtushield/final-datasets/in-the-wild-final-small/UNSAFE/1/frame_371__1.jpg,UNSAFE,SAFE,0.4910111427307129,context_encoding_only,in_the_wild
/Users/ahooker/Documents/Dissertation/virtushield/final-datasets/in-the-wild-final-small/UNSAFE/1/frame_371__2.jpg,UNSAFE,UNSAFE,0.8639090657234192,context_encoding_only,in_the_wild
/Users/ahooker/Documents/Dissertation/virtushield/final-datasets/in-the-wild-final-small/UNSAFE/1/frame_372.jpg,UNSAFE,UNSAFE,0.5673860907554626,context_encoding_only,in_the_wild
/Users/ahooker/Documents/Dissertation/virtushield/final-datasets/in-the-wild-final-small/UNSAFE/1/frame_373.jpg,UNSAFE,UNSAFE,0.7304431200027466,context_encoding_only,in_the_wild
/Users/ahooker/Documents/Dissertation/virtushield/final-datasets/in-the-wild-final-small/UNSAFE/1/frame_373__1.jpg,UNSAFE,UNSAFE,0.8456464409828186,context_encoding_only,in_the_wild
/Users/ahooker/Documents/Dissertation/virtushield/final-datasets/in-the-wild-final-small/UNSAFE/1/frame_381.jpg,UNSAFE,UNSAFE,0.8206806182861328,context_encoding_only,in_the_wild
/Users/ahooker/Documents/Dissertation/virtushield/final-datasets/in-the-wild-final-small/UNSAFE/1/frame_384.jpg,UNSAFE,UNSAFE,0.9264694452285767,context_encoding_only,in_the_wild
/Users/ahooker/Documents/Dissertation/virtushield/final-datasets/in-the-wild-final-small/UNSAFE/1/frame_385.jpg,UNSAFE,UNSAFE,0.9029243588447571,context_encoding_only,in_the_wild
/Users/ahooker/Documents/Dissertation/virtushield/final-datasets/in-the-wild-final-small/UNSAFE/1/frame_387.jpg,UNSAFE,UNSAFE,0.8522564172744751,context_encoding_only,in_the_wild
/Users/ahooker/Documents/Dissertation/virtushield/final-datasets/in-the-wild-final-small/UNSAFE/1/frame_39.jpg,UNSAFE,UNSAFE,0.7769681215286255,context_encoding_only,in_the_wild
/Users/ahooker/Documents/Dissertation/virtushield/final-datasets/in-the-wild-final-small/UNSAFE/1/frame_390.jpg,UNSAFE,UNSAFE,0.801268458366394,context_encoding_only,in_the_wild
/Users/ahooker/Documents/Dissertation/virtushield/final-datasets/in-the-wild-final-small/UNSAFE/1/frame_392.jpg,UNSAFE,UNSAFE,0.8468911051750183,context_encoding_only,in_the_wild
/Users/ahooker/Documents/Dissertation/virtushield/final-datasets/in-the-wild-final-small/UNSAFE/1/frame_393.jpg,UNSAFE,UNSAFE,0.5607460141181946,context_encoding_only,in_the_wild
/Users/ahooker/Documents/Dissertation/virtushield/final-datasets/in-the-wild-final-small/UNSAFE/1/frame_393__1.jpg,UNSAFE,UNSAFE,0.8936988711357117,context_encoding_only,in_the_wild
/Users/ahooker/Documents/Dissertation/virtushield/final-datasets/in-the-wild-final-small/UNSAFE/1/frame_395.jpg,UNSAFE,UNSAFE,0.5589712858200073,context_encoding_only,in_the_wild
/Users/ahooker/Documents/Dissertation/virtushield/final-datasets/in-the-wild-final-small/UNSAFE/1/frame_396.jpg,UNSAFE,UNSAFE,0.5852057933807373,context_encoding_only,in_the_wild
/Users/ahooker/Documents/Dissertation/virtushield/final-datasets/in-the-wild-final-small/UNSAFE/1/frame_397.jpg,UNSAFE,UNSAFE,0.9091035723686218,context_encoding_only,in_the_wild
/Users/ahooker/Documents/Dissertation/virtushield/final-datasets/in-the-wild-final-small/UNSAFE/1/frame_401.jpg,UNSAFE,UNSAFE,0.570005476474762,context_encoding_only,in_the_wild
/Users/ahooker/Documents/Dissertation/virtushield/final-datasets/in-the-wild-final-small/UNSAFE/1/frame_402.jpg,UNSAFE,UNSAFE,0.8791759610176086,context_encoding_only,in_the_wild
/Users/ahooker/Documents/Dissertation/virtushield/final-datasets/in-the-wild-final-small/UNSAFE/1/frame_403.jpg,UNSAFE,UNSAFE,0.7798743844032288,context_encoding_only,in_the_wild
/Users/ahooker/Documents/Dissertation/virtushield/final-datasets/in-the-wild-final-small/UNSAFE/1/frame_404.jpg,UNSAFE,UNSAFE,0.5779718160629272,context_encoding_only,in_the_wild
/Users/ahooker/Documents/Dissertation/virtushield/final-datasets/in-the-wild-final-small/UNSAFE/1/frame_406.jpg,UNSAFE,UNSAFE,0.8896865248680115,context_encoding_only,in_the_wild
/Users/ahooker/Documents/Dissertation/virtushield/final-datasets/in-the-wild-final-small/UNSAFE/1/frame_410.jpg,UNSAFE,UNSAFE,0.864551842212677,context_encoding_only,in_the_wild
/Users/ahooker/Documents/Dissertation/virtushield/final-datasets/in-the-wild-final-small/UNSAFE/1/frame_410__1.jpg,UNSAFE,UNSAFE,0.9194000363349915,context_encoding_only,in_the_wild
/Users/ahooker/Documents/Dissertation/virtushield/final-datasets/in-the-wild-final-small/UNSAFE/1/frame_418.jpg,UNSAFE,UNSAFE,0.9397483468055725,context_encoding_only,in_the_wild
/Users/ahooker/Documents/Dissertation/virtushield/final-datasets/in-the-wild-final-small/UNSAFE/1/frame_419.jpg,UNSAFE,UNSAFE,0.8932028412818909,context_encoding_only,in_the_wild
/Users/ahooker/Documents/Dissertation/virtushield/final-datasets/in-the-wild-final-small/UNSAFE/1/frame_42.jpg,UNSAFE,SAFE,0.4350317120552063,context_encoding_only,in_the_wild
/Users/ahooker/Documents/Dissertation/virtushield/final-datasets/in-the-wild-final-small/UNSAFE/1/frame_421.jpg,UNSAFE,UNSAFE,0.8490582704544067,context_encoding_only,in_the_wild
/Users/ahooker/Documents/Dissertation/virtushield/final-datasets/in-the-wild-final-small/UNSAFE/1/frame_425.jpg,UNSAFE,UNSAFE,0.8712837100028992,context_encoding_only,in_the_wild
/Users/ahooker/Documents/Dissertation/virtushield/final-datasets/in-the-wild-final-small/UNSAFE/1/frame_42__1.jpg,UNSAFE,UNSAFE,0.9296060800552368,context_encoding_only,in_the_wild
/Users/ahooker/Documents/Dissertation/virtushield/final-datasets/in-the-wild-final-small/UNSAFE/1/frame_430.jpg,UNSAFE,UNSAFE,0.8822376132011414,context_encoding_only,in_the_wild
/Users/ahooker/Documents/Dissertation/virtushield/final-datasets/in-the-wild-final-small/UNSAFE/1/frame_435.jpg,UNSAFE,UNSAFE,0.8581861853599548,context_encoding_only,in_the_wild
/Users/ahooker/Documents/Dissertation/virtushield/final-datasets/in-the-wild-final-small/UNSAFE/1/frame_436.jpg,UNSAFE,UNSAFE,0.7995554804801941,context_encoding_only,in_the_wild
/Users/ahooker/Documents/Dissertation/virtushield/final-datasets/in-the-wild-final-small/UNSAFE/1/frame_436__1.jpg,UNSAFE,UNSAFE,0.6554157137870789,context_encoding_only,in_the_wild
/Users/ahooker/Documents/Dissertation/virtushield/final-datasets/in-the-wild-final-small/UNSAFE/1/frame_44.jpg,UNSAFE,UNSAFE,0.9185910820960999,context_encoding_only,in_the_wild
/Users/ahooker/Documents/Dissertation/virtushield/final-datasets/in-the-wild-final-small/UNSAFE/1/frame_441.jpg,UNSAFE,UNSAFE,0.8692489862442017,context_encoding_only,in_the_wild
/Users/ahooker/Documents/Dissertation/virtushield/final-datasets/in-the-wild-final-small/UNSAFE/1/frame_444.jpg,UNSAFE,UNSAFE,0.9037789702415466,context_encoding_only,in_the_wild
/Users/ahooker/Documents/Dissertation/virtushield/final-datasets/in-the-wild-final-small/UNSAFE/1/frame_445.jpg,UNSAFE,UNSAFE,0.5490191578865051,context_encoding_only,in_the_wild
/Users/ahooker/Documents/Dissertation/virtushield/final-datasets/in-the-wild-final-small/UNSAFE/1/frame_445__1.jpg,UNSAFE,UNSAFE,0.9393962025642395,context_encoding_only,in_the_wild
/Users/ahooker/Documents/Dissertation/virtushield/final-datasets/in-the-wild-final-small/UNSAFE/1/frame_446.jpg,UNSAFE,UNSAFE,0.5198045969009399,context_encoding_only,in_the_wild
/Users/ahooker/Documents/Dissertation/virtushield/final-datasets/in-the-wild-final-small/UNSAFE/1/frame_446__1.jpg,UNSAFE,UNSAFE,0.7686324715614319,context_encoding_only,in_the_wild
/Users/ahooker/Documents/Dissertation/virtushield/final-datasets/in-the-wild-final-small/UNSAFE/1/frame_447.jpg,UNSAFE,UNSAFE,0.7249037623405457,context_encoding_only,in_the_wild
/Users/ahooker/Documents/Dissertation/virtushield/final-datasets/in-the-wild-final-small/UNSAFE/1/frame_447__1.jpg,UNSAFE,UNSAFE,0.643499493598938,context_encoding_only,in_the_wild
/Users/ahooker/Documents/Dissertation/virtushield/final-datasets/in-the-wild-final-small/UNSAFE/1/frame_448.jpg,UNSAFE,UNSAFE,0.7857087254524231,context_encoding_only,in_the_wild
/Users/ahooker/Documents/Dissertation/virtushield/final-datasets/in-the-wild-final-small/UNSAFE/1/frame_449.jpg,UNSAFE,UNSAFE,0.7579508423805237,context_encoding_only,in_the_wild
/Users/ahooker/Documents/Dissertation/virtushield/final-datasets/in-the-wild-final-small/UNSAFE/1/frame_45.jpg,UNSAFE,UNSAFE,0.9298299551010132,context_encoding_only,in_the_wild
/Users/ahooker/Documents/Dissertation/virtushield/final-datasets/in-the-wild-final-small/UNSAFE/1/frame_452.jpg,UNSAFE,UNSAFE,0.7500385642051697,context_encoding_only,in_the_wild
/Users/ahooker/Documents/Dissertation/virtushield/final-datasets/in-the-wild-final-small/UNSAFE/1/frame_454.jpg,UNSAFE,UNSAFE,0.7792536020278931,context_encoding_only,in_the_wild
/Users/ahooker/Documents/Dissertation/virtushield/final-datasets/in-the-wild-final-small/UNSAFE/1/frame_457.jpg,UNSAFE,UNSAFE,0.8051137924194336,context_encoding_only,in_the_wild
/Users/ahooker/Documents/Dissertation/virtushield/final-datasets/in-the-wild-final-small/UNSAFE/1/frame_461.jpg,UNSAFE,UNSAFE,0.8788599371910095,context_encoding_only,in_the_wild
/Users/ahooker/Documents/Dissertation/virtushield/final-datasets/in-the-wild-final-small/UNSAFE/1/frame_464.jpg,UNSAFE,UNSAFE,0.7858271598815918,context_encoding_only,in_the_wild
/Users/ahooker/Documents/Dissertation/virtushield/final-datasets/in-the-wild-final-small/UNSAFE/1/frame_464__1.jpg,UNSAFE,UNSAFE,0.8785012364387512,context_encoding_only,in_the_wild
/Users/ahooker/Documents/Dissertation/virtushield/final-datasets/in-the-wild-final-small/UNSAFE/1/frame_466.jpg,UNSAFE,UNSAFE,0.9190837740898132,context_encoding_only,in_the_wild
/Users/ahooker/Documents/Dissertation/virtushield/final-datasets/in-the-wild-final-small/UNSAFE/1/frame_468.jpg,UNSAFE,UNSAFE,0.9162119030952454,context_encoding_only,in_the_wild
/Users/ahooker/Documents/Dissertation/virtushield/final-datasets/in-the-wild-final-small/UNSAFE/1/frame_469.jpg,UNSAFE,UNSAFE,0.638392448425293,context_encoding_only,in_the_wild
/Users/ahooker/Documents/Dissertation/virtushield/final-datasets/in-the-wild-final-small/UNSAFE/1/frame_47.jpg,UNSAFE,UNSAFE,0.8445613384246826,context_encoding_only,in_the_wild
/Users/ahooker/Documents/Dissertation/virtushield/final-datasets/in-the-wild-final-small/UNSAFE/1/frame_471.jpg,UNSAFE,UNSAFE,0.9360999464988708,context_encoding_only,in_the_wild
/Users/ahooker/Documents/Dissertation/virtushield/final-datasets/in-the-wild-final-small/UNSAFE/1/frame_477.jpg,UNSAFE,UNSAFE,0.6374223232269287,context_encoding_only,in_the_wild
/Users/ahooker/Documents/Dissertation/virtushield/final-datasets/in-the-wild-final-small/UNSAFE/1/frame_479.jpg,UNSAFE,SAFE,0.45271220803260803,context_encoding_only,in_the_wild
/Users/ahooker/Documents/Dissertation/virtushield/final-datasets/in-the-wild-final-small/UNSAFE/1/frame_482.jpg,UNSAFE,SAFE,0.4673507511615753,context_encoding_only,in_the_wild
/Users/ahooker/Documents/Dissertation/virtushield/final-datasets/in-the-wild-final-small/UNSAFE/1/frame_483.jpg,UNSAFE,UNSAFE,0.6694672107696533,context_encoding_only,in_the_wild
/Users/ahooker/Documents/Dissertation/virtushield/final-datasets/in-the-wild-final-small/UNSAFE/1/frame_486.jpg,UNSAFE,UNSAFE,0.8012602925300598,context_encoding_only,in_the_wild
/Users/ahooker/Documents/Dissertation/virtushield/final-datasets/in-the-wild-final-small/UNSAFE/1/frame_488.jpg,UNSAFE,UNSAFE,0.810425877571106,context_encoding_only,in_the_wild
/Users/ahooker/Documents/Dissertation/virtushield/final-datasets/in-the-wild-final-small/UNSAFE/1/frame_49.jpg,UNSAFE,UNSAFE,0.5936764478683472,context_encoding_only,in_the_wild
/Users/ahooker/Documents/Dissertation/virtushield/final-datasets/in-the-wild-final-small/UNSAFE/1/frame_490.jpg,UNSAFE,SAFE,0.48969510197639465,context_encoding_only,in_the_wild
/Users/ahooker/Documents/Dissertation/virtushield/final-datasets/in-the-wild-final-small/UNSAFE/1/frame_496.jpg,UNSAFE,UNSAFE,0.5923709869384766,context_encoding_only,in_the_wild
/Users/ahooker/Documents/Dissertation/virtushield/final-datasets/in-the-wild-final-small/UNSAFE/1/frame_497.jpg,UNSAFE,UNSAFE,0.6514657735824585,context_encoding_only,in_the_wild
/Users/ahooker/Documents/Dissertation/virtushield/final-datasets/in-the-wild-final-small/UNSAFE/1/frame_499.jpg,UNSAFE,SAFE,0.28032732009887695,context_encoding_only,in_the_wild
/Users/ahooker/Documents/Dissertation/virtushield/final-datasets/in-the-wild-final-small/UNSAFE/1/frame_50.jpg,UNSAFE,SAFE,0.47683846950531006,context_encoding_only,in_the_wild
/Users/ahooker/Documents/Dissertation/virtushield/final-datasets/in-the-wild-final-small/UNSAFE/1/frame_501.jpg,UNSAFE,UNSAFE,0.8007784485816956,context_encoding_only,in_the_wild
/Users/ahooker/Documents/Dissertation/virtushield/final-datasets/in-the-wild-final-small/UNSAFE/1/frame_503.jpg,UNSAFE,SAFE,0.3332310914993286,context_encoding_only,in_the_wild
/Users/ahooker/Documents/Dissertation/virtushield/final-datasets/in-the-wild-final-small/UNSAFE/1/frame_504.jpg,UNSAFE,SAFE,0.46076464653015137,context_encoding_only,in_the_wild
/Users/ahooker/Documents/Dissertation/virtushield/final-datasets/in-the-wild-final-small/UNSAFE/1/frame_506.jpg,UNSAFE,UNSAFE,0.6854056119918823,context_encoding_only,in_the_wild
/Users/ahooker/Documents/Dissertation/virtushield/final-datasets/in-the-wild-final-small/UNSAFE/1/frame_507.jpg,UNSAFE,UNSAFE,0.598064661026001,context_encoding_only,in_the_wild
/Users/ahooker/Documents/Dissertation/virtushield/final-datasets/in-the-wild-final-small/UNSAFE/1/frame_509.jpg,UNSAFE,UNSAFE,0.5806242227554321,context_encoding_only,in_the_wild
/Users/ahooker/Documents/Dissertation/virtushield/final-datasets/in-the-wild-final-small/UNSAFE/1/frame_514.jpg,UNSAFE,UNSAFE,0.8474558591842651,context_encoding_only,in_the_wild
/Users/ahooker/Documents/Dissertation/virtushield/final-datasets/in-the-wild-final-small/UNSAFE/1/frame_516.jpg,UNSAFE,UNSAFE,0.6930690407752991,context_encoding_only,in_the_wild
/Users/ahooker/Documents/Dissertation/virtushield/final-datasets/in-the-wild-final-small/UNSAFE/1/frame_518.jpg,UNSAFE,SAFE,0.4314662516117096,context_encoding_only,in_the_wild
/Users/ahooker/Documents/Dissertation/virtushield/final-datasets/in-the-wild-final-small/UNSAFE/1/frame_519.jpg,UNSAFE,SAFE,0.30168983340263367,context_encoding_only,in_the_wild
/Users/ahooker/Documents/Dissertation/virtushield/final-datasets/in-the-wild-final-small/UNSAFE/1/frame_519__1.jpg,UNSAFE,SAFE,0.4401792287826538,context_encoding_only,in_the_wild
/Users/ahooker/Documents/Dissertation/virtushield/final-datasets/in-the-wild-final-small/UNSAFE/1/frame_524.jpg,UNSAFE,SAFE,0.31417256593704224,context_encoding_only,in_the_wild
/Users/ahooker/Documents/Dissertation/virtushield/final-datasets/in-the-wild-final-small/UNSAFE/1/frame_53.jpg,UNSAFE,UNSAFE,0.6794055700302124,context_encoding_only,in_the_wild
/Users/ahooker/Documents/Dissertation/virtushield/final-datasets/in-the-wild-final-small/UNSAFE/1/frame_535.jpg,UNSAFE,UNSAFE,0.5990664958953857,context_encoding_only,in_the_wild
/Users/ahooker/Documents/Dissertation/virtushield/final-datasets/in-the-wild-final-small/UNSAFE/1/frame_536.jpg,UNSAFE,UNSAFE,0.7668144702911377,context_encoding_only,in_the_wild
/Users/ahooker/Documents/Dissertation/virtushield/final-datasets/in-the-wild-final-small/UNSAFE/1/frame_538.jpg,UNSAFE,UNSAFE,0.9192617535591125,context_encoding_only,in_the_wild
/Users/ahooker/Documents/Dissertation/virtushield/final-datasets/in-the-wild-final-small/UNSAFE/1/frame_539.jpg,UNSAFE,UNSAFE,0.7302237153053284,context_encoding_only,in_the_wild
/Users/ahooker/Documents/Dissertation/virtushield/final-datasets/in-the-wild-final-small/UNSAFE/1/frame_54.jpg,UNSAFE,UNSAFE,0.7899149656295776,context_encoding_only,in_the_wild
/Users/ahooker/Documents/Dissertation/virtushield/final-datasets/in-the-wild-final-small/UNSAFE/1/frame_540.jpg,UNSAFE,SAFE,0.4710763692855835,context_encoding_only,in_the_wild
/Users/ahooker/Documents/Dissertation/virtushield/final-datasets/in-the-wild-final-small/UNSAFE/1/frame_545.jpg,UNSAFE,SAFE,0.4826700985431671,context_encoding_only,in_the_wild
/Users/ahooker/Documents/Dissertation/virtushield/final-datasets/in-the-wild-final-small/UNSAFE/1/frame_545__1.jpg,UNSAFE,UNSAFE,0.8729950785636902,context_encoding_only,in_the_wild
/Users/ahooker/Documents/Dissertation/virtushield/final-datasets/in-the-wild-final-small/UNSAFE/1/frame_548.jpg,UNSAFE,UNSAFE,0.7896125912666321,context_encoding_only,in_the_wild
/Users/ahooker/Documents/Dissertation/virtushield/final-datasets/in-the-wild-final-small/UNSAFE/1/frame_552.jpg,UNSAFE,UNSAFE,0.5270859599113464,context_encoding_only,in_the_wild
/Users/ahooker/Documents/Dissertation/virtushield/final-datasets/in-the-wild-final-small/UNSAFE/1/frame_557.jpg,UNSAFE,UNSAFE,0.6536625027656555,context_encoding_only,in_the_wild
/Users/ahooker/Documents/Dissertation/virtushield/final-datasets/in-the-wild-final-small/UNSAFE/1/frame_56.jpg,UNSAFE,SAFE,0.4074918329715729,context_encoding_only,in_the_wild
/Users/ahooker/Documents/Dissertation/virtushield/final-datasets/in-the-wild-final-small/UNSAFE/1/frame_563.jpg,UNSAFE,SAFE,0.4453735649585724,context_encoding_only,in_the_wild
/Users/ahooker/Documents/Dissertation/virtushield/final-datasets/in-the-wild-final-small/UNSAFE/1/frame_566.jpg,UNSAFE,UNSAFE,0.7008867859840393,context_encoding_only,in_the_wild
/Users/ahooker/Documents/Dissertation/virtushield/final-datasets/in-the-wild-final-small/UNSAFE/1/frame_57.jpg,UNSAFE,UNSAFE,0.7832533121109009,context_encoding_only,in_the_wild
/Users/ahooker/Documents/Dissertation/virtushield/final-datasets/in-the-wild-final-small/UNSAFE/1/frame_573.jpg,UNSAFE,SAFE,0.48230910301208496,context_encoding_only,in_the_wild
/Users/ahooker/Documents/Dissertation/virtushield/final-datasets/in-the-wild-final-small/UNSAFE/1/frame_577.jpg,UNSAFE,SAFE,0.3591459393501282,context_encoding_only,in_the_wild
/Users/ahooker/Documents/Dissertation/virtushield/final-datasets/in-the-wild-final-small/UNSAFE/1/frame_57__1.jpg,UNSAFE,UNSAFE,0.5044759511947632,context_encoding_only,in_the_wild
/Users/ahooker/Documents/Dissertation/virtushield/final-datasets/in-the-wild-final-small/UNSAFE/1/frame_586.jpg,UNSAFE,UNSAFE,0.6605261564254761,context_encoding_only,in_the_wild
/Users/ahooker/Documents/Dissertation/virtushield/final-datasets/in-the-wild-final-small/UNSAFE/1/frame_59.jpg,UNSAFE,UNSAFE,0.7647450566291809,context_encoding_only,in_the_wild
/Users/ahooker/Documents/Dissertation/virtushield/final-datasets/in-the-wild-final-small/UNSAFE/1/frame_592.jpg,UNSAFE,UNSAFE,0.6162905693054199,context_encoding_only,in_the_wild
/Users/ahooker/Documents/Dissertation/virtushield/final-datasets/in-the-wild-final-small/UNSAFE/1/frame_59__1.jpg,UNSAFE,SAFE,0.4792742431163788,context_encoding_only,in_the_wild
/Users/ahooker/Documents/Dissertation/virtushield/final-datasets/in-the-wild-final-small/UNSAFE/1/frame_60.jpg,UNSAFE,UNSAFE,0.7948704957962036,context_encoding_only,in_the_wild
/Users/ahooker/Documents/Dissertation/virtushield/final-datasets/in-the-wild-final-small/UNSAFE/1/frame_602.jpg,UNSAFE,SAFE,0.3314586281776428,context_encoding_only,in_the_wild
/Users/ahooker/Documents/Dissertation/virtushield/final-datasets/in-the-wild-final-small/UNSAFE/1/frame_609.jpg,UNSAFE,UNSAFE,0.6143786311149597,context_encoding_only,in_the_wild
/Users/ahooker/Documents/Dissertation/virtushield/final-datasets/in-the-wild-final-small/UNSAFE/1/frame_61.jpg,UNSAFE,UNSAFE,0.7299602031707764,context_encoding_only,in_the_wild
/Users/ahooker/Documents/Dissertation/virtushield/final-datasets/in-the-wild-final-small/UNSAFE/1/frame_619.jpg,UNSAFE,UNSAFE,0.6422764658927917,context_encoding_only,in_the_wild
/Users/ahooker/Documents/Dissertation/virtushield/final-datasets/in-the-wild-final-small/UNSAFE/1/frame_624.jpg,UNSAFE,UNSAFE,0.6263924837112427,context_encoding_only,in_the_wild
/Users/ahooker/Documents/Dissertation/virtushield/final-datasets/in-the-wild-final-small/UNSAFE/1/frame_626.jpg,UNSAFE,UNSAFE,0.7169514894485474,context_encoding_only,in_the_wild
/Users/ahooker/Documents/Dissertation/virtushield/final-datasets/in-the-wild-final-small/UNSAFE/1/frame_628.jpg,UNSAFE,UNSAFE,0.630894124507904,context_encoding_only,in_the_wild
/Users/ahooker/Documents/Dissertation/virtushield/final-datasets/in-the-wild-final-small/UNSAFE/1/frame_632.jpg,UNSAFE,UNSAFE,0.7568478584289551,context_encoding_only,in_the_wild
/Users/ahooker/Documents/Dissertation/virtushield/final-datasets/in-the-wild-final-small/UNSAFE/1/frame_632__1.jpg,UNSAFE,UNSAFE,0.9281949996948242,context_encoding_only,in_the_wild
/Users/ahooker/Documents/Dissertation/virtushield/final-datasets/in-the-wild-final-small/UNSAFE/1/frame_636.jpg,UNSAFE,UNSAFE,0.9314181208610535,context_encoding_only,in_the_wild
/Users/ahooker/Documents/Dissertation/virtushield/final-datasets/in-the-wild-final-small/UNSAFE/1/frame_64.jpg,UNSAFE,UNSAFE,0.8830601572990417,context_encoding_only,in_the_wild
/Users/ahooker/Documents/Dissertation/virtushield/final-datasets/in-the-wild-final-small/UNSAFE/1/frame_640.jpg,UNSAFE,UNSAFE,0.8361104726791382,context_encoding_only,in_the_wild
/Users/ahooker/Documents/Dissertation/virtushield/final-datasets/in-the-wild-final-small/UNSAFE/1/frame_641.jpg,UNSAFE,UNSAFE,0.8572829365730286,context_encoding_only,in_the_wild
/Users/ahooker/Documents/Dissertation/virtushield/final-datasets/in-the-wild-final-small/UNSAFE/1/frame_643.jpg,UNSAFE,SAFE,0.4411006569862366,context_encoding_only,in_the_wild
/Users/ahooker/Documents/Dissertation/virtushield/final-datasets/in-the-wild-final-small/UNSAFE/1/frame_64__1.jpg,UNSAFE,UNSAFE,0.5217804908752441,context_encoding_only,in_the_wild
/Users/ahooker/Documents/Dissertation/virtushield/final-datasets/in-the-wild-final-small/UNSAFE/1/frame_65.jpg,UNSAFE,SAFE,0.3316839337348938,context_encoding_only,in_the_wild
/Users/ahooker/Documents/Dissertation/virtushield/final-datasets/in-the-wild-final-small/UNSAFE/1/frame_653.jpg,UNSAFE,UNSAFE,0.8725333213806152,context_encoding_only,in_the_wild
/Users/ahooker/Documents/Dissertation/virtushield/final-datasets/in-the-wild-final-small/UNSAFE/1/frame_656.jpg,UNSAFE,UNSAFE,0.8776001930236816,context_encoding_only,in_the_wild
/Users/ahooker/Documents/Dissertation/virtushield/final-datasets/in-the-wild-final-small/UNSAFE/1/frame_65__1.jpg,UNSAFE,SAFE,0.2573325037956238,context_encoding_only,in_the_wild
/Users/ahooker/Documents/Dissertation/virtushield/final-datasets/in-the-wild-final-small/UNSAFE/1/frame_65__2.jpg,UNSAFE,UNSAFE,0.9129430055618286,context_encoding_only,in_the_wild
/Users/ahooker/Documents/Dissertation/virtushield/final-datasets/in-the-wild-final-small/UNSAFE/1/frame_665.jpg,UNSAFE,UNSAFE,0.5482644438743591,context_encoding_only,in_the_wild
/Users/ahooker/Documents/Dissertation/virtushield/final-datasets/in-the-wild-final-small/UNSAFE/1/frame_666.jpg,UNSAFE,UNSAFE,0.9058743715286255,context_encoding_only,in_the_wild
/Users/ahooker/Documents/Dissertation/virtushield/final-datasets/in-the-wild-final-small/UNSAFE/1/frame_668.jpg,UNSAFE,UNSAFE,0.8049901127815247,context_encoding_only,in_the_wild
/Users/ahooker/Documents/Dissertation/virtushield/final-datasets/in-the-wild-final-small/UNSAFE/1/frame_672.jpg,UNSAFE,UNSAFE,0.8642334938049316,context_encoding_only,in_the_wild
/Users/ahooker/Documents/Dissertation/virtushield/final-datasets/in-the-wild-final-small/UNSAFE/1/frame_676.jpg,UNSAFE,UNSAFE,0.8904716372489929,context_encoding_only,in_the_wild
/Users/ahooker/Documents/Dissertation/virtushield/final-datasets/in-the-wild-final-small/UNSAFE/1/frame_682.jpg,UNSAFE,UNSAFE,0.7354661822319031,context_encoding_only,in_the_wild
/Users/ahooker/Documents/Dissertation/virtushield/final-datasets/in-the-wild-final-small/UNSAFE/1/frame_686.jpg,UNSAFE,UNSAFE,0.7224696278572083,context_encoding_only,in_the_wild
/Users/ahooker/Documents/Dissertation/virtushield/final-datasets/in-the-wild-final-small/UNSAFE/1/frame_689.jpg,UNSAFE,UNSAFE,0.554657518863678,context_encoding_only,in_the_wild
/Users/ahooker/Documents/Dissertation/virtushield/final-datasets/in-the-wild-final-small/UNSAFE/1/frame_69.jpg,UNSAFE,UNSAFE,0.5761470794677734,context_encoding_only,in_the_wild
/Users/ahooker/Documents/Dissertation/virtushield/final-datasets/in-the-wild-final-small/UNSAFE/1/frame_692.jpg,UNSAFE,UNSAFE,0.5098454356193542,context_encoding_only,in_the_wild
/Users/ahooker/Documents/Dissertation/virtushield/final-datasets/in-the-wild-final-small/UNSAFE/1/frame_697.jpg,UNSAFE,UNSAFE,0.8979387283325195,context_encoding_only,in_the_wild
/Users/ahooker/Documents/Dissertation/virtushield/final-datasets/in-the-wild-final-small/UNSAFE/1/frame_70.jpg,UNSAFE,SAFE,0.3958441913127899,context_encoding_only,in_the_wild
/Users/ahooker/Documents/Dissertation/virtushield/final-datasets/in-the-wild-final-small/UNSAFE/1/frame_700.jpg,UNSAFE,UNSAFE,0.6770246028900146,context_encoding_only,in_the_wild
/Users/ahooker/Documents/Dissertation/virtushield/final-datasets/in-the-wild-final-small/UNSAFE/1/frame_70__1.jpg,UNSAFE,UNSAFE,0.9112867712974548,context_encoding_only,in_the_wild
/Users/ahooker/Documents/Dissertation/virtushield/final-datasets/in-the-wild-final-small/UNSAFE/1/frame_71.jpg,UNSAFE,UNSAFE,0.8440669178962708,context_encoding_only,in_the_wild
/Users/ahooker/Documents/Dissertation/virtushield/final-datasets/in-the-wild-final-small/UNSAFE/1/frame_710.jpg,UNSAFE,UNSAFE,0.8015292286872864,context_encoding_only,in_the_wild
/Users/ahooker/Documents/Dissertation/virtushield/final-datasets/in-the-wild-final-small/UNSAFE/1/frame_711.jpg,UNSAFE,UNSAFE,0.9161444306373596,context_encoding_only,in_the_wild
/Users/ahooker/Documents/Dissertation/virtushield/final-datasets/in-the-wild-final-small/UNSAFE/1/frame_713.jpg,UNSAFE,UNSAFE,0.8669394254684448,context_encoding_only,in_the_wild
/Users/ahooker/Documents/Dissertation/virtushield/final-datasets/in-the-wild-final-small/UNSAFE/1/frame_717.jpg,UNSAFE,UNSAFE,0.9061449766159058,context_encoding_only,in_the_wild
/Users/ahooker/Documents/Dissertation/virtushield/final-datasets/in-the-wild-final-small/UNSAFE/1/frame_719.jpg,UNSAFE,UNSAFE,0.9338016510009766,context_encoding_only,in_the_wild
/Users/ahooker/Documents/Dissertation/virtushield/final-datasets/in-the-wild-final-small/UNSAFE/1/frame_719__1.jpg,UNSAFE,SAFE,0.40576601028442383,context_encoding_only,in_the_wild
/Users/ahooker/Documents/Dissertation/virtushield/final-datasets/in-the-wild-final-small/UNSAFE/1/frame_71__1.jpg,UNSAFE,UNSAFE,0.8873669505119324,context_encoding_only,in_the_wild
/Users/ahooker/Documents/Dissertation/virtushield/final-datasets/in-the-wild-final-small/UNSAFE/1/frame_724.jpg,UNSAFE,UNSAFE,0.9139622449874878,context_encoding_only,in_the_wild
/Users/ahooker/Documents/Dissertation/virtushield/final-datasets/in-the-wild-final-small/UNSAFE/1/frame_726.jpg,UNSAFE,UNSAFE,0.9087748527526855,context_encoding_only,in_the_wild
/Users/ahooker/Documents/Dissertation/virtushield/final-datasets/in-the-wild-final-small/UNSAFE/1/frame_728.jpg,UNSAFE,UNSAFE,0.8253234028816223,context_encoding_only,in_the_wild
/Users/ahooker/Documents/Dissertation/virtushield/final-datasets/in-the-wild-final-small/UNSAFE/1/frame_734.jpg,UNSAFE,UNSAFE,0.8423412442207336,context_encoding_only,in_the_wild
/Users/ahooker/Documents/Dissertation/virtushield/final-datasets/in-the-wild-final-small/UNSAFE/1/frame_735.jpg,UNSAFE,UNSAFE,0.8882421851158142,context_encoding_only,in_the_wild
/Users/ahooker/Documents/Dissertation/virtushield/final-datasets/in-the-wild-final-small/UNSAFE/1/frame_736.jpg,UNSAFE,UNSAFE,0.7790431976318359,context_encoding_only,in_the_wild
/Users/ahooker/Documents/Dissertation/virtushield/final-datasets/in-the-wild-final-small/UNSAFE/1/frame_738.jpg,UNSAFE,UNSAFE,0.8134150505065918,context_encoding_only,in_the_wild
/Users/ahooker/Documents/Dissertation/virtushield/final-datasets/in-the-wild-final-small/UNSAFE/1/frame_74.jpg,UNSAFE,UNSAFE,0.622735857963562,context_encoding_only,in_the_wild
/Users/ahooker/Documents/Dissertation/virtushield/final-datasets/in-the-wild-final-small/UNSAFE/1/frame_740.jpg,UNSAFE,UNSAFE,0.8693679571151733,context_encoding_only,in_the_wild
/Users/ahooker/Documents/Dissertation/virtushield/final-datasets/in-the-wild-final-small/UNSAFE/1/frame_745.jpg,UNSAFE,UNSAFE,0.8609759211540222,context_encoding_only,in_the_wild
/Users/ahooker/Documents/Dissertation/virtushield/final-datasets/in-the-wild-final-small/UNSAFE/1/frame_747.jpg,UNSAFE,UNSAFE,0.8907591104507446,context_encoding_only,in_the_wild
/Users/ahooker/Documents/Dissertation/virtushield/final-datasets/in-the-wild-final-small/UNSAFE/1/frame_752.jpg,UNSAFE,UNSAFE,0.8994601368904114,context_encoding_only,in_the_wild
/Users/ahooker/Documents/Dissertation/virtushield/final-datasets/in-the-wild-final-small/UNSAFE/1/frame_754.jpg,UNSAFE,UNSAFE,0.8726181387901306,context_encoding_only,in_the_wild
/Users/ahooker/Documents/Dissertation/virtushield/final-datasets/in-the-wild-final-small/UNSAFE/1/frame_755.jpg,UNSAFE,UNSAFE,0.9064451456069946,context_encoding_only,in_the_wild
/Users/ahooker/Documents/Dissertation/virtushield/final-datasets/in-the-wild-final-small/UNSAFE/1/frame_76.jpg,UNSAFE,SAFE,0.49973487854003906,context_encoding_only,in_the_wild
/Users/ahooker/Documents/Dissertation/virtushield/final-datasets/in-the-wild-final-small/UNSAFE/1/frame_760.jpg,UNSAFE,UNSAFE,0.8833549618721008,context_encoding_only,in_the_wild
/Users/ahooker/Documents/Dissertation/virtushield/final-datasets/in-the-wild-final-small/UNSAFE/1/frame_763.jpg,UNSAFE,UNSAFE,0.9321718811988831,context_encoding_only,in_the_wild
/Users/ahooker/Documents/Dissertation/virtushield/final-datasets/in-the-wild-final-small/UNSAFE/1/frame_764.jpg,UNSAFE,UNSAFE,0.9387392997741699,context_encoding_only,in_the_wild
/Users/ahooker/Documents/Dissertation/virtushield/final-datasets/in-the-wild-final-small/UNSAFE/1/frame_766.jpg,UNSAFE,UNSAFE,0.8930028676986694,context_encoding_only,in_the_wild
/Users/ahooker/Documents/Dissertation/virtushield/final-datasets/in-the-wild-final-small/UNSAFE/1/frame_767.jpg,UNSAFE,UNSAFE,0.967018187046051,context_encoding_only,in_the_wild
/Users/ahooker/Documents/Dissertation/virtushield/final-datasets/in-the-wild-final-small/UNSAFE/1/frame_768.jpg,UNSAFE,UNSAFE,0.8994351625442505,context_encoding_only,in_the_wild
/Users/ahooker/Documents/Dissertation/virtushield/final-datasets/in-the-wild-final-small/UNSAFE/1/frame_770.jpg,UNSAFE,UNSAFE,0.9225897789001465,context_encoding_only,in_the_wild
/Users/ahooker/Documents/Dissertation/virtushield/final-datasets/in-the-wild-final-small/UNSAFE/1/frame_771.jpg,UNSAFE,UNSAFE,0.9419921636581421,context_encoding_only,in_the_wild
/Users/ahooker/Documents/Dissertation/virtushield/final-datasets/in-the-wild-final-small/UNSAFE/1/frame_778.jpg,UNSAFE,UNSAFE,0.9121756553649902,context_encoding_only,in_the_wild
/Users/ahooker/Documents/Dissertation/virtushield/final-datasets/in-the-wild-final-small/UNSAFE/1/frame_78.jpg,UNSAFE,SAFE,0.4888443350791931,context_encoding_only,in_the_wild
/Users/ahooker/Documents/Dissertation/virtushield/final-datasets/in-the-wild-final-small/UNSAFE/1/frame_782.jpg,UNSAFE,UNSAFE,0.7390661835670471,context_encoding_only,in_the_wild
/Users/ahooker/Documents/Dissertation/virtushield/final-datasets/in-the-wild-final-small/UNSAFE/1/frame_789.jpg,UNSAFE,UNSAFE,0.9291453957557678,context_encoding_only,in_the_wild
/Users/ahooker/Documents/Dissertation/virtushield/final-datasets/in-the-wild-final-small/UNSAFE/1/frame_78__1.jpg,UNSAFE,UNSAFE,0.8613021373748779,context_encoding_only,in_the_wild
/Users/ahooker/Documents/Dissertation/virtushield/final-datasets/in-the-wild-final-small/UNSAFE/1/frame_792.jpg,UNSAFE,UNSAFE,0.8318122625350952,context_encoding_only,in_the_wild
/Users/ahooker/Documents/Dissertation/virtushield/final-datasets/in-the-wild-final-small/UNSAFE/1/frame_796.jpg,UNSAFE,UNSAFE,0.8878312706947327,context_encoding_only,in_the_wild
/Users/ahooker/Documents/Dissertation/virtushield/final-datasets/in-the-wild-final-small/UNSAFE/1/frame_799.jpg,UNSAFE,UNSAFE,0.9228582382202148,context_encoding_only,in_the_wild
/Users/ahooker/Documents/Dissertation/virtushield/final-datasets/in-the-wild-final-small/UNSAFE/1/frame_8.jpg,UNSAFE,SAFE,0.48330357670783997,context_encoding_only,in_the_wild
/Users/ahooker/Documents/Dissertation/virtushield/final-datasets/in-the-wild-final-small/UNSAFE/1/frame_80.jpg,UNSAFE,SAFE,0.35798126459121704,context_encoding_only,in_the_wild
/Users/ahooker/Documents/Dissertation/virtushield/final-datasets/in-the-wild-final-small/UNSAFE/1/frame_802.jpg,UNSAFE,UNSAFE,0.9027950167655945,context_encoding_only,in_the_wild
/Users/ahooker/Documents/Dissertation/virtushield/final-datasets/in-the-wild-final-small/UNSAFE/1/frame_805.jpg,UNSAFE,UNSAFE,0.9627106189727783,context_encoding_only,in_the_wild
/Users/ahooker/Documents/Dissertation/virtushield/final-datasets/in-the-wild-final-small/UNSAFE/1/frame_809.jpg,UNSAFE,UNSAFE,0.9546465277671814,context_encoding_only,in_the_wild
/Users/ahooker/Documents/Dissertation/virtushield/final-datasets/in-the-wild-final-small/UNSAFE/1/frame_81.jpg,UNSAFE,UNSAFE,0.9339118003845215,context_encoding_only,in_the_wild
/Users/ahooker/Documents/Dissertation/virtushield/final-datasets/in-the-wild-final-small/UNSAFE/1/frame_814.jpg,UNSAFE,UNSAFE,0.9478048086166382,context_encoding_only,in_the_wild
/Users/ahooker/Documents/Dissertation/virtushield/final-datasets/in-the-wild-final-small/UNSAFE/1/frame_81__1.jpg,UNSAFE,SAFE,0.40825003385543823,context_encoding_only,in_the_wild
/Users/ahooker/Documents/Dissertation/virtushield/final-datasets/in-the-wild-final-small/UNSAFE/1/frame_81__2.jpg,UNSAFE,SAFE,0.48549914360046387,context_encoding_only,in_the_wild
/Users/ahooker/Documents/Dissertation/virtushield/final-datasets/in-the-wild-final-small/UNSAFE/1/frame_823.jpg,UNSAFE,UNSAFE,0.8900852203369141,context_encoding_only,in_the_wild
/Users/ahooker/Documents/Dissertation/virtushield/final-datasets/in-the-wild-final-small/UNSAFE/1/frame_828.jpg,UNSAFE,UNSAFE,0.8232703804969788,context_encoding_only,in_the_wild
/Users/ahooker/Documents/Dissertation/virtushield/final-datasets/in-the-wild-final-small/UNSAFE/1/frame_829.jpg,UNSAFE,UNSAFE,0.8076218962669373,context_encoding_only,in_the_wild
/Users/ahooker/Documents/Dissertation/virtushield/final-datasets/in-the-wild-final-small/UNSAFE/1/frame_83.jpg,UNSAFE,SAFE,0.48609471321105957,context_encoding_only,in_the_wild
/Users/ahooker/Documents/Dissertation/virtushield/final-datasets/in-the-wild-final-small/UNSAFE/1/frame_839.jpg,UNSAFE,UNSAFE,0.9100906848907471,context_encoding_only,in_the_wild
/Users/ahooker/Documents/Dissertation/virtushield/final-datasets/in-the-wild-final-small/UNSAFE/1/frame_83__1.jpg,UNSAFE,UNSAFE,0.8158966302871704,context_encoding_only,in_the_wild
/Users/ahooker/Documents/Dissertation/virtushield/final-datasets/in-the-wild-final-small/UNSAFE/1/frame_84.jpg,UNSAFE,UNSAFE,0.8073322176933289,context_encoding_only,in_the_wild
/Users/ahooker/Documents/Dissertation/virtushield/final-datasets/in-the-wild-final-small/UNSAFE/1/frame_845.jpg,UNSAFE,UNSAFE,0.9084765315055847,context_encoding_only,in_the_wild
/Users/ahooker/Documents/Dissertation/virtushield/final-datasets/in-the-wild-final-small/UNSAFE/1/frame_85.jpg,UNSAFE,UNSAFE,0.925619900226593,context_encoding_only,in_the_wild
/Users/ahooker/Documents/Dissertation/virtushield/final-datasets/in-the-wild-final-small/UNSAFE/1/frame_853.jpg,UNSAFE,UNSAFE,0.8703938722610474,context_encoding_only,in_the_wild
/Users/ahooker/Documents/Dissertation/virtushield/final-datasets/in-the-wild-final-small/UNSAFE/1/frame_856.jpg,UNSAFE,UNSAFE,0.9500863552093506,context_encoding_only,in_the_wild
/Users/ahooker/Documents/Dissertation/virtushield/final-datasets/in-the-wild-final-small/UNSAFE/1/frame_86.jpg,UNSAFE,UNSAFE,0.84153813123703,context_encoding_only,in_the_wild
/Users/ahooker/Documents/Dissertation/virtushield/final-datasets/in-the-wild-final-small/UNSAFE/1/frame_87.jpg,UNSAFE,UNSAFE,0.6740491986274719,context_encoding_only,in_the_wild
/Users/ahooker/Documents/Dissertation/virtushield/final-datasets/in-the-wild-final-small/UNSAFE/1/frame_87__1.jpg,UNSAFE,UNSAFE,0.8956104516983032,context_encoding_only,in_the_wild
/Users/ahooker/Documents/Dissertation/virtushield/final-datasets/in-the-wild-final-small/UNSAFE/1/frame_90.jpg,UNSAFE,UNSAFE,0.7977944016456604,context_encoding_only,in_the_wild
/Users/ahooker/Documents/Dissertation/virtushield/final-datasets/in-the-wild-final-small/UNSAFE/1/frame_91.jpg,UNSAFE,SAFE,0.4000876843929291,context_encoding_only,in_the_wild
/Users/ahooker/Documents/Dissertation/virtushield/final-datasets/in-the-wild-final-small/UNSAFE/1/frame_92.jpg,UNSAFE,UNSAFE,0.9185461401939392,context_encoding_only,in_the_wild
/Users/ahooker/Documents/Dissertation/virtushield/final-datasets/in-the-wild-final-small/UNSAFE/1/frame_92__1.jpg,UNSAFE,UNSAFE,0.9379676580429077,context_encoding_only,in_the_wild
/Users/ahooker/Documents/Dissertation/virtushield/final-datasets/in-the-wild-final-small/UNSAFE/1/frame_93.jpg,UNSAFE,UNSAFE,0.882585883140564,context_encoding_only,in_the_wild
/Users/ahooker/Documents/Dissertation/virtushield/final-datasets/in-the-wild-final-small/UNSAFE/1/frame_93__1.jpg,UNSAFE,UNSAFE,0.9582656621932983,context_encoding_only,in_the_wild
/Users/ahooker/Documents/Dissertation/virtushield/final-datasets/in-the-wild-final-small/UNSAFE/1/frame_94.jpg,UNSAFE,UNSAFE,0.8872745633125305,context_encoding_only,in_the_wild
/Users/ahooker/Documents/Dissertation/virtushield/final-datasets/in-the-wild-final-small/UNSAFE/1/frame_94__1.jpg,UNSAFE,UNSAFE,0.8545606136322021,context_encoding_only,in_the_wild
/Users/ahooker/Documents/Dissertation/virtushield/final-datasets/in-the-wild-final-small/UNSAFE/1/frame_94__2.jpg,UNSAFE,UNSAFE,0.9089444279670715,context_encoding_only,in_the_wild
/Users/ahooker/Documents/Dissertation/virtushield/final-datasets/in-the-wild-final-small/UNSAFE/1/frame_95.jpg,UNSAFE,UNSAFE,0.9164921641349792,context_encoding_only,in_the_wild
/Users/ahooker/Documents/Dissertation/virtushield/final-datasets/in-the-wild-final-small/UNSAFE/1/frame_96.jpg,UNSAFE,UNSAFE,0.8747299909591675,context_encoding_only,in_the_wild
/Users/ahooker/Documents/Dissertation/virtushield/final-datasets/in-the-wild-final-small/UNSAFE/1/frame_960.jpg,UNSAFE,UNSAFE,0.8544726967811584,context_encoding_only,in_the_wild
/Users/ahooker/Documents/Dissertation/virtushield/final-datasets/in-the-wild-final-small/UNSAFE/1/frame_962.jpg,UNSAFE,UNSAFE,0.9260327219963074,context_encoding_only,in_the_wild
/Users/ahooker/Documents/Dissertation/virtushield/final-datasets/in-the-wild-final-small/UNSAFE/1/frame_964.jpg,UNSAFE,UNSAFE,0.8397018313407898,context_encoding_only,in_the_wild
/Users/ahooker/Documents/Dissertation/virtushield/final-datasets/in-the-wild-final-small/UNSAFE/1/frame_965.jpg,UNSAFE,UNSAFE,0.840286374092102,context_encoding_only,in_the_wild
/Users/ahooker/Documents/Dissertation/virtushield/final-datasets/in-the-wild-final-small/UNSAFE/1/frame_969.jpg,UNSAFE,UNSAFE,0.9217951893806458,context_encoding_only,in_the_wild
/Users/ahooker/Documents/Dissertation/virtushield/final-datasets/in-the-wild-final-small/UNSAFE/1/frame_96__1.jpg,UNSAFE,UNSAFE,0.7574669122695923,context_encoding_only,in_the_wild
/Users/ahooker/Documents/Dissertation/virtushield/final-datasets/in-the-wild-final-small/UNSAFE/1/frame_97.jpg,UNSAFE,UNSAFE,0.8109986782073975,context_encoding_only,in_the_wild
/Users/ahooker/Documents/Dissertation/virtushield/final-datasets/in-the-wild-final-small/UNSAFE/1/frame_973.jpg,UNSAFE,UNSAFE,0.8665903210639954,context_encoding_only,in_the_wild
/Users/ahooker/Documents/Dissertation/virtushield/final-datasets/in-the-wild-final-small/UNSAFE/1/frame_977.jpg,UNSAFE,UNSAFE,0.9139742255210876,context_encoding_only,in_the_wild
/Users/ahooker/Documents/Dissertation/virtushield/final-datasets/in-the-wild-final-small/UNSAFE/1/frame_984.jpg,UNSAFE,UNSAFE,0.8870267868041992,context_encoding_only,in_the_wild
/Users/ahooker/Documents/Dissertation/virtushield/final-datasets/in-the-wild-final-small/UNSAFE/1/frame_99.jpg,UNSAFE,UNSAFE,0.8316726684570312,context_encoding_only,in_the_wild
/Users/ahooker/Documents/Dissertation/virtushield/final-datasets/in-the-wild-final-small/UNSAFE/1/frame_996.jpg,UNSAFE,UNSAFE,0.8518550992012024,context_encoding_only,in_the_wild
/Users/ahooker/Documents/Dissertation/virtushield/final-datasets/in-the-wild-final-small/SAFE/0/frame_1000.jpg,SAFE,SAFE,0.36999017000198364,context_encoding_only,in_the_wild
/Users/ahooker/Documents/Dissertation/virtushield/final-datasets/in-the-wild-final-small/SAFE/0/frame_10020.jpg,SAFE,SAFE,0.44892922043800354,context_encoding_only,in_the_wild
/Users/ahooker/Documents/Dissertation/virtushield/final-datasets/in-the-wild-final-small/SAFE/0/frame_10080.jpg,SAFE,SAFE,0.2116551250219345,context_encoding_only,in_the_wild
/Users/ahooker/Documents/Dissertation/virtushield/final-datasets/in-the-wild-final-small/SAFE/0/frame_10080__1.jpg,SAFE,SAFE,0.21728496253490448,context_encoding_only,in_the_wild
/Users/ahooker/Documents/Dissertation/virtushield/final-datasets/in-the-wild-final-small/SAFE/0/frame_10140.jpg,SAFE,SAFE,0.1490636169910431,context_encoding_only,in_the_wild
/Users/ahooker/Documents/Dissertation/virtushield/final-datasets/in-the-wild-final-small/SAFE/0/frame_10180.jpg,SAFE,SAFE,0.3728824853897095,context_encoding_only,in_the_wild
/Users/ahooker/Documents/Dissertation/virtushield/final-datasets/in-the-wild-final-small/SAFE/0/frame_10180__1.jpg,SAFE,SAFE,0.3728824853897095,context_encoding_only,in_the_wild
/Users/ahooker/Documents/Dissertation/virtushield/final-datasets/in-the-wild-final-small/SAFE/0/frame_1020.jpg,SAFE,UNSAFE,0.6374183893203735,context_encoding_only,in_the_wild
/Users/ahooker/Documents/Dissertation/virtushield/final-datasets/in-the-wild-final-small/SAFE/0/frame_10200.jpg,SAFE,SAFE,0.38256576657295227,context_encoding_only,in_the_wild
/Users/ahooker/Documents/Dissertation/virtushield/final-datasets/in-the-wild-final-small/SAFE/0/frame_10220.jpg,SAFE,SAFE,0.24822618067264557,context_encoding_only,in_the_wild
/Users/ahooker/Documents/Dissertation/virtushield/final-datasets/in-the-wild-final-small/SAFE/0/frame_10260.jpg,SAFE,SAFE,0.4567892849445343,context_encoding_only,in_the_wild
/Users/ahooker/Documents/Dissertation/virtushield/final-datasets/in-the-wild-final-small/SAFE/0/frame_10280.jpg,SAFE,SAFE,0.46663007140159607,context_encoding_only,in_the_wild
/Users/ahooker/Documents/Dissertation/virtushield/final-datasets/in-the-wild-final-small/SAFE/0/frame_10280__1.jpg,SAFE,SAFE,0.33072489500045776,context_encoding_only,in_the_wild
/Users/ahooker/Documents/Dissertation/virtushield/final-datasets/in-the-wild-final-small/SAFE/0/frame_10300.jpg,SAFE,SAFE,0.32581374049186707,context_encoding_only,in_the_wild
/Users/ahooker/Documents/Dissertation/virtushield/final-datasets/in-the-wild-final-small/SAFE/0/frame_10320.jpg,SAFE,SAFE,0.3506389260292053,context_encoding_only,in_the_wild
/Users/ahooker/Documents/Dissertation/virtushield/final-datasets/in-the-wild-final-small/SAFE/0/frame_10340.jpg,SAFE,SAFE,0.33160319924354553,context_encoding_only,in_the_wild
/Users/ahooker/Documents/Dissertation/virtushield/final-datasets/in-the-wild-final-small/SAFE/0/frame_10360.jpg,SAFE,SAFE,0.35663044452667236,context_encoding_only,in_the_wild
/Users/ahooker/Documents/Dissertation/virtushield/final-datasets/in-the-wild-final-small/SAFE/0/frame_10360__1.jpg,SAFE,SAFE,0.077016681432724,context_encoding_only,in_the_wild
/Users/ahooker/Documents/Dissertation/virtushield/final-datasets/in-the-wild-final-small/SAFE/0/frame_10420.jpg,SAFE,UNSAFE,0.6029272079467773,context_encoding_only,in_the_wild
/Users/ahooker/Documents/Dissertation/virtushield/final-datasets/in-the-wild-final-small/SAFE/0/frame_10420__1.jpg,SAFE,UNSAFE,0.5413704514503479,context_encoding_only,in_the_wild
/Users/ahooker/Documents/Dissertation/virtushield/final-datasets/in-the-wild-final-small/SAFE/0/frame_10440.jpg,SAFE,SAFE,0.29208865761756897,context_encoding_only,in_the_wild
/Users/ahooker/Documents/Dissertation/virtushield/final-datasets/in-the-wild-final-small/SAFE/0/frame_10540.jpg,SAFE,SAFE,0.3327172100543976,context_encoding_only,in_the_wild
/Users/ahooker/Documents/Dissertation/virtushield/final-datasets/in-the-wild-final-small/SAFE/0/frame_10600.jpg,SAFE,UNSAFE,0.5357346534729004,context_encoding_only,in_the_wild
/Users/ahooker/Documents/Dissertation/virtushield/final-datasets/in-the-wild-final-small/SAFE/0/frame_10620.jpg,SAFE,SAFE,0.49294614791870117,context_encoding_only,in_the_wild
/Users/ahooker/Documents/Dissertation/virtushield/final-datasets/in-the-wild-final-small/SAFE/0/frame_10640.jpg,SAFE,SAFE,0.3308287560939789,context_encoding_only,in_the_wild
/Users/ahooker/Documents/Dissertation/virtushield/final-datasets/in-the-wild-final-small/SAFE/0/frame_10660.jpg,SAFE,SAFE,0.28834202885627747,context_encoding_only,in_the_wild
/Users/ahooker/Documents/Dissertation/virtushield/final-datasets/in-the-wild-final-small/SAFE/0/frame_10680.jpg,SAFE,SAFE,0.38801640272140503,context_encoding_only,in_the_wild
/Users/ahooker/Documents/Dissertation/virtushield/final-datasets/in-the-wild-final-small/SAFE/0/frame_1080.jpg,SAFE,SAFE,0.24184803664684296,context_encoding_only,in_the_wild
/Users/ahooker/Documents/Dissertation/virtushield/final-datasets/in-the-wild-final-small/SAFE/0/frame_10800.jpg,SAFE,SAFE,0.19663149118423462,context_encoding_only,in_the_wild
/Users/ahooker/Documents/Dissertation/virtushield/final-datasets/in-the-wild-final-small/SAFE/0/frame_1080__1.jpg,SAFE,SAFE,0.07144111394882202,context_encoding_only,in_the_wild
/Users/ahooker/Documents/Dissertation/virtushield/final-datasets/in-the-wild-final-small/SAFE/0/frame_10920.jpg,SAFE,SAFE,0.3093956708908081,context_encoding_only,in_the_wild
/Users/ahooker/Documents/Dissertation/virtushield/final-datasets/in-the-wild-final-small/SAFE/0/frame_10920__1.jpg,SAFE,SAFE,0.18064355850219727,context_encoding_only,in_the_wild
/Users/ahooker/Documents/Dissertation/virtushield/final-datasets/in-the-wild-final-small/SAFE/0/frame_11120.jpg,SAFE,UNSAFE,0.592383861541748,context_encoding_only,in_the_wild
/Users/ahooker/Documents/Dissertation/virtushield/final-datasets/in-the-wild-final-small/SAFE/0/frame_11120__1.jpg,SAFE,SAFE,0.10998440533876419,context_encoding_only,in_the_wild
/Users/ahooker/Documents/Dissertation/virtushield/final-datasets/in-the-wild-final-small/SAFE/0/frame_11120__2.jpg,SAFE,SAFE,0.33583056926727295,context_encoding_only,in_the_wild
/Users/ahooker/Documents/Dissertation/virtushield/final-datasets/in-the-wild-final-small/SAFE/0/frame_11140.jpg,SAFE,SAFE,0.3903855085372925,context_encoding_only,in_the_wild
/Users/ahooker/Documents/Dissertation/virtushield/final-datasets/in-the-wild-final-small/SAFE/0/frame_11140__1.jpg,SAFE,SAFE,0.28952112793922424,context_encoding_only,in_the_wild
/Users/ahooker/Documents/Dissertation/virtushield/final-datasets/in-the-wild-final-small/SAFE/0/frame_11160.jpg,SAFE,SAFE,0.05756153538823128,context_encoding_only,in_the_wild
/Users/ahooker/Documents/Dissertation/virtushield/final-datasets/in-the-wild-final-small/SAFE/0/frame_11160__1.jpg,SAFE,UNSAFE,0.5033330321311951,context_encoding_only,in_the_wild
/Users/ahooker/Documents/Dissertation/virtushield/final-datasets/in-the-wild-final-small/SAFE/0/frame_11180.jpg,SAFE,SAFE,0.12145417928695679,context_encoding_only,in_the_wild
/Users/ahooker/Documents/Dissertation/virtushield/final-datasets/in-the-wild-final-small/SAFE/0/frame_11260.jpg,SAFE,SAFE,0.24334311485290527,context_encoding_only,in_the_wild
/Users/ahooker/Documents/Dissertation/virtushield/final-datasets/in-the-wild-final-small/SAFE/0/frame_11280.jpg,SAFE,SAFE,0.24021056294441223,context_encoding_only,in_the_wild
/Users/ahooker/Documents/Dissertation/virtushield/final-datasets/in-the-wild-final-small/SAFE/0/frame_1140.jpg,SAFE,SAFE,0.317181259393692,context_encoding_only,in_the_wild
/Users/ahooker/Documents/Dissertation/virtushield/final-datasets/in-the-wild-final-small/SAFE/0/frame_11400.jpg,SAFE,SAFE,0.05142069607973099,context_encoding_only,in_the_wild
/Users/ahooker/Documents/Dissertation/virtushield/final-datasets/in-the-wild-final-small/SAFE/0/frame_11420.jpg,SAFE,SAFE,0.42759230732917786,context_encoding_only,in_the_wild
/Users/ahooker/Documents/Dissertation/virtushield/final-datasets/in-the-wild-final-small/SAFE/0/frame_11460.jpg,SAFE,UNSAFE,0.5542598366737366,context_encoding_only,in_the_wild
/Users/ahooker/Documents/Dissertation/virtushield/final-datasets/in-the-wild-final-small/SAFE/0/frame_11480.jpg,SAFE,SAFE,0.49510636925697327,context_encoding_only,in_the_wild
/Users/ahooker/Documents/Dissertation/virtushield/final-datasets/in-the-wild-final-small/SAFE/0/frame_11500.jpg,SAFE,SAFE,0.10912978649139404,context_encoding_only,in_the_wild
/Users/ahooker/Documents/Dissertation/virtushield/final-datasets/in-the-wild-final-small/SAFE/0/frame_11520.jpg,SAFE,UNSAFE,0.5643830895423889,context_encoding_only,in_the_wild
/Users/ahooker/Documents/Dissertation/virtushield/final-datasets/in-the-wild-final-small/SAFE/0/frame_11560.jpg,SAFE,SAFE,0.12287019193172455,context_encoding_only,in_the_wild
/Users/ahooker/Documents/Dissertation/virtushield/final-datasets/in-the-wild-final-small/SAFE/0/frame_11580.jpg,SAFE,SAFE,0.17314399778842926,context_encoding_only,in_the_wild
/Users/ahooker/Documents/Dissertation/virtushield/final-datasets/in-the-wild-final-small/SAFE/0/frame_11580__1.jpg,SAFE,UNSAFE,0.6005828380584717,context_encoding_only,in_the_wild
/Users/ahooker/Documents/Dissertation/virtushield/final-datasets/in-the-wild-final-small/SAFE/0/frame_11580__2.jpg,SAFE,SAFE,0.26092833280563354,context_encoding_only,in_the_wild
/Users/ahooker/Documents/Dissertation/virtushield/final-datasets/in-the-wild-final-small/SAFE/0/frame_11580__3.jpg,SAFE,UNSAFE,0.7212522625923157,context_encoding_only,in_the_wild
/Users/ahooker/Documents/Dissertation/virtushield/final-datasets/in-the-wild-final-small/SAFE/0/frame_11660.jpg,SAFE,SAFE,0.23080463707447052,context_encoding_only,in_the_wild
/Users/ahooker/Documents/Dissertation/virtushield/final-datasets/in-the-wild-final-small/SAFE/0/frame_11700.jpg,SAFE,SAFE,0.45415014028549194,context_encoding_only,in_the_wild
/Users/ahooker/Documents/Dissertation/virtushield/final-datasets/in-the-wild-final-small/SAFE/0/frame_11720.jpg,SAFE,SAFE,0.3969869315624237,context_encoding_only,in_the_wild
/Users/ahooker/Documents/Dissertation/virtushield/final-datasets/in-the-wild-final-small/SAFE/0/frame_11720__1.jpg,SAFE,SAFE,0.351794570684433,context_encoding_only,in_the_wild
/Users/ahooker/Documents/Dissertation/virtushield/final-datasets/in-the-wild-final-small/SAFE/0/frame_11720__2.jpg,SAFE,SAFE,0.24573633074760437,context_encoding_only,in_the_wild
/Users/ahooker/Documents/Dissertation/virtushield/final-datasets/in-the-wild-final-small/SAFE/0/frame_11760.jpg,SAFE,SAFE,0.059056587517261505,context_encoding_only,in_the_wild
/Users/ahooker/Documents/Dissertation/virtushield/final-datasets/in-the-wild-final-small/SAFE/0/frame_1180.jpg,SAFE,SAFE,0.21470975875854492,context_encoding_only,in_the_wild
/Users/ahooker/Documents/Dissertation/virtushield/final-datasets/in-the-wild-final-small/SAFE/0/frame_11840.jpg,SAFE,SAFE,0.33827561140060425,context_encoding_only,in_the_wild
/Users/ahooker/Documents/Dissertation/virtushield/final-datasets/in-the-wild-final-small/SAFE/0/frame_11840__1.jpg,SAFE,UNSAFE,0.541296124458313,context_encoding_only,in_the_wild
/Users/ahooker/Documents/Dissertation/virtushield/final-datasets/in-the-wild-final-small/SAFE/0/frame_11860.jpg,SAFE,UNSAFE,0.5559951663017273,context_encoding_only,in_the_wild
/Users/ahooker/Documents/Dissertation/virtushield/final-datasets/in-the-wild-final-small/SAFE/0/frame_11860__1.jpg,SAFE,SAFE,0.23774249851703644,context_encoding_only,in_the_wild
/Users/ahooker/Documents/Dissertation/virtushield/final-datasets/in-the-wild-final-small/SAFE/0/frame_11920.jpg,SAFE,SAFE,0.16972118616104126,context_encoding_only,in_the_wild
/Users/ahooker/Documents/Dissertation/virtushield/final-datasets/in-the-wild-final-small/SAFE/0/frame_11980.jpg,SAFE,SAFE,0.4880484640598297,context_encoding_only,in_the_wild
/Users/ahooker/Documents/Dissertation/virtushield/final-datasets/in-the-wild-final-small/SAFE/0/frame_120.jpg,SAFE,SAFE,0.41684162616729736,context_encoding_only,in_the_wild
/Users/ahooker/Documents/Dissertation/virtushield/final-datasets/in-the-wild-final-small/SAFE/0/frame_12000.jpg,SAFE,SAFE,0.4490226209163666,context_encoding_only,in_the_wild
/Users/ahooker/Documents/Dissertation/virtushield/final-datasets/in-the-wild-final-small/SAFE/0/frame_12020.jpg,SAFE,SAFE,0.18880228698253632,context_encoding_only,in_the_wild
/Users/ahooker/Documents/Dissertation/virtushield/final-datasets/in-the-wild-final-small/SAFE/0/frame_12040.jpg,SAFE,SAFE,0.18909838795661926,context_encoding_only,in_the_wild
/Users/ahooker/Documents/Dissertation/virtushield/final-datasets/in-the-wild-final-small/SAFE/0/frame_12060.jpg,SAFE,SAFE,0.19468697905540466,context_encoding_only,in_the_wild
/Users/ahooker/Documents/Dissertation/virtushield/final-datasets/in-the-wild-final-small/SAFE/0/frame_12100.jpg,SAFE,SAFE,0.29341357946395874,context_encoding_only,in_the_wild
/Users/ahooker/Documents/Dissertation/virtushield/final-datasets/in-the-wild-final-small/SAFE/0/frame_12120.jpg,SAFE,SAFE,0.47582224011421204,context_encoding_only,in_the_wild
/Users/ahooker/Documents/Dissertation/virtushield/final-datasets/in-the-wild-final-small/SAFE/0/frame_12200.jpg,SAFE,SAFE,0.18094667792320251,context_encoding_only,in_the_wild
/Users/ahooker/Documents/Dissertation/virtushield/final-datasets/in-the-wild-final-small/SAFE/0/frame_12200__1.jpg,SAFE,SAFE,0.30332818627357483,context_encoding_only,in_the_wild
/Users/ahooker/Documents/Dissertation/virtushield/final-datasets/in-the-wild-final-small/SAFE/0/frame_12200__2.jpg,SAFE,SAFE,0.4456402361392975,context_encoding_only,in_the_wild
/Users/ahooker/Documents/Dissertation/virtushield/final-datasets/in-the-wild-final-small/SAFE/0/frame_12220.jpg,SAFE,UNSAFE,0.5511245727539062,context_encoding_only,in_the_wild
/Users/ahooker/Documents/Dissertation/virtushield/final-datasets/in-the-wild-final-small/SAFE/0/frame_12260.jpg,SAFE,SAFE,0.21895302832126617,context_encoding_only,in_the_wild
/Users/ahooker/Documents/Dissertation/virtushield/final-datasets/in-the-wild-final-small/SAFE/0/frame_12260__1.jpg,SAFE,SAFE,0.24739885330200195,context_encoding_only,in_the_wild
/Users/ahooker/Documents/Dissertation/virtushield/final-datasets/in-the-wild-final-small/SAFE/0/frame_12320.jpg,SAFE,SAFE,0.15911860764026642,context_encoding_only,in_the_wild
/Users/ahooker/Documents/Dissertation/virtushield/final-datasets/in-the-wild-final-small/SAFE/0/frame_12340.jpg,SAFE,SAFE,0.47162294387817383,context_encoding_only,in_the_wild
/Users/ahooker/Documents/Dissertation/virtushield/final-datasets/in-the-wild-final-small/SAFE/0/frame_12460.jpg,SAFE,SAFE,0.259855717420578,context_encoding_only,in_the_wild
/Users/ahooker/Documents/Dissertation/virtushield/final-datasets/in-the-wild-final-small/SAFE/0/frame_12480.jpg,SAFE,SAFE,0.2118133157491684,context_encoding_only,in_the_wild
/Users/ahooker/Documents/Dissertation/virtushield/final-datasets/in-the-wild-final-small/SAFE/0/frame_12540.jpg,SAFE,SAFE,0.22912395000457764,context_encoding_only,in_the_wild
/Users/ahooker/Documents/Dissertation/virtushield/final-datasets/in-the-wild-final-small/SAFE/0/frame_12540__1.jpg,SAFE,SAFE,0.3544439673423767,context_encoding_only,in_the_wild
/Users/ahooker/Documents/Dissertation/virtushield/final-datasets/in-the-wild-final-small/SAFE/0/frame_12560.jpg,SAFE,SAFE,0.32905980944633484,context_encoding_only,in_the_wild
/Users/ahooker/Documents/Dissertation/virtushield/final-datasets/in-the-wild-final-small/SAFE/0/frame_12560__1.jpg,SAFE,SAFE,0.1576523780822754,context_encoding_only,in_the_wild
/Users/ahooker/Documents/Dissertation/virtushield/final-datasets/in-the-wild-final-small/SAFE/0/frame_12560__2.jpg,SAFE,SAFE,0.32018741965293884,context_encoding_only,in_the_wild
/Users/ahooker/Documents/Dissertation/virtushield/final-datasets/in-the-wild-final-small/SAFE/0/frame_12600.jpg,SAFE,SAFE,0.08856900781393051,context_encoding_only,in_the_wild
/Users/ahooker/Documents/Dissertation/virtushield/final-datasets/in-the-wild-final-small/SAFE/0/frame_12620.jpg,SAFE,SAFE,0.46613162755966187,context_encoding_only,in_the_wild
/Users/ahooker/Documents/Dissertation/virtushield/final-datasets/in-the-wild-final-small/SAFE/0/frame_12640.jpg,SAFE,SAFE,0.4259093105792999,context_encoding_only,in_the_wild
/Users/ahooker/Documents/Dissertation/virtushield/final-datasets/in-the-wild-final-small/SAFE/0/frame_12680.jpg,SAFE,SAFE,0.4130752384662628,context_encoding_only,in_the_wild
/Users/ahooker/Documents/Dissertation/virtushield/final-datasets/in-the-wild-final-small/SAFE/0/frame_12760.jpg,SAFE,UNSAFE,0.6099453568458557,context_encoding_only,in_the_wild
/Users/ahooker/Documents/Dissertation/virtushield/final-datasets/in-the-wild-final-small/SAFE/0/frame_1280.jpg,SAFE,UNSAFE,0.5031670928001404,context_encoding_only,in_the_wild
/Users/ahooker/Documents/Dissertation/virtushield/final-datasets/in-the-wild-final-small/SAFE/0/frame_12820.jpg,SAFE,UNSAFE,0.6642847061157227,context_encoding_only,in_the_wild
/Users/ahooker/Documents/Dissertation/virtushield/final-datasets/in-the-wild-final-small/SAFE/0/frame_12820__1.jpg,SAFE,SAFE,0.21932870149612427,context_encoding_only,in_the_wild
/Users/ahooker/Documents/Dissertation/virtushield/final-datasets/in-the-wild-final-small/SAFE/0/frame_12860.jpg,SAFE,SAFE,0.33488211035728455,context_encoding_only,in_the_wild
/Users/ahooker/Documents/Dissertation/virtushield/final-datasets/in-the-wild-final-small/SAFE/0/frame_12880.jpg,SAFE,SAFE,0.25685492157936096,context_encoding_only,in_the_wild
/Users/ahooker/Documents/Dissertation/virtushield/final-datasets/in-the-wild-final-small/SAFE/0/frame_12920.jpg,SAFE,SAFE,0.4301048219203949,context_encoding_only,in_the_wild
/Users/ahooker/Documents/Dissertation/virtushield/final-datasets/in-the-wild-final-small/SAFE/0/frame_12920__1.jpg,SAFE,SAFE,0.0994507297873497,context_encoding_only,in_the_wild
/Users/ahooker/Documents/Dissertation/virtushield/final-datasets/in-the-wild-final-small/SAFE/0/frame_13060.jpg,SAFE,SAFE,0.31987279653549194,context_encoding_only,in_the_wild
/Users/ahooker/Documents/Dissertation/virtushield/final-datasets/in-the-wild-final-small/SAFE/0/frame_13100.jpg,SAFE,SAFE,0.4013326168060303,context_encoding_only,in_the_wild
/Users/ahooker/Documents/Dissertation/virtushield/final-datasets/in-the-wild-final-small/SAFE/0/frame_13100__1.jpg,SAFE,SAFE,0.25360748171806335,context_encoding_only,in_the_wild
/Users/ahooker/Documents/Dissertation/virtushield/final-datasets/in-the-wild-final-small/SAFE/0/frame_13140.jpg,SAFE,SAFE,0.36540845036506653,context_encoding_only,in_the_wild
/Users/ahooker/Documents/Dissertation/virtushield/final-datasets/in-the-wild-final-small/SAFE/0/frame_13180.jpg,SAFE,SAFE,0.1749418079853058,context_encoding_only,in_the_wild
/Users/ahooker/Documents/Dissertation/virtushield/final-datasets/in-the-wild-final-small/SAFE/0/frame_1320.jpg,SAFE,SAFE,0.15768785774707794,context_encoding_only,in_the_wild
/Users/ahooker/Documents/Dissertation/virtushield/final-datasets/in-the-wild-final-small/SAFE/0/frame_13320.jpg,SAFE,SAFE,0.1457330882549286,context_encoding_only,in_the_wild
/Users/ahooker/Documents/Dissertation/virtushield/final-datasets/in-the-wild-final-small/SAFE/0/frame_13360.jpg,SAFE,SAFE,0.3909662067890167,context_encoding_only,in_the_wild
/Users/ahooker/Documents/Dissertation/virtushield/final-datasets/in-the-wild-final-small/SAFE/0/frame_13420.jpg,SAFE,SAFE,0.3493025004863739,context_encoding_only,in_the_wild
/Users/ahooker/Documents/Dissertation/virtushield/final-datasets/in-the-wild-final-small/SAFE/0/frame_13420__1.jpg,SAFE,SAFE,0.15382802486419678,context_encoding_only,in_the_wild
/Users/ahooker/Documents/Dissertation/virtushield/final-datasets/in-the-wild-final-small/SAFE/0/frame_13500.jpg,SAFE,SAFE,0.47491034865379333,context_encoding_only,in_the_wild
/Users/ahooker/Documents/Dissertation/virtushield/final-datasets/in-the-wild-final-small/SAFE/0/frame_13540.jpg,SAFE,SAFE,0.4173544943332672,context_encoding_only,in_the_wild
/Users/ahooker/Documents/Dissertation/virtushield/final-datasets/in-the-wild-final-small/SAFE/0/frame_13580.jpg,SAFE,SAFE,0.11272595077753067,context_encoding_only,in_the_wild
/Users/ahooker/Documents/Dissertation/virtushield/final-datasets/in-the-wild-final-small/SAFE/0/frame_13600.jpg,SAFE,SAFE,0.25323614478111267,context_encoding_only,in_the_wild
/Users/ahooker/Documents/Dissertation/virtushield/final-datasets/in-the-wild-final-small/SAFE/0/frame_13620.jpg,SAFE,SAFE,0.2799438238143921,context_encoding_only,in_the_wild
/Users/ahooker/Documents/Dissertation/virtushield/final-datasets/in-the-wild-final-small/SAFE/0/frame_13660.jpg,SAFE,SAFE,0.2313736379146576,context_encoding_only,in_the_wild
/Users/ahooker/Documents/Dissertation/virtushield/final-datasets/in-the-wild-final-small/SAFE/0/frame_13700.jpg,SAFE,SAFE,0.28870031237602234,context_encoding_only,in_the_wild
/Users/ahooker/Documents/Dissertation/virtushield/final-datasets/in-the-wild-final-small/SAFE/0/frame_13700__1.jpg,SAFE,SAFE,0.4019550681114197,context_encoding_only,in_the_wild
/Users/ahooker/Documents/Dissertation/virtushield/final-datasets/in-the-wild-final-small/SAFE/0/frame_13720.jpg,SAFE,SAFE,0.38342800736427307,context_encoding_only,in_the_wild
/Users/ahooker/Documents/Dissertation/virtushield/final-datasets/in-the-wild-final-small/SAFE/0/frame_13740.jpg,SAFE,SAFE,0.23804162442684174,context_encoding_only,in_the_wild
/Users/ahooker/Documents/Dissertation/virtushield/final-datasets/in-the-wild-final-small/SAFE/0/frame_13760.jpg,SAFE,SAFE,0.45480650663375854,context_encoding_only,in_the_wild
/Users/ahooker/Documents/Dissertation/virtushield/final-datasets/in-the-wild-final-small/SAFE/0/frame_13780.jpg,SAFE,SAFE,0.22995206713676453,context_encoding_only,in_the_wild
/Users/ahooker/Documents/Dissertation/virtushield/final-datasets/in-the-wild-final-small/SAFE/0/frame_13820.jpg,SAFE,SAFE,0.494064599275589,context_encoding_only,in_the_wild
/Users/ahooker/Documents/Dissertation/virtushield/final-datasets/in-the-wild-final-small/SAFE/0/frame_13920.jpg,SAFE,SAFE,0.38014930486679077,context_encoding_only,in_the_wild
/Users/ahooker/Documents/Dissertation/virtushield/final-datasets/in-the-wild-final-small/SAFE/0/frame_13940.jpg,SAFE,SAFE,0.19459611177444458,context_encoding_only,in_the_wild
/Users/ahooker/Documents/Dissertation/virtushield/final-datasets/in-the-wild-final-small/SAFE/0/frame_13960.jpg,SAFE,SAFE,0.2508934438228607,context_encoding_only,in_the_wild
/Users/ahooker/Documents/Dissertation/virtushield/final-datasets/in-the-wild-final-small/SAFE/0/frame_14000.jpg,SAFE,SAFE,0.22784563899040222,context_encoding_only,in_the_wild
/Users/ahooker/Documents/Dissertation/virtushield/final-datasets/in-the-wild-final-small/SAFE/0/frame_14020.jpg,SAFE,SAFE,0.2772195339202881,context_encoding_only,in_the_wild
/Users/ahooker/Documents/Dissertation/virtushield/final-datasets/in-the-wild-final-small/SAFE/0/frame_14080.jpg,SAFE,SAFE,0.4936407506465912,context_encoding_only,in_the_wild
/Users/ahooker/Documents/Dissertation/virtushield/final-datasets/in-the-wild-final-small/SAFE/0/frame_14120.jpg,SAFE,SAFE,0.07211092859506607,context_encoding_only,in_the_wild
/Users/ahooker/Documents/Dissertation/virtushield/final-datasets/in-the-wild-final-small/SAFE/0/frame_14200.jpg,SAFE,SAFE,0.3476621210575104,context_encoding_only,in_the_wild
/Users/ahooker/Documents/Dissertation/virtushield/final-datasets/in-the-wild-final-small/SAFE/0/frame_14260.jpg,SAFE,SAFE,0.26372456550598145,context_encoding_only,in_the_wild
/Users/ahooker/Documents/Dissertation/virtushield/final-datasets/in-the-wild-final-small/SAFE/0/frame_14300.jpg,SAFE,SAFE,0.27154096961021423,context_encoding_only,in_the_wild
/Users/ahooker/Documents/Dissertation/virtushield/final-datasets/in-the-wild-final-small/SAFE/0/frame_14340.jpg,SAFE,UNSAFE,0.522499144077301,context_encoding_only,in_the_wild
/Users/ahooker/Documents/Dissertation/virtushield/final-datasets/in-the-wild-final-small/SAFE/0/frame_1440.jpg,SAFE,SAFE,0.22970257699489594,context_encoding_only,in_the_wild
/Users/ahooker/Documents/Dissertation/virtushield/final-datasets/in-the-wild-final-small/SAFE/0/frame_14400.jpg,SAFE,SAFE,0.28960317373275757,context_encoding_only,in_the_wild
/Users/ahooker/Documents/Dissertation/virtushield/final-datasets/in-the-wild-final-small/SAFE/0/frame_14460.jpg,SAFE,SAFE,0.19234491884708405,context_encoding_only,in_the_wild
/Users/ahooker/Documents/Dissertation/virtushield/final-datasets/in-the-wild-final-small/SAFE/0/frame_14540.jpg,SAFE,UNSAFE,0.5036057829856873,context_encoding_only,in_the_wild
/Users/ahooker/Documents/Dissertation/virtushield/final-datasets/in-the-wild-final-small/SAFE/0/frame_14580.jpg,SAFE,SAFE,0.33425408601760864,context_encoding_only,in_the_wild
/Users/ahooker/Documents/Dissertation/virtushield/final-datasets/in-the-wild-final-small/SAFE/0/frame_14640.jpg,SAFE,UNSAFE,0.5225772261619568,context_encoding_only,in_the_wild
/Users/ahooker/Documents/Dissertation/virtushield/final-datasets/in-the-wild-final-small/SAFE/0/frame_14660.jpg,SAFE,SAFE,0.29666975140571594,context_encoding_only,in_the_wild
/Users/ahooker/Documents/Dissertation/virtushield/final-datasets/in-the-wild-final-small/SAFE/0/frame_14660__1.jpg,SAFE,SAFE,0.31005996465682983,context_encoding_only,in_the_wild
/Users/ahooker/Documents/Dissertation/virtushield/final-datasets/in-the-wild-final-small/SAFE/0/frame_14760.jpg,SAFE,SAFE,0.36520373821258545,context_encoding_only,in_the_wild
/Users/ahooker/Documents/Dissertation/virtushield/final-datasets/in-the-wild-final-small/SAFE/0/frame_1480.jpg,SAFE,SAFE,0.3901168406009674,context_encoding_only,in_the_wild
/Users/ahooker/Documents/Dissertation/virtushield/final-datasets/in-the-wild-final-small/SAFE/0/frame_14800.jpg,SAFE,SAFE,0.11884652823209763,context_encoding_only,in_the_wild
/Users/ahooker/Documents/Dissertation/virtushield/final-datasets/in-the-wild-final-small/SAFE/0/frame_1480__1.jpg,SAFE,UNSAFE,0.5759835243225098,context_encoding_only,in_the_wild
/Users/ahooker/Documents/Dissertation/virtushield/final-datasets/in-the-wild-final-small/SAFE/0/frame_14820.jpg,SAFE,SAFE,0.3236268162727356,context_encoding_only,in_the_wild
/Users/ahooker/Documents/Dissertation/virtushield/final-datasets/in-the-wild-final-small/SAFE/0/frame_14840.jpg,SAFE,UNSAFE,0.6205690503120422,context_encoding_only,in_the_wild
/Users/ahooker/Documents/Dissertation/virtushield/final-datasets/in-the-wild-final-small/SAFE/0/frame_15000.jpg,SAFE,UNSAFE,0.7115749716758728,context_encoding_only,in_the_wild
/Users/ahooker/Documents/Dissertation/virtushield/final-datasets/in-the-wild-final-small/SAFE/0/frame_15060.jpg,SAFE,SAFE,0.39283487200737,context_encoding_only,in_the_wild
/Users/ahooker/Documents/Dissertation/virtushield/final-datasets/in-the-wild-final-small/SAFE/0/frame_15160.jpg,SAFE,SAFE,0.27143460512161255,context_encoding_only,in_the_wild
/Users/ahooker/Documents/Dissertation/virtushield/final-datasets/in-the-wild-final-small/SAFE/0/frame_15160__1.jpg,SAFE,UNSAFE,0.5797945261001587,context_encoding_only,in_the_wild
/Users/ahooker/Documents/Dissertation/virtushield/final-datasets/in-the-wild-final-small/SAFE/0/frame_1520.jpg,SAFE,SAFE,0.1948697715997696,context_encoding_only,in_the_wild
/Users/ahooker/Documents/Dissertation/virtushield/final-datasets/in-the-wild-final-small/SAFE/0/frame_15220.jpg,SAFE,SAFE,0.27240774035453796,context_encoding_only,in_the_wild
/Users/ahooker/Documents/Dissertation/virtushield/final-datasets/in-the-wild-final-small/SAFE/0/frame_15280.jpg,SAFE,SAFE,0.3541071116924286,context_encoding_only,in_the_wild
/Users/ahooker/Documents/Dissertation/virtushield/final-datasets/in-the-wild-final-small/SAFE/0/frame_15280__1.jpg,SAFE,SAFE,0.4565441310405731,context_encoding_only,in_the_wild
/Users/ahooker/Documents/Dissertation/virtushield/final-datasets/in-the-wild-final-small/SAFE/0/frame_15280__2.jpg,SAFE,SAFE,0.3928603529930115,context_encoding_only,in_the_wild
/Users/ahooker/Documents/Dissertation/virtushield/final-datasets/in-the-wild-final-small/SAFE/0/frame_15460.jpg,SAFE,UNSAFE,0.827968955039978,context_encoding_only,in_the_wild
/Users/ahooker/Documents/Dissertation/virtushield/final-datasets/in-the-wild-final-small/SAFE/0/frame_15520.jpg,SAFE,SAFE,0.1697693020105362,context_encoding_only,in_the_wild
/Users/ahooker/Documents/Dissertation/virtushield/final-datasets/in-the-wild-final-small/SAFE/0/frame_15560.jpg,SAFE,SAFE,0.47259506583213806,context_encoding_only,in_the_wild
/Users/ahooker/Documents/Dissertation/virtushield/final-datasets/in-the-wild-final-small/SAFE/0/frame_15580.jpg,SAFE,UNSAFE,0.5858015418052673,context_encoding_only,in_the_wild
/Users/ahooker/Documents/Dissertation/virtushield/final-datasets/in-the-wild-final-small/SAFE/0/frame_15640.jpg,SAFE,SAFE,0.39119967818260193,context_encoding_only,in_the_wild
/Users/ahooker/Documents/Dissertation/virtushield/final-datasets/in-the-wild-final-small/SAFE/0/frame_15720.jpg,SAFE,UNSAFE,0.664760947227478,context_encoding_only,in_the_wild
/Users/ahooker/Documents/Dissertation/virtushield/final-datasets/in-the-wild-final-small/SAFE/0/frame_15740.jpg,SAFE,UNSAFE,0.5637382864952087,context_encoding_only,in_the_wild
/Users/ahooker/Documents/Dissertation/virtushield/final-datasets/in-the-wild-final-small/SAFE/0/frame_1580.jpg,SAFE,SAFE,0.0839156061410904,context_encoding_only,in_the_wild
/Users/ahooker/Documents/Dissertation/virtushield/final-datasets/in-the-wild-final-small/SAFE/0/frame_15820.jpg,SAFE,SAFE,0.4466266930103302,context_encoding_only,in_the_wild
/Users/ahooker/Documents/Dissertation/virtushield/final-datasets/in-the-wild-final-small/SAFE/0/frame_15820__1.jpg,SAFE,SAFE,0.4466266930103302,context_encoding_only,in_the_wild
/Users/ahooker/Documents/Dissertation/virtushield/final-datasets/in-the-wild-final-small/SAFE/0/frame_15900.jpg,SAFE,SAFE,0.3665277659893036,context_encoding_only,in_the_wild
/Users/ahooker/Documents/Dissertation/virtushield/final-datasets/in-the-wild-final-small/SAFE/0/frame_15920.jpg,SAFE,SAFE,0.45736485719680786,context_encoding_only,in_the_wild
/Users/ahooker/Documents/Dissertation/virtushield/final-datasets/in-the-wild-final-small/SAFE/0/frame_15960.jpg,SAFE,SAFE,0.2718217670917511,context_encoding_only,in_the_wild
/Users/ahooker/Documents/Dissertation/virtushield/final-datasets/in-the-wild-final-small/SAFE/0/frame_15980.jpg,SAFE,UNSAFE,0.6234449744224548,context_encoding_only,in_the_wild
/Users/ahooker/Documents/Dissertation/virtushield/final-datasets/in-the-wild-final-small/SAFE/0/frame_16120.jpg,SAFE,SAFE,0.3514023721218109,context_encoding_only,in_the_wild
/Users/ahooker/Documents/Dissertation/virtushield/final-datasets/in-the-wild-final-small/SAFE/0/frame_1620.jpg,SAFE,SAFE,0.2309960126876831,context_encoding_only,in_the_wild
/Users/ahooker/Documents/Dissertation/virtushield/final-datasets/in-the-wild-final-small/SAFE/0/frame_16280.jpg,SAFE,SAFE,0.1337503343820572,context_encoding_only,in_the_wild
/Users/ahooker/Documents/Dissertation/virtushield/final-datasets/in-the-wild-final-small/SAFE/0/frame_16360.jpg,SAFE,SAFE,0.4819895327091217,context_encoding_only,in_the_wild
/Users/ahooker/Documents/Dissertation/virtushield/final-datasets/in-the-wild-final-small/SAFE/0/frame_16380.jpg,SAFE,UNSAFE,0.5615323185920715,context_encoding_only,in_the_wild
/Users/ahooker/Documents/Dissertation/virtushield/final-datasets/in-the-wild-final-small/SAFE/0/frame_1640.jpg,SAFE,SAFE,0.166908398270607,context_encoding_only,in_the_wild
/Users/ahooker/Documents/Dissertation/virtushield/final-datasets/in-the-wild-final-small/SAFE/0/frame_1640__1.jpg,SAFE,UNSAFE,0.5459033250808716,context_encoding_only,in_the_wild
/Users/ahooker/Documents/Dissertation/virtushield/final-datasets/in-the-wild-final-small/SAFE/0/frame_16500.jpg,SAFE,SAFE,0.280404657125473,context_encoding_only,in_the_wild
/Users/ahooker/Documents/Dissertation/virtushield/final-datasets/in-the-wild-final-small/SAFE/0/frame_16560.jpg,SAFE,SAFE,0.14158158004283905,context_encoding_only,in_the_wild
/Users/ahooker/Documents/Dissertation/virtushield/final-datasets/in-the-wild-final-small/SAFE/0/frame_16580.jpg,SAFE,UNSAFE,0.7257260680198669,context_encoding_only,in_the_wild
/Users/ahooker/Documents/Dissertation/virtushield/final-datasets/in-the-wild-final-small/SAFE/0/frame_16580__1.jpg,SAFE,UNSAFE,0.5658999681472778,context_encoding_only,in_the_wild
/Users/ahooker/Documents/Dissertation/virtushield/final-datasets/in-the-wild-final-small/SAFE/0/frame_1660.jpg,SAFE,SAFE,0.13273660838603973,context_encoding_only,in_the_wild
/Users/ahooker/Documents/Dissertation/virtushield/final-datasets/in-the-wild-final-small/SAFE/0/frame_16600.jpg,SAFE,UNSAFE,0.7782864570617676,context_encoding_only,in_the_wild
/Users/ahooker/Documents/Dissertation/virtushield/final-datasets/in-the-wild-final-small/SAFE/0/frame_16720.jpg,SAFE,SAFE,0.21837720274925232,context_encoding_only,in_the_wild
/Users/ahooker/Documents/Dissertation/virtushield/final-datasets/in-the-wild-final-small/SAFE/0/frame_16740.jpg,SAFE,UNSAFE,0.562300443649292,context_encoding_only,in_the_wild
/Users/ahooker/Documents/Dissertation/virtushield/final-datasets/in-the-wild-final-small/SAFE/0/frame_16800.jpg,SAFE,SAFE,0.3995233476161957,context_encoding_only,in_the_wild
/Users/ahooker/Documents/Dissertation/virtushield/final-datasets/in-the-wild-final-small/SAFE/0/frame_16920.jpg,SAFE,SAFE,0.1948224902153015,context_encoding_only,in_the_wild
/Users/ahooker/Documents/Dissertation/virtushield/final-datasets/in-the-wild-final-small/SAFE/0/frame_16960.jpg,SAFE,UNSAFE,0.6506701707839966,context_encoding_only,in_the_wild
/Users/ahooker/Documents/Dissertation/virtushield/final-datasets/in-the-wild-final-small/SAFE/0/frame_17000.jpg,SAFE,UNSAFE,0.5006475448608398,context_encoding_only,in_the_wild
/Users/ahooker/Documents/Dissertation/virtushield/final-datasets/in-the-wild-final-small/SAFE/0/frame_17220.jpg,SAFE,UNSAFE,0.5672311782836914,context_encoding_only,in_the_wild
/Users/ahooker/Documents/Dissertation/virtushield/final-datasets/in-the-wild-final-small/SAFE/0/frame_17320.jpg,SAFE,SAFE,0.3303024172782898,context_encoding_only,in_the_wild
/Users/ahooker/Documents/Dissertation/virtushield/final-datasets/in-the-wild-final-small/SAFE/0/frame_17340.jpg,SAFE,UNSAFE,0.6362855434417725,context_encoding_only,in_the_wild
/Users/ahooker/Documents/Dissertation/virtushield/final-datasets/in-the-wild-final-small/SAFE/0/frame_17360.jpg,SAFE,SAFE,0.4908181130886078,context_encoding_only,in_the_wild
/Users/ahooker/Documents/Dissertation/virtushield/final-datasets/in-the-wild-final-small/SAFE/0/frame_17460.jpg,SAFE,SAFE,0.17838965356349945,context_encoding_only,in_the_wild
/Users/ahooker/Documents/Dissertation/virtushield/final-datasets/in-the-wild-final-small/SAFE/0/frame_17660.jpg,SAFE,SAFE,0.2646923363208771,context_encoding_only,in_the_wild
/Users/ahooker/Documents/Dissertation/virtushield/final-datasets/in-the-wild-final-small/SAFE/0/frame_17660__1.jpg,SAFE,SAFE,0.1551487296819687,context_encoding_only,in_the_wild
/Users/ahooker/Documents/Dissertation/virtushield/final-datasets/in-the-wild-final-small/SAFE/0/frame_17680.jpg,SAFE,SAFE,0.3270164728164673,context_encoding_only,in_the_wild
/Users/ahooker/Documents/Dissertation/virtushield/final-datasets/in-the-wild-final-small/SAFE/0/frame_1780.jpg,SAFE,SAFE,0.05083027854561806,context_encoding_only,in_the_wild
/Users/ahooker/Documents/Dissertation/virtushield/final-datasets/in-the-wild-final-small/SAFE/0/frame_1780__1.jpg,SAFE,UNSAFE,0.6342756748199463,context_encoding_only,in_the_wild
/Users/ahooker/Documents/Dissertation/virtushield/final-datasets/in-the-wild-final-small/SAFE/0/frame_17820.jpg,SAFE,SAFE,0.31236591935157776,context_encoding_only,in_the_wild
/Users/ahooker/Documents/Dissertation/virtushield/final-datasets/in-the-wild-final-small/SAFE/0/frame_17840.jpg,SAFE,SAFE,0.44148769974708557,context_encoding_only,in_the_wild
/Users/ahooker/Documents/Dissertation/virtushield/final-datasets/in-the-wild-final-small/SAFE/0/frame_17880.jpg,SAFE,SAFE,0.4985933303833008,context_encoding_only,in_the_wild
/Users/ahooker/Documents/Dissertation/virtushield/final-datasets/in-the-wild-final-small/SAFE/0/frame_17920.jpg,SAFE,SAFE,0.3503536880016327,context_encoding_only,in_the_wild
/Users/ahooker/Documents/Dissertation/virtushield/final-datasets/in-the-wild-final-small/SAFE/0/frame_180.jpg,SAFE,SAFE,0.3904735743999481,context_encoding_only,in_the_wild
/Users/ahooker/Documents/Dissertation/virtushield/final-datasets/in-the-wild-final-small/SAFE/0/frame_18260.jpg,SAFE,SAFE,0.360980361700058,context_encoding_only,in_the_wild
/Users/ahooker/Documents/Dissertation/virtushield/final-datasets/in-the-wild-final-small/SAFE/0/frame_18320.jpg,SAFE,SAFE,0.30062606930732727,context_encoding_only,in_the_wild
/Users/ahooker/Documents/Dissertation/virtushield/final-datasets/in-the-wild-final-small/SAFE/0/frame_18420.jpg,SAFE,SAFE,0.3032104969024658,context_encoding_only,in_the_wild
/Users/ahooker/Documents/Dissertation/virtushield/final-datasets/in-the-wild-final-small/SAFE/0/frame_18580.jpg,SAFE,SAFE,0.25715798139572144,context_encoding_only,in_the_wild
/Users/ahooker/Documents/Dissertation/virtushield/final-datasets/in-the-wild-final-small/SAFE/0/frame_18680.jpg,SAFE,UNSAFE,0.6612464189529419,context_encoding_only,in_the_wild
/Users/ahooker/Documents/Dissertation/virtushield/final-datasets/in-the-wild-final-small/SAFE/0/frame_18740.jpg,SAFE,SAFE,0.4409501850605011,context_encoding_only,in_the_wild
/Users/ahooker/Documents/Dissertation/virtushield/final-datasets/in-the-wild-final-small/SAFE/0/frame_18740__1.jpg,SAFE,SAFE,0.21863874793052673,context_encoding_only,in_the_wild
/Users/ahooker/Documents/Dissertation/virtushield/final-datasets/in-the-wild-final-small/SAFE/0/frame_18780.jpg,SAFE,SAFE,0.27321404218673706,context_encoding_only,in_the_wild
/Users/ahooker/Documents/Dissertation/virtushield/final-datasets/in-the-wild-final-small/SAFE/0/frame_1880.jpg,SAFE,UNSAFE,0.5069566369056702,context_encoding_only,in_the_wild
/Users/ahooker/Documents/Dissertation/virtushield/final-datasets/in-the-wild-final-small/SAFE/0/frame_18980.jpg,SAFE,SAFE,0.3466946482658386,context_encoding_only,in_the_wild
/Users/ahooker/Documents/Dissertation/virtushield/final-datasets/in-the-wild-final-small/SAFE/0/frame_18980__1.jpg,SAFE,SAFE,0.3973577618598938,context_encoding_only,in_the_wild
/Users/ahooker/Documents/Dissertation/virtushield/final-datasets/in-the-wild-final-small/SAFE/0/frame_1900.jpg,SAFE,SAFE,0.42559778690338135,context_encoding_only,in_the_wild
/Users/ahooker/Documents/Dissertation/virtushield/final-datasets/in-the-wild-final-small/SAFE/0/frame_19060.jpg,SAFE,SAFE,0.2594234347343445,context_encoding_only,in_the_wild
/Users/ahooker/Documents/Dissertation/virtushield/final-datasets/in-the-wild-final-small/SAFE/0/frame_19080.jpg,SAFE,SAFE,0.08119943737983704,context_encoding_only,in_the_wild
/Users/ahooker/Documents/Dissertation/virtushield/final-datasets/in-the-wild-final-small/SAFE/0/frame_19120.jpg,SAFE,SAFE,0.12519881129264832,context_encoding_only,in_the_wild
/Users/ahooker/Documents/Dissertation/virtushield/final-datasets/in-the-wild-final-small/SAFE/0/frame_19120__1.jpg,SAFE,SAFE,0.42342355847358704,context_encoding_only,in_the_wild
/Users/ahooker/Documents/Dissertation/virtushield/final-datasets/in-the-wild-final-small/SAFE/0/frame_19160.jpg,SAFE,SAFE,0.2724459171295166,context_encoding_only,in_the_wild
/Users/ahooker/Documents/Dissertation/virtushield/final-datasets/in-the-wild-final-small/SAFE/0/frame_19280.jpg,SAFE,SAFE,0.21341687440872192,context_encoding_only,in_the_wild
/Users/ahooker/Documents/Dissertation/virtushield/final-datasets/in-the-wild-final-small/SAFE/0/frame_19280__1.jpg,SAFE,SAFE,0.27379655838012695,context_encoding_only,in_the_wild
/Users/ahooker/Documents/Dissertation/virtushield/final-datasets/in-the-wild-final-small/SAFE/0/frame_19340.jpg,SAFE,SAFE,0.27049002051353455,context_encoding_only,in_the_wild
/Users/ahooker/Documents/Dissertation/virtushield/final-datasets/in-the-wild-final-small/SAFE/0/frame_19400.jpg,SAFE,SAFE,0.3518141508102417,context_encoding_only,in_the_wild
/Users/ahooker/Documents/Dissertation/virtushield/final-datasets/in-the-wild-final-small/SAFE/0/frame_19520.jpg,SAFE,SAFE,0.2602767050266266,context_encoding_only,in_the_wild
/Users/ahooker/Documents/Dissertation/virtushield/final-datasets/in-the-wild-final-small/SAFE/0/frame_19540.jpg,SAFE,SAFE,0.2578785717487335,context_encoding_only,in_the_wild
/Users/ahooker/Documents/Dissertation/virtushield/final-datasets/in-the-wild-final-small/SAFE/0/frame_19580.jpg,SAFE,SAFE,0.23284123837947845,context_encoding_only,in_the_wild
/Users/ahooker/Documents/Dissertation/virtushield/final-datasets/in-the-wild-final-small/SAFE/0/frame_19620.jpg,SAFE,SAFE,0.4248840808868408,context_encoding_only,in_the_wild
/Users/ahooker/Documents/Dissertation/virtushield/final-datasets/in-the-wild-final-small/SAFE/0/frame_19640.jpg,SAFE,SAFE,0.24432674050331116,context_encoding_only,in_the_wild
/Users/ahooker/Documents/Dissertation/virtushield/final-datasets/in-the-wild-final-small/SAFE/0/frame_19700.jpg,SAFE,SAFE,0.3904903531074524,context_encoding_only,in_the_wild
/Users/ahooker/Documents/Dissertation/virtushield/final-datasets/in-the-wild-final-small/SAFE/0/frame_19740.jpg,SAFE,UNSAFE,0.5394604802131653,context_encoding_only,in_the_wild
/Users/ahooker/Documents/Dissertation/virtushield/final-datasets/in-the-wild-final-small/SAFE/0/frame_1980.jpg,SAFE,SAFE,0.4962044656276703,context_encoding_only,in_the_wild
/Users/ahooker/Documents/Dissertation/virtushield/final-datasets/in-the-wild-final-small/SAFE/0/frame_19800.jpg,SAFE,SAFE,0.2606669068336487,context_encoding_only,in_the_wild
/Users/ahooker/Documents/Dissertation/virtushield/final-datasets/in-the-wild-final-small/SAFE/0/frame_19880.jpg,SAFE,UNSAFE,0.5319744944572449,context_encoding_only,in_the_wild
/Users/ahooker/Documents/Dissertation/virtushield/final-datasets/in-the-wild-final-small/SAFE/0/frame_19920.jpg,SAFE,UNSAFE,0.5614580512046814,context_encoding_only,in_the_wild
/Users/ahooker/Documents/Dissertation/virtushield/final-datasets/in-the-wild-final-small/SAFE/0/frame_19940.jpg,SAFE,SAFE,0.3833337426185608,context_encoding_only,in_the_wild
/Users/ahooker/Documents/Dissertation/virtushield/final-datasets/in-the-wild-final-small/SAFE/0/frame_2000.jpg,SAFE,SAFE,0.19397982954978943,context_encoding_only,in_the_wild
/Users/ahooker/Documents/Dissertation/virtushield/final-datasets/in-the-wild-final-small/SAFE/0/frame_20020.jpg,SAFE,SAFE,0.48308491706848145,context_encoding_only,in_the_wild
/Users/ahooker/Documents/Dissertation/virtushield/final-datasets/in-the-wild-final-small/SAFE/0/frame_20160.jpg,SAFE,UNSAFE,0.5361008644104004,context_encoding_only,in_the_wild
/Users/ahooker/Documents/Dissertation/virtushield/final-datasets/in-the-wild-final-small/SAFE/0/frame_20180.jpg,SAFE,SAFE,0.37846091389656067,context_encoding_only,in_the_wild
/Users/ahooker/Documents/Dissertation/virtushield/final-datasets/in-the-wild-final-small/SAFE/0/frame_2020.jpg,SAFE,SAFE,0.23878657817840576,context_encoding_only,in_the_wild
/Users/ahooker/Documents/Dissertation/virtushield/final-datasets/in-the-wild-final-small/SAFE/0/frame_20260.jpg,SAFE,SAFE,0.17090031504631042,context_encoding_only,in_the_wild
/Users/ahooker/Documents/Dissertation/virtushield/final-datasets/in-the-wild-final-small/SAFE/0/frame_20300.jpg,SAFE,SAFE,0.26482006907463074,context_encoding_only,in_the_wild
/Users/ahooker/Documents/Dissertation/virtushield/final-datasets/in-the-wild-final-small/SAFE/0/frame_20400.jpg,SAFE,SAFE,0.16144129633903503,context_encoding_only,in_the_wild
/Users/ahooker/Documents/Dissertation/virtushield/final-datasets/in-the-wild-final-small/SAFE/0/frame_20400__1.jpg,SAFE,SAFE,0.457171231508255,context_encoding_only,in_the_wild
/Users/ahooker/Documents/Dissertation/virtushield/final-datasets/in-the-wild-final-small/SAFE/0/frame_20440.jpg,SAFE,SAFE,0.2822839021682739,context_encoding_only,in_the_wild
/Users/ahooker/Documents/Dissertation/virtushield/final-datasets/in-the-wild-final-small/SAFE/0/frame_20540.jpg,SAFE,SAFE,0.3406094014644623,context_encoding_only,in_the_wild
/Users/ahooker/Documents/Dissertation/virtushield/final-datasets/in-the-wild-final-small/SAFE/0/frame_2060.jpg,SAFE,UNSAFE,0.6047960519790649,context_encoding_only,in_the_wild
/Users/ahooker/Documents/Dissertation/virtushield/final-datasets/in-the-wild-final-small/SAFE/0/frame_2060__1.jpg,SAFE,SAFE,0.21456344425678253,context_encoding_only,in_the_wild
/Users/ahooker/Documents/Dissertation/virtushield/final-datasets/in-the-wild-final-small/SAFE/0/frame_20620.jpg,SAFE,UNSAFE,0.5015277862548828,context_encoding_only,in_the_wild
/Users/ahooker/Documents/Dissertation/virtushield/final-datasets/in-the-wild-final-small/SAFE/0/frame_20640.jpg,SAFE,SAFE,0.3920808434486389,context_encoding_only,in_the_wild
/Users/ahooker/Documents/Dissertation/virtushield/final-datasets/in-the-wild-final-small/SAFE/0/frame_20680.jpg,SAFE,UNSAFE,0.5462890863418579,context_encoding_only,in_the_wild
/Users/ahooker/Documents/Dissertation/virtushield/final-datasets/in-the-wild-final-small/SAFE/0/frame_20700.jpg,SAFE,SAFE,0.3663608133792877,context_encoding_only,in_the_wild
/Users/ahooker/Documents/Dissertation/virtushield/final-datasets/in-the-wild-final-small/SAFE/0/frame_20760.jpg,SAFE,SAFE,0.3127027750015259,context_encoding_only,in_the_wild
/Users/ahooker/Documents/Dissertation/virtushield/final-datasets/in-the-wild-final-small/SAFE/0/frame_20880.jpg,SAFE,SAFE,0.09422223269939423,context_encoding_only,in_the_wild
/Users/ahooker/Documents/Dissertation/virtushield/final-datasets/in-the-wild-final-small/SAFE/0/frame_20900.jpg,SAFE,SAFE,0.18272072076797485,context_encoding_only,in_the_wild
/Users/ahooker/Documents/Dissertation/virtushield/final-datasets/in-the-wild-final-small/SAFE/0/frame_21020.jpg,SAFE,SAFE,0.4250355362892151,context_encoding_only,in_the_wild
/Users/ahooker/Documents/Dissertation/virtushield/final-datasets/in-the-wild-final-small/SAFE/0/frame_21020__1.jpg,SAFE,SAFE,0.2526007890701294,context_encoding_only,in_the_wild
/Users/ahooker/Documents/Dissertation/virtushield/final-datasets/in-the-wild-final-small/SAFE/0/frame_21160.jpg,SAFE,UNSAFE,0.5123304128646851,context_encoding_only,in_the_wild
/Users/ahooker/Documents/Dissertation/virtushield/final-datasets/in-the-wild-final-small/SAFE/0/frame_21500.jpg,SAFE,SAFE,0.21079835295677185,context_encoding_only,in_the_wild
/Users/ahooker/Documents/Dissertation/virtushield/final-datasets/in-the-wild-final-small/SAFE/0/frame_21600.jpg,SAFE,UNSAFE,0.5480821132659912,context_encoding_only,in_the_wild
/Users/ahooker/Documents/Dissertation/virtushield/final-datasets/in-the-wild-final-small/SAFE/0/frame_21700.jpg,SAFE,SAFE,0.1744108349084854,context_encoding_only,in_the_wild
/Users/ahooker/Documents/Dissertation/virtushield/final-datasets/in-the-wild-final-small/SAFE/0/frame_21800.jpg,SAFE,SAFE,0.45509597659111023,context_encoding_only,in_the_wild
/Users/ahooker/Documents/Dissertation/virtushield/final-datasets/in-the-wild-final-small/SAFE/0/frame_21820.jpg,SAFE,SAFE,0.04309080168604851,context_encoding_only,in_the_wild
/Users/ahooker/Documents/Dissertation/virtushield/final-datasets/in-the-wild-final-small/SAFE/0/frame_21840.jpg,SAFE,UNSAFE,0.505723237991333,context_encoding_only,in_the_wild
/Users/ahooker/Documents/Dissertation/virtushield/final-datasets/in-the-wild-final-small/SAFE/0/frame_21900.jpg,SAFE,SAFE,0.19922827184200287,context_encoding_only,in_the_wild
/Users/ahooker/Documents/Dissertation/virtushield/final-datasets/in-the-wild-final-small/SAFE/0/frame_21940.jpg,SAFE,SAFE,0.40268751978874207,context_encoding_only,in_the_wild
/Users/ahooker/Documents/Dissertation/virtushield/final-datasets/in-the-wild-final-small/SAFE/0/frame_21960.jpg,SAFE,SAFE,0.24305523931980133,context_encoding_only,in_the_wild
/Users/ahooker/Documents/Dissertation/virtushield/final-datasets/in-the-wild-final-small/SAFE/0/frame_220.jpg,SAFE,SAFE,0.3776639401912689,context_encoding_only,in_the_wild
/Users/ahooker/Documents/Dissertation/virtushield/final-datasets/in-the-wild-final-small/SAFE/0/frame_22100.jpg,SAFE,SAFE,0.3507813811302185,context_encoding_only,in_the_wild
/Users/ahooker/Documents/Dissertation/virtushield/final-datasets/in-the-wild-final-small/SAFE/0/frame_22520.jpg,SAFE,SAFE,0.17422305047512054,context_encoding_only,in_the_wild
/Users/ahooker/Documents/Dissertation/virtushield/final-datasets/in-the-wild-final-small/SAFE/0/frame_22540.jpg,SAFE,SAFE,0.2468583881855011,context_encoding_only,in_the_wild
/Users/ahooker/Documents/Dissertation/virtushield/final-datasets/in-the-wild-final-small/SAFE/0/frame_2280.jpg,SAFE,SAFE,0.11060073226690292,context_encoding_only,in_the_wild
/Users/ahooker/Documents/Dissertation/virtushield/final-datasets/in-the-wild-final-small/SAFE/0/frame_22800.jpg,SAFE,SAFE,0.11600608378648758,context_encoding_only,in_the_wild
/Users/ahooker/Documents/Dissertation/virtushield/final-datasets/in-the-wild-final-small/SAFE/0/frame_22840.jpg,SAFE,SAFE,0.14429929852485657,context_encoding_only,in_the_wild
/Users/ahooker/Documents/Dissertation/virtushield/final-datasets/in-the-wild-final-small/SAFE/0/frame_22860.jpg,SAFE,SAFE,0.2777728736400604,context_encoding_only,in_the_wild
/Users/ahooker/Documents/Dissertation/virtushield/final-datasets/in-the-wild-final-small/SAFE/0/frame_22900.jpg,SAFE,UNSAFE,0.6206166744232178,context_encoding_only,in_the_wild
/Users/ahooker/Documents/Dissertation/virtushield/final-datasets/in-the-wild-final-small/SAFE/0/frame_22940.jpg,SAFE,SAFE,0.4537643492221832,context_encoding_only,in_the_wild
/Users/ahooker/Documents/Dissertation/virtushield/final-datasets/in-the-wild-final-small/SAFE/0/frame_22980.jpg,SAFE,SAFE,0.4318546652793884,context_encoding_only,in_the_wild
/Users/ahooker/Documents/Dissertation/virtushield/final-datasets/in-the-wild-final-small/SAFE/0/frame_22980__1.jpg,SAFE,SAFE,0.2056730091571808,context_encoding_only,in_the_wild
/Users/ahooker/Documents/Dissertation/virtushield/final-datasets/in-the-wild-final-small/SAFE/0/frame_2300.jpg,SAFE,SAFE,0.34598949551582336,context_encoding_only,in_the_wild
/Users/ahooker/Documents/Dissertation/virtushield/final-datasets/in-the-wild-final-small/SAFE/0/frame_23100.jpg,SAFE,SAFE,0.15465706586837769,context_encoding_only,in_the_wild
/Users/ahooker/Documents/Dissertation/virtushield/final-datasets/in-the-wild-final-small/SAFE/0/frame_23140.jpg,SAFE,SAFE,0.15860939025878906,context_encoding_only,in_the_wild
/Users/ahooker/Documents/Dissertation/virtushield/final-datasets/in-the-wild-final-small/SAFE/0/frame_23260.jpg,SAFE,SAFE,0.14395931363105774,context_encoding_only,in_the_wild
/Users/ahooker/Documents/Dissertation/virtushield/final-datasets/in-the-wild-final-small/SAFE/0/frame_23560.jpg,SAFE,UNSAFE,0.6151804327964783,context_encoding_only,in_the_wild
/Users/ahooker/Documents/Dissertation/virtushield/final-datasets/in-the-wild-final-small/SAFE/0/frame_23600.jpg,SAFE,SAFE,0.09888776391744614,context_encoding_only,in_the_wild
/Users/ahooker/Documents/Dissertation/virtushield/final-datasets/in-the-wild-final-small/SAFE/0/frame_23760.jpg,SAFE,SAFE,0.19818447530269623,context_encoding_only,in_the_wild
/Users/ahooker/Documents/Dissertation/virtushield/final-datasets/in-the-wild-final-small/SAFE/0/frame_2420.jpg,SAFE,SAFE,0.27321216464042664,context_encoding_only,in_the_wild
/Users/ahooker/Documents/Dissertation/virtushield/final-datasets/in-the-wild-final-small/SAFE/0/frame_2440.jpg,SAFE,SAFE,0.11014806479215622,context_encoding_only,in_the_wild
/Users/ahooker/Documents/Dissertation/virtushield/final-datasets/in-the-wild-final-small/SAFE/0/frame_2480.jpg,SAFE,SAFE,0.45420166850090027,context_encoding_only,in_the_wild
/Users/ahooker/Documents/Dissertation/virtushield/final-datasets/in-the-wild-final-small/SAFE/0/frame_2540.jpg,SAFE,SAFE,0.04420684650540352,context_encoding_only,in_the_wild
/Users/ahooker/Documents/Dissertation/virtushield/final-datasets/in-the-wild-final-small/SAFE/0/frame_2560.jpg,SAFE,UNSAFE,0.7430569529533386,context_encoding_only,in_the_wild
/Users/ahooker/Documents/Dissertation/virtushield/final-datasets/in-the-wild-final-small/SAFE/0/frame_2580.jpg,SAFE,SAFE,0.14391887187957764,context_encoding_only,in_the_wild
/Users/ahooker/Documents/Dissertation/virtushield/final-datasets/in-the-wild-final-small/SAFE/0/frame_2580__1.jpg,SAFE,SAFE,0.14391887187957764,context_encoding_only,in_the_wild
/Users/ahooker/Documents/Dissertation/virtushield/final-datasets/in-the-wild-final-small/SAFE/0/frame_2580__2.jpg,SAFE,UNSAFE,0.7542636394500732,context_encoding_only,in_the_wild
/Users/ahooker/Documents/Dissertation/virtushield/final-datasets/in-the-wild-final-small/SAFE/0/frame_25840.jpg,SAFE,SAFE,0.49160557985305786,context_encoding_only,in_the_wild
/Users/ahooker/Documents/Dissertation/virtushield/final-datasets/in-the-wild-final-small/SAFE/0/frame_2600.jpg,SAFE,SAFE,0.4451187252998352,context_encoding_only,in_the_wild
/Users/ahooker/Documents/Dissertation/virtushield/final-datasets/in-the-wild-final-small/SAFE/0/frame_2660.jpg,SAFE,SAFE,0.25551924109458923,context_encoding_only,in_the_wild
/Users/ahooker/Documents/Dissertation/virtushield/final-datasets/in-the-wild-final-small/SAFE/0/frame_2680.jpg,SAFE,SAFE,0.35984376072883606,context_encoding_only,in_the_wild
/Users/ahooker/Documents/Dissertation/virtushield/final-datasets/in-the-wild-final-small/SAFE/0/frame_2700.jpg,SAFE,SAFE,0.11508334428071976,context_encoding_only,in_the_wild
/Users/ahooker/Documents/Dissertation/virtushield/final-datasets/in-the-wild-final-small/SAFE/0/frame_27000.jpg,SAFE,SAFE,0.4207269549369812,context_encoding_only,in_the_wild
/Users/ahooker/Documents/Dissertation/virtushield/final-datasets/in-the-wild-final-small/SAFE/0/frame_27120.jpg,SAFE,SAFE,0.36724454164505005,context_encoding_only,in_the_wild
/Users/ahooker/Documents/Dissertation/virtushield/final-datasets/in-the-wild-final-small/SAFE/0/frame_27220.jpg,SAFE,SAFE,0.34468552470207214,context_encoding_only,in_the_wild
/Users/ahooker/Documents/Dissertation/virtushield/final-datasets/in-the-wild-final-small/SAFE/0/frame_2760.jpg,SAFE,SAFE,0.25513699650764465,context_encoding_only,in_the_wild
/Users/ahooker/Documents/Dissertation/virtushield/final-datasets/in-the-wild-final-small/SAFE/0/frame_2760__1.jpg,SAFE,SAFE,0.06345628947019577,context_encoding_only,in_the_wild
/Users/ahooker/Documents/Dissertation/virtushield/final-datasets/in-the-wild-final-small/SAFE/0/frame_2860.jpg,SAFE,SAFE,0.3793828785419464,context_encoding_only,in_the_wild
/Users/ahooker/Documents/Dissertation/virtushield/final-datasets/in-the-wild-final-small/SAFE/0/frame_2880.jpg,SAFE,SAFE,0.4140596389770508,context_encoding_only,in_the_wild
/Users/ahooker/Documents/Dissertation/virtushield/final-datasets/in-the-wild-final-small/SAFE/0/frame_28820.jpg,SAFE,SAFE,0.4540555775165558,context_encoding_only,in_the_wild
/Users/ahooker/Documents/Dissertation/virtushield/final-datasets/in-the-wild-final-small/SAFE/0/frame_2960.jpg,SAFE,SAFE,0.24895155429840088,context_encoding_only,in_the_wild
/Users/ahooker/Documents/Dissertation/virtushield/final-datasets/in-the-wild-final-small/SAFE/0/frame_2980.jpg,SAFE,SAFE,0.4104977548122406,context_encoding_only,in_the_wild
/Users/ahooker/Documents/Dissertation/virtushield/final-datasets/in-the-wild-final-small/SAFE/0/frame_3020.jpg,SAFE,UNSAFE,0.5500744581222534,context_encoding_only,in_the_wild
/Users/ahooker/Documents/Dissertation/virtushield/final-datasets/in-the-wild-final-small/SAFE/0/frame_3080.jpg,SAFE,UNSAFE,0.6623576879501343,context_encoding_only,in_the_wild
/Users/ahooker/Documents/Dissertation/virtushield/final-datasets/in-the-wild-final-small/SAFE/0/frame_3080__1.jpg,SAFE,UNSAFE,0.5341066122055054,context_encoding_only,in_the_wild
/Users/ahooker/Documents/Dissertation/virtushield/final-datasets/in-the-wild-final-small/SAFE/0/frame_3100.jpg,SAFE,SAFE,0.29260045289993286,context_encoding_only,in_the_wild
/Users/ahooker/Documents/Dissertation/virtushield/final-datasets/in-the-wild-final-small/SAFE/0/frame_3160.jpg,SAFE,SAFE,0.3751809597015381,context_encoding_only,in_the_wild
/Users/ahooker/Documents/Dissertation/virtushield/final-datasets/in-the-wild-final-small/SAFE/0/frame_3160__1.jpg,SAFE,SAFE,0.3178893029689789,context_encoding_only,in_the_wild
/Users/ahooker/Documents/Dissertation/virtushield/final-datasets/in-the-wild-final-small/SAFE/0/frame_3180.jpg,SAFE,SAFE,0.16770929098129272,context_encoding_only,in_the_wild
/Users/ahooker/Documents/Dissertation/virtushield/final-datasets/in-the-wild-final-small/SAFE/0/frame_3180__1.jpg,SAFE,SAFE,0.34839826822280884,context_encoding_only,in_the_wild
/Users/ahooker/Documents/Dissertation/virtushield/final-datasets/in-the-wild-final-small/SAFE/0/frame_320.jpg,SAFE,SAFE,0.231955885887146,context_encoding_only,in_the_wild
/Users/ahooker/Documents/Dissertation/virtushield/final-datasets/in-the-wild-final-small/SAFE/0/frame_3200.jpg,SAFE,SAFE,0.33478352427482605,context_encoding_only,in_the_wild
/Users/ahooker/Documents/Dissertation/virtushield/final-datasets/in-the-wild-final-small/SAFE/0/frame_320__1.jpg,SAFE,SAFE,0.29691141843795776,context_encoding_only,in_the_wild
/Users/ahooker/Documents/Dissertation/virtushield/final-datasets/in-the-wild-final-small/SAFE/0/frame_3240.jpg,SAFE,SAFE,0.2079407125711441,context_encoding_only,in_the_wild
/Users/ahooker/Documents/Dissertation/virtushield/final-datasets/in-the-wild-final-small/SAFE/0/frame_3240__1.jpg,SAFE,SAFE,0.09993966668844223,context_encoding_only,in_the_wild
/Users/ahooker/Documents/Dissertation/virtushield/final-datasets/in-the-wild-final-small/SAFE/0/frame_3240__2.jpg,SAFE,UNSAFE,0.5274501442909241,context_encoding_only,in_the_wild
/Users/ahooker/Documents/Dissertation/virtushield/final-datasets/in-the-wild-final-small/SAFE/0/frame_3360.jpg,SAFE,SAFE,0.29545262455940247,context_encoding_only,in_the_wild
/Users/ahooker/Documents/Dissertation/virtushield/final-datasets/in-the-wild-final-small/SAFE/0/frame_3420.jpg,SAFE,UNSAFE,0.5462460517883301,context_encoding_only,in_the_wild
/Users/ahooker/Documents/Dissertation/virtushield/final-datasets/in-the-wild-final-small/SAFE/0/frame_3420__1.jpg,SAFE,UNSAFE,0.5462460517883301,context_encoding_only,in_the_wild
/Users/ahooker/Documents/Dissertation/virtushield/final-datasets/in-the-wild-final-small/SAFE/0/frame_3460.jpg,SAFE,SAFE,0.14166876673698425,context_encoding_only,in_the_wild
/Users/ahooker/Documents/Dissertation/virtushield/final-datasets/in-the-wild-final-small/SAFE/0/frame_3520.jpg,SAFE,SAFE,0.4938386082649231,context_encoding_only,in_the_wild
/Users/ahooker/Documents/Dissertation/virtushield/final-datasets/in-the-wild-final-small/SAFE/0/frame_3520__1.jpg,SAFE,SAFE,0.294251412153244,context_encoding_only,in_the_wild
/Users/ahooker/Documents/Dissertation/virtushield/final-datasets/in-the-wild-final-small/SAFE/0/frame_3560.jpg,SAFE,SAFE,0.4320170283317566,context_encoding_only,in_the_wild
/Users/ahooker/Documents/Dissertation/virtushield/final-datasets/in-the-wild-final-small/SAFE/0/frame_3560__1.jpg,SAFE,SAFE,0.17369544506072998,context_encoding_only,in_the_wild
/Users/ahooker/Documents/Dissertation/virtushield/final-datasets/in-the-wild-final-small/SAFE/0/frame_360.jpg,SAFE,SAFE,0.47593259811401367,context_encoding_only,in_the_wild
/Users/ahooker/Documents/Dissertation/virtushield/final-datasets/in-the-wild-final-small/SAFE/0/frame_3640.jpg,SAFE,SAFE,0.12604962289333344,context_encoding_only,in_the_wild
/Users/ahooker/Documents/Dissertation/virtushield/final-datasets/in-the-wild-final-small/SAFE/0/frame_3680.jpg,SAFE,SAFE,0.3146384358406067,context_encoding_only,in_the_wild
/Users/ahooker/Documents/Dissertation/virtushield/final-datasets/in-the-wild-final-small/SAFE/0/frame_3740.jpg,SAFE,SAFE,0.14138257503509521,context_encoding_only,in_the_wild
/Users/ahooker/Documents/Dissertation/virtushield/final-datasets/in-the-wild-final-small/SAFE/0/frame_3760.jpg,SAFE,SAFE,0.23859940469264984,context_encoding_only,in_the_wild
/Users/ahooker/Documents/Dissertation/virtushield/final-datasets/in-the-wild-final-small/SAFE/0/frame_3760__1.jpg,SAFE,SAFE,0.37603265047073364,context_encoding_only,in_the_wild
/Users/ahooker/Documents/Dissertation/virtushield/final-datasets/in-the-wild-final-small/SAFE/0/frame_3780.jpg,SAFE,SAFE,0.340345174074173,context_encoding_only,in_the_wild
/Users/ahooker/Documents/Dissertation/virtushield/final-datasets/in-the-wild-final-small/SAFE/0/frame_3800.jpg,SAFE,SAFE,0.13688714802265167,context_encoding_only,in_the_wild
/Users/ahooker/Documents/Dissertation/virtushield/final-datasets/in-the-wild-final-small/SAFE/0/frame_3860.jpg,SAFE,SAFE,0.4752780497074127,context_encoding_only,in_the_wild
/Users/ahooker/Documents/Dissertation/virtushield/final-datasets/in-the-wild-final-small/SAFE/0/frame_3880.jpg,SAFE,UNSAFE,0.5402493476867676,context_encoding_only,in_the_wild
/Users/ahooker/Documents/Dissertation/virtushield/final-datasets/in-the-wild-final-small/SAFE/0/frame_3920.jpg,SAFE,SAFE,0.3978388011455536,context_encoding_only,in_the_wild
/Users/ahooker/Documents/Dissertation/virtushield/final-datasets/in-the-wild-final-small/SAFE/0/frame_3960.jpg,SAFE,SAFE,0.32299962639808655,context_encoding_only,in_the_wild
/Users/ahooker/Documents/Dissertation/virtushield/final-datasets/in-the-wild-final-small/SAFE/0/frame_3980.jpg,SAFE,SAFE,0.2751959264278412,context_encoding_only,in_the_wild
/Users/ahooker/Documents/Dissertation/virtushield/final-datasets/in-the-wild-final-small/SAFE/0/frame_40.jpg,SAFE,SAFE,0.33539506793022156,context_encoding_only,in_the_wild
/Users/ahooker/Documents/Dissertation/virtushield/final-datasets/in-the-wild-final-small/SAFE/0/frame_4020.jpg,SAFE,SAFE,0.394225537776947,context_encoding_only,in_the_wild
/Users/ahooker/Documents/Dissertation/virtushield/final-datasets/in-the-wild-final-small/SAFE/0/frame_4020__1.jpg,SAFE,SAFE,0.276038259267807,context_encoding_only,in_the_wild
/Users/ahooker/Documents/Dissertation/virtushield/final-datasets/in-the-wild-final-small/SAFE/0/frame_4020__2.jpg,SAFE,SAFE,0.48326876759529114,context_encoding_only,in_the_wild
/Users/ahooker/Documents/Dissertation/virtushield/final-datasets/in-the-wild-final-small/SAFE/0/frame_4080.jpg,SAFE,SAFE,0.16045993566513062,context_encoding_only,in_the_wild
/Users/ahooker/Documents/Dissertation/virtushield/final-datasets/in-the-wild-final-small/SAFE/0/frame_4100.jpg,SAFE,SAFE,0.26000139117240906,context_encoding_only,in_the_wild
/Users/ahooker/Documents/Dissertation/virtushield/final-datasets/in-the-wild-final-small/SAFE/0/frame_4120.jpg,SAFE,SAFE,0.4096031188964844,context_encoding_only,in_the_wild
/Users/ahooker/Documents/Dissertation/virtushield/final-datasets/in-the-wild-final-small/SAFE/0/frame_4120__1.jpg,SAFE,SAFE,0.29924115538597107,context_encoding_only,in_the_wild
/Users/ahooker/Documents/Dissertation/virtushield/final-datasets/in-the-wild-final-small/SAFE/0/frame_4140.jpg,SAFE,UNSAFE,0.5197365283966064,context_encoding_only,in_the_wild
/Users/ahooker/Documents/Dissertation/virtushield/final-datasets/in-the-wild-final-small/SAFE/0/frame_4160.jpg,SAFE,SAFE,0.1884610503911972,context_encoding_only,in_the_wild
/Users/ahooker/Documents/Dissertation/virtushield/final-datasets/in-the-wild-final-small/SAFE/0/frame_4240.jpg,SAFE,SAFE,0.17825858294963837,context_encoding_only,in_the_wild
/Users/ahooker/Documents/Dissertation/virtushield/final-datasets/in-the-wild-final-small/SAFE/0/frame_4280.jpg,SAFE,UNSAFE,0.5409565567970276,context_encoding_only,in_the_wild
/Users/ahooker/Documents/Dissertation/virtushield/final-datasets/in-the-wild-final-small/SAFE/0/frame_4360.jpg,SAFE,SAFE,0.0890476256608963,context_encoding_only,in_the_wild
/Users/ahooker/Documents/Dissertation/virtushield/final-datasets/in-the-wild-final-small/SAFE/0/frame_4400.jpg,SAFE,SAFE,0.4234766364097595,context_encoding_only,in_the_wild
/Users/ahooker/Documents/Dissertation/virtushield/final-datasets/in-the-wild-final-small/SAFE/0/frame_4400__1.jpg,SAFE,SAFE,0.25444239377975464,context_encoding_only,in_the_wild
/Users/ahooker/Documents/Dissertation/virtushield/final-datasets/in-the-wild-final-small/SAFE/0/frame_4480.jpg,SAFE,UNSAFE,0.7448028326034546,context_encoding_only,in_the_wild
/Users/ahooker/Documents/Dissertation/virtushield/final-datasets/in-the-wild-final-small/SAFE/0/frame_4500.jpg,SAFE,SAFE,0.26017096638679504,context_encoding_only,in_the_wild
/Users/ahooker/Documents/Dissertation/virtushield/final-datasets/in-the-wild-final-small/SAFE/0/frame_4520.jpg,SAFE,SAFE,0.3282412886619568,context_encoding_only,in_the_wild
/Users/ahooker/Documents/Dissertation/virtushield/final-datasets/in-the-wild-final-small/SAFE/0/frame_4740.jpg,SAFE,SAFE,0.22762224078178406,context_encoding_only,in_the_wild
/Users/ahooker/Documents/Dissertation/virtushield/final-datasets/in-the-wild-final-small/SAFE/0/frame_4840.jpg,SAFE,SAFE,0.3267722725868225,context_encoding_only,in_the_wild
/Users/ahooker/Documents/Dissertation/virtushield/final-datasets/in-the-wild-final-small/SAFE/0/frame_4880.jpg,SAFE,SAFE,0.4148840308189392,context_encoding_only,in_the_wild
/Users/ahooker/Documents/Dissertation/virtushield/final-datasets/in-the-wild-final-small/SAFE/0/frame_4880__1.jpg,SAFE,SAFE,0.48622047901153564,context_encoding_only,in_the_wild
/Users/ahooker/Documents/Dissertation/virtushield/final-datasets/in-the-wild-final-small/SAFE/0/frame_4880__2.jpg,SAFE,UNSAFE,0.6957875490188599,context_encoding_only,in_the_wild
/Users/ahooker/Documents/Dissertation/virtushield/final-datasets/in-the-wild-final-small/SAFE/0/frame_4900.jpg,SAFE,SAFE,0.23547698557376862,context_encoding_only,in_the_wild
/Users/ahooker/Documents/Dissertation/virtushield/final-datasets/in-the-wild-final-small/SAFE/0/frame_4900__1.jpg,SAFE,SAFE,0.3488231599330902,context_encoding_only,in_the_wild
/Users/ahooker/Documents/Dissertation/virtushield/final-datasets/in-the-wild-final-small/SAFE/0/frame_5000.jpg,SAFE,SAFE,0.22908690571784973,context_encoding_only,in_the_wild
/Users/ahooker/Documents/Dissertation/virtushield/final-datasets/in-the-wild-final-small/SAFE/0/frame_5040.jpg,SAFE,SAFE,0.4096095561981201,context_encoding_only,in_the_wild
/Users/ahooker/Documents/Dissertation/virtushield/final-datasets/in-the-wild-final-small/SAFE/0/frame_5040__1.jpg,SAFE,SAFE,0.20515310764312744,context_encoding_only,in_the_wild
/Users/ahooker/Documents/Dissertation/virtushield/final-datasets/in-the-wild-final-small/SAFE/0/frame_5040__2.jpg,SAFE,SAFE,0.1813623011112213,context_encoding_only,in_the_wild
/Users/ahooker/Documents/Dissertation/virtushield/final-datasets/in-the-wild-final-small/SAFE/0/frame_5060.jpg,SAFE,SAFE,0.18400967121124268,context_encoding_only,in_the_wild
/Users/ahooker/Documents/Dissertation/virtushield/final-datasets/in-the-wild-final-small/SAFE/0/frame_5160.jpg,SAFE,SAFE,0.2053908258676529,context_encoding_only,in_the_wild
/Users/ahooker/Documents/Dissertation/virtushield/final-datasets/in-the-wild-final-small/SAFE/0/frame_5180.jpg,SAFE,SAFE,0.28398650884628296,context_encoding_only,in_the_wild
/Users/ahooker/Documents/Dissertation/virtushield/final-datasets/in-the-wild-final-small/SAFE/0/frame_5180__1.jpg,SAFE,SAFE,0.16635748744010925,context_encoding_only,in_the_wild
/Users/ahooker/Documents/Dissertation/virtushield/final-datasets/in-the-wild-final-small/SAFE/0/frame_5280.jpg,SAFE,SAFE,0.4339013397693634,context_encoding_only,in_the_wild
/Users/ahooker/Documents/Dissertation/virtushield/final-datasets/in-the-wild-final-small/SAFE/0/frame_5300.jpg,SAFE,SAFE,0.20395639538764954,context_encoding_only,in_the_wild
/Users/ahooker/Documents/Dissertation/virtushield/final-datasets/in-the-wild-final-small/SAFE/0/frame_5360.jpg,SAFE,SAFE,0.21528016030788422,context_encoding_only,in_the_wild
/Users/ahooker/Documents/Dissertation/virtushield/final-datasets/in-the-wild-final-small/SAFE/0/frame_5380.jpg,SAFE,UNSAFE,0.6336020231246948,context_encoding_only,in_the_wild
/Users/ahooker/Documents/Dissertation/virtushield/final-datasets/in-the-wild-final-small/SAFE/0/frame_5380__1.jpg,SAFE,SAFE,0.31635111570358276,context_encoding_only,in_the_wild
/Users/ahooker/Documents/Dissertation/virtushield/final-datasets/in-the-wild-final-small/SAFE/0/frame_540.jpg,SAFE,UNSAFE,0.5234488844871521,context_encoding_only,in_the_wild
/Users/ahooker/Documents/Dissertation/virtushield/final-datasets/in-the-wild-final-small/SAFE/0/frame_5420.jpg,SAFE,SAFE,0.3587654232978821,context_encoding_only,in_the_wild
/Users/ahooker/Documents/Dissertation/virtushield/final-datasets/in-the-wild-final-small/SAFE/0/frame_5440.jpg,SAFE,SAFE,0.3646361529827118,context_encoding_only,in_the_wild
/Users/ahooker/Documents/Dissertation/virtushield/final-datasets/in-the-wild-final-small/SAFE/0/frame_5440__1.jpg,SAFE,SAFE,0.4254686236381531,context_encoding_only,in_the_wild
/Users/ahooker/Documents/Dissertation/virtushield/final-datasets/in-the-wild-final-small/SAFE/0/frame_5500.jpg,SAFE,SAFE,0.33727431297302246,context_encoding_only,in_the_wild
/Users/ahooker/Documents/Dissertation/virtushield/final-datasets/in-the-wild-final-small/SAFE/0/frame_5540.jpg,SAFE,UNSAFE,0.5286831259727478,context_encoding_only,in_the_wild
/Users/ahooker/Documents/Dissertation/virtushield/final-datasets/in-the-wild-final-small/SAFE/0/frame_5620.jpg,SAFE,SAFE,0.4707522690296173,context_encoding_only,in_the_wild
/Users/ahooker/Documents/Dissertation/virtushield/final-datasets/in-the-wild-final-small/SAFE/0/frame_5640.jpg,SAFE,SAFE,0.3142642378807068,context_encoding_only,in_the_wild
/Users/ahooker/Documents/Dissertation/virtushield/final-datasets/in-the-wild-final-small/SAFE/0/frame_5700.jpg,SAFE,SAFE,0.3051902949810028,context_encoding_only,in_the_wild
/Users/ahooker/Documents/Dissertation/virtushield/final-datasets/in-the-wild-final-small/SAFE/0/frame_5720.jpg,SAFE,SAFE,0.4166060984134674,context_encoding_only,in_the_wild
/Users/ahooker/Documents/Dissertation/virtushield/final-datasets/in-the-wild-final-small/SAFE/0/frame_5760.jpg,SAFE,SAFE,0.34589460492134094,context_encoding_only,in_the_wild
/Users/ahooker/Documents/Dissertation/virtushield/final-datasets/in-the-wild-final-small/SAFE/0/frame_5800.jpg,SAFE,UNSAFE,0.7139554619789124,context_encoding_only,in_the_wild
/Users/ahooker/Documents/Dissertation/virtushield/final-datasets/in-the-wild-final-small/SAFE/0/frame_5960.jpg,SAFE,SAFE,0.3897256851196289,context_encoding_only,in_the_wild
/Users/ahooker/Documents/Dissertation/virtushield/final-datasets/in-the-wild-final-small/SAFE/0/frame_600.jpg,SAFE,SAFE,0.20276984572410583,context_encoding_only,in_the_wild
/Users/ahooker/Documents/Dissertation/virtushield/final-datasets/in-the-wild-final-small/SAFE/0/frame_6020.jpg,SAFE,UNSAFE,0.7681202292442322,context_encoding_only,in_the_wild
/Users/ahooker/Documents/Dissertation/virtushield/final-datasets/in-the-wild-final-small/SAFE/0/frame_6080.jpg,SAFE,SAFE,0.1371431052684784,context_encoding_only,in_the_wild
/Users/ahooker/Documents/Dissertation/virtushield/final-datasets/in-the-wild-final-small/SAFE/0/frame_6120.jpg,SAFE,SAFE,0.2430703341960907,context_encoding_only,in_the_wild
/Users/ahooker/Documents/Dissertation/virtushield/final-datasets/in-the-wild-final-small/SAFE/0/frame_6140.jpg,SAFE,SAFE,0.4378492832183838,context_encoding_only,in_the_wild
/Users/ahooker/Documents/Dissertation/virtushield/final-datasets/in-the-wild-final-small/SAFE/0/frame_6180.jpg,SAFE,SAFE,0.3661345839500427,context_encoding_only,in_the_wild
/Users/ahooker/Documents/Dissertation/virtushield/final-datasets/in-the-wild-final-small/SAFE/0/frame_6240.jpg,SAFE,SAFE,0.2592032849788666,context_encoding_only,in_the_wild
/Users/ahooker/Documents/Dissertation/virtushield/final-datasets/in-the-wild-final-small/SAFE/0/frame_6280.jpg,SAFE,SAFE,0.42413339018821716,context_encoding_only,in_the_wild
/Users/ahooker/Documents/Dissertation/virtushield/final-datasets/in-the-wild-final-small/SAFE/0/frame_6300.jpg,SAFE,SAFE,0.10761300474405289,context_encoding_only,in_the_wild
/Users/ahooker/Documents/Dissertation/virtushield/final-datasets/in-the-wild-final-small/SAFE/0/frame_6300__1.jpg,SAFE,SAFE,0.4532037079334259,context_encoding_only,in_the_wild
/Users/ahooker/Documents/Dissertation/virtushield/final-datasets/in-the-wild-final-small/SAFE/0/frame_6440.jpg,SAFE,SAFE,0.37672072649002075,context_encoding_only,in_the_wild
/Users/ahooker/Documents/Dissertation/virtushield/final-datasets/in-the-wild-final-small/SAFE/0/frame_6480.jpg,SAFE,SAFE,0.4843243360519409,context_encoding_only,in_the_wild
/Users/ahooker/Documents/Dissertation/virtushield/final-datasets/in-the-wild-final-small/SAFE/0/frame_6540.jpg,SAFE,SAFE,0.30172398686408997,context_encoding_only,in_the_wild
/Users/ahooker/Documents/Dissertation/virtushield/final-datasets/in-the-wild-final-small/SAFE/0/frame_6560.jpg,SAFE,SAFE,0.16076335310935974,context_encoding_only,in_the_wild
/Users/ahooker/Documents/Dissertation/virtushield/final-datasets/in-the-wild-final-small/SAFE/0/frame_6580.jpg,SAFE,SAFE,0.20722411572933197,context_encoding_only,in_the_wild
/Users/ahooker/Documents/Dissertation/virtushield/final-datasets/in-the-wild-final-small/SAFE/0/frame_660.jpg,SAFE,SAFE,0.22782616317272186,context_encoding_only,in_the_wild
/Users/ahooker/Documents/Dissertation/virtushield/final-datasets/in-the-wild-final-small/SAFE/0/frame_6620.jpg,SAFE,SAFE,0.2797950804233551,context_encoding_only,in_the_wild
/Users/ahooker/Documents/Dissertation/virtushield/final-datasets/in-the-wild-final-small/SAFE/0/frame_6620__1.jpg,SAFE,SAFE,0.43851324915885925,context_encoding_only,in_the_wild
/Users/ahooker/Documents/Dissertation/virtushield/final-datasets/in-the-wild-final-small/SAFE/0/frame_6640.jpg,SAFE,SAFE,0.1997128427028656,context_encoding_only,in_the_wild
/Users/ahooker/Documents/Dissertation/virtushield/final-datasets/in-the-wild-final-small/SAFE/0/frame_6700.jpg,SAFE,SAFE,0.17264266312122345,context_encoding_only,in_the_wild
/Users/ahooker/Documents/Dissertation/virtushield/final-datasets/in-the-wild-final-small/SAFE/0/frame_6800.jpg,SAFE,SAFE,0.2125076949596405,context_encoding_only,in_the_wild
/Users/ahooker/Documents/Dissertation/virtushield/final-datasets/in-the-wild-final-small/SAFE/0/frame_6920.jpg,SAFE,SAFE,0.20837926864624023,context_encoding_only,in_the_wild
/Users/ahooker/Documents/Dissertation/virtushield/final-datasets/in-the-wild-final-small/SAFE/0/frame_6920__1.jpg,SAFE,SAFE,0.07493673264980316,context_encoding_only,in_the_wild
/Users/ahooker/Documents/Dissertation/virtushield/final-datasets/in-the-wild-final-small/SAFE/0/frame_6940.jpg,SAFE,SAFE,0.20475901663303375,context_encoding_only,in_the_wild
/Users/ahooker/Documents/Dissertation/virtushield/final-datasets/in-the-wild-final-small/SAFE/0/frame_6960.jpg,SAFE,SAFE,0.23941949009895325,context_encoding_only,in_the_wild
/Users/ahooker/Documents/Dissertation/virtushield/final-datasets/in-the-wild-final-small/SAFE/0/frame_7100.jpg,SAFE,SAFE,0.16469770669937134,context_encoding_only,in_the_wild
/Users/ahooker/Documents/Dissertation/virtushield/final-datasets/in-the-wild-final-small/SAFE/0/frame_7180.jpg,SAFE,SAFE,0.3147038221359253,context_encoding_only,in_the_wild
/Users/ahooker/Documents/Dissertation/virtushield/final-datasets/in-the-wild-final-small/SAFE/0/frame_7180__1.jpg,SAFE,SAFE,0.16674084961414337,context_encoding_only,in_the_wild
/Users/ahooker/Documents/Dissertation/virtushield/final-datasets/in-the-wild-final-small/SAFE/0/frame_720.jpg,SAFE,SAFE,0.345069944858551,context_encoding_only,in_the_wild
/Users/ahooker/Documents/Dissertation/virtushield/final-datasets/in-the-wild-final-small/SAFE/0/frame_7200.jpg,SAFE,SAFE,0.271200031042099,context_encoding_only,in_the_wild
/Users/ahooker/Documents/Dissertation/virtushield/final-datasets/in-the-wild-final-small/SAFE/0/frame_720__1.jpg,SAFE,SAFE,0.3452613353729248,context_encoding_only,in_the_wild
/Users/ahooker/Documents/Dissertation/virtushield/final-datasets/in-the-wild-final-small/SAFE/0/frame_7320.jpg,SAFE,SAFE,0.1947680413722992,context_encoding_only,in_the_wild
/Users/ahooker/Documents/Dissertation/virtushield/final-datasets/in-the-wild-final-small/SAFE/0/frame_7320__1.jpg,SAFE,SAFE,0.15538263320922852,context_encoding_only,in_the_wild
/Users/ahooker/Documents/Dissertation/virtushield/final-datasets/in-the-wild-final-small/SAFE/0/frame_7460.jpg,SAFE,SAFE,0.35963863134384155,context_encoding_only,in_the_wild
/Users/ahooker/Documents/Dissertation/virtushield/final-datasets/in-the-wild-final-small/SAFE/0/frame_7500.jpg,SAFE,SAFE,0.13204319775104523,context_encoding_only,in_the_wild
/Users/ahooker/Documents/Dissertation/virtushield/final-datasets/in-the-wild-final-small/SAFE/0/frame_7500__1.jpg,SAFE,UNSAFE,0.5357630848884583,context_encoding_only,in_the_wild
/Users/ahooker/Documents/Dissertation/virtushield/final-datasets/in-the-wild-final-small/SAFE/0/frame_7580.jpg,SAFE,SAFE,0.46452200412750244,context_encoding_only,in_the_wild
/Users/ahooker/Documents/Dissertation/virtushield/final-datasets/in-the-wild-final-small/SAFE/0/frame_7600.jpg,SAFE,SAFE,0.31166455149650574,context_encoding_only,in_the_wild
/Users/ahooker/Documents/Dissertation/virtushield/final-datasets/in-the-wild-final-small/SAFE/0/frame_7660.jpg,SAFE,SAFE,0.22966916859149933,context_encoding_only,in_the_wild
/Users/ahooker/Documents/Dissertation/virtushield/final-datasets/in-the-wild-final-small/SAFE/0/frame_7760.jpg,SAFE,SAFE,0.49330082535743713,context_encoding_only,in_the_wild
/Users/ahooker/Documents/Dissertation/virtushield/final-datasets/in-the-wild-final-small/SAFE/0/frame_7800.jpg,SAFE,UNSAFE,0.7399284839630127,context_encoding_only,in_the_wild
/Users/ahooker/Documents/Dissertation/virtushield/final-datasets/in-the-wild-final-small/SAFE/0/frame_7800__1.jpg,SAFE,SAFE,0.4793465733528137,context_encoding_only,in_the_wild
/Users/ahooker/Documents/Dissertation/virtushield/final-datasets/in-the-wild-final-small/SAFE/0/frame_7960.jpg,SAFE,SAFE,0.193608820438385,context_encoding_only,in_the_wild
/Users/ahooker/Documents/Dissertation/virtushield/final-datasets/in-the-wild-final-small/SAFE/0/frame_7980.jpg,SAFE,SAFE,0.37321656942367554,context_encoding_only,in_the_wild
/Users/ahooker/Documents/Dissertation/virtushield/final-datasets/in-the-wild-final-small/SAFE/0/frame_7980__1.jpg,SAFE,SAFE,0.4286191761493683,context_encoding_only,in_the_wild
/Users/ahooker/Documents/Dissertation/virtushield/final-datasets/in-the-wild-final-small/SAFE/0/frame_80.jpg,SAFE,SAFE,0.23582087457180023,context_encoding_only,in_the_wild
/Users/ahooker/Documents/Dissertation/virtushield/final-datasets/in-the-wild-final-small/SAFE/0/frame_8000.jpg,SAFE,SAFE,0.3785133957862854,context_encoding_only,in_the_wild
/Users/ahooker/Documents/Dissertation/virtushield/final-datasets/in-the-wild-final-small/SAFE/0/frame_8040.jpg,SAFE,SAFE,0.45410382747650146,context_encoding_only,in_the_wild
/Users/ahooker/Documents/Dissertation/virtushield/final-datasets/in-the-wild-final-small/SAFE/0/frame_8060.jpg,SAFE,SAFE,0.3263561427593231,context_encoding_only,in_the_wild
/Users/ahooker/Documents/Dissertation/virtushield/final-datasets/in-the-wild-final-small/SAFE/0/frame_8060__1.jpg,SAFE,UNSAFE,0.5925150513648987,context_encoding_only,in_the_wild
/Users/ahooker/Documents/Dissertation/virtushield/final-datasets/in-the-wild-final-small/SAFE/0/frame_8120.jpg,SAFE,SAFE,0.4783065915107727,context_encoding_only,in_the_wild
/Users/ahooker/Documents/Dissertation/virtushield/final-datasets/in-the-wild-final-small/SAFE/0/frame_8180.jpg,SAFE,SAFE,0.3445166349411011,context_encoding_only,in_the_wild
/Users/ahooker/Documents/Dissertation/virtushield/final-datasets/in-the-wild-final-small/SAFE/0/frame_8200.jpg,SAFE,UNSAFE,0.5737012624740601,context_encoding_only,in_the_wild
/Users/ahooker/Documents/Dissertation/virtushield/final-datasets/in-the-wild-final-small/SAFE/0/frame_8200__1.jpg,SAFE,SAFE,0.47015121579170227,context_encoding_only,in_the_wild
/Users/ahooker/Documents/Dissertation/virtushield/final-datasets/in-the-wild-final-small/SAFE/0/frame_8260.jpg,SAFE,SAFE,0.10877352952957153,context_encoding_only,in_the_wild
/Users/ahooker/Documents/Dissertation/virtushield/final-datasets/in-the-wild-final-small/SAFE/0/frame_8480.jpg,SAFE,SAFE,0.43873539566993713,context_encoding_only,in_the_wild
/Users/ahooker/Documents/Dissertation/virtushield/final-datasets/in-the-wild-final-small/SAFE/0/frame_8480__1.jpg,SAFE,SAFE,0.45143651962280273,context_encoding_only,in_the_wild
/Users/ahooker/Documents/Dissertation/virtushield/final-datasets/in-the-wild-final-small/SAFE/0/frame_8500.jpg,SAFE,SAFE,0.32990214228630066,context_encoding_only,in_the_wild
/Users/ahooker/Documents/Dissertation/virtushield/final-datasets/in-the-wild-final-small/SAFE/0/frame_8520.jpg,SAFE,SAFE,0.2663722038269043,context_encoding_only,in_the_wild
/Users/ahooker/Documents/Dissertation/virtushield/final-datasets/in-the-wild-final-small/SAFE/0/frame_8560.jpg,SAFE,SAFE,0.4710283875465393,context_encoding_only,in_the_wild
/Users/ahooker/Documents/Dissertation/virtushield/final-datasets/in-the-wild-final-small/SAFE/0/frame_8600.jpg,SAFE,SAFE,0.41570845246315,context_encoding_only,in_the_wild
/Users/ahooker/Documents/Dissertation/virtushield/final-datasets/in-the-wild-final-small/SAFE/0/frame_8660.jpg,SAFE,UNSAFE,0.6058081388473511,context_encoding_only,in_the_wild
/Users/ahooker/Documents/Dissertation/virtushield/final-datasets/in-the-wild-final-small/SAFE/0/frame_8700.jpg,SAFE,UNSAFE,0.5405913591384888,context_encoding_only,in_the_wild
/Users/ahooker/Documents/Dissertation/virtushield/final-datasets/in-the-wild-final-small/SAFE/0/frame_8700__1.jpg,SAFE,UNSAFE,0.6504872441291809,context_encoding_only,in_the_wild
/Users/ahooker/Documents/Dissertation/virtushield/final-datasets/in-the-wild-final-small/SAFE/0/frame_8820.jpg,SAFE,UNSAFE,0.5036577582359314,context_encoding_only,in_the_wild
/Users/ahooker/Documents/Dissertation/virtushield/final-datasets/in-the-wild-final-small/SAFE/0/frame_8960.jpg,SAFE,SAFE,0.2625289559364319,context_encoding_only,in_the_wild
/Users/ahooker/Documents/Dissertation/virtushield/final-datasets/in-the-wild-final-small/SAFE/0/frame_8960__1.jpg,SAFE,UNSAFE,0.5246444344520569,context_encoding_only,in_the_wild
/Users/ahooker/Documents/Dissertation/virtushield/final-datasets/in-the-wild-final-small/SAFE/0/frame_900.jpg,SAFE,UNSAFE,0.5147686004638672,context_encoding_only,in_the_wild
/Users/ahooker/Documents/Dissertation/virtushield/final-datasets/in-the-wild-final-small/SAFE/0/frame_9000.jpg,SAFE,UNSAFE,0.5090951323509216,context_encoding_only,in_the_wild
/Users/ahooker/Documents/Dissertation/virtushield/final-datasets/in-the-wild-final-small/SAFE/0/frame_9000__1.jpg,SAFE,SAFE,0.32740533351898193,context_encoding_only,in_the_wild
/Users/ahooker/Documents/Dissertation/virtushield/final-datasets/in-the-wild-final-small/SAFE/0/frame_9020.jpg,SAFE,UNSAFE,0.502983570098877,context_encoding_only,in_the_wild
/Users/ahooker/Documents/Dissertation/virtushield/final-datasets/in-the-wild-final-small/SAFE/0/frame_9020__1.jpg,SAFE,UNSAFE,0.5644300580024719,context_encoding_only,in_the_wild
/Users/ahooker/Documents/Dissertation/virtushield/final-datasets/in-the-wild-final-small/SAFE/0/frame_9040.jpg,SAFE,SAFE,0.2256871610879898,context_encoding_only,in_the_wild
/Users/ahooker/Documents/Dissertation/virtushield/final-datasets/in-the-wild-final-small/SAFE/0/frame_9060.jpg,SAFE,SAFE,0.36121708154678345,context_encoding_only,in_the_wild
/Users/ahooker/Documents/Dissertation/virtushield/final-datasets/in-the-wild-final-small/SAFE/0/frame_9100.jpg,SAFE,SAFE,0.07404127717018127,context_encoding_only,in_the_wild
/Users/ahooker/Documents/Dissertation/virtushield/final-datasets/in-the-wild-final-small/SAFE/0/frame_9140.jpg,SAFE,SAFE,0.15624994039535522,context_encoding_only,in_the_wild
/Users/ahooker/Documents/Dissertation/virtushield/final-datasets/in-the-wild-final-small/SAFE/0/frame_920.jpg,SAFE,SAFE,0.4087320864200592,context_encoding_only,in_the_wild
/Users/ahooker/Documents/Dissertation/virtushield/final-datasets/in-the-wild-final-small/SAFE/0/frame_920__1.jpg,SAFE,SAFE,0.2895964980125427,context_encoding_only,in_the_wild
/Users/ahooker/Documents/Dissertation/virtushield/final-datasets/in-the-wild-final-small/SAFE/0/frame_9220.jpg,SAFE,SAFE,0.3466186225414276,context_encoding_only,in_the_wild
/Users/ahooker/Documents/Dissertation/virtushield/final-datasets/in-the-wild-final-small/SAFE/0/frame_9280.jpg,SAFE,SAFE,0.15330515801906586,context_encoding_only,in_the_wild
/Users/ahooker/Documents/Dissertation/virtushield/final-datasets/in-the-wild-final-small/SAFE/0/frame_9300.jpg,SAFE,SAFE,0.34877684712409973,context_encoding_only,in_the_wild
/Users/ahooker/Documents/Dissertation/virtushield/final-datasets/in-the-wild-final-small/SAFE/0/frame_9340.jpg,SAFE,SAFE,0.28246596455574036,context_encoding_only,in_the_wild
/Users/ahooker/Documents/Dissertation/virtushield/final-datasets/in-the-wild-final-small/SAFE/0/frame_9360.jpg,SAFE,SAFE,0.22262653708457947,context_encoding_only,in_the_wild
/Users/ahooker/Documents/Dissertation/virtushield/final-datasets/in-the-wild-final-small/SAFE/0/frame_940.jpg,SAFE,SAFE,0.3315613269805908,context_encoding_only,in_the_wild
/Users/ahooker/Documents/Dissertation/virtushield/final-datasets/in-the-wild-final-small/SAFE/0/frame_9400.jpg,SAFE,SAFE,0.45987385511398315,context_encoding_only,in_the_wild
/Users/ahooker/Documents/Dissertation/virtushield/final-datasets/in-the-wild-final-small/SAFE/0/frame_9420.jpg,SAFE,SAFE,0.06544972956180573,context_encoding_only,in_the_wild
/Users/ahooker/Documents/Dissertation/virtushield/final-datasets/in-the-wild-final-small/SAFE/0/frame_9440.jpg,SAFE,SAFE,0.1552567481994629,context_encoding_only,in_the_wild
/Users/ahooker/Documents/Dissertation/virtushield/final-datasets/in-the-wild-final-small/SAFE/0/frame_9460.jpg,SAFE,SAFE,0.39321163296699524,context_encoding_only,in_the_wild
/Users/ahooker/Documents/Dissertation/virtushield/final-datasets/in-the-wild-final-small/SAFE/0/frame_9480.jpg,SAFE,SAFE,0.47807809710502625,context_encoding_only,in_the_wild
/Users/ahooker/Documents/Dissertation/virtushield/final-datasets/in-the-wild-final-small/SAFE/0/frame_9500.jpg,SAFE,SAFE,0.2658626139163971,context_encoding_only,in_the_wild
/Users/ahooker/Documents/Dissertation/virtushield/final-datasets/in-the-wild-final-small/SAFE/0/frame_9520.jpg,SAFE,SAFE,0.22602131962776184,context_encoding_only,in_the_wild
/Users/ahooker/Documents/Dissertation/virtushield/final-datasets/in-the-wild-final-small/SAFE/0/frame_9640.jpg,SAFE,SAFE,0.119517482817173,context_encoding_only,in_the_wild
/Users/ahooker/Documents/Dissertation/virtushield/final-datasets/in-the-wild-final-small/SAFE/0/frame_9660.jpg,SAFE,SAFE,0.13888508081436157,context_encoding_only,in_the_wild
/Users/ahooker/Documents/Dissertation/virtushield/final-datasets/in-the-wild-final-small/SAFE/0/frame_9700.jpg,SAFE,SAFE,0.46983760595321655,context_encoding_only,in_the_wild
/Users/ahooker/Documents/Dissertation/virtushield/final-datasets/in-the-wild-final-small/SAFE/0/frame_9720.jpg,SAFE,SAFE,0.3863152265548706,context_encoding_only,in_the_wild
/Users/ahooker/Documents/Dissertation/virtushield/final-datasets/in-the-wild-final-small/SAFE/0/frame_9720__1.jpg,SAFE,SAFE,0.12284839898347855,context_encoding_only,in_the_wild
/Users/ahooker/Documents/Dissertation/virtushield/final-datasets/in-the-wild-final-small/SAFE/0/frame_9740.jpg,SAFE,SAFE,0.3121635615825653,context_encoding_only,in_the_wild
/Users/ahooker/Documents/Dissertation/virtushield/final-datasets/in-the-wild-final-small/SAFE/0/frame_9760.jpg,SAFE,SAFE,0.37362000346183777,context_encoding_only,in_the_wild
/Users/ahooker/Documents/Dissertation/virtushield/final-datasets/in-the-wild-final-small/SAFE/0/frame_9760__1.jpg,SAFE,SAFE,0.29503512382507324,context_encoding_only,in_the_wild
/Users/ahooker/Documents/Dissertation/virtushield/final-datasets/in-the-wild-final-small/SAFE/0/frame_9840.jpg,SAFE,SAFE,0.40786901116371155,context_encoding_only,in_the_wild
/Users/ahooker/Documents/Dissertation/virtushield/final-datasets/in-the-wild-final-small/SAFE/0/frame_9880.jpg,SAFE,UNSAFE,0.5352327227592468,context_encoding_only,in_the_wild
/Users/ahooker/Documents/Dissertation/virtushield/final-datasets/in-the-wild-final-small/SAFE/1/frame_10000.jpg,SAFE,SAFE,0.19410303235054016,context_encoding_only,in_the_wild
/Users/ahooker/Documents/Dissertation/virtushield/final-datasets/in-the-wild-final-small/SAFE/1/frame_10080.jpg,SAFE,SAFE,0.353643536567688,context_encoding_only,in_the_wild
/Users/ahooker/Documents/Dissertation/virtushield/final-datasets/in-the-wild-final-small/SAFE/1/frame_10080__1.jpg,SAFE,SAFE,0.34294751286506653,context_encoding_only,in_the_wild
/Users/ahooker/Documents/Dissertation/virtushield/final-datasets/in-the-wild-final-small/SAFE/1/frame_10100.jpg,SAFE,SAFE,0.29667338728904724,context_encoding_only,in_the_wild
/Users/ahooker/Documents/Dissertation/virtushield/final-datasets/in-the-wild-final-small/SAFE/1/frame_10100__1.jpg,SAFE,SAFE,0.37228095531463623,context_encoding_only,in_the_wild
/Users/ahooker/Documents/Dissertation/virtushield/final-datasets/in-the-wild-final-small/SAFE/1/frame_10100__2.jpg,SAFE,SAFE,0.39375877380371094,context_encoding_only,in_the_wild
/Users/ahooker/Documents/Dissertation/virtushield/final-datasets/in-the-wild-final-small/SAFE/1/frame_10140.jpg,SAFE,SAFE,0.3103668987751007,context_encoding_only,in_the_wild
/Users/ahooker/Documents/Dissertation/virtushield/final-datasets/in-the-wild-final-small/SAFE/1/frame_10160.jpg,SAFE,SAFE,0.270637184381485,context_encoding_only,in_the_wild
/Users/ahooker/Documents/Dissertation/virtushield/final-datasets/in-the-wild-final-small/SAFE/1/frame_10160__1.jpg,SAFE,SAFE,0.4146321713924408,context_encoding_only,in_the_wild
/Users/ahooker/Documents/Dissertation/virtushield/final-datasets/in-the-wild-final-small/SAFE/1/frame_10220.jpg,SAFE,SAFE,0.3561636209487915,context_encoding_only,in_the_wild
/Users/ahooker/Documents/Dissertation/virtushield/final-datasets/in-the-wild-final-small/SAFE/1/frame_10300.jpg,SAFE,SAFE,0.3039657771587372,context_encoding_only,in_the_wild
/Users/ahooker/Documents/Dissertation/virtushield/final-datasets/in-the-wild-final-small/SAFE/1/frame_10320.jpg,SAFE,SAFE,0.45632225275039673,context_encoding_only,in_the_wild
/Users/ahooker/Documents/Dissertation/virtushield/final-datasets/in-the-wild-final-small/SAFE/1/frame_10360.jpg,SAFE,SAFE,0.18909664452075958,context_encoding_only,in_the_wild
/Users/ahooker/Documents/Dissertation/virtushield/final-datasets/in-the-wild-final-small/SAFE/1/frame_10380.jpg,SAFE,SAFE,0.17015166580677032,context_encoding_only,in_the_wild
/Users/ahooker/Documents/Dissertation/virtushield/final-datasets/in-the-wild-final-small/SAFE/1/frame_10440.jpg,SAFE,SAFE,0.37224310636520386,context_encoding_only,in_the_wild
/Users/ahooker/Documents/Dissertation/virtushield/final-datasets/in-the-wild-final-small/SAFE/1/frame_10440__1.jpg,SAFE,SAFE,0.15797024965286255,context_encoding_only,in_the_wild
/Users/ahooker/Documents/Dissertation/virtushield/final-datasets/in-the-wild-final-small/SAFE/1/frame_10460.jpg,SAFE,SAFE,0.43419700860977173,context_encoding_only,in_the_wild
/Users/ahooker/Documents/Dissertation/virtushield/final-datasets/in-the-wild-final-small/SAFE/1/frame_10480.jpg,SAFE,SAFE,0.4731270670890808,context_encoding_only,in_the_wild
/Users/ahooker/Documents/Dissertation/virtushield/final-datasets/in-the-wild-final-small/SAFE/1/frame_10500.jpg,SAFE,SAFE,0.20033057034015656,context_encoding_only,in_the_wild
/Users/ahooker/Documents/Dissertation/virtushield/final-datasets/in-the-wild-final-small/SAFE/1/frame_10520.jpg,SAFE,SAFE,0.38452160358428955,context_encoding_only,in_the_wild
/Users/ahooker/Documents/Dissertation/virtushield/final-datasets/in-the-wild-final-small/SAFE/1/frame_10580.jpg,SAFE,UNSAFE,0.5358613133430481,context_encoding_only,in_the_wild
/Users/ahooker/Documents/Dissertation/virtushield/final-datasets/in-the-wild-final-small/SAFE/1/frame_1060.jpg,SAFE,SAFE,0.22254301607608795,context_encoding_only,in_the_wild
/Users/ahooker/Documents/Dissertation/virtushield/final-datasets/in-the-wild-final-small/SAFE/1/frame_10660.jpg,SAFE,UNSAFE,0.7178767919540405,context_encoding_only,in_the_wild
/Users/ahooker/Documents/Dissertation/virtushield/final-datasets/in-the-wild-final-small/SAFE/1/frame_10700.jpg,SAFE,SAFE,0.365773469209671,context_encoding_only,in_the_wild
/Users/ahooker/Documents/Dissertation/virtushield/final-datasets/in-the-wild-final-small/SAFE/1/frame_10720.jpg,SAFE,SAFE,0.3628157377243042,context_encoding_only,in_the_wild
/Users/ahooker/Documents/Dissertation/virtushield/final-datasets/in-the-wild-final-small/SAFE/1/frame_10740.jpg,SAFE,SAFE,0.23738078773021698,context_encoding_only,in_the_wild
/Users/ahooker/Documents/Dissertation/virtushield/final-datasets/in-the-wild-final-small/SAFE/1/frame_10740__1.jpg,SAFE,SAFE,0.41065332293510437,context_encoding_only,in_the_wild
/Users/ahooker/Documents/Dissertation/virtushield/final-datasets/in-the-wild-final-small/SAFE/1/frame_10740__2.jpg,SAFE,SAFE,0.30024802684783936,context_encoding_only,in_the_wild
/Users/ahooker/Documents/Dissertation/virtushield/final-datasets/in-the-wild-final-small/SAFE/1/frame_1080.jpg,SAFE,SAFE,0.42961397767066956,context_encoding_only,in_the_wild
/Users/ahooker/Documents/Dissertation/virtushield/final-datasets/in-the-wild-final-small/SAFE/1/frame_10800.jpg,SAFE,UNSAFE,0.6719979643821716,context_encoding_only,in_the_wild
/Users/ahooker/Documents/Dissertation/virtushield/final-datasets/in-the-wild-final-small/SAFE/1/frame_1080__1.jpg,SAFE,SAFE,0.2914954721927643,context_encoding_only,in_the_wild
/Users/ahooker/Documents/Dissertation/virtushield/final-datasets/in-the-wild-final-small/SAFE/1/frame_10840.jpg,SAFE,SAFE,0.19567422568798065,context_encoding_only,in_the_wild
/Users/ahooker/Documents/Dissertation/virtushield/final-datasets/in-the-wild-final-small/SAFE/1/frame_10840__1.jpg,SAFE,SAFE,0.4097290337085724,context_encoding_only,in_the_wild
/Users/ahooker/Documents/Dissertation/virtushield/final-datasets/in-the-wild-final-small/SAFE/1/frame_10860.jpg,SAFE,UNSAFE,0.5594841837882996,context_encoding_only,in_the_wild
/Users/ahooker/Documents/Dissertation/virtushield/final-datasets/in-the-wild-final-small/SAFE/1/frame_10880.jpg,SAFE,SAFE,0.1348784863948822,context_encoding_only,in_the_wild
/Users/ahooker/Documents/Dissertation/virtushield/final-datasets/in-the-wild-final-small/SAFE/1/frame_10920.jpg,SAFE,SAFE,0.3093956708908081,context_encoding_only,in_the_wild
/Users/ahooker/Documents/Dissertation/virtushield/final-datasets/in-the-wild-final-small/SAFE/1/frame_10940.jpg,SAFE,UNSAFE,0.5042475461959839,context_encoding_only,in_the_wild
/Users/ahooker/Documents/Dissertation/virtushield/final-datasets/in-the-wild-final-small/SAFE/1/frame_10960.jpg,SAFE,SAFE,0.36384904384613037,context_encoding_only,in_the_wild
/Users/ahooker/Documents/Dissertation/virtushield/final-datasets/in-the-wild-final-small/SAFE/1/frame_10960__1.jpg,SAFE,SAFE,0.20212095975875854,context_encoding_only,in_the_wild
/Users/ahooker/Documents/Dissertation/virtushield/final-datasets/in-the-wild-final-small/SAFE/1/frame_1100.jpg,SAFE,SAFE,0.3968084454536438,context_encoding_only,in_the_wild
/Users/ahooker/Documents/Dissertation/virtushield/final-datasets/in-the-wild-final-small/SAFE/1/frame_11020.jpg,SAFE,SAFE,0.4112323224544525,context_encoding_only,in_the_wild
/Users/ahooker/Documents/Dissertation/virtushield/final-datasets/in-the-wild-final-small/SAFE/1/frame_11140.jpg,SAFE,SAFE,0.4950172007083893,context_encoding_only,in_the_wild
/Users/ahooker/Documents/Dissertation/virtushield/final-datasets/in-the-wild-final-small/SAFE/1/frame_11160.jpg,SAFE,SAFE,0.05756153538823128,context_encoding_only,in_the_wild
/Users/ahooker/Documents/Dissertation/virtushield/final-datasets/in-the-wild-final-small/SAFE/1/frame_11180.jpg,SAFE,SAFE,0.4411199390888214,context_encoding_only,in_the_wild
/Users/ahooker/Documents/Dissertation/virtushield/final-datasets/in-the-wild-final-small/SAFE/1/frame_11240.jpg,SAFE,SAFE,0.2251579612493515,context_encoding_only,in_the_wild
/Users/ahooker/Documents/Dissertation/virtushield/final-datasets/in-the-wild-final-small/SAFE/1/frame_11240__1.jpg,SAFE,SAFE,0.10715630650520325,context_encoding_only,in_the_wild
/Users/ahooker/Documents/Dissertation/virtushield/final-datasets/in-the-wild-final-small/SAFE/1/frame_11280.jpg,SAFE,SAFE,0.3557657301425934,context_encoding_only,in_the_wild
/Users/ahooker/Documents/Dissertation/virtushield/final-datasets/in-the-wild-final-small/SAFE/1/frame_11300.jpg,SAFE,SAFE,0.3320324122905731,context_encoding_only,in_the_wild
/Users/ahooker/Documents/Dissertation/virtushield/final-datasets/in-the-wild-final-small/SAFE/1/frame_11320.jpg,SAFE,SAFE,0.4678616523742676,context_encoding_only,in_the_wild
/Users/ahooker/Documents/Dissertation/virtushield/final-datasets/in-the-wild-final-small/SAFE/1/frame_11320__1.jpg,SAFE,SAFE,0.2634813189506531,context_encoding_only,in_the_wild
/Users/ahooker/Documents/Dissertation/virtushield/final-datasets/in-the-wild-final-small/SAFE/1/frame_11340.jpg,SAFE,SAFE,0.10931480675935745,context_encoding_only,in_the_wild
/Users/ahooker/Documents/Dissertation/virtushield/final-datasets/in-the-wild-final-small/SAFE/1/frame_11360.jpg,SAFE,UNSAFE,0.5008230209350586,context_encoding_only,in_the_wild
/Users/ahooker/Documents/Dissertation/virtushield/final-datasets/in-the-wild-final-small/SAFE/1/frame_11360__1.jpg,SAFE,SAFE,0.3205927610397339,context_encoding_only,in_the_wild
/Users/ahooker/Documents/Dissertation/virtushield/final-datasets/in-the-wild-final-small/SAFE/1/frame_11380.jpg,SAFE,SAFE,0.18237148225307465,context_encoding_only,in_the_wild
/Users/ahooker/Documents/Dissertation/virtushield/final-datasets/in-the-wild-final-small/SAFE/1/frame_1140.jpg,SAFE,SAFE,0.33950892090797424,context_encoding_only,in_the_wild
/Users/ahooker/Documents/Dissertation/virtushield/final-datasets/in-the-wild-final-small/SAFE/1/frame_11500.jpg,SAFE,SAFE,0.19446340203285217,context_encoding_only,in_the_wild
/Users/ahooker/Documents/Dissertation/virtushield/final-datasets/in-the-wild-final-small/SAFE/1/frame_11560.jpg,SAFE,SAFE,0.2796125113964081,context_encoding_only,in_the_wild
/Users/ahooker/Documents/Dissertation/virtushield/final-datasets/in-the-wild-final-small/SAFE/1/frame_1160.jpg,SAFE,SAFE,0.26699960231781006,context_encoding_only,in_the_wild
/Users/ahooker/Documents/Dissertation/virtushield/final-datasets/in-the-wild-final-small/SAFE/1/frame_11600.jpg,SAFE,SAFE,0.09542155265808105,context_encoding_only,in_the_wild
/Users/ahooker/Documents/Dissertation/virtushield/final-datasets/in-the-wild-final-small/SAFE/1/frame_11620.jpg,SAFE,SAFE,0.4611499607563019,context_encoding_only,in_the_wild
/Users/ahooker/Documents/Dissertation/virtushield/final-datasets/in-the-wild-final-small/SAFE/1/frame_11620__1.jpg,SAFE,SAFE,0.11470452696084976,context_encoding_only,in_the_wild
/Users/ahooker/Documents/Dissertation/virtushield/final-datasets/in-the-wild-final-small/SAFE/1/frame_11620__2.jpg,SAFE,SAFE,0.43917086720466614,context_encoding_only,in_the_wild
/Users/ahooker/Documents/Dissertation/virtushield/final-datasets/in-the-wild-final-small/SAFE/1/frame_11660.jpg,SAFE,UNSAFE,0.5405704975128174,context_encoding_only,in_the_wild
/Users/ahooker/Documents/Dissertation/virtushield/final-datasets/in-the-wild-final-small/SAFE/1/frame_11700.jpg,SAFE,SAFE,0.363984614610672,context_encoding_only,in_the_wild
/Users/ahooker/Documents/Dissertation/virtushield/final-datasets/in-the-wild-final-small/SAFE/1/frame_11760.jpg,SAFE,SAFE,0.20484162867069244,context_encoding_only,in_the_wild
/Users/ahooker/Documents/Dissertation/virtushield/final-datasets/in-the-wild-final-small/SAFE/1/frame_11780.jpg,SAFE,SAFE,0.3185253143310547,context_encoding_only,in_the_wild
/Users/ahooker/Documents/Dissertation/virtushield/final-datasets/in-the-wild-final-small/SAFE/1/frame_11920.jpg,SAFE,SAFE,0.4849150478839874,context_encoding_only,in_the_wild
/Users/ahooker/Documents/Dissertation/virtushield/final-datasets/in-the-wild-final-small/SAFE/1/frame_11940.jpg,SAFE,SAFE,0.14021940529346466,context_encoding_only,in_the_wild
/Users/ahooker/Documents/Dissertation/virtushield/final-datasets/in-the-wild-final-small/SAFE/1/frame_11940__1.jpg,SAFE,SAFE,0.3598077893257141,context_encoding_only,in_the_wild
/Users/ahooker/Documents/Dissertation/virtushield/final-datasets/in-the-wild-final-small/SAFE/1/frame_11940__2.jpg,SAFE,SAFE,0.49232733249664307,context_encoding_only,in_the_wild
/Users/ahooker/Documents/Dissertation/virtushield/final-datasets/in-the-wild-final-small/SAFE/1/frame_1200.jpg,SAFE,SAFE,0.0686010867357254,context_encoding_only,in_the_wild
/Users/ahooker/Documents/Dissertation/virtushield/final-datasets/in-the-wild-final-small/SAFE/1/frame_12020.jpg,SAFE,SAFE,0.31043627858161926,context_encoding_only,in_the_wild
/Users/ahooker/Documents/Dissertation/virtushield/final-datasets/in-the-wild-final-small/SAFE/1/frame_12120.jpg,SAFE,UNSAFE,0.5450814366340637,context_encoding_only,in_the_wild
/Users/ahooker/Documents/Dissertation/virtushield/final-datasets/in-the-wild-final-small/SAFE/1/frame_12160.jpg,SAFE,UNSAFE,0.5461477041244507,context_encoding_only,in_the_wild
/Users/ahooker/Documents/Dissertation/virtushield/final-datasets/in-the-wild-final-small/SAFE/1/frame_12260.jpg,SAFE,SAFE,0.20971836149692535,context_encoding_only,in_the_wild
/Users/ahooker/Documents/Dissertation/virtushield/final-datasets/in-the-wild-final-small/SAFE/1/frame_12260__1.jpg,SAFE,UNSAFE,0.5574016571044922,context_encoding_only,in_the_wild
/Users/ahooker/Documents/Dissertation/virtushield/final-datasets/in-the-wild-final-small/SAFE/1/frame_12300.jpg,SAFE,UNSAFE,0.7579168677330017,context_encoding_only,in_the_wild
/Users/ahooker/Documents/Dissertation/virtushield/final-datasets/in-the-wild-final-small/SAFE/1/frame_12320.jpg,SAFE,UNSAFE,0.5417104959487915,context_encoding_only,in_the_wild
/Users/ahooker/Documents/Dissertation/virtushield/final-datasets/in-the-wild-final-small/SAFE/1/frame_12340.jpg,SAFE,UNSAFE,0.7284801602363586,context_encoding_only,in_the_wild
/Users/ahooker/Documents/Dissertation/virtushield/final-datasets/in-the-wild-final-small/SAFE/1/frame_12380.jpg,SAFE,UNSAFE,0.6163559556007385,context_encoding_only,in_the_wild
/Users/ahooker/Documents/Dissertation/virtushield/final-datasets/in-the-wild-final-small/SAFE/1/frame_12420.jpg,SAFE,UNSAFE,0.6359354257583618,context_encoding_only,in_the_wild
/Users/ahooker/Documents/Dissertation/virtushield/final-datasets/in-the-wild-final-small/SAFE/1/frame_12460.jpg,SAFE,SAFE,0.2898959815502167,context_encoding_only,in_the_wild
/Users/ahooker/Documents/Dissertation/virtushield/final-datasets/in-the-wild-final-small/SAFE/1/frame_12500.jpg,SAFE,SAFE,0.3932848870754242,context_encoding_only,in_the_wild
/Users/ahooker/Documents/Dissertation/virtushield/final-datasets/in-the-wild-final-small/SAFE/1/frame_12520.jpg,SAFE,SAFE,0.19951719045639038,context_encoding_only,in_the_wild
/Users/ahooker/Documents/Dissertation/virtushield/final-datasets/in-the-wild-final-small/SAFE/1/frame_12620.jpg,SAFE,SAFE,0.3293866515159607,context_encoding_only,in_the_wild
/Users/ahooker/Documents/Dissertation/virtushield/final-datasets/in-the-wild-final-small/SAFE/1/frame_12660.jpg,SAFE,SAFE,0.4585721790790558,context_encoding_only,in_the_wild
/Users/ahooker/Documents/Dissertation/virtushield/final-datasets/in-the-wild-final-small/SAFE/1/frame_12740.jpg,SAFE,SAFE,0.30504757165908813,context_encoding_only,in_the_wild
/Users/ahooker/Documents/Dissertation/virtushield/final-datasets/in-the-wild-final-small/SAFE/1/frame_12780.jpg,SAFE,SAFE,0.24644124507904053,context_encoding_only,in_the_wild
/Users/ahooker/Documents/Dissertation/virtushield/final-datasets/in-the-wild-final-small/SAFE/1/frame_12820.jpg,SAFE,SAFE,0.25878962874412537,context_encoding_only,in_the_wild
/Users/ahooker/Documents/Dissertation/virtushield/final-datasets/in-the-wild-final-small/SAFE/1/frame_12840.jpg,SAFE,SAFE,0.11351221054792404,context_encoding_only,in_the_wild
/Users/ahooker/Documents/Dissertation/virtushield/final-datasets/in-the-wild-final-small/SAFE/1/frame_12920.jpg,SAFE,SAFE,0.2072983980178833,context_encoding_only,in_the_wild
/Users/ahooker/Documents/Dissertation/virtushield/final-datasets/in-the-wild-final-small/SAFE/1/frame_12920__1.jpg,SAFE,UNSAFE,0.6166364550590515,context_encoding_only,in_the_wild
/Users/ahooker/Documents/Dissertation/virtushield/final-datasets/in-the-wild-final-small/SAFE/1/frame_13000.jpg,SAFE,SAFE,0.4285206198692322,context_encoding_only,in_the_wild
/Users/ahooker/Documents/Dissertation/virtushield/final-datasets/in-the-wild-final-small/SAFE/1/frame_13020.jpg,SAFE,SAFE,0.49510735273361206,context_encoding_only,in_the_wild
/Users/ahooker/Documents/Dissertation/virtushield/final-datasets/in-the-wild-final-small/SAFE/1/frame_13060.jpg,SAFE,SAFE,0.2161242961883545,context_encoding_only,in_the_wild
/Users/ahooker/Documents/Dissertation/virtushield/final-datasets/in-the-wild-final-small/SAFE/1/frame_13180.jpg,SAFE,SAFE,0.27299484610557556,context_encoding_only,in_the_wild
/Users/ahooker/Documents/Dissertation/virtushield/final-datasets/in-the-wild-final-small/SAFE/1/frame_13200.jpg,SAFE,SAFE,0.11085953563451767,context_encoding_only,in_the_wild
/Users/ahooker/Documents/Dissertation/virtushield/final-datasets/in-the-wild-final-small/SAFE/1/frame_13240.jpg,SAFE,SAFE,0.13075751066207886,context_encoding_only,in_the_wild
/Users/ahooker/Documents/Dissertation/virtushield/final-datasets/in-the-wild-final-small/SAFE/1/frame_13280.jpg,SAFE,SAFE,0.2754204273223877,context_encoding_only,in_the_wild
/Users/ahooker/Documents/Dissertation/virtushield/final-datasets/in-the-wild-final-small/SAFE/1/frame_13280__1.jpg,SAFE,SAFE,0.2062881737947464,context_encoding_only,in_the_wild
/Users/ahooker/Documents/Dissertation/virtushield/final-datasets/in-the-wild-final-small/SAFE/1/frame_13400.jpg,SAFE,SAFE,0.34464460611343384,context_encoding_only,in_the_wild
/Users/ahooker/Documents/Dissertation/virtushield/final-datasets/in-the-wild-final-small/SAFE/1/frame_13400__1.jpg,SAFE,SAFE,0.34788838028907776,context_encoding_only,in_the_wild
/Users/ahooker/Documents/Dissertation/virtushield/final-datasets/in-the-wild-final-small/SAFE/1/frame_13420.jpg,SAFE,SAFE,0.44217726588249207,context_encoding_only,in_the_wild
/Users/ahooker/Documents/Dissertation/virtushield/final-datasets/in-the-wild-final-small/SAFE/1/frame_13440.jpg,SAFE,SAFE,0.3012423813343048,context_encoding_only,in_the_wild
/Users/ahooker/Documents/Dissertation/virtushield/final-datasets/in-the-wild-final-small/SAFE/1/frame_13480.jpg,SAFE,UNSAFE,0.5178790092468262,context_encoding_only,in_the_wild
/Users/ahooker/Documents/Dissertation/virtushield/final-datasets/in-the-wild-final-small/SAFE/1/frame_13480__1.jpg,SAFE,SAFE,0.28991755843162537,context_encoding_only,in_the_wild
/Users/ahooker/Documents/Dissertation/virtushield/final-datasets/in-the-wild-final-small/SAFE/1/frame_13520.jpg,SAFE,SAFE,0.3760313093662262,context_encoding_only,in_the_wild
/Users/ahooker/Documents/Dissertation/virtushield/final-datasets/in-the-wild-final-small/SAFE/1/frame_13580.jpg,SAFE,SAFE,0.11272595077753067,context_encoding_only,in_the_wild
/Users/ahooker/Documents/Dissertation/virtushield/final-datasets/in-the-wild-final-small/SAFE/1/frame_13580__1.jpg,SAFE,SAFE,0.3987928032875061,context_encoding_only,in_the_wild
/Users/ahooker/Documents/Dissertation/virtushield/final-datasets/in-the-wild-final-small/SAFE/1/frame_13640.jpg,SAFE,SAFE,0.13461141288280487,context_encoding_only,in_the_wild
/Users/ahooker/Documents/Dissertation/virtushield/final-datasets/in-the-wild-final-small/SAFE/1/frame_13660.jpg,SAFE,SAFE,0.23768582940101624,context_encoding_only,in_the_wild
/Users/ahooker/Documents/Dissertation/virtushield/final-datasets/in-the-wild-final-small/SAFE/1/frame_13700.jpg,SAFE,SAFE,0.33309465646743774,context_encoding_only,in_the_wild
/Users/ahooker/Documents/Dissertation/virtushield/final-datasets/in-the-wild-final-small/SAFE/1/frame_13720.jpg,SAFE,SAFE,0.21006914973258972,context_encoding_only,in_the_wild
/Users/ahooker/Documents/Dissertation/virtushield/final-datasets/in-the-wild-final-small/SAFE/1/frame_1380.jpg,SAFE,SAFE,0.09209439158439636,context_encoding_only,in_the_wild
/Users/ahooker/Documents/Dissertation/virtushield/final-datasets/in-the-wild-final-small/SAFE/1/frame_13840.jpg,SAFE,SAFE,0.2271527647972107,context_encoding_only,in_the_wild
/Users/ahooker/Documents/Dissertation/virtushield/final-datasets/in-the-wild-final-small/SAFE/1/frame_13860.jpg,SAFE,UNSAFE,0.5889381170272827,context_encoding_only,in_the_wild
/Users/ahooker/Documents/Dissertation/virtushield/final-datasets/in-the-wild-final-small/SAFE/1/frame_13880.jpg,SAFE,SAFE,0.20291726291179657,context_encoding_only,in_the_wild
/Users/ahooker/Documents/Dissertation/virtushield/final-datasets/in-the-wild-final-small/SAFE/1/frame_13900.jpg,SAFE,SAFE,0.34581950306892395,context_encoding_only,in_the_wild
/Users/ahooker/Documents/Dissertation/virtushield/final-datasets/in-the-wild-final-small/SAFE/1/frame_13940.jpg,SAFE,SAFE,0.19459611177444458,context_encoding_only,in_the_wild
/Users/ahooker/Documents/Dissertation/virtushield/final-datasets/in-the-wild-final-small/SAFE/1/frame_13960.jpg,SAFE,SAFE,0.34543341398239136,context_encoding_only,in_the_wild
/Users/ahooker/Documents/Dissertation/virtushield/final-datasets/in-the-wild-final-small/SAFE/1/frame_13960__1.jpg,SAFE,SAFE,0.41080242395401,context_encoding_only,in_the_wild
/Users/ahooker/Documents/Dissertation/virtushield/final-datasets/in-the-wild-final-small/SAFE/1/frame_13960__2.jpg,SAFE,UNSAFE,0.7269987463951111,context_encoding_only,in_the_wild
/Users/ahooker/Documents/Dissertation/virtushield/final-datasets/in-the-wild-final-small/SAFE/1/frame_13980.jpg,SAFE,SAFE,0.2874794006347656,context_encoding_only,in_the_wild
/Users/ahooker/Documents/Dissertation/virtushield/final-datasets/in-the-wild-final-small/SAFE/1/frame_13980__1.jpg,SAFE,SAFE,0.33563360571861267,context_encoding_only,in_the_wild
/Users/ahooker/Documents/Dissertation/virtushield/final-datasets/in-the-wild-final-small/SAFE/1/frame_13980__2.jpg,SAFE,SAFE,0.295306921005249,context_encoding_only,in_the_wild
/Users/ahooker/Documents/Dissertation/virtushield/final-datasets/in-the-wild-final-small/SAFE/1/frame_14040.jpg,SAFE,SAFE,0.40144258737564087,context_encoding_only,in_the_wild
/Users/ahooker/Documents/Dissertation/virtushield/final-datasets/in-the-wild-final-small/SAFE/1/frame_14040__1.jpg,SAFE,SAFE,0.37885579466819763,context_encoding_only,in_the_wild
/Users/ahooker/Documents/Dissertation/virtushield/final-datasets/in-the-wild-final-small/SAFE/1/frame_14060.jpg,SAFE,SAFE,0.33842164278030396,context_encoding_only,in_the_wild
/Users/ahooker/Documents/Dissertation/virtushield/final-datasets/in-the-wild-final-small/SAFE/1/frame_14080.jpg,SAFE,SAFE,0.3857569396495819,context_encoding_only,in_the_wild
/Users/ahooker/Documents/Dissertation/virtushield/final-datasets/in-the-wild-final-small/SAFE/1/frame_14120.jpg,SAFE,SAFE,0.4043131172657013,context_encoding_only,in_the_wild
/Users/ahooker/Documents/Dissertation/virtushield/final-datasets/in-the-wild-final-small/SAFE/1/frame_14200.jpg,SAFE,UNSAFE,0.5767510533332825,context_encoding_only,in_the_wild
/Users/ahooker/Documents/Dissertation/virtushield/final-datasets/in-the-wild-final-small/SAFE/1/frame_14200__1.jpg,SAFE,SAFE,0.4442826807498932,context_encoding_only,in_the_wild
/Users/ahooker/Documents/Dissertation/virtushield/final-datasets/in-the-wild-final-small/SAFE/1/frame_14200__2.jpg,SAFE,SAFE,0.2758275270462036,context_encoding_only,in_the_wild
/Users/ahooker/Documents/Dissertation/virtushield/final-datasets/in-the-wild-final-small/SAFE/1/frame_14240.jpg,SAFE,SAFE,0.16681984066963196,context_encoding_only,in_the_wild
/Users/ahooker/Documents/Dissertation/virtushield/final-datasets/in-the-wild-final-small/SAFE/1/frame_14300.jpg,SAFE,SAFE,0.31346532702445984,context_encoding_only,in_the_wild
/Users/ahooker/Documents/Dissertation/virtushield/final-datasets/in-the-wild-final-small/SAFE/1/frame_14300__1.jpg,SAFE,SAFE,0.4097110629081726,context_encoding_only,in_the_wild
/Users/ahooker/Documents/Dissertation/virtushield/final-datasets/in-the-wild-final-small/SAFE/1/frame_14300__2.jpg,SAFE,SAFE,0.31346532702445984,context_encoding_only,in_the_wild
/Users/ahooker/Documents/Dissertation/virtushield/final-datasets/in-the-wild-final-small/SAFE/1/frame_14400.jpg,SAFE,SAFE,0.28960317373275757,context_encoding_only,in_the_wild
/Users/ahooker/Documents/Dissertation/virtushield/final-datasets/in-the-wild-final-small/SAFE/1/frame_14400__1.jpg,SAFE,SAFE,0.4679713547229767,context_encoding_only,in_the_wild
/Users/ahooker/Documents/Dissertation/virtushield/final-datasets/in-the-wild-final-small/SAFE/1/frame_14400__2.jpg,SAFE,SAFE,0.3759118318557739,context_encoding_only,in_the_wild
/Users/ahooker/Documents/Dissertation/virtushield/final-datasets/in-the-wild-final-small/SAFE/1/frame_14460.jpg,SAFE,SAFE,0.2964775860309601,context_encoding_only,in_the_wild
/Users/ahooker/Documents/Dissertation/virtushield/final-datasets/in-the-wild-final-small/SAFE/1/frame_14500.jpg,SAFE,SAFE,0.3960772752761841,context_encoding_only,in_the_wild
/Users/ahooker/Documents/Dissertation/virtushield/final-datasets/in-the-wild-final-small/SAFE/1/frame_14580.jpg,SAFE,SAFE,0.28530585765838623,context_encoding_only,in_the_wild
/Users/ahooker/Documents/Dissertation/virtushield/final-datasets/in-the-wild-final-small/SAFE/1/frame_14840.jpg,SAFE,UNSAFE,0.6205690503120422,context_encoding_only,in_the_wild
/Users/ahooker/Documents/Dissertation/virtushield/final-datasets/in-the-wild-final-small/SAFE/1/frame_14840__1.jpg,SAFE,SAFE,0.20786155760288239,context_encoding_only,in_the_wild
/Users/ahooker/Documents/Dissertation/virtushield/final-datasets/in-the-wild-final-small/SAFE/1/frame_14900.jpg,SAFE,UNSAFE,0.5611504912376404,context_encoding_only,in_the_wild
/Users/ahooker/Documents/Dissertation/virtushield/final-datasets/in-the-wild-final-small/SAFE/1/frame_14920.jpg,SAFE,SAFE,0.2520563304424286,context_encoding_only,in_the_wild
/Users/ahooker/Documents/Dissertation/virtushield/final-datasets/in-the-wild-final-small/SAFE/1/frame_14940.jpg,SAFE,SAFE,0.2158123254776001,context_encoding_only,in_the_wild
/Users/ahooker/Documents/Dissertation/virtushield/final-datasets/in-the-wild-final-small/SAFE/1/frame_14980.jpg,SAFE,UNSAFE,0.7059465646743774,context_encoding_only,in_the_wild
/Users/ahooker/Documents/Dissertation/virtushield/final-datasets/in-the-wild-final-small/SAFE/1/frame_1500.jpg,SAFE,SAFE,0.47328680753707886,context_encoding_only,in_the_wild
/Users/ahooker/Documents/Dissertation/virtushield/final-datasets/in-the-wild-final-small/SAFE/1/frame_15040.jpg,SAFE,SAFE,0.09510082751512527,context_encoding_only,in_the_wild
/Users/ahooker/Documents/Dissertation/virtushield/final-datasets/in-the-wild-final-small/SAFE/1/frame_15040__1.jpg,SAFE,SAFE,0.2810331881046295,context_encoding_only,in_the_wild
/Users/ahooker/Documents/Dissertation/virtushield/final-datasets/in-the-wild-final-small/SAFE/1/frame_15060.jpg,SAFE,SAFE,0.30479371547698975,context_encoding_only,in_the_wild
/Users/ahooker/Documents/Dissertation/virtushield/final-datasets/in-the-wild-final-small/SAFE/1/frame_15080.jpg,SAFE,SAFE,0.2970830202102661,context_encoding_only,in_the_wild
/Users/ahooker/Documents/Dissertation/virtushield/final-datasets/in-the-wild-final-small/SAFE/1/frame_15140.jpg,SAFE,SAFE,0.32250723242759705,context_encoding_only,in_the_wild
/Users/ahooker/Documents/Dissertation/virtushield/final-datasets/in-the-wild-final-small/SAFE/1/frame_15160.jpg,SAFE,UNSAFE,0.5291574597358704,context_encoding_only,in_the_wild
/Users/ahooker/Documents/Dissertation/virtushield/final-datasets/in-the-wild-final-small/SAFE/1/frame_15300.jpg,SAFE,SAFE,0.4869685769081116,context_encoding_only,in_the_wild
/Users/ahooker/Documents/Dissertation/virtushield/final-datasets/in-the-wild-final-small/SAFE/1/frame_15320.jpg,SAFE,SAFE,0.46095800399780273,context_encoding_only,in_the_wild
/Users/ahooker/Documents/Dissertation/virtushield/final-datasets/in-the-wild-final-small/SAFE/1/frame_15320__1.jpg,SAFE,UNSAFE,0.5957314372062683,context_encoding_only,in_the_wild
/Users/ahooker/Documents/Dissertation/virtushield/final-datasets/in-the-wild-final-small/SAFE/1/frame_15340.jpg,SAFE,SAFE,0.2471255213022232,context_encoding_only,in_the_wild
/Users/ahooker/Documents/Dissertation/virtushield/final-datasets/in-the-wild-final-small/SAFE/1/frame_15360.jpg,SAFE,SAFE,0.4044739007949829,context_encoding_only,in_the_wild
/Users/ahooker/Documents/Dissertation/virtushield/final-datasets/in-the-wild-final-small/SAFE/1/frame_1540.jpg,SAFE,UNSAFE,0.5093439817428589,context_encoding_only,in_the_wild
/Users/ahooker/Documents/Dissertation/virtushield/final-datasets/in-the-wild-final-small/SAFE/1/frame_15420.jpg,SAFE,SAFE,0.4594488739967346,context_encoding_only,in_the_wild
/Users/ahooker/Documents/Dissertation/virtushield/final-datasets/in-the-wild-final-small/SAFE/1/frame_15440.jpg,SAFE,SAFE,0.46856167912483215,context_encoding_only,in_the_wild
/Users/ahooker/Documents/Dissertation/virtushield/final-datasets/in-the-wild-final-small/SAFE/1/frame_15480.jpg,SAFE,UNSAFE,0.5798279643058777,context_encoding_only,in_the_wild
/Users/ahooker/Documents/Dissertation/virtushield/final-datasets/in-the-wild-final-small/SAFE/1/frame_15560.jpg,SAFE,SAFE,0.10436120629310608,context_encoding_only,in_the_wild
/Users/ahooker/Documents/Dissertation/virtushield/final-datasets/in-the-wild-final-small/SAFE/1/frame_15640.jpg,SAFE,UNSAFE,0.5015921592712402,context_encoding_only,in_the_wild
/Users/ahooker/Documents/Dissertation/virtushield/final-datasets/in-the-wild-final-small/SAFE/1/frame_15660.jpg,SAFE,UNSAFE,0.593218982219696,context_encoding_only,in_the_wild
/Users/ahooker/Documents/Dissertation/virtushield/final-datasets/in-the-wild-final-small/SAFE/1/frame_15680.jpg,SAFE,SAFE,0.33607950806617737,context_encoding_only,in_the_wild
/Users/ahooker/Documents/Dissertation/virtushield/final-datasets/in-the-wild-final-small/SAFE/1/frame_15700.jpg,SAFE,UNSAFE,0.561412513256073,context_encoding_only,in_the_wild
/Users/ahooker/Documents/Dissertation/virtushield/final-datasets/in-the-wild-final-small/SAFE/1/frame_15760.jpg,SAFE,SAFE,0.20149420201778412,context_encoding_only,in_the_wild
/Users/ahooker/Documents/Dissertation/virtushield/final-datasets/in-the-wild-final-small/SAFE/1/frame_15780.jpg,SAFE,SAFE,0.2727798819541931,context_encoding_only,in_the_wild
/Users/ahooker/Documents/Dissertation/virtushield/final-datasets/in-the-wild-final-small/SAFE/1/frame_15860.jpg,SAFE,SAFE,0.31694748997688293,context_encoding_only,in_the_wild
/Users/ahooker/Documents/Dissertation/virtushield/final-datasets/in-the-wild-final-small/SAFE/1/frame_15860__1.jpg,SAFE,SAFE,0.34702345728874207,context_encoding_only,in_the_wild
/Users/ahooker/Documents/Dissertation/virtushield/final-datasets/in-the-wild-final-small/SAFE/1/frame_15860__2.jpg,SAFE,SAFE,0.23287121951580048,context_encoding_only,in_the_wild
/Users/ahooker/Documents/Dissertation/virtushield/final-datasets/in-the-wild-final-small/SAFE/1/frame_15960.jpg,SAFE,SAFE,0.34646615386009216,context_encoding_only,in_the_wild
/Users/ahooker/Documents/Dissertation/virtushield/final-datasets/in-the-wild-final-small/SAFE/1/frame_160.jpg,SAFE,SAFE,0.22435536980628967,context_encoding_only,in_the_wild
/Users/ahooker/Documents/Dissertation/virtushield/final-datasets/in-the-wild-final-small/SAFE/1/frame_16200.jpg,SAFE,UNSAFE,0.6858393549919128,context_encoding_only,in_the_wild
/Users/ahooker/Documents/Dissertation/virtushield/final-datasets/in-the-wild-final-small/SAFE/1/frame_16340.jpg,SAFE,SAFE,0.23725652694702148,context_encoding_only,in_the_wild
/Users/ahooker/Documents/Dissertation/virtushield/final-datasets/in-the-wild-final-small/SAFE/1/frame_16340__1.jpg,SAFE,SAFE,0.30588075518608093,context_encoding_only,in_the_wild
/Users/ahooker/Documents/Dissertation/virtushield/final-datasets/in-the-wild-final-small/SAFE/1/frame_16360.jpg,SAFE,UNSAFE,0.5212350487709045,context_encoding_only,in_the_wild
/Users/ahooker/Documents/Dissertation/virtushield/final-datasets/in-the-wild-final-small/SAFE/1/frame_16420.jpg,SAFE,UNSAFE,0.6152341365814209,context_encoding_only,in_the_wild
/Users/ahooker/Documents/Dissertation/virtushield/final-datasets/in-the-wild-final-small/SAFE/1/frame_16440.jpg,SAFE,UNSAFE,0.6716868281364441,context_encoding_only,in_the_wild
/Users/ahooker/Documents/Dissertation/virtushield/final-datasets/in-the-wild-final-small/SAFE/1/frame_16460.jpg,SAFE,SAFE,0.26965904235839844,context_encoding_only,in_the_wild
/Users/ahooker/Documents/Dissertation/virtushield/final-datasets/in-the-wild-final-small/SAFE/1/frame_16560.jpg,SAFE,UNSAFE,0.543037474155426,context_encoding_only,in_the_wild
/Users/ahooker/Documents/Dissertation/virtushield/final-datasets/in-the-wild-final-small/SAFE/1/frame_16660.jpg,SAFE,SAFE,0.35353586077690125,context_encoding_only,in_the_wild
/Users/ahooker/Documents/Dissertation/virtushield/final-datasets/in-the-wild-final-small/SAFE/1/frame_16660__1.jpg,SAFE,UNSAFE,0.5029358863830566,context_encoding_only,in_the_wild
/Users/ahooker/Documents/Dissertation/virtushield/final-datasets/in-the-wild-final-small/SAFE/1/frame_16720.jpg,SAFE,SAFE,0.362516850233078,context_encoding_only,in_the_wild
/Users/ahooker/Documents/Dissertation/virtushield/final-datasets/in-the-wild-final-small/SAFE/1/frame_16780.jpg,SAFE,SAFE,0.2466336339712143,context_encoding_only,in_the_wild
/Users/ahooker/Documents/Dissertation/virtushield/final-datasets/in-the-wild-final-small/SAFE/1/frame_16780__1.jpg,SAFE,SAFE,0.19306951761245728,context_encoding_only,in_the_wild
/Users/ahooker/Documents/Dissertation/virtushield/final-datasets/in-the-wild-final-small/SAFE/1/frame_16860.jpg,SAFE,UNSAFE,0.7035033106803894,context_encoding_only,in_the_wild
/Users/ahooker/Documents/Dissertation/virtushield/final-datasets/in-the-wild-final-small/SAFE/1/frame_16900.jpg,SAFE,SAFE,0.44265106320381165,context_encoding_only,in_the_wild
/Users/ahooker/Documents/Dissertation/virtushield/final-datasets/in-the-wild-final-small/SAFE/1/frame_16920.jpg,SAFE,UNSAFE,0.5611889958381653,context_encoding_only,in_the_wild
/Users/ahooker/Documents/Dissertation/virtushield/final-datasets/in-the-wild-final-small/SAFE/1/frame_1700.jpg,SAFE,SAFE,0.4976053237915039,context_encoding_only,in_the_wild
/Users/ahooker/Documents/Dissertation/virtushield/final-datasets/in-the-wild-final-small/SAFE/1/frame_17040.jpg,SAFE,SAFE,0.47071999311447144,context_encoding_only,in_the_wild
/Users/ahooker/Documents/Dissertation/virtushield/final-datasets/in-the-wild-final-small/SAFE/1/frame_17040__1.jpg,SAFE,SAFE,0.14862236380577087,context_encoding_only,in_the_wild
/Users/ahooker/Documents/Dissertation/virtushield/final-datasets/in-the-wild-final-small/SAFE/1/frame_17080.jpg,SAFE,SAFE,0.03861801326274872,context_encoding_only,in_the_wild
/Users/ahooker/Documents/Dissertation/virtushield/final-datasets/in-the-wild-final-small/SAFE/1/frame_17200.jpg,SAFE,SAFE,0.29755085706710815,context_encoding_only,in_the_wild
/Users/ahooker/Documents/Dissertation/virtushield/final-datasets/in-the-wild-final-small/SAFE/1/frame_17300.jpg,SAFE,SAFE,0.24870307743549347,context_encoding_only,in_the_wild
/Users/ahooker/Documents/Dissertation/virtushield/final-datasets/in-the-wild-final-small/SAFE/1/frame_17320.jpg,SAFE,UNSAFE,0.6127804517745972,context_encoding_only,in_the_wild
/Users/ahooker/Documents/Dissertation/virtushield/final-datasets/in-the-wild-final-small/SAFE/1/frame_17360.jpg,SAFE,SAFE,0.1560983508825302,context_encoding_only,in_the_wild
/Users/ahooker/Documents/Dissertation/virtushield/final-datasets/in-the-wild-final-small/SAFE/1/frame_1740.jpg,SAFE,SAFE,0.1489117294549942,context_encoding_only,in_the_wild
/Users/ahooker/Documents/Dissertation/virtushield/final-datasets/in-the-wild-final-small/SAFE/1/frame_17420.jpg,SAFE,SAFE,0.3647855222225189,context_encoding_only,in_the_wild
/Users/ahooker/Documents/Dissertation/virtushield/final-datasets/in-the-wild-final-small/SAFE/1/frame_17500.jpg,SAFE,SAFE,0.37543898820877075,context_encoding_only,in_the_wild
/Users/ahooker/Documents/Dissertation/virtushield/final-datasets/in-the-wild-final-small/SAFE/1/frame_17520.jpg,SAFE,SAFE,0.1908860057592392,context_encoding_only,in_the_wild
/Users/ahooker/Documents/Dissertation/virtushield/final-datasets/in-the-wild-final-small/SAFE/1/frame_17620.jpg,SAFE,SAFE,0.2985544800758362,context_encoding_only,in_the_wild
/Users/ahooker/Documents/Dissertation/virtushield/final-datasets/in-the-wild-final-small/SAFE/1/frame_17740.jpg,SAFE,SAFE,0.49163419008255005,context_encoding_only,in_the_wild
/Users/ahooker/Documents/Dissertation/virtushield/final-datasets/in-the-wild-final-small/SAFE/1/frame_17860.jpg,SAFE,SAFE,0.12197226285934448,context_encoding_only,in_the_wild
/Users/ahooker/Documents/Dissertation/virtushield/final-datasets/in-the-wild-final-small/SAFE/1/frame_17860__1.jpg,SAFE,SAFE,0.4274419844150543,context_encoding_only,in_the_wild
/Users/ahooker/Documents/Dissertation/virtushield/final-datasets/in-the-wild-final-small/SAFE/1/frame_17880.jpg,SAFE,SAFE,0.32942333817481995,context_encoding_only,in_the_wild
/Users/ahooker/Documents/Dissertation/virtushield/final-datasets/in-the-wild-final-small/SAFE/1/frame_180.jpg,SAFE,SAFE,0.31518736481666565,context_encoding_only,in_the_wild
/Users/ahooker/Documents/Dissertation/virtushield/final-datasets/in-the-wild-final-small/SAFE/1/frame_1800.jpg,SAFE,SAFE,0.355202853679657,context_encoding_only,in_the_wild
/Users/ahooker/Documents/Dissertation/virtushield/final-datasets/in-the-wild-final-small/SAFE/1/frame_18180.jpg,SAFE,SAFE,0.4227643609046936,context_encoding_only,in_the_wild
/Users/ahooker/Documents/Dissertation/virtushield/final-datasets/in-the-wild-final-small/SAFE/1/frame_18280.jpg,SAFE,SAFE,0.3582131862640381,context_encoding_only,in_the_wild
/Users/ahooker/Documents/Dissertation/virtushield/final-datasets/in-the-wild-final-small/SAFE/1/frame_18280__1.jpg,SAFE,SAFE,0.2326304018497467,context_encoding_only,in_the_wild
/Users/ahooker/Documents/Dissertation/virtushield/final-datasets/in-the-wild-final-small/SAFE/1/frame_18340.jpg,SAFE,SAFE,0.4209180474281311,context_encoding_only,in_the_wild
/Users/ahooker/Documents/Dissertation/virtushield/final-datasets/in-the-wild-final-small/SAFE/1/frame_18360.jpg,SAFE,SAFE,0.4155791997909546,context_encoding_only,in_the_wild
/Users/ahooker/Documents/Dissertation/virtushield/final-datasets/in-the-wild-final-small/SAFE/1/frame_18440.jpg,SAFE,SAFE,0.2759033441543579,context_encoding_only,in_the_wild
/Users/ahooker/Documents/Dissertation/virtushield/final-datasets/in-the-wild-final-small/SAFE/1/frame_18500.jpg,SAFE,SAFE,0.23839916288852692,context_encoding_only,in_the_wild
/Users/ahooker/Documents/Dissertation/virtushield/final-datasets/in-the-wild-final-small/SAFE/1/frame_18500__1.jpg,SAFE,SAFE,0.3021569848060608,context_encoding_only,in_the_wild
/Users/ahooker/Documents/Dissertation/virtushield/final-datasets/in-the-wild-final-small/SAFE/1/frame_18540.jpg,SAFE,UNSAFE,0.6108198761940002,context_encoding_only,in_the_wild
/Users/ahooker/Documents/Dissertation/virtushield/final-datasets/in-the-wild-final-small/SAFE/1/frame_18580.jpg,SAFE,SAFE,0.3723340332508087,context_encoding_only,in_the_wild
/Users/ahooker/Documents/Dissertation/virtushield/final-datasets/in-the-wild-final-small/SAFE/1/frame_1860.jpg,SAFE,SAFE,0.45593422651290894,context_encoding_only,in_the_wild
/Users/ahooker/Documents/Dissertation/virtushield/final-datasets/in-the-wild-final-small/SAFE/1/frame_18620.jpg,SAFE,SAFE,0.25570976734161377,context_encoding_only,in_the_wild
/Users/ahooker/Documents/Dissertation/virtushield/final-datasets/in-the-wild-final-small/SAFE/1/frame_18660.jpg,SAFE,SAFE,0.36688876152038574,context_encoding_only,in_the_wild
/Users/ahooker/Documents/Dissertation/virtushield/final-datasets/in-the-wild-final-small/SAFE/1/frame_18680.jpg,SAFE,UNSAFE,0.6933813691139221,context_encoding_only,in_the_wild
/Users/ahooker/Documents/Dissertation/virtushield/final-datasets/in-the-wild-final-small/SAFE/1/frame_18760.jpg,SAFE,SAFE,0.20815788209438324,context_encoding_only,in_the_wild
/Users/ahooker/Documents/Dissertation/virtushield/final-datasets/in-the-wild-final-small/SAFE/1/frame_18800.jpg,SAFE,SAFE,0.4064413607120514,context_encoding_only,in_the_wild
/Users/ahooker/Documents/Dissertation/virtushield/final-datasets/in-the-wild-final-small/SAFE/1/frame_18840.jpg,SAFE,SAFE,0.40289491415023804,context_encoding_only,in_the_wild
/Users/ahooker/Documents/Dissertation/virtushield/final-datasets/in-the-wild-final-small/SAFE/1/frame_18860.jpg,SAFE,UNSAFE,0.6359319090843201,context_encoding_only,in_the_wild
/Users/ahooker/Documents/Dissertation/virtushield/final-datasets/in-the-wild-final-small/SAFE/1/frame_18880.jpg,SAFE,SAFE,0.3371502459049225,context_encoding_only,in_the_wild
/Users/ahooker/Documents/Dissertation/virtushield/final-datasets/in-the-wild-final-small/SAFE/1/frame_18900.jpg,SAFE,SAFE,0.3664086163043976,context_encoding_only,in_the_wild
/Users/ahooker/Documents/Dissertation/virtushield/final-datasets/in-the-wild-final-small/SAFE/1/frame_1900.jpg,SAFE,SAFE,0.1846979856491089,context_encoding_only,in_the_wild
/Users/ahooker/Documents/Dissertation/virtushield/final-datasets/in-the-wild-final-small/SAFE/1/frame_19080.jpg,SAFE,SAFE,0.23655930161476135,context_encoding_only,in_the_wild
/Users/ahooker/Documents/Dissertation/virtushield/final-datasets/in-the-wild-final-small/SAFE/1/frame_19100.jpg,SAFE,SAFE,0.3967997133731842,context_encoding_only,in_the_wild
/Users/ahooker/Documents/Dissertation/virtushield/final-datasets/in-the-wild-final-small/SAFE/1/frame_19140.jpg,SAFE,SAFE,0.3319351375102997,context_encoding_only,in_the_wild
/Users/ahooker/Documents/Dissertation/virtushield/final-datasets/in-the-wild-final-small/SAFE/1/frame_19140__1.jpg,SAFE,SAFE,0.49692729115486145,context_encoding_only,in_the_wild
/Users/ahooker/Documents/Dissertation/virtushield/final-datasets/in-the-wild-final-small/SAFE/1/frame_19180.jpg,SAFE,SAFE,0.2855610251426697,context_encoding_only,in_the_wild
/Users/ahooker/Documents/Dissertation/virtushield/final-datasets/in-the-wild-final-small/SAFE/1/frame_19220.jpg,SAFE,SAFE,0.3308616578578949,context_encoding_only,in_the_wild
/Users/ahooker/Documents/Dissertation/virtushield/final-datasets/in-the-wild-final-small/SAFE/1/frame_19240.jpg,SAFE,SAFE,0.24031710624694824,context_encoding_only,in_the_wild
/Users/ahooker/Documents/Dissertation/virtushield/final-datasets/in-the-wild-final-small/SAFE/1/frame_1940.jpg,SAFE,UNSAFE,0.744208574295044,context_encoding_only,in_the_wild
/Users/ahooker/Documents/Dissertation/virtushield/final-datasets/in-the-wild-final-small/SAFE/1/frame_19420.jpg,SAFE,SAFE,0.267516165971756,context_encoding_only,in_the_wild
/Users/ahooker/Documents/Dissertation/virtushield/final-datasets/in-the-wild-final-small/SAFE/1/frame_19540.jpg,SAFE,UNSAFE,0.5838810205459595,context_encoding_only,in_the_wild
/Users/ahooker/Documents/Dissertation/virtushield/final-datasets/in-the-wild-final-small/SAFE/1/frame_19620.jpg,SAFE,SAFE,0.30500754714012146,context_encoding_only,in_the_wild
/Users/ahooker/Documents/Dissertation/virtushield/final-datasets/in-the-wild-final-small/SAFE/1/frame_19780.jpg,SAFE,UNSAFE,0.6163708567619324,context_encoding_only,in_the_wild
/Users/ahooker/Documents/Dissertation/virtushield/final-datasets/in-the-wild-final-small/SAFE/1/frame_19860.jpg,SAFE,SAFE,0.21140508353710175,context_encoding_only,in_the_wild
/Users/ahooker/Documents/Dissertation/virtushield/final-datasets/in-the-wild-final-small/SAFE/1/frame_19880.jpg,SAFE,SAFE,0.32624250650405884,context_encoding_only,in_the_wild
/Users/ahooker/Documents/Dissertation/virtushield/final-datasets/in-the-wild-final-small/SAFE/1/frame_19880__1.jpg,SAFE,SAFE,0.29817357659339905,context_encoding_only,in_the_wild
/Users/ahooker/Documents/Dissertation/virtushield/final-datasets/in-the-wild-final-small/SAFE/1/frame_19900.jpg,SAFE,SAFE,0.11360801011323929,context_encoding_only,in_the_wild
/Users/ahooker/Documents/Dissertation/virtushield/final-datasets/in-the-wild-final-small/SAFE/1/frame_19960.jpg,SAFE,SAFE,0.49004730582237244,context_encoding_only,in_the_wild
/Users/ahooker/Documents/Dissertation/virtushield/final-datasets/in-the-wild-final-small/SAFE/1/frame_2000.jpg,SAFE,SAFE,0.28982293605804443,context_encoding_only,in_the_wild
/Users/ahooker/Documents/Dissertation/virtushield/final-datasets/in-the-wild-final-small/SAFE/1/frame_2000__1.jpg,SAFE,UNSAFE,0.576265811920166,context_encoding_only,in_the_wild
/Users/ahooker/Documents/Dissertation/virtushield/final-datasets/in-the-wild-final-small/SAFE/1/frame_20060.jpg,SAFE,UNSAFE,0.5987461805343628,context_encoding_only,in_the_wild
/Users/ahooker/Documents/Dissertation/virtushield/final-datasets/in-the-wild-final-small/SAFE/1/frame_20120.jpg,SAFE,SAFE,0.4814571738243103,context_encoding_only,in_the_wild
/Users/ahooker/Documents/Dissertation/virtushield/final-datasets/in-the-wild-final-small/SAFE/1/frame_20180.jpg,SAFE,UNSAFE,0.6033605337142944,context_encoding_only,in_the_wild
/Users/ahooker/Documents/Dissertation/virtushield/final-datasets/in-the-wild-final-small/SAFE/1/frame_20360.jpg,SAFE,SAFE,0.22317297756671906,context_encoding_only,in_the_wild
/Users/ahooker/Documents/Dissertation/virtushield/final-datasets/in-the-wild-final-small/SAFE/1/frame_20440.jpg,SAFE,SAFE,0.18340416252613068,context_encoding_only,in_the_wild
/Users/ahooker/Documents/Dissertation/virtushield/final-datasets/in-the-wild-final-small/SAFE/1/frame_20480.jpg,SAFE,SAFE,0.4509066343307495,context_encoding_only,in_the_wild
/Users/ahooker/Documents/Dissertation/virtushield/final-datasets/in-the-wild-final-small/SAFE/1/frame_20480__1.jpg,SAFE,SAFE,0.39348286390304565,context_encoding_only,in_the_wild
/Users/ahooker/Documents/Dissertation/virtushield/final-datasets/in-the-wild-final-small/SAFE/1/frame_20520.jpg,SAFE,SAFE,0.11945568770170212,context_encoding_only,in_the_wild
/Users/ahooker/Documents/Dissertation/virtushield/final-datasets/in-the-wild-final-small/SAFE/1/frame_20560.jpg,SAFE,SAFE,0.40795794129371643,context_encoding_only,in_the_wild
/Users/ahooker/Documents/Dissertation/virtushield/final-datasets/in-the-wild-final-small/SAFE/1/frame_2060.jpg,SAFE,SAFE,0.36497291922569275,context_encoding_only,in_the_wild
/Users/ahooker/Documents/Dissertation/virtushield/final-datasets/in-the-wild-final-small/SAFE/1/frame_20700.jpg,SAFE,SAFE,0.3316708207130432,context_encoding_only,in_the_wild
/Users/ahooker/Documents/Dissertation/virtushield/final-datasets/in-the-wild-final-small/SAFE/1/frame_20820.jpg,SAFE,SAFE,0.3757641911506653,context_encoding_only,in_the_wild
/Users/ahooker/Documents/Dissertation/virtushield/final-datasets/in-the-wild-final-small/SAFE/1/frame_20940.jpg,SAFE,SAFE,0.35913628339767456,context_encoding_only,in_the_wild
/Users/ahooker/Documents/Dissertation/virtushield/final-datasets/in-the-wild-final-small/SAFE/1/frame_2100.jpg,SAFE,SAFE,0.290947824716568,context_encoding_only,in_the_wild
/Users/ahooker/Documents/Dissertation/virtushield/final-datasets/in-the-wild-final-small/SAFE/1/frame_21080.jpg,SAFE,SAFE,0.33630338311195374,context_encoding_only,in_the_wild
/Users/ahooker/Documents/Dissertation/virtushield/final-datasets/in-the-wild-final-small/SAFE/1/frame_21120.jpg,SAFE,SAFE,0.2538086175918579,context_encoding_only,in_the_wild
/Users/ahooker/Documents/Dissertation/virtushield/final-datasets/in-the-wild-final-small/SAFE/1/frame_21240.jpg,SAFE,SAFE,0.36205631494522095,context_encoding_only,in_the_wild
/Users/ahooker/Documents/Dissertation/virtushield/final-datasets/in-the-wild-final-small/SAFE/1/frame_21240__1.jpg,SAFE,SAFE,0.47772786021232605,context_encoding_only,in_the_wild
/Users/ahooker/Documents/Dissertation/virtushield/final-datasets/in-the-wild-final-small/SAFE/1/frame_21360.jpg,SAFE,SAFE,0.3064937889575958,context_encoding_only,in_the_wild
/Users/ahooker/Documents/Dissertation/virtushield/final-datasets/in-the-wild-final-small/SAFE/1/frame_21420.jpg,SAFE,SAFE,0.4443763792514801,context_encoding_only,in_the_wild
/Users/ahooker/Documents/Dissertation/virtushield/final-datasets/in-the-wild-final-small/SAFE/1/frame_21480.jpg,SAFE,SAFE,0.3323214054107666,context_encoding_only,in_the_wild
/Users/ahooker/Documents/Dissertation/virtushield/final-datasets/in-the-wild-final-small/SAFE/1/frame_21520.jpg,SAFE,SAFE,0.2387106567621231,context_encoding_only,in_the_wild
/Users/ahooker/Documents/Dissertation/virtushield/final-datasets/in-the-wild-final-small/SAFE/1/frame_21620.jpg,SAFE,SAFE,0.2740636467933655,context_encoding_only,in_the_wild
/Users/ahooker/Documents/Dissertation/virtushield/final-datasets/in-the-wild-final-small/SAFE/1/frame_21660.jpg,SAFE,SAFE,0.4261065423488617,context_encoding_only,in_the_wild
/Users/ahooker/Documents/Dissertation/virtushield/final-datasets/in-the-wild-final-small/SAFE/1/frame_21700.jpg,SAFE,SAFE,0.2580450773239136,context_encoding_only,in_the_wild
/Users/ahooker/Documents/Dissertation/virtushield/final-datasets/in-the-wild-final-small/SAFE/1/frame_21720.jpg,SAFE,SAFE,0.3938225209712982,context_encoding_only,in_the_wild
/Users/ahooker/Documents/Dissertation/virtushield/final-datasets/in-the-wild-final-small/SAFE/1/frame_21860.jpg,SAFE,SAFE,0.42459604144096375,context_encoding_only,in_the_wild
/Users/ahooker/Documents/Dissertation/virtushield/final-datasets/in-the-wild-final-small/SAFE/1/frame_21880.jpg,SAFE,SAFE,0.35442525148391724,context_encoding_only,in_the_wild
/Users/ahooker/Documents/Dissertation/virtushield/final-datasets/in-the-wild-final-small/SAFE/1/frame_220.jpg,SAFE,UNSAFE,0.6328462958335876,context_encoding_only,in_the_wild
/Users/ahooker/Documents/Dissertation/virtushield/final-datasets/in-the-wild-final-small/SAFE/1/frame_22000.jpg,SAFE,SAFE,0.48368746042251587,context_encoding_only,in_the_wild
/Users/ahooker/Documents/Dissertation/virtushield/final-datasets/in-the-wild-final-small/SAFE/1/frame_22060.jpg,SAFE,SAFE,0.4713154137134552,context_encoding_only,in_the_wild
/Users/ahooker/Documents/Dissertation/virtushield/final-datasets/in-the-wild-final-small/SAFE/1/frame_22080.jpg,SAFE,SAFE,0.3462027311325073,context_encoding_only,in_the_wild
/Users/ahooker/Documents/Dissertation/virtushield/final-datasets/in-the-wild-final-small/SAFE/1/frame_22100.jpg,SAFE,SAFE,0.3440236449241638,context_encoding_only,in_the_wild
/Users/ahooker/Documents/Dissertation/virtushield/final-datasets/in-the-wild-final-small/SAFE/1/frame_22200.jpg,SAFE,SAFE,0.22775301337242126,context_encoding_only,in_the_wild
/Users/ahooker/Documents/Dissertation/virtushield/final-datasets/in-the-wild-final-small/SAFE/1/frame_22400.jpg,SAFE,UNSAFE,0.6407425403594971,context_encoding_only,in_the_wild
/Users/ahooker/Documents/Dissertation/virtushield/final-datasets/in-the-wild-final-small/SAFE/1/frame_22460.jpg,SAFE,SAFE,0.3896871507167816,context_encoding_only,in_the_wild
/Users/ahooker/Documents/Dissertation/virtushield/final-datasets/in-the-wild-final-small/SAFE/1/frame_22620.jpg,SAFE,SAFE,0.3296217918395996,context_encoding_only,in_the_wild
/Users/ahooker/Documents/Dissertation/virtushield/final-datasets/in-the-wild-final-small/SAFE/1/frame_22680.jpg,SAFE,UNSAFE,0.6327904462814331,context_encoding_only,in_the_wild
/Users/ahooker/Documents/Dissertation/virtushield/final-datasets/in-the-wild-final-small/SAFE/1/frame_22900.jpg,SAFE,SAFE,0.4151197075843811,context_encoding_only,in_the_wild
/Users/ahooker/Documents/Dissertation/virtushield/final-datasets/in-the-wild-final-small/SAFE/1/frame_22940.jpg,SAFE,SAFE,0.24938833713531494,context_encoding_only,in_the_wild
/Users/ahooker/Documents/Dissertation/virtushield/final-datasets/in-the-wild-final-small/SAFE/1/frame_23140.jpg,SAFE,SAFE,0.2172999083995819,context_encoding_only,in_the_wild
/Users/ahooker/Documents/Dissertation/virtushield/final-datasets/in-the-wild-final-small/SAFE/1/frame_23480.jpg,SAFE,SAFE,0.2509869933128357,context_encoding_only,in_the_wild
/Users/ahooker/Documents/Dissertation/virtushield/final-datasets/in-the-wild-final-small/SAFE/1/frame_2420.jpg,SAFE,UNSAFE,0.6379939317703247,context_encoding_only,in_the_wild
/Users/ahooker/Documents/Dissertation/virtushield/final-datasets/in-the-wild-final-small/SAFE/1/frame_2440.jpg,SAFE,SAFE,0.20584538578987122,context_encoding_only,in_the_wild
/Users/ahooker/Documents/Dissertation/virtushield/final-datasets/in-the-wild-final-small/SAFE/1/frame_2440__1.jpg,SAFE,SAFE,0.17886707186698914,context_encoding_only,in_the_wild
/Users/ahooker/Documents/Dissertation/virtushield/final-datasets/in-the-wild-final-small/SAFE/1/frame_2440__2.jpg,SAFE,SAFE,0.2811545729637146,context_encoding_only,in_the_wild
/Users/ahooker/Documents/Dissertation/virtushield/final-datasets/in-the-wild-final-small/SAFE/1/frame_2460.jpg,SAFE,SAFE,0.42189741134643555,context_encoding_only,in_the_wild
/Users/ahooker/Documents/Dissertation/virtushield/final-datasets/in-the-wild-final-small/SAFE/1/frame_2460__1.jpg,SAFE,SAFE,0.27594488859176636,context_encoding_only,in_the_wild
/Users/ahooker/Documents/Dissertation/virtushield/final-datasets/in-the-wild-final-small/SAFE/1/frame_24920.jpg,SAFE,SAFE,0.2573966681957245,context_encoding_only,in_the_wild
/Users/ahooker/Documents/Dissertation/virtushield/final-datasets/in-the-wild-final-small/SAFE/1/frame_2500.jpg,SAFE,SAFE,0.2074422985315323,context_encoding_only,in_the_wild
/Users/ahooker/Documents/Dissertation/virtushield/final-datasets/in-the-wild-final-small/SAFE/1/frame_2500__1.jpg,SAFE,UNSAFE,0.6111834645271301,context_encoding_only,in_the_wild
/Users/ahooker/Documents/Dissertation/virtushield/final-datasets/in-the-wild-final-small/SAFE/1/frame_25160.jpg,SAFE,SAFE,0.3463055193424225,context_encoding_only,in_the_wild
/Users/ahooker/Documents/Dissertation/virtushield/final-datasets/in-the-wild-final-small/SAFE/1/frame_2580.jpg,SAFE,SAFE,0.27572697401046753,context_encoding_only,in_the_wild
/Users/ahooker/Documents/Dissertation/virtushield/final-datasets/in-the-wild-final-small/SAFE/1/frame_2600.jpg,SAFE,SAFE,0.19475218653678894,context_encoding_only,in_the_wild
/Users/ahooker/Documents/Dissertation/virtushield/final-datasets/in-the-wild-final-small/SAFE/1/frame_2600__1.jpg,SAFE,SAFE,0.2709403932094574,context_encoding_only,in_the_wild
/Users/ahooker/Documents/Dissertation/virtushield/final-datasets/in-the-wild-final-small/SAFE/1/frame_2620.jpg,SAFE,SAFE,0.3550049960613251,context_encoding_only,in_the_wild
/Users/ahooker/Documents/Dissertation/virtushield/final-datasets/in-the-wild-final-small/SAFE/1/frame_26540.jpg,SAFE,SAFE,0.3542947471141815,context_encoding_only,in_the_wild
/Users/ahooker/Documents/Dissertation/virtushield/final-datasets/in-the-wild-final-small/SAFE/1/frame_2660.jpg,SAFE,UNSAFE,0.590152382850647,context_encoding_only,in_the_wild
/Users/ahooker/Documents/Dissertation/virtushield/final-datasets/in-the-wild-final-small/SAFE/1/frame_2700.jpg,SAFE,SAFE,0.11408080160617828,context_encoding_only,in_the_wild
/Users/ahooker/Documents/Dissertation/virtushield/final-datasets/in-the-wild-final-small/SAFE/1/frame_2720.jpg,SAFE,SAFE,0.30462881922721863,context_encoding_only,in_the_wild
/Users/ahooker/Documents/Dissertation/virtushield/final-datasets/in-the-wild-final-small/SAFE/1/frame_27300.jpg,SAFE,SAFE,0.3397326171398163,context_encoding_only,in_the_wild
/Users/ahooker/Documents/Dissertation/virtushield/final-datasets/in-the-wild-final-small/SAFE/1/frame_27640.jpg,SAFE,SAFE,0.3638022243976593,context_encoding_only,in_the_wild
/Users/ahooker/Documents/Dissertation/virtushield/final-datasets/in-the-wild-final-small/SAFE/1/frame_27760.jpg,SAFE,SAFE,0.4628894031047821,context_encoding_only,in_the_wild
/Users/ahooker/Documents/Dissertation/virtushield/final-datasets/in-the-wild-final-small/SAFE/1/frame_2780.jpg,SAFE,SAFE,0.10754122585058212,context_encoding_only,in_the_wild
/Users/ahooker/Documents/Dissertation/virtushield/final-datasets/in-the-wild-final-small/SAFE/1/frame_27860.jpg,SAFE,SAFE,0.3055932819843292,context_encoding_only,in_the_wild
/Users/ahooker/Documents/Dissertation/virtushield/final-datasets/in-the-wild-final-small/SAFE/1/frame_28160.jpg,SAFE,SAFE,0.40875378251075745,context_encoding_only,in_the_wild
/Users/ahooker/Documents/Dissertation/virtushield/final-datasets/in-the-wild-final-small/SAFE/1/frame_2820.jpg,SAFE,SAFE,0.15078535676002502,context_encoding_only,in_the_wild
/Users/ahooker/Documents/Dissertation/virtushield/final-datasets/in-the-wild-final-small/SAFE/1/frame_2840.jpg,SAFE,SAFE,0.2766733765602112,context_encoding_only,in_the_wild
/Users/ahooker/Documents/Dissertation/virtushield/final-datasets/in-the-wild-final-small/SAFE/1/frame_28400.jpg,SAFE,SAFE,0.23883439600467682,context_encoding_only,in_the_wild
/Users/ahooker/Documents/Dissertation/virtushield/final-datasets/in-the-wild-final-small/SAFE/1/frame_2900.jpg,SAFE,UNSAFE,0.5097615122795105,context_encoding_only,in_the_wild
/Users/ahooker/Documents/Dissertation/virtushield/final-datasets/in-the-wild-final-small/SAFE/1/frame_2920.jpg,SAFE,SAFE,0.27752384543418884,context_encoding_only,in_the_wild
/Users/ahooker/Documents/Dissertation/virtushield/final-datasets/in-the-wild-final-small/SAFE/1/frame_2940.jpg,SAFE,SAFE,0.3185712695121765,context_encoding_only,in_the_wild
/Users/ahooker/Documents/Dissertation/virtushield/final-datasets/in-the-wild-final-small/SAFE/1/frame_2960.jpg,SAFE,UNSAFE,0.5167587995529175,context_encoding_only,in_the_wild
/Users/ahooker/Documents/Dissertation/virtushield/final-datasets/in-the-wild-final-small/SAFE/1/frame_3020.jpg,SAFE,SAFE,0.20155280828475952,context_encoding_only,in_the_wild
/Users/ahooker/Documents/Dissertation/virtushield/final-datasets/in-the-wild-final-small/SAFE/1/frame_3040.jpg,SAFE,SAFE,0.2907424569129944,context_encoding_only,in_the_wild
/Users/ahooker/Documents/Dissertation/virtushield/final-datasets/in-the-wild-final-small/SAFE/1/frame_3100.jpg,SAFE,SAFE,0.29260045289993286,context_encoding_only,in_the_wild
/Users/ahooker/Documents/Dissertation/virtushield/final-datasets/in-the-wild-final-small/SAFE/1/frame_3200.jpg,SAFE,SAFE,0.33478352427482605,context_encoding_only,in_the_wild
/Users/ahooker/Documents/Dissertation/virtushield/final-datasets/in-the-wild-final-small/SAFE/1/frame_3220.jpg,SAFE,SAFE,0.3992465138435364,context_encoding_only,in_the_wild
/Users/ahooker/Documents/Dissertation/virtushield/final-datasets/in-the-wild-final-small/SAFE/1/frame_3220__1.jpg,SAFE,SAFE,0.39251235127449036,context_encoding_only,in_the_wild
/Users/ahooker/Documents/Dissertation/virtushield/final-datasets/in-the-wild-final-small/SAFE/1/frame_3240.jpg,SAFE,SAFE,0.45727968215942383,context_encoding_only,in_the_wild
/Users/ahooker/Documents/Dissertation/virtushield/final-datasets/in-the-wild-final-small/SAFE/1/frame_3300.jpg,SAFE,SAFE,0.4158710837364197,context_encoding_only,in_the_wild
/Users/ahooker/Documents/Dissertation/virtushield/final-datasets/in-the-wild-final-small/SAFE/1/frame_3320.jpg,SAFE,SAFE,0.14046147465705872,context_encoding_only,in_the_wild
/Users/ahooker/Documents/Dissertation/virtushield/final-datasets/in-the-wild-final-small/SAFE/1/frame_3360.jpg,SAFE,SAFE,0.3403310179710388,context_encoding_only,in_the_wild
/Users/ahooker/Documents/Dissertation/virtushield/final-datasets/in-the-wild-final-small/SAFE/1/frame_3380.jpg,SAFE,SAFE,0.3201405107975006,context_encoding_only,in_the_wild
/Users/ahooker/Documents/Dissertation/virtushield/final-datasets/in-the-wild-final-small/SAFE/1/frame_3480.jpg,SAFE,SAFE,0.2869151830673218,context_encoding_only,in_the_wild
/Users/ahooker/Documents/Dissertation/virtushield/final-datasets/in-the-wild-final-small/SAFE/1/frame_3480__1.jpg,SAFE,UNSAFE,0.6623597741127014,context_encoding_only,in_the_wild
/Users/ahooker/Documents/Dissertation/virtushield/final-datasets/in-the-wild-final-small/SAFE/1/frame_3500.jpg,SAFE,SAFE,0.41990765929222107,context_encoding_only,in_the_wild
/Users/ahooker/Documents/Dissertation/virtushield/final-datasets/in-the-wild-final-small/SAFE/1/frame_3540.jpg,SAFE,SAFE,0.3992598056793213,context_encoding_only,in_the_wild
/Users/ahooker/Documents/Dissertation/virtushield/final-datasets/in-the-wild-final-small/SAFE/1/frame_3660.jpg,SAFE,SAFE,0.16237899661064148,context_encoding_only,in_the_wild
/Users/ahooker/Documents/Dissertation/virtushield/final-datasets/in-the-wild-final-small/SAFE/1/frame_3680.jpg,SAFE,SAFE,0.49322453141212463,context_encoding_only,in_the_wild
/Users/ahooker/Documents/Dissertation/virtushield/final-datasets/in-the-wild-final-small/SAFE/1/frame_3700.jpg,SAFE,UNSAFE,0.5364248752593994,context_encoding_only,in_the_wild
/Users/ahooker/Documents/Dissertation/virtushield/final-datasets/in-the-wild-final-small/SAFE/1/frame_3720.jpg,SAFE,SAFE,0.1603589802980423,context_encoding_only,in_the_wild
/Users/ahooker/Documents/Dissertation/virtushield/final-datasets/in-the-wild-final-small/SAFE/1/frame_3740.jpg,SAFE,SAFE,0.2601691484451294,context_encoding_only,in_the_wild
/Users/ahooker/Documents/Dissertation/virtushield/final-datasets/in-the-wild-final-small/SAFE/1/frame_3740__1.jpg,SAFE,SAFE,0.3189983069896698,context_encoding_only,in_the_wild
/Users/ahooker/Documents/Dissertation/virtushield/final-datasets/in-the-wild-final-small/SAFE/1/frame_3780.jpg,SAFE,SAFE,0.19285626709461212,context_encoding_only,in_the_wild
/Users/ahooker/Documents/Dissertation/virtushield/final-datasets/in-the-wild-final-small/SAFE/1/frame_3820.jpg,SAFE,SAFE,0.32213354110717773,context_encoding_only,in_the_wild
/Users/ahooker/Documents/Dissertation/virtushield/final-datasets/in-the-wild-final-small/SAFE/1/frame_3840.jpg,SAFE,SAFE,0.37385573983192444,context_encoding_only,in_the_wild
/Users/ahooker/Documents/Dissertation/virtushield/final-datasets/in-the-wild-final-small/SAFE/1/frame_3940.jpg,SAFE,SAFE,0.36346951127052307,context_encoding_only,in_the_wild
/Users/ahooker/Documents/Dissertation/virtushield/final-datasets/in-the-wild-final-small/SAFE/1/frame_40.jpg,SAFE,SAFE,0.23675741255283356,context_encoding_only,in_the_wild
/Users/ahooker/Documents/Dissertation/virtushield/final-datasets/in-the-wild-final-small/SAFE/1/frame_4020.jpg,SAFE,UNSAFE,0.6747415065765381,context_encoding_only,in_the_wild
/Users/ahooker/Documents/Dissertation/virtushield/final-datasets/in-the-wild-final-small/SAFE/1/frame_4020__1.jpg,SAFE,SAFE,0.43856820464134216,context_encoding_only,in_the_wild
/Users/ahooker/Documents/Dissertation/virtushield/final-datasets/in-the-wild-final-small/SAFE/1/frame_4060.jpg,SAFE,SAFE,0.23388199508190155,context_encoding_only,in_the_wild
/Users/ahooker/Documents/Dissertation/virtushield/final-datasets/in-the-wild-final-small/SAFE/1/frame_4120.jpg,SAFE,SAFE,0.29924115538597107,context_encoding_only,in_the_wild
/Users/ahooker/Documents/Dissertation/virtushield/final-datasets/in-the-wild-final-small/SAFE/1/frame_4200.jpg,SAFE,SAFE,0.06744921207427979,context_encoding_only,in_the_wild
/Users/ahooker/Documents/Dissertation/virtushield/final-datasets/in-the-wild-final-small/SAFE/1/frame_4200__1.jpg,SAFE,SAFE,0.23649831116199493,context_encoding_only,in_the_wild
/Users/ahooker/Documents/Dissertation/virtushield/final-datasets/in-the-wild-final-small/SAFE/1/frame_4240.jpg,SAFE,SAFE,0.36003315448760986,context_encoding_only,in_the_wild
/Users/ahooker/Documents/Dissertation/virtushield/final-datasets/in-the-wild-final-small/SAFE/1/frame_4300.jpg,SAFE,SAFE,0.21467211842536926,context_encoding_only,in_the_wild
/Users/ahooker/Documents/Dissertation/virtushield/final-datasets/in-the-wild-final-small/SAFE/1/frame_4300__1.jpg,SAFE,SAFE,0.23328818380832672,context_encoding_only,in_the_wild
/Users/ahooker/Documents/Dissertation/virtushield/final-datasets/in-the-wild-final-small/SAFE/1/frame_4320.jpg,SAFE,SAFE,0.34173783659935,context_encoding_only,in_the_wild
/Users/ahooker/Documents/Dissertation/virtushield/final-datasets/in-the-wild-final-small/SAFE/1/frame_4340.jpg,SAFE,SAFE,0.43804511427879333,context_encoding_only,in_the_wild
/Users/ahooker/Documents/Dissertation/virtushield/final-datasets/in-the-wild-final-small/SAFE/1/frame_4360.jpg,SAFE,SAFE,0.4110194444656372,context_encoding_only,in_the_wild
/Users/ahooker/Documents/Dissertation/virtushield/final-datasets/in-the-wild-final-small/SAFE/1/frame_4420.jpg,SAFE,SAFE,0.2543092668056488,context_encoding_only,in_the_wild
/Users/ahooker/Documents/Dissertation/virtushield/final-datasets/in-the-wild-final-small/SAFE/1/frame_4420__1.jpg,SAFE,SAFE,0.46477535367012024,context_encoding_only,in_the_wild
/Users/ahooker/Documents/Dissertation/virtushield/final-datasets/in-the-wild-final-small/SAFE/1/frame_4480.jpg,SAFE,SAFE,0.19884422421455383,context_encoding_only,in_the_wild
/Users/ahooker/Documents/Dissertation/virtushield/final-datasets/in-the-wild-final-small/SAFE/1/frame_4520.jpg,SAFE,SAFE,0.23487044870853424,context_encoding_only,in_the_wild
/Users/ahooker/Documents/Dissertation/virtushield/final-datasets/in-the-wild-final-small/SAFE/1/frame_4520__1.jpg,SAFE,SAFE,0.373325914144516,context_encoding_only,in_the_wild
/Users/ahooker/Documents/Dissertation/virtushield/final-datasets/in-the-wild-final-small/SAFE/1/frame_4560.jpg,SAFE,SAFE,0.26651236414909363,context_encoding_only,in_the_wild
/Users/ahooker/Documents/Dissertation/virtushield/final-datasets/in-the-wild-final-small/SAFE/1/frame_4580.jpg,SAFE,SAFE,0.323436439037323,context_encoding_only,in_the_wild
/Users/ahooker/Documents/Dissertation/virtushield/final-datasets/in-the-wild-final-small/SAFE/1/frame_4580__1.jpg,SAFE,UNSAFE,0.5008244514465332,context_encoding_only,in_the_wild
/Users/ahooker/Documents/Dissertation/virtushield/final-datasets/in-the-wild-final-small/SAFE/1/frame_4580__2.jpg,SAFE,SAFE,0.4828515648841858,context_encoding_only,in_the_wild
/Users/ahooker/Documents/Dissertation/virtushield/final-datasets/in-the-wild-final-small/SAFE/1/frame_4580__3.jpg,SAFE,SAFE,0.10663916170597076,context_encoding_only,in_the_wild
/Users/ahooker/Documents/Dissertation/virtushield/final-datasets/in-the-wild-final-small/SAFE/1/frame_460.jpg,SAFE,SAFE,0.37514162063598633,context_encoding_only,in_the_wild
/Users/ahooker/Documents/Dissertation/virtushield/final-datasets/in-the-wild-final-small/SAFE/1/frame_4600.jpg,SAFE,SAFE,0.19167734682559967,context_encoding_only,in_the_wild
/Users/ahooker/Documents/Dissertation/virtushield/final-datasets/in-the-wild-final-small/SAFE/1/frame_4620.jpg,SAFE,UNSAFE,0.5860333442687988,context_encoding_only,in_the_wild
/Users/ahooker/Documents/Dissertation/virtushield/final-datasets/in-the-wild-final-small/SAFE/1/frame_4640.jpg,SAFE,UNSAFE,0.5730270743370056,context_encoding_only,in_the_wild
/Users/ahooker/Documents/Dissertation/virtushield/final-datasets/in-the-wild-final-small/SAFE/1/frame_4640__1.jpg,SAFE,SAFE,0.2832161486148834,context_encoding_only,in_the_wild
/Users/ahooker/Documents/Dissertation/virtushield/final-datasets/in-the-wild-final-small/SAFE/1/frame_4660.jpg,SAFE,SAFE,0.21367989480495453,context_encoding_only,in_the_wild
/Users/ahooker/Documents/Dissertation/virtushield/final-datasets/in-the-wild-final-small/SAFE/1/frame_4700.jpg,SAFE,UNSAFE,0.5905956625938416,context_encoding_only,in_the_wild
/Users/ahooker/Documents/Dissertation/virtushield/final-datasets/in-the-wild-final-small/SAFE/1/frame_4700__1.jpg,SAFE,SAFE,0.3018670678138733,context_encoding_only,in_the_wild
/Users/ahooker/Documents/Dissertation/virtushield/final-datasets/in-the-wild-final-small/SAFE/1/frame_4740.jpg,SAFE,SAFE,0.16439460217952728,context_encoding_only,in_the_wild
/Users/ahooker/Documents/Dissertation/virtushield/final-datasets/in-the-wild-final-small/SAFE/1/frame_4740__1.jpg,SAFE,SAFE,0.16439460217952728,context_encoding_only,in_the_wild
/Users/ahooker/Documents/Dissertation/virtushield/final-datasets/in-the-wild-final-small/SAFE/1/frame_4760.jpg,SAFE,SAFE,0.3202700614929199,context_encoding_only,in_the_wild
/Users/ahooker/Documents/Dissertation/virtushield/final-datasets/in-the-wild-final-small/SAFE/1/frame_4820.jpg,SAFE,SAFE,0.45542237162590027,context_encoding_only,in_the_wild
/Users/ahooker/Documents/Dissertation/virtushield/final-datasets/in-the-wild-final-small/SAFE/1/frame_4820__1.jpg,SAFE,SAFE,0.20139600336551666,context_encoding_only,in_the_wild
/Users/ahooker/Documents/Dissertation/virtushield/final-datasets/in-the-wild-final-small/SAFE/1/frame_4900.jpg,SAFE,SAFE,0.1415250301361084,context_encoding_only,in_the_wild
/Users/ahooker/Documents/Dissertation/virtushield/final-datasets/in-the-wild-final-small/SAFE/1/frame_4900__1.jpg,SAFE,SAFE,0.2388642132282257,context_encoding_only,in_the_wild
/Users/ahooker/Documents/Dissertation/virtushield/final-datasets/in-the-wild-final-small/SAFE/1/frame_4960.jpg,SAFE,SAFE,0.22833624482154846,context_encoding_only,in_the_wild
/Users/ahooker/Documents/Dissertation/virtushield/final-datasets/in-the-wild-final-small/SAFE/1/frame_500.jpg,SAFE,SAFE,0.38982099294662476,context_encoding_only,in_the_wild
/Users/ahooker/Documents/Dissertation/virtushield/final-datasets/in-the-wild-final-small/SAFE/1/frame_500__1.jpg,SAFE,SAFE,0.38982099294662476,context_encoding_only,in_the_wild
/Users/ahooker/Documents/Dissertation/virtushield/final-datasets/in-the-wild-final-small/SAFE/1/frame_5020.jpg,SAFE,UNSAFE,0.6096394658088684,context_encoding_only,in_the_wild
/Users/ahooker/Documents/Dissertation/virtushield/final-datasets/in-the-wild-final-small/SAFE/1/frame_5020__1.jpg,SAFE,SAFE,0.49293088912963867,context_encoding_only,in_the_wild
/Users/ahooker/Documents/Dissertation/virtushield/final-datasets/in-the-wild-final-small/SAFE/1/frame_5060.jpg,SAFE,SAFE,0.33771783113479614,context_encoding_only,in_the_wild
/Users/ahooker/Documents/Dissertation/virtushield/final-datasets/in-the-wild-final-small/SAFE/1/frame_5060__1.jpg,SAFE,UNSAFE,0.5299676060676575,context_encoding_only,in_the_wild
/Users/ahooker/Documents/Dissertation/virtushield/final-datasets/in-the-wild-final-small/SAFE/1/frame_5100.jpg,SAFE,SAFE,0.2093326449394226,context_encoding_only,in_the_wild
/Users/ahooker/Documents/Dissertation/virtushield/final-datasets/in-the-wild-final-small/SAFE/1/frame_5120.jpg,SAFE,SAFE,0.22284840047359467,context_encoding_only,in_the_wild
/Users/ahooker/Documents/Dissertation/virtushield/final-datasets/in-the-wild-final-small/SAFE/1/frame_5200.jpg,SAFE,SAFE,0.35056641697883606,context_encoding_only,in_the_wild
/Users/ahooker/Documents/Dissertation/virtushield/final-datasets/in-the-wild-final-small/SAFE/1/frame_5220.jpg,SAFE,SAFE,0.14276118576526642,context_encoding_only,in_the_wild
/Users/ahooker/Documents/Dissertation/virtushield/final-datasets/in-the-wild-final-small/SAFE/1/frame_5300.jpg,SAFE,SAFE,0.3503553867340088,context_encoding_only,in_the_wild
/Users/ahooker/Documents/Dissertation/virtushield/final-datasets/in-the-wild-final-small/SAFE/1/frame_5360.jpg,SAFE,SAFE,0.11627491563558578,context_encoding_only,in_the_wild
/Users/ahooker/Documents/Dissertation/virtushield/final-datasets/in-the-wild-final-small/SAFE/1/frame_5400.jpg,SAFE,SAFE,0.4913105070590973,context_encoding_only,in_the_wild
/Users/ahooker/Documents/Dissertation/virtushield/final-datasets/in-the-wild-final-small/SAFE/1/frame_5460.jpg,SAFE,SAFE,0.400369256734848,context_encoding_only,in_the_wild
/Users/ahooker/Documents/Dissertation/virtushield/final-datasets/in-the-wild-final-small/SAFE/1/frame_5480.jpg,SAFE,SAFE,0.4679495096206665,context_encoding_only,in_the_wild
/Users/ahooker/Documents/Dissertation/virtushield/final-datasets/in-the-wild-final-small/SAFE/1/frame_5500.jpg,SAFE,SAFE,0.19945810735225677,context_encoding_only,in_the_wild
/Users/ahooker/Documents/Dissertation/virtushield/final-datasets/in-the-wild-final-small/SAFE/1/frame_5580.jpg,SAFE,SAFE,0.41514521837234497,context_encoding_only,in_the_wild
/Users/ahooker/Documents/Dissertation/virtushield/final-datasets/in-the-wild-final-small/SAFE/1/frame_560.jpg,SAFE,UNSAFE,0.5366415977478027,context_encoding_only,in_the_wild
/Users/ahooker/Documents/Dissertation/virtushield/final-datasets/in-the-wild-final-small/SAFE/1/frame_5600.jpg,SAFE,SAFE,0.309538334608078,context_encoding_only,in_the_wild
/Users/ahooker/Documents/Dissertation/virtushield/final-datasets/in-the-wild-final-small/SAFE/1/frame_5660.jpg,SAFE,SAFE,0.11650266498327255,context_encoding_only,in_the_wild
/Users/ahooker/Documents/Dissertation/virtushield/final-datasets/in-the-wild-final-small/SAFE/1/frame_5760.jpg,SAFE,SAFE,0.4474763572216034,context_encoding_only,in_the_wild
/Users/ahooker/Documents/Dissertation/virtushield/final-datasets/in-the-wild-final-small/SAFE/1/frame_5820.jpg,SAFE,UNSAFE,0.6605064868927002,context_encoding_only,in_the_wild
/Users/ahooker/Documents/Dissertation/virtushield/final-datasets/in-the-wild-final-small/SAFE/1/frame_5840.jpg,SAFE,SAFE,0.2472987025976181,context_encoding_only,in_the_wild
/Users/ahooker/Documents/Dissertation/virtushield/final-datasets/in-the-wild-final-small/SAFE/1/frame_5860.jpg,SAFE,UNSAFE,0.5979830026626587,context_encoding_only,in_the_wild
/Users/ahooker/Documents/Dissertation/virtushield/final-datasets/in-the-wild-final-small/SAFE/1/frame_5920.jpg,SAFE,SAFE,0.3683919608592987,context_encoding_only,in_the_wild
/Users/ahooker/Documents/Dissertation/virtushield/final-datasets/in-the-wild-final-small/SAFE/1/frame_5940.jpg,SAFE,SAFE,0.32461875677108765,context_encoding_only,in_the_wild
/Users/ahooker/Documents/Dissertation/virtushield/final-datasets/in-the-wild-final-small/SAFE/1/frame_6080.jpg,SAFE,SAFE,0.264249324798584,context_encoding_only,in_the_wild
/Users/ahooker/Documents/Dissertation/virtushield/final-datasets/in-the-wild-final-small/SAFE/1/frame_6220.jpg,SAFE,SAFE,0.38828638195991516,context_encoding_only,in_the_wild
/Users/ahooker/Documents/Dissertation/virtushield/final-datasets/in-the-wild-final-small/SAFE/1/frame_6340.jpg,SAFE,UNSAFE,0.5405847430229187,context_encoding_only,in_the_wild
/Users/ahooker/Documents/Dissertation/virtushield/final-datasets/in-the-wild-final-small/SAFE/1/frame_6340__1.jpg,SAFE,SAFE,0.3639453053474426,context_encoding_only,in_the_wild
/Users/ahooker/Documents/Dissertation/virtushield/final-datasets/in-the-wild-final-small/SAFE/1/frame_6380.jpg,SAFE,SAFE,0.3999590277671814,context_encoding_only,in_the_wild
/Users/ahooker/Documents/Dissertation/virtushield/final-datasets/in-the-wild-final-small/SAFE/1/frame_640.jpg,SAFE,UNSAFE,0.5370774269104004,context_encoding_only,in_the_wild
/Users/ahooker/Documents/Dissertation/virtushield/final-datasets/in-the-wild-final-small/SAFE/1/frame_6440.jpg,SAFE,UNSAFE,0.5121650695800781,context_encoding_only,in_the_wild
/Users/ahooker/Documents/Dissertation/virtushield/final-datasets/in-the-wild-final-small/SAFE/1/frame_6480.jpg,SAFE,SAFE,0.10488920658826828,context_encoding_only,in_the_wild
/Users/ahooker/Documents/Dissertation/virtushield/final-datasets/in-the-wild-final-small/SAFE/1/frame_6500.jpg,SAFE,SAFE,0.4480281174182892,context_encoding_only,in_the_wild
/Users/ahooker/Documents/Dissertation/virtushield/final-datasets/in-the-wild-final-small/SAFE/1/frame_6520.jpg,SAFE,SAFE,0.2784736752510071,context_encoding_only,in_the_wild
/Users/ahooker/Documents/Dissertation/virtushield/final-datasets/in-the-wild-final-small/SAFE/1/frame_6720.jpg,SAFE,SAFE,0.13125519454479218,context_encoding_only,in_the_wild
/Users/ahooker/Documents/Dissertation/virtushield/final-datasets/in-the-wild-final-small/SAFE/1/frame_6740.jpg,SAFE,SAFE,0.06272078305482864,context_encoding_only,in_the_wild
/Users/ahooker/Documents/Dissertation/virtushield/final-datasets/in-the-wild-final-small/SAFE/1/frame_6880.jpg,SAFE,SAFE,0.3525761365890503,context_encoding_only,in_the_wild
/Users/ahooker/Documents/Dissertation/virtushield/final-datasets/in-the-wild-final-small/SAFE/1/frame_6920.jpg,SAFE,SAFE,0.25800931453704834,context_encoding_only,in_the_wild
/Users/ahooker/Documents/Dissertation/virtushield/final-datasets/in-the-wild-final-small/SAFE/1/frame_6940.jpg,SAFE,SAFE,0.40053868293762207,context_encoding_only,in_the_wild
/Users/ahooker/Documents/Dissertation/virtushield/final-datasets/in-the-wild-final-small/SAFE/1/frame_6980.jpg,SAFE,SAFE,0.17552566528320312,context_encoding_only,in_the_wild
/Users/ahooker/Documents/Dissertation/virtushield/final-datasets/in-the-wild-final-small/SAFE/1/frame_700.jpg,SAFE,SAFE,0.196875661611557,context_encoding_only,in_the_wild
/Users/ahooker/Documents/Dissertation/virtushield/final-datasets/in-the-wild-final-small/SAFE/1/frame_7000.jpg,SAFE,UNSAFE,0.6030285954475403,context_encoding_only,in_the_wild
/Users/ahooker/Documents/Dissertation/virtushield/final-datasets/in-the-wild-final-small/SAFE/1/frame_7080.jpg,SAFE,SAFE,0.4558803141117096,context_encoding_only,in_the_wild
/Users/ahooker/Documents/Dissertation/virtushield/final-datasets/in-the-wild-final-small/SAFE/1/frame_7080__1.jpg,SAFE,SAFE,0.34010154008865356,context_encoding_only,in_the_wild
/Users/ahooker/Documents/Dissertation/virtushield/final-datasets/in-the-wild-final-small/SAFE/1/frame_7160.jpg,SAFE,SAFE,0.47250092029571533,context_encoding_only,in_the_wild
/Users/ahooker/Documents/Dissertation/virtushield/final-datasets/in-the-wild-final-small/SAFE/1/frame_7220.jpg,SAFE,SAFE,0.33717069029808044,context_encoding_only,in_the_wild
/Users/ahooker/Documents/Dissertation/virtushield/final-datasets/in-the-wild-final-small/SAFE/1/frame_7240.jpg,SAFE,UNSAFE,0.5139200687408447,context_encoding_only,in_the_wild
/Users/ahooker/Documents/Dissertation/virtushield/final-datasets/in-the-wild-final-small/SAFE/1/frame_7260.jpg,SAFE,SAFE,0.3462972939014435,context_encoding_only,in_the_wild
/Users/ahooker/Documents/Dissertation/virtushield/final-datasets/in-the-wild-final-small/SAFE/1/frame_7260__1.jpg,SAFE,SAFE,0.169980987906456,context_encoding_only,in_the_wild
/Users/ahooker/Documents/Dissertation/virtushield/final-datasets/in-the-wild-final-small/SAFE/1/frame_7380.jpg,SAFE,SAFE,0.28851428627967834,context_encoding_only,in_the_wild
/Users/ahooker/Documents/Dissertation/virtushield/final-datasets/in-the-wild-final-small/SAFE/1/frame_7480.jpg,SAFE,SAFE,0.41468310356140137,context_encoding_only,in_the_wild
/Users/ahooker/Documents/Dissertation/virtushield/final-datasets/in-the-wild-final-small/SAFE/1/frame_7520.jpg,SAFE,SAFE,0.3051288425922394,context_encoding_only,in_the_wild
/Users/ahooker/Documents/Dissertation/virtushield/final-datasets/in-the-wild-final-small/SAFE/1/frame_780.jpg,SAFE,UNSAFE,0.5416209697723389,context_encoding_only,in_the_wild
/Users/ahooker/Documents/Dissertation/virtushield/final-datasets/in-the-wild-final-small/SAFE/1/frame_7820.jpg,SAFE,SAFE,0.22414833307266235,context_encoding_only,in_the_wild
/Users/ahooker/Documents/Dissertation/virtushield/final-datasets/in-the-wild-final-small/SAFE/1/frame_7840.jpg,SAFE,UNSAFE,0.6314243078231812,context_encoding_only,in_the_wild
/Users/ahooker/Documents/Dissertation/virtushield/final-datasets/in-the-wild-final-small/SAFE/1/frame_7880.jpg,SAFE,SAFE,0.3421992063522339,context_encoding_only,in_the_wild
/Users/ahooker/Documents/Dissertation/virtushield/final-datasets/in-the-wild-final-small/SAFE/1/frame_7920.jpg,SAFE,SAFE,0.3099188208580017,context_encoding_only,in_the_wild
/Users/ahooker/Documents/Dissertation/virtushield/final-datasets/in-the-wild-final-small/SAFE/1/frame_7940.jpg,SAFE,SAFE,0.37547072768211365,context_encoding_only,in_the_wild
/Users/ahooker/Documents/Dissertation/virtushield/final-datasets/in-the-wild-final-small/SAFE/1/frame_7980.jpg,SAFE,SAFE,0.3615723252296448,context_encoding_only,in_the_wild
/Users/ahooker/Documents/Dissertation/virtushield/final-datasets/in-the-wild-final-small/SAFE/1/frame_8000.jpg,SAFE,SAFE,0.2920973300933838,context_encoding_only,in_the_wild
/Users/ahooker/Documents/Dissertation/virtushield/final-datasets/in-the-wild-final-small/SAFE/1/frame_8040.jpg,SAFE,SAFE,0.35910290479660034,context_encoding_only,in_the_wild
/Users/ahooker/Documents/Dissertation/virtushield/final-datasets/in-the-wild-final-small/SAFE/1/frame_8040__1.jpg,SAFE,SAFE,0.41020843386650085,context_encoding_only,in_the_wild
/Users/ahooker/Documents/Dissertation/virtushield/final-datasets/in-the-wild-final-small/SAFE/1/frame_8160.jpg,SAFE,UNSAFE,0.5662021636962891,context_encoding_only,in_the_wild
/Users/ahooker/Documents/Dissertation/virtushield/final-datasets/in-the-wild-final-small/SAFE/1/frame_8320.jpg,SAFE,SAFE,0.34312158823013306,context_encoding_only,in_the_wild
/Users/ahooker/Documents/Dissertation/virtushield/final-datasets/in-the-wild-final-small/SAFE/1/frame_8340.jpg,SAFE,UNSAFE,0.6088002920150757,context_encoding_only,in_the_wild
/Users/ahooker/Documents/Dissertation/virtushield/final-datasets/in-the-wild-final-small/SAFE/1/frame_8360.jpg,SAFE,SAFE,0.1661914438009262,context_encoding_only,in_the_wild
/Users/ahooker/Documents/Dissertation/virtushield/final-datasets/in-the-wild-final-small/SAFE/1/frame_8420.jpg,SAFE,SAFE,0.29840150475502014,context_encoding_only,in_the_wild
/Users/ahooker/Documents/Dissertation/virtushield/final-datasets/in-the-wild-final-small/SAFE/1/frame_8440.jpg,SAFE,UNSAFE,0.6332685351371765,context_encoding_only,in_the_wild
/Users/ahooker/Documents/Dissertation/virtushield/final-datasets/in-the-wild-final-small/SAFE/1/frame_8520.jpg,SAFE,SAFE,0.46024245023727417,context_encoding_only,in_the_wild
/Users/ahooker/Documents/Dissertation/virtushield/final-datasets/in-the-wild-final-small/SAFE/1/frame_860.jpg,SAFE,SAFE,0.04575144872069359,context_encoding_only,in_the_wild
/Users/ahooker/Documents/Dissertation/virtushield/final-datasets/in-the-wild-final-small/SAFE/1/frame_8600.jpg,SAFE,UNSAFE,0.5732552409172058,context_encoding_only,in_the_wild
/Users/ahooker/Documents/Dissertation/virtushield/final-datasets/in-the-wild-final-small/SAFE/1/frame_8700.jpg,SAFE,SAFE,0.4429193437099457,context_encoding_only,in_the_wild
/Users/ahooker/Documents/Dissertation/virtushield/final-datasets/in-the-wild-final-small/SAFE/1/frame_8720.jpg,SAFE,UNSAFE,0.5928751826286316,context_encoding_only,in_the_wild
/Users/ahooker/Documents/Dissertation/virtushield/final-datasets/in-the-wild-final-small/SAFE/1/frame_8720__1.jpg,SAFE,SAFE,0.33982717990875244,context_encoding_only,in_the_wild
/Users/ahooker/Documents/Dissertation/virtushield/final-datasets/in-the-wild-final-small/SAFE/1/frame_8760.jpg,SAFE,SAFE,0.4105236232280731,context_encoding_only,in_the_wild
/Users/ahooker/Documents/Dissertation/virtushield/final-datasets/in-the-wild-final-small/SAFE/1/frame_8900.jpg,SAFE,SAFE,0.3926706910133362,context_encoding_only,in_the_wild
/Users/ahooker/Documents/Dissertation/virtushield/final-datasets/in-the-wild-final-small/SAFE/1/frame_8960.jpg,SAFE,SAFE,0.2195652425289154,context_encoding_only,in_the_wild
/Users/ahooker/Documents/Dissertation/virtushield/final-datasets/in-the-wild-final-small/SAFE/1/frame_900.jpg,SAFE,SAFE,0.22487424314022064,context_encoding_only,in_the_wild
/Users/ahooker/Documents/Dissertation/virtushield/final-datasets/in-the-wild-final-small/SAFE/1/frame_9000.jpg,SAFE,SAFE,0.2886897325515747,context_encoding_only,in_the_wild
/Users/ahooker/Documents/Dissertation/virtushield/final-datasets/in-the-wild-final-small/SAFE/1/frame_9040.jpg,SAFE,SAFE,0.49858808517456055,context_encoding_only,in_the_wild
/Users/ahooker/Documents/Dissertation/virtushield/final-datasets/in-the-wild-final-small/SAFE/1/frame_9080.jpg,SAFE,UNSAFE,0.8265508413314819,context_encoding_only,in_the_wild
/Users/ahooker/Documents/Dissertation/virtushield/final-datasets/in-the-wild-final-small/SAFE/1/frame_9120.jpg,SAFE,SAFE,0.46160784363746643,context_encoding_only,in_the_wild
/Users/ahooker/Documents/Dissertation/virtushield/final-datasets/in-the-wild-final-small/SAFE/1/frame_9140.jpg,SAFE,SAFE,0.19375388324260712,context_encoding_only,in_the_wild
/Users/ahooker/Documents/Dissertation/virtushield/final-datasets/in-the-wild-final-small/SAFE/1/frame_9160.jpg,SAFE,SAFE,0.07875508815050125,context_encoding_only,in_the_wild
/Users/ahooker/Documents/Dissertation/virtushield/final-datasets/in-the-wild-final-small/SAFE/1/frame_9160__1.jpg,SAFE,SAFE,0.07875508815050125,context_encoding_only,in_the_wild
/Users/ahooker/Documents/Dissertation/virtushield/final-datasets/in-the-wild-final-small/SAFE/1/frame_9180.jpg,SAFE,SAFE,0.3707961440086365,context_encoding_only,in_the_wild
/Users/ahooker/Documents/Dissertation/virtushield/final-datasets/in-the-wild-final-small/SAFE/1/frame_9220.jpg,SAFE,SAFE,0.40947121381759644,context_encoding_only,in_the_wild
/Users/ahooker/Documents/Dissertation/virtushield/final-datasets/in-the-wild-final-small/SAFE/1/frame_9220__1.jpg,SAFE,SAFE,0.3466186225414276,context_encoding_only,in_the_wild
/Users/ahooker/Documents/Dissertation/virtushield/final-datasets/in-the-wild-final-small/SAFE/1/frame_9280.jpg,SAFE,SAFE,0.19777683913707733,context_encoding_only,in_the_wild
/Users/ahooker/Documents/Dissertation/virtushield/final-datasets/in-the-wild-final-small/SAFE/1/frame_9300.jpg,SAFE,SAFE,0.19674570858478546,context_encoding_only,in_the_wild
/Users/ahooker/Documents/Dissertation/virtushield/final-datasets/in-the-wild-final-small/SAFE/1/frame_9300__1.jpg,SAFE,SAFE,0.3323548436164856,context_encoding_only,in_the_wild
/Users/ahooker/Documents/Dissertation/virtushield/final-datasets/in-the-wild-final-small/SAFE/1/frame_9340.jpg,SAFE,SAFE,0.3536243736743927,context_encoding_only,in_the_wild
/Users/ahooker/Documents/Dissertation/virtushield/final-datasets/in-the-wild-final-small/SAFE/1/frame_9340__1.jpg,SAFE,SAFE,0.4329510033130646,context_encoding_only,in_the_wild
/Users/ahooker/Documents/Dissertation/virtushield/final-datasets/in-the-wild-final-small/SAFE/1/frame_9380.jpg,SAFE,SAFE,0.339478999376297,context_encoding_only,in_the_wild
/Users/ahooker/Documents/Dissertation/virtushield/final-datasets/in-the-wild-final-small/SAFE/1/frame_9460.jpg,SAFE,SAFE,0.2882469594478607,context_encoding_only,in_the_wild
/Users/ahooker/Documents/Dissertation/virtushield/final-datasets/in-the-wild-final-small/SAFE/1/frame_9600.jpg,SAFE,SAFE,0.17130853235721588,context_encoding_only,in_the_wild
/Users/ahooker/Documents/Dissertation/virtushield/final-datasets/in-the-wild-final-small/SAFE/1/frame_9660.jpg,SAFE,SAFE,0.491596519947052,context_encoding_only,in_the_wild
/Users/ahooker/Documents/Dissertation/virtushield/final-datasets/in-the-wild-final-small/SAFE/1/frame_9740.jpg,SAFE,SAFE,0.37783071398735046,context_encoding_only,in_the_wild
/Users/ahooker/Documents/Dissertation/virtushield/final-datasets/in-the-wild-final-small/SAFE/1/frame_9780.jpg,SAFE,SAFE,0.3835619390010834,context_encoding_only,in_the_wild
/Users/ahooker/Documents/Dissertation/virtushield/final-datasets/in-the-wild-final-small/SAFE/1/frame_980.jpg,SAFE,SAFE,0.21014638245105743,context_encoding_only,in_the_wild
/Users/ahooker/Documents/Dissertation/virtushield/final-datasets/in-the-wild-final-small/SAFE/1/frame_9800.jpg,SAFE,UNSAFE,0.5720752477645874,context_encoding_only,in_the_wild
/Users/ahooker/Documents/Dissertation/virtushield/final-datasets/in-the-wild-final-small/SAFE/1/frame_9840.jpg,SAFE,SAFE,0.29777058959007263,context_encoding_only,in_the_wild
/Users/ahooker/Documents/Dissertation/virtushield/final-datasets/in-the-wild-final-small/SAFE/1/frame_9860.jpg,SAFE,SAFE,0.2908612787723541,context_encoding_only,in_the_wild
/Users/ahooker/Documents/Dissertation/virtushield/final-datasets/in-the-wild-final-small/SAFE/1/frame_9900.jpg,SAFE,SAFE,0.2469073385000229,context_encoding_only,in_the_wild
/Users/ahooker/Documents/Dissertation/virtushield/final-datasets/in-the-wild-final-small/SAFE/1/frame_9920.jpg,SAFE,UNSAFE,0.5159676671028137,context_encoding_only,in_the_wild
/Users/ahooker/Documents/Dissertation/virtushield/final-datasets/in-the-wild-final-small/SAFE/1/frame_9940.jpg,SAFE,SAFE,0.27358993887901306,context_encoding_only,in_the_wild
/Users/ahooker/Documents/Dissertation/virtushield/final-datasets/in-the-wild-final-small/SAFE/1/frame_9960.jpg,SAFE,UNSAFE,0.5528481006622314,context_encoding_only,in_the_wild
/Users/ahooker/Documents/Dissertation/virtushield/final-datasets/in-the-wild-final-small/SAFE/1/frame_9960__1.jpg,SAFE,SAFE,0.27773919701576233,context_encoding_only,in_the_wild
/Users/ahooker/Documents/Dissertation/virtushield/final-datasets/in-the-wild-final-small/SAFE/1/frame_9980.jpg,SAFE,SAFE,0.045204002410173416,context_encoding_only,in_the_wild
