image_path,ground_truth,prediction,nsfw_prob,config,dataset
/Users/ahooker/Documents/Dissertation/virtushield/final-datasets/in-the-wild-final-small/UNSAFE/0/frame_100.jpg,UNSAFE,UNSAFE,0.9086242318153381,full_system,in_the_wild
/Users/ahooker/Documents/Dissertation/virtushield/final-datasets/in-the-wild-final-small/UNSAFE/0/frame_1000.jpg,UNSAFE,UNSAFE,0.8291680216789246,full_system,in_the_wild
/Users/ahooker/Documents/Dissertation/virtushield/final-datasets/in-the-wild-final-small/UNSAFE/0/frame_100__1.jpg,UNSAFE,UNSAFE,0.5934576392173767,full_system,in_the_wild
/Users/ahooker/Documents/Dissertation/virtushield/final-datasets/in-the-wild-final-small/UNSAFE/0/frame_101.jpg,UNSAFE,UNSAFE,0.7360128164291382,full_system,in_the_wild
/Users/ahooker/Documents/Dissertation/virtushield/final-datasets/in-the-wild-final-small/UNSAFE/0/frame_1011.jpg,UNSAFE,UNSAFE,0.7923154830932617,full_system,in_the_wild
/Users/ahooker/Documents/Dissertation/virtushield/final-datasets/in-the-wild-final-small/UNSAFE/0/frame_1012.jpg,UNSAFE,UNSAFE,0.8385067582130432,full_system,in_the_wild
/Users/ahooker/Documents/Dissertation/virtushield/final-datasets/in-the-wild-final-small/UNSAFE/0/frame_1013.jpg,UNSAFE,UNSAFE,0.8122694492340088,full_system,in_the_wild
/Users/ahooker/Documents/Dissertation/virtushield/final-datasets/in-the-wild-final-small/UNSAFE/0/frame_1018.jpg,UNSAFE,UNSAFE,0.9154275059700012,full_system,in_the_wild
/Users/ahooker/Documents/Dissertation/virtushield/final-datasets/in-the-wild-final-small/UNSAFE/0/frame_1019.jpg,UNSAFE,UNSAFE,0.8923267126083374,full_system,in_the_wild
/Users/ahooker/Documents/Dissertation/virtushield/final-datasets/in-the-wild-final-small/UNSAFE/0/frame_102.jpg,UNSAFE,SAFE,0.3651878833770752,full_system,in_the_wild
/Users/ahooker/Documents/Dissertation/virtushield/final-datasets/in-the-wild-final-small/UNSAFE/0/frame_1022.jpg,UNSAFE,UNSAFE,0.7477560043334961,full_system,in_the_wild
/Users/ahooker/Documents/Dissertation/virtushield/final-datasets/in-the-wild-final-small/UNSAFE/0/frame_102__1.jpg,UNSAFE,UNSAFE,0.7259957194328308,full_system,in_the_wild
/Users/ahooker/Documents/Dissertation/virtushield/final-datasets/in-the-wild-final-small/UNSAFE/0/frame_103.jpg,UNSAFE,UNSAFE,0.8336789608001709,full_system,in_the_wild
/Users/ahooker/Documents/Dissertation/virtushield/final-datasets/in-the-wild-final-small/UNSAFE/0/frame_1030.jpg,UNSAFE,UNSAFE,0.9119899868965149,full_system,in_the_wild
/Users/ahooker/Documents/Dissertation/virtushield/final-datasets/in-the-wild-final-small/UNSAFE/0/frame_1054.jpg,UNSAFE,UNSAFE,0.8264224529266357,full_system,in_the_wild
/Users/ahooker/Documents/Dissertation/virtushield/final-datasets/in-the-wild-final-small/UNSAFE/0/frame_106.jpg,UNSAFE,UNSAFE,0.810324490070343,full_system,in_the_wild
/Users/ahooker/Documents/Dissertation/virtushield/final-datasets/in-the-wild-final-small/UNSAFE/0/frame_107.jpg,UNSAFE,UNSAFE,0.7704246044158936,full_system,in_the_wild
/Users/ahooker/Documents/Dissertation/virtushield/final-datasets/in-the-wild-final-small/UNSAFE/0/frame_108.jpg,UNSAFE,UNSAFE,0.8484821915626526,full_system,in_the_wild
/Users/ahooker/Documents/Dissertation/virtushield/final-datasets/in-the-wild-final-small/UNSAFE/0/frame_108__1.jpg,UNSAFE,UNSAFE,0.7248678207397461,full_system,in_the_wild
/Users/ahooker/Documents/Dissertation/virtushield/final-datasets/in-the-wild-final-small/UNSAFE/0/frame_11.jpg,UNSAFE,UNSAFE,0.7815243601799011,full_system,in_the_wild
/Users/ahooker/Documents/Dissertation/virtushield/final-datasets/in-the-wild-final-small/UNSAFE/0/frame_110.jpg,UNSAFE,UNSAFE,0.8637410402297974,full_system,in_the_wild
/Users/ahooker/Documents/Dissertation/virtushield/final-datasets/in-the-wild-final-small/UNSAFE/0/frame_111.jpg,UNSAFE,UNSAFE,0.7740814685821533,full_system,in_the_wild
/Users/ahooker/Documents/Dissertation/virtushield/final-datasets/in-the-wild-final-small/UNSAFE/0/frame_112.jpg,UNSAFE,UNSAFE,0.7178876996040344,full_system,in_the_wild
/Users/ahooker/Documents/Dissertation/virtushield/final-datasets/in-the-wild-final-small/UNSAFE/0/frame_112__1.jpg,UNSAFE,UNSAFE,0.7018988132476807,full_system,in_the_wild
/Users/ahooker/Documents/Dissertation/virtushield/final-datasets/in-the-wild-final-small/UNSAFE/0/frame_113.jpg,UNSAFE,UNSAFE,0.8279412388801575,full_system,in_the_wild
/Users/ahooker/Documents/Dissertation/virtushield/final-datasets/in-the-wild-final-small/UNSAFE/0/frame_113__1.jpg,UNSAFE,UNSAFE,0.7818033695220947,full_system,in_the_wild
/Users/ahooker/Documents/Dissertation/virtushield/final-datasets/in-the-wild-final-small/UNSAFE/0/frame_113__2.jpg,UNSAFE,UNSAFE,0.7776061296463013,full_system,in_the_wild
/Users/ahooker/Documents/Dissertation/virtushield/final-datasets/in-the-wild-final-small/UNSAFE/0/frame_115.jpg,UNSAFE,UNSAFE,0.8574115037918091,full_system,in_the_wild
/Users/ahooker/Documents/Dissertation/virtushield/final-datasets/in-the-wild-final-small/UNSAFE/0/frame_115__1.jpg,UNSAFE,UNSAFE,0.7909268140792847,full_system,in_the_wild
/Users/ahooker/Documents/Dissertation/virtushield/final-datasets/in-the-wild-final-small/UNSAFE/0/frame_115__2.jpg,UNSAFE,UNSAFE,0.7732752561569214,full_system,in_the_wild
/Users/ahooker/Documents/Dissertation/virtushield/final-datasets/in-the-wild-final-small/UNSAFE/0/frame_116.jpg,UNSAFE,UNSAFE,0.7894617319107056,full_system,in_the_wild
/Users/ahooker/Documents/Dissertation/virtushield/final-datasets/in-the-wild-final-small/UNSAFE/0/frame_117.jpg,UNSAFE,UNSAFE,0.8191875219345093,full_system,in_the_wild
/Users/ahooker/Documents/Dissertation/virtushield/final-datasets/in-the-wild-final-small/UNSAFE/0/frame_118.jpg,UNSAFE,UNSAFE,0.7705572247505188,full_system,in_the_wild
/Users/ahooker/Documents/Dissertation/virtushield/final-datasets/in-the-wild-final-small/UNSAFE/0/frame_118__1.jpg,UNSAFE,UNSAFE,0.8316062092781067,full_system,in_the_wild
/Users/ahooker/Documents/Dissertation/virtushield/final-datasets/in-the-wild-final-small/UNSAFE/0/frame_119.jpg,UNSAFE,UNSAFE,0.79607093334198,full_system,in_the_wild
/Users/ahooker/Documents/Dissertation/virtushield/final-datasets/in-the-wild-final-small/UNSAFE/0/frame_119__1.jpg,UNSAFE,UNSAFE,0.7592748999595642,full_system,in_the_wild
/Users/ahooker/Documents/Dissertation/virtushield/final-datasets/in-the-wild-final-small/UNSAFE/0/frame_119__2.jpg,UNSAFE,SAFE,0.4307670593261719,full_system,in_the_wild
/Users/ahooker/Documents/Dissertation/virtushield/final-datasets/in-the-wild-final-small/UNSAFE/0/frame_12.jpg,UNSAFE,UNSAFE,0.800064742565155,full_system,in_the_wild
/Users/ahooker/Documents/Dissertation/virtushield/final-datasets/in-the-wild-final-small/UNSAFE/0/frame_120.jpg,UNSAFE,UNSAFE,0.7027787566184998,full_system,in_the_wild
/Users/ahooker/Documents/Dissertation/virtushield/final-datasets/in-the-wild-final-small/UNSAFE/0/frame_120__1.jpg,UNSAFE,UNSAFE,0.8158674240112305,full_system,in_the_wild
/Users/ahooker/Documents/Dissertation/virtushield/final-datasets/in-the-wild-final-small/UNSAFE/0/frame_122.jpg,UNSAFE,UNSAFE,0.7291979193687439,full_system,in_the_wild
/Users/ahooker/Documents/Dissertation/virtushield/final-datasets/in-the-wild-final-small/UNSAFE/0/frame_122__1.jpg,UNSAFE,UNSAFE,0.736140251159668,full_system,in_the_wild
/Users/ahooker/Documents/Dissertation/virtushield/final-datasets/in-the-wild-final-small/UNSAFE/0/frame_122__2.jpg,UNSAFE,UNSAFE,0.8252164125442505,full_system,in_the_wild
/Users/ahooker/Documents/Dissertation/virtushield/final-datasets/in-the-wild-final-small/UNSAFE/0/frame_122__3.jpg,UNSAFE,UNSAFE,0.808204710483551,full_system,in_the_wild
/Users/ahooker/Documents/Dissertation/virtushield/final-datasets/in-the-wild-final-small/UNSAFE/0/frame_123.jpg,UNSAFE,UNSAFE,0.8595935106277466,full_system,in_the_wild
/Users/ahooker/Documents/Dissertation/virtushield/final-datasets/in-the-wild-final-small/UNSAFE/0/frame_125.jpg,UNSAFE,UNSAFE,0.7586200833320618,full_system,in_the_wild
/Users/ahooker/Documents/Dissertation/virtushield/final-datasets/in-the-wild-final-small/UNSAFE/0/frame_130.jpg,UNSAFE,UNSAFE,0.7367792129516602,full_system,in_the_wild
/Users/ahooker/Documents/Dissertation/virtushield/final-datasets/in-the-wild-final-small/UNSAFE/0/frame_131.jpg,UNSAFE,UNSAFE,0.7267212867736816,full_system,in_the_wild
/Users/ahooker/Documents/Dissertation/virtushield/final-datasets/in-the-wild-final-small/UNSAFE/0/frame_131__1.jpg,UNSAFE,UNSAFE,0.936774730682373,full_system,in_the_wild
/Users/ahooker/Documents/Dissertation/virtushield/final-datasets/in-the-wild-final-small/UNSAFE/0/frame_131__2.jpg,UNSAFE,UNSAFE,0.7631859183311462,full_system,in_the_wild
/Users/ahooker/Documents/Dissertation/virtushield/final-datasets/in-the-wild-final-small/UNSAFE/0/frame_132.jpg,UNSAFE,UNSAFE,0.5402413010597229,full_system,in_the_wild
/Users/ahooker/Documents/Dissertation/virtushield/final-datasets/in-the-wild-final-small/UNSAFE/0/frame_133.jpg,UNSAFE,UNSAFE,0.6568068861961365,full_system,in_the_wild
/Users/ahooker/Documents/Dissertation/virtushield/final-datasets/in-the-wild-final-small/UNSAFE/0/frame_134.jpg,UNSAFE,UNSAFE,0.7621638178825378,full_system,in_the_wild
/Users/ahooker/Documents/Dissertation/virtushield/final-datasets/in-the-wild-final-small/UNSAFE/0/frame_134__1.jpg,UNSAFE,UNSAFE,0.710025429725647,full_system,in_the_wild
/Users/ahooker/Documents/Dissertation/virtushield/final-datasets/in-the-wild-final-small/UNSAFE/0/frame_134__2.jpg,UNSAFE,UNSAFE,0.7345934510231018,full_system,in_the_wild
/Users/ahooker/Documents/Dissertation/virtushield/final-datasets/in-the-wild-final-small/UNSAFE/0/frame_135.jpg,UNSAFE,UNSAFE,0.721949577331543,full_system,in_the_wild
/Users/ahooker/Documents/Dissertation/virtushield/final-datasets/in-the-wild-final-small/UNSAFE/0/frame_137.jpg,UNSAFE,UNSAFE,0.7812005281448364,full_system,in_the_wild
/Users/ahooker/Documents/Dissertation/virtushield/final-datasets/in-the-wild-final-small/UNSAFE/0/frame_138.jpg,UNSAFE,UNSAFE,0.7663395404815674,full_system,in_the_wild
/Users/ahooker/Documents/Dissertation/virtushield/final-datasets/in-the-wild-final-small/UNSAFE/0/frame_138__1.jpg,UNSAFE,UNSAFE,0.7481971383094788,full_system,in_the_wild
/Users/ahooker/Documents/Dissertation/virtushield/final-datasets/in-the-wild-final-small/UNSAFE/0/frame_139.jpg,UNSAFE,UNSAFE,0.7548467516899109,full_system,in_the_wild
/Users/ahooker/Documents/Dissertation/virtushield/final-datasets/in-the-wild-final-small/UNSAFE/0/frame_139__1.jpg,UNSAFE,UNSAFE,0.8434115052223206,full_system,in_the_wild
/Users/ahooker/Documents/Dissertation/virtushield/final-datasets/in-the-wild-final-small/UNSAFE/0/frame_140.jpg,UNSAFE,UNSAFE,0.8999612331390381,full_system,in_the_wild
/Users/ahooker/Documents/Dissertation/virtushield/final-datasets/in-the-wild-final-small/UNSAFE/0/frame_140__1.jpg,UNSAFE,UNSAFE,0.8064575791358948,full_system,in_the_wild
/Users/ahooker/Documents/Dissertation/virtushield/final-datasets/in-the-wild-final-small/UNSAFE/0/frame_141.jpg,UNSAFE,UNSAFE,0.8054845929145813,full_system,in_the_wild
/Users/ahooker/Documents/Dissertation/virtushield/final-datasets/in-the-wild-final-small/UNSAFE/0/frame_142.jpg,UNSAFE,UNSAFE,0.7001228332519531,full_system,in_the_wild
/Users/ahooker/Documents/Dissertation/virtushield/final-datasets/in-the-wild-final-small/UNSAFE/0/frame_143.jpg,UNSAFE,UNSAFE,0.9099087715148926,full_system,in_the_wild
/Users/ahooker/Documents/Dissertation/virtushield/final-datasets/in-the-wild-final-small/UNSAFE/0/frame_143__1.jpg,UNSAFE,SAFE,0.4552099108695984,full_system,in_the_wild
/Users/ahooker/Documents/Dissertation/virtushield/final-datasets/in-the-wild-final-small/UNSAFE/0/frame_144.jpg,UNSAFE,UNSAFE,0.8211250901222229,full_system,in_the_wild
/Users/ahooker/Documents/Dissertation/virtushield/final-datasets/in-the-wild-final-small/UNSAFE/0/frame_145.jpg,UNSAFE,SAFE,0.34695011377334595,full_system,in_the_wild
/Users/ahooker/Documents/Dissertation/virtushield/final-datasets/in-the-wild-final-small/UNSAFE/0/frame_149.jpg,UNSAFE,UNSAFE,0.7625904679298401,full_system,in_the_wild
/Users/ahooker/Documents/Dissertation/virtushield/final-datasets/in-the-wild-final-small/UNSAFE/0/frame_150.jpg,UNSAFE,UNSAFE,0.7727591395378113,full_system,in_the_wild
/Users/ahooker/Documents/Dissertation/virtushield/final-datasets/in-the-wild-final-small/UNSAFE/0/frame_151.jpg,UNSAFE,UNSAFE,0.7583370208740234,full_system,in_the_wild
/Users/ahooker/Documents/Dissertation/virtushield/final-datasets/in-the-wild-final-small/UNSAFE/0/frame_151__1.jpg,UNSAFE,UNSAFE,0.7464437484741211,full_system,in_the_wild
/Users/ahooker/Documents/Dissertation/virtushield/final-datasets/in-the-wild-final-small/UNSAFE/0/frame_152.jpg,UNSAFE,UNSAFE,0.7806395888328552,full_system,in_the_wild
/Users/ahooker/Documents/Dissertation/virtushield/final-datasets/in-the-wild-final-small/UNSAFE/0/frame_153.jpg,UNSAFE,UNSAFE,0.7476729154586792,full_system,in_the_wild
/Users/ahooker/Documents/Dissertation/virtushield/final-datasets/in-the-wild-final-small/UNSAFE/0/frame_153__1.jpg,UNSAFE,UNSAFE,0.658057689666748,full_system,in_the_wild
/Users/ahooker/Documents/Dissertation/virtushield/final-datasets/in-the-wild-final-small/UNSAFE/0/frame_155.jpg,UNSAFE,SAFE,0.47667044401168823,full_system,in_the_wild
/Users/ahooker/Documents/Dissertation/virtushield/final-datasets/in-the-wild-final-small/UNSAFE/0/frame_156.jpg,UNSAFE,UNSAFE,0.7816668748855591,full_system,in_the_wild
/Users/ahooker/Documents/Dissertation/virtushield/final-datasets/in-the-wild-final-small/UNSAFE/0/frame_156__1.jpg,UNSAFE,UNSAFE,0.6418203115463257,full_system,in_the_wild
/Users/ahooker/Documents/Dissertation/virtushield/final-datasets/in-the-wild-final-small/UNSAFE/0/frame_156__2.jpg,UNSAFE,UNSAFE,0.7530133724212646,full_system,in_the_wild
/Users/ahooker/Documents/Dissertation/virtushield/final-datasets/in-the-wild-final-small/UNSAFE/0/frame_161.jpg,UNSAFE,UNSAFE,0.7206977605819702,full_system,in_the_wild
/Users/ahooker/Documents/Dissertation/virtushield/final-datasets/in-the-wild-final-small/UNSAFE/0/frame_161__1.jpg,UNSAFE,UNSAFE,0.746478796005249,full_system,in_the_wild
/Users/ahooker/Documents/Dissertation/virtushield/final-datasets/in-the-wild-final-small/UNSAFE/0/frame_162.jpg,UNSAFE,UNSAFE,0.6412477493286133,full_system,in_the_wild
/Users/ahooker/Documents/Dissertation/virtushield/final-datasets/in-the-wild-final-small/UNSAFE/0/frame_162__1.jpg,UNSAFE,UNSAFE,0.8052605390548706,full_system,in_the_wild
/Users/ahooker/Documents/Dissertation/virtushield/final-datasets/in-the-wild-final-small/UNSAFE/0/frame_163.jpg,UNSAFE,UNSAFE,0.7139096856117249,full_system,in_the_wild
/Users/ahooker/Documents/Dissertation/virtushield/final-datasets/in-the-wild-final-small/UNSAFE/0/frame_163__1.jpg,UNSAFE,UNSAFE,0.9326176047325134,full_system,in_the_wild
/Users/ahooker/Documents/Dissertation/virtushield/final-datasets/in-the-wild-final-small/UNSAFE/0/frame_164.jpg,UNSAFE,UNSAFE,0.8672728538513184,full_system,in_the_wild
/Users/ahooker/Documents/Dissertation/virtushield/final-datasets/in-the-wild-final-small/UNSAFE/0/frame_166.jpg,UNSAFE,UNSAFE,0.8172665238380432,full_system,in_the_wild
/Users/ahooker/Documents/Dissertation/virtushield/final-datasets/in-the-wild-final-small/UNSAFE/0/frame_166__1.jpg,UNSAFE,UNSAFE,0.5084013938903809,full_system,in_the_wild
/Users/ahooker/Documents/Dissertation/virtushield/final-datasets/in-the-wild-final-small/UNSAFE/0/frame_166__2.jpg,UNSAFE,UNSAFE,0.8676964640617371,full_system,in_the_wild
/Users/ahooker/Documents/Dissertation/virtushield/final-datasets/in-the-wild-final-small/UNSAFE/0/frame_167.jpg,UNSAFE,UNSAFE,0.6796499490737915,full_system,in_the_wild
/Users/ahooker/Documents/Dissertation/virtushield/final-datasets/in-the-wild-final-small/UNSAFE/0/frame_167__1.jpg,UNSAFE,UNSAFE,0.7501397132873535,full_system,in_the_wild
/Users/ahooker/Documents/Dissertation/virtushield/final-datasets/in-the-wild-final-small/UNSAFE/0/frame_168.jpg,UNSAFE,UNSAFE,0.7663002014160156,full_system,in_the_wild
/Users/ahooker/Documents/Dissertation/virtushield/final-datasets/in-the-wild-final-small/UNSAFE/0/frame_168__1.jpg,UNSAFE,UNSAFE,0.7811421751976013,full_system,in_the_wild
/Users/ahooker/Documents/Dissertation/virtushield/final-datasets/in-the-wild-final-small/UNSAFE/0/frame_170.jpg,UNSAFE,UNSAFE,0.8285828828811646,full_system,in_the_wild
/Users/ahooker/Documents/Dissertation/virtushield/final-datasets/in-the-wild-final-small/UNSAFE/0/frame_173.jpg,UNSAFE,UNSAFE,0.7545576691627502,full_system,in_the_wild
/Users/ahooker/Documents/Dissertation/virtushield/final-datasets/in-the-wild-final-small/UNSAFE/0/frame_174.jpg,UNSAFE,UNSAFE,0.7127494812011719,full_system,in_the_wild
/Users/ahooker/Documents/Dissertation/virtushield/final-datasets/in-the-wild-final-small/UNSAFE/0/frame_175.jpg,UNSAFE,UNSAFE,0.785696804523468,full_system,in_the_wild
/Users/ahooker/Documents/Dissertation/virtushield/final-datasets/in-the-wild-final-small/UNSAFE/0/frame_175__1.jpg,UNSAFE,UNSAFE,0.6422934532165527,full_system,in_the_wild
/Users/ahooker/Documents/Dissertation/virtushield/final-datasets/in-the-wild-final-small/UNSAFE/0/frame_177.jpg,UNSAFE,UNSAFE,0.7840974926948547,full_system,in_the_wild
/Users/ahooker/Documents/Dissertation/virtushield/final-datasets/in-the-wild-final-small/UNSAFE/0/frame_178.jpg,UNSAFE,UNSAFE,0.7880493998527527,full_system,in_the_wild
/Users/ahooker/Documents/Dissertation/virtushield/final-datasets/in-the-wild-final-small/UNSAFE/0/frame_179.jpg,UNSAFE,UNSAFE,0.7487341165542603,full_system,in_the_wild
/Users/ahooker/Documents/Dissertation/virtushield/final-datasets/in-the-wild-final-small/UNSAFE/0/frame_18.jpg,UNSAFE,UNSAFE,0.8101202249526978,full_system,in_the_wild
/Users/ahooker/Documents/Dissertation/virtushield/final-datasets/in-the-wild-final-small/UNSAFE/0/frame_180.jpg,UNSAFE,UNSAFE,0.7637975215911865,full_system,in_the_wild
/Users/ahooker/Documents/Dissertation/virtushield/final-datasets/in-the-wild-final-small/UNSAFE/0/frame_180__1.jpg,UNSAFE,UNSAFE,0.766218900680542,full_system,in_the_wild
/Users/ahooker/Documents/Dissertation/virtushield/final-datasets/in-the-wild-final-small/UNSAFE/0/frame_181.jpg,UNSAFE,UNSAFE,0.7598693370819092,full_system,in_the_wild
/Users/ahooker/Documents/Dissertation/virtushield/final-datasets/in-the-wild-final-small/UNSAFE/0/frame_181__1.jpg,UNSAFE,UNSAFE,0.7903612852096558,full_system,in_the_wild
/Users/ahooker/Documents/Dissertation/virtushield/final-datasets/in-the-wild-final-small/UNSAFE/0/frame_183.jpg,UNSAFE,UNSAFE,0.7746015191078186,full_system,in_the_wild
/Users/ahooker/Documents/Dissertation/virtushield/final-datasets/in-the-wild-final-small/UNSAFE/0/frame_184.jpg,UNSAFE,UNSAFE,0.7069146633148193,full_system,in_the_wild
/Users/ahooker/Documents/Dissertation/virtushield/final-datasets/in-the-wild-final-small/UNSAFE/0/frame_185.jpg,UNSAFE,UNSAFE,0.8218677043914795,full_system,in_the_wild
/Users/ahooker/Documents/Dissertation/virtushield/final-datasets/in-the-wild-final-small/UNSAFE/0/frame_186.jpg,UNSAFE,UNSAFE,0.7266127467155457,full_system,in_the_wild
/Users/ahooker/Documents/Dissertation/virtushield/final-datasets/in-the-wild-final-small/UNSAFE/0/frame_187.jpg,UNSAFE,UNSAFE,0.7154133915901184,full_system,in_the_wild
/Users/ahooker/Documents/Dissertation/virtushield/final-datasets/in-the-wild-final-small/UNSAFE/0/frame_187__1.jpg,UNSAFE,UNSAFE,0.776971697807312,full_system,in_the_wild
/Users/ahooker/Documents/Dissertation/virtushield/final-datasets/in-the-wild-final-small/UNSAFE/0/frame_188.jpg,UNSAFE,UNSAFE,0.813025176525116,full_system,in_the_wild
/Users/ahooker/Documents/Dissertation/virtushield/final-datasets/in-the-wild-final-small/UNSAFE/0/frame_189.jpg,UNSAFE,UNSAFE,0.7602618932723999,full_system,in_the_wild
/Users/ahooker/Documents/Dissertation/virtushield/final-datasets/in-the-wild-final-small/UNSAFE/0/frame_190.jpg,UNSAFE,UNSAFE,0.6423403024673462,full_system,in_the_wild
/Users/ahooker/Documents/Dissertation/virtushield/final-datasets/in-the-wild-final-small/UNSAFE/0/frame_191.jpg,UNSAFE,UNSAFE,0.812286913394928,full_system,in_the_wild
/Users/ahooker/Documents/Dissertation/virtushield/final-datasets/in-the-wild-final-small/UNSAFE/0/frame_191__1.jpg,UNSAFE,UNSAFE,0.7168208360671997,full_system,in_the_wild
/Users/ahooker/Documents/Dissertation/virtushield/final-datasets/in-the-wild-final-small/UNSAFE/0/frame_192.jpg,UNSAFE,UNSAFE,0.6466026306152344,full_system,in_the_wild
/Users/ahooker/Documents/Dissertation/virtushield/final-datasets/in-the-wild-final-small/UNSAFE/0/frame_192__1.jpg,UNSAFE,UNSAFE,0.750939667224884,full_system,in_the_wild
/Users/ahooker/Documents/Dissertation/virtushield/final-datasets/in-the-wild-final-small/UNSAFE/0/frame_192__2.jpg,UNSAFE,UNSAFE,0.567132830619812,full_system,in_the_wild
/Users/ahooker/Documents/Dissertation/virtushield/final-datasets/in-the-wild-final-small/UNSAFE/0/frame_193.jpg,UNSAFE,UNSAFE,0.7667469382286072,full_system,in_the_wild
/Users/ahooker/Documents/Dissertation/virtushield/final-datasets/in-the-wild-final-small/UNSAFE/0/frame_193__1.jpg,UNSAFE,UNSAFE,0.8358907699584961,full_system,in_the_wild
/Users/ahooker/Documents/Dissertation/virtushield/final-datasets/in-the-wild-final-small/UNSAFE/0/frame_194.jpg,UNSAFE,UNSAFE,0.6411653757095337,full_system,in_the_wild
/Users/ahooker/Documents/Dissertation/virtushield/final-datasets/in-the-wild-final-small/UNSAFE/0/frame_194__1.jpg,UNSAFE,UNSAFE,0.5294052362442017,full_system,in_the_wild
/Users/ahooker/Documents/Dissertation/virtushield/final-datasets/in-the-wild-final-small/UNSAFE/0/frame_194__2.jpg,UNSAFE,UNSAFE,0.7194092273712158,full_system,in_the_wild
/Users/ahooker/Documents/Dissertation/virtushield/final-datasets/in-the-wild-final-small/UNSAFE/0/frame_195.jpg,UNSAFE,UNSAFE,0.8161023259162903,full_system,in_the_wild
/Users/ahooker/Documents/Dissertation/virtushield/final-datasets/in-the-wild-final-small/UNSAFE/0/frame_197.jpg,UNSAFE,UNSAFE,0.7739512324333191,full_system,in_the_wild
/Users/ahooker/Documents/Dissertation/virtushield/final-datasets/in-the-wild-final-small/UNSAFE/0/frame_197__1.jpg,UNSAFE,UNSAFE,0.7943819761276245,full_system,in_the_wild
/Users/ahooker/Documents/Dissertation/virtushield/final-datasets/in-the-wild-final-small/UNSAFE/0/frame_198.jpg,UNSAFE,UNSAFE,0.7832138538360596,full_system,in_the_wild
/Users/ahooker/Documents/Dissertation/virtushield/final-datasets/in-the-wild-final-small/UNSAFE/0/frame_199.jpg,UNSAFE,UNSAFE,0.8498054146766663,full_system,in_the_wild
/Users/ahooker/Documents/Dissertation/virtushield/final-datasets/in-the-wild-final-small/UNSAFE/0/frame_200.jpg,UNSAFE,UNSAFE,0.8075939416885376,full_system,in_the_wild
/Users/ahooker/Documents/Dissertation/virtushield/final-datasets/in-the-wild-final-small/UNSAFE/0/frame_201.jpg,UNSAFE,UNSAFE,0.7583457231521606,full_system,in_the_wild
/Users/ahooker/Documents/Dissertation/virtushield/final-datasets/in-the-wild-final-small/UNSAFE/0/frame_201__1.jpg,UNSAFE,UNSAFE,0.7270493507385254,full_system,in_the_wild
/Users/ahooker/Documents/Dissertation/virtushield/final-datasets/in-the-wild-final-small/UNSAFE/0/frame_205.jpg,UNSAFE,UNSAFE,0.7501907348632812,full_system,in_the_wild
/Users/ahooker/Documents/Dissertation/virtushield/final-datasets/in-the-wild-final-small/UNSAFE/0/frame_206.jpg,UNSAFE,UNSAFE,0.818361759185791,full_system,in_the_wild
/Users/ahooker/Documents/Dissertation/virtushield/final-datasets/in-the-wild-final-small/UNSAFE/0/frame_207.jpg,UNSAFE,UNSAFE,0.7529482841491699,full_system,in_the_wild
/Users/ahooker/Documents/Dissertation/virtushield/final-datasets/in-the-wild-final-small/UNSAFE/0/frame_210.jpg,UNSAFE,UNSAFE,0.7484674453735352,full_system,in_the_wild
/Users/ahooker/Documents/Dissertation/virtushield/final-datasets/in-the-wild-final-small/UNSAFE/0/frame_216.jpg,UNSAFE,UNSAFE,0.7732033133506775,full_system,in_the_wild
/Users/ahooker/Documents/Dissertation/virtushield/final-datasets/in-the-wild-final-small/UNSAFE/0/frame_216__1.jpg,UNSAFE,UNSAFE,0.7732033133506775,full_system,in_the_wild
/Users/ahooker/Documents/Dissertation/virtushield/final-datasets/in-the-wild-final-small/UNSAFE/0/frame_216__2.jpg,UNSAFE,UNSAFE,0.9118700623512268,full_system,in_the_wild
/Users/ahooker/Documents/Dissertation/virtushield/final-datasets/in-the-wild-final-small/UNSAFE/0/frame_217.jpg,UNSAFE,UNSAFE,0.8465185165405273,full_system,in_the_wild
/Users/ahooker/Documents/Dissertation/virtushield/final-datasets/in-the-wild-final-small/UNSAFE/0/frame_217__1.jpg,UNSAFE,UNSAFE,0.9150101542472839,full_system,in_the_wild
/Users/ahooker/Documents/Dissertation/virtushield/final-datasets/in-the-wild-final-small/UNSAFE/0/frame_218.jpg,UNSAFE,UNSAFE,0.8212275505065918,full_system,in_the_wild
/Users/ahooker/Documents/Dissertation/virtushield/final-datasets/in-the-wild-final-small/UNSAFE/0/frame_218__1.jpg,UNSAFE,UNSAFE,0.7792876958847046,full_system,in_the_wild
/Users/ahooker/Documents/Dissertation/virtushield/final-datasets/in-the-wild-final-small/UNSAFE/0/frame_220.jpg,UNSAFE,UNSAFE,0.7439659237861633,full_system,in_the_wild
/Users/ahooker/Documents/Dissertation/virtushield/final-datasets/in-the-wild-final-small/UNSAFE/0/frame_221.jpg,UNSAFE,UNSAFE,0.9089889526367188,full_system,in_the_wild
/Users/ahooker/Documents/Dissertation/virtushield/final-datasets/in-the-wild-final-small/UNSAFE/0/frame_222.jpg,UNSAFE,UNSAFE,0.7194165587425232,full_system,in_the_wild
/Users/ahooker/Documents/Dissertation/virtushield/final-datasets/in-the-wild-final-small/UNSAFE/0/frame_223.jpg,UNSAFE,UNSAFE,0.8080539107322693,full_system,in_the_wild
/Users/ahooker/Documents/Dissertation/virtushield/final-datasets/in-the-wild-final-small/UNSAFE/0/frame_223__1.jpg,UNSAFE,UNSAFE,0.7798449397087097,full_system,in_the_wild
/Users/ahooker/Documents/Dissertation/virtushield/final-datasets/in-the-wild-final-small/UNSAFE/0/frame_224.jpg,UNSAFE,UNSAFE,0.8007680773735046,full_system,in_the_wild
/Users/ahooker/Documents/Dissertation/virtushield/final-datasets/in-the-wild-final-small/UNSAFE/0/frame_225.jpg,UNSAFE,UNSAFE,0.7760267853736877,full_system,in_the_wild
/Users/ahooker/Documents/Dissertation/virtushield/final-datasets/in-the-wild-final-small/UNSAFE/0/frame_225__1.jpg,UNSAFE,UNSAFE,0.7760267853736877,full_system,in_the_wild
/Users/ahooker/Documents/Dissertation/virtushield/final-datasets/in-the-wild-final-small/UNSAFE/0/frame_226.jpg,UNSAFE,UNSAFE,0.7205791473388672,full_system,in_the_wild
/Users/ahooker/Documents/Dissertation/virtushield/final-datasets/in-the-wild-final-small/UNSAFE/0/frame_23.jpg,UNSAFE,UNSAFE,0.8363956809043884,full_system,in_the_wild
/Users/ahooker/Documents/Dissertation/virtushield/final-datasets/in-the-wild-final-small/UNSAFE/0/frame_230.jpg,UNSAFE,SAFE,0.35365399718284607,full_system,in_the_wild
/Users/ahooker/Documents/Dissertation/virtushield/final-datasets/in-the-wild-final-small/UNSAFE/0/frame_230__1.jpg,UNSAFE,UNSAFE,0.8105134963989258,full_system,in_the_wild
/Users/ahooker/Documents/Dissertation/virtushield/final-datasets/in-the-wild-final-small/UNSAFE/0/frame_231.jpg,UNSAFE,UNSAFE,0.7796313762664795,full_system,in_the_wild
/Users/ahooker/Documents/Dissertation/virtushield/final-datasets/in-the-wild-final-small/UNSAFE/0/frame_233.jpg,UNSAFE,UNSAFE,0.9226599335670471,full_system,in_the_wild
/Users/ahooker/Documents/Dissertation/virtushield/final-datasets/in-the-wild-final-small/UNSAFE/0/frame_233__1.jpg,UNSAFE,UNSAFE,0.8496491312980652,full_system,in_the_wild
/Users/ahooker/Documents/Dissertation/virtushield/final-datasets/in-the-wild-final-small/UNSAFE/0/frame_234.jpg,UNSAFE,UNSAFE,0.9064202904701233,full_system,in_the_wild
/Users/ahooker/Documents/Dissertation/virtushield/final-datasets/in-the-wild-final-small/UNSAFE/0/frame_235.jpg,UNSAFE,UNSAFE,0.8849112391471863,full_system,in_the_wild
/Users/ahooker/Documents/Dissertation/virtushield/final-datasets/in-the-wild-final-small/UNSAFE/0/frame_236.jpg,UNSAFE,UNSAFE,0.7840898633003235,full_system,in_the_wild
/Users/ahooker/Documents/Dissertation/virtushield/final-datasets/in-the-wild-final-small/UNSAFE/0/frame_236__1.jpg,UNSAFE,UNSAFE,0.9713886380195618,full_system,in_the_wild
/Users/ahooker/Documents/Dissertation/virtushield/final-datasets/in-the-wild-final-small/UNSAFE/0/frame_237.jpg,UNSAFE,UNSAFE,0.7445653676986694,full_system,in_the_wild
/Users/ahooker/Documents/Dissertation/virtushield/final-datasets/in-the-wild-final-small/UNSAFE/0/frame_237__1.jpg,UNSAFE,UNSAFE,0.7028024792671204,full_system,in_the_wild
/Users/ahooker/Documents/Dissertation/virtushield/final-datasets/in-the-wild-final-small/UNSAFE/0/frame_239.jpg,UNSAFE,SAFE,0.3691842555999756,full_system,in_the_wild
/Users/ahooker/Documents/Dissertation/virtushield/final-datasets/in-the-wild-final-small/UNSAFE/0/frame_24.jpg,UNSAFE,UNSAFE,0.8406118154525757,full_system,in_the_wild
/Users/ahooker/Documents/Dissertation/virtushield/final-datasets/in-the-wild-final-small/UNSAFE/0/frame_240.jpg,UNSAFE,UNSAFE,0.8732768893241882,full_system,in_the_wild
/Users/ahooker/Documents/Dissertation/virtushield/final-datasets/in-the-wild-final-small/UNSAFE/0/frame_240__1.jpg,UNSAFE,UNSAFE,0.7766470909118652,full_system,in_the_wild
/Users/ahooker/Documents/Dissertation/virtushield/final-datasets/in-the-wild-final-small/UNSAFE/0/frame_240__2.jpg,UNSAFE,UNSAFE,0.8164206743240356,full_system,in_the_wild
/Users/ahooker/Documents/Dissertation/virtushield/final-datasets/in-the-wild-final-small/UNSAFE/0/frame_242.jpg,UNSAFE,UNSAFE,0.5956152081489563,full_system,in_the_wild
/Users/ahooker/Documents/Dissertation/virtushield/final-datasets/in-the-wild-final-small/UNSAFE/0/frame_244.jpg,UNSAFE,UNSAFE,0.747002899646759,full_system,in_the_wild
/Users/ahooker/Documents/Dissertation/virtushield/final-datasets/in-the-wild-final-small/UNSAFE/0/frame_245.jpg,UNSAFE,UNSAFE,0.7533582448959351,full_system,in_the_wild
/Users/ahooker/Documents/Dissertation/virtushield/final-datasets/in-the-wild-final-small/UNSAFE/0/frame_245__1.jpg,UNSAFE,UNSAFE,0.9122158288955688,full_system,in_the_wild
/Users/ahooker/Documents/Dissertation/virtushield/final-datasets/in-the-wild-final-small/UNSAFE/0/frame_245__2.jpg,UNSAFE,UNSAFE,0.9122158288955688,full_system,in_the_wild
/Users/ahooker/Documents/Dissertation/virtushield/final-datasets/in-the-wild-final-small/UNSAFE/0/frame_245__3.jpg,UNSAFE,UNSAFE,0.9535759687423706,full_system,in_the_wild
/Users/ahooker/Documents/Dissertation/virtushield/final-datasets/in-the-wild-final-small/UNSAFE/0/frame_246.jpg,UNSAFE,UNSAFE,0.6736245155334473,full_system,in_the_wild
/Users/ahooker/Documents/Dissertation/virtushield/final-datasets/in-the-wild-final-small/UNSAFE/0/frame_246__1.jpg,UNSAFE,UNSAFE,0.8569234013557434,full_system,in_the_wild
/Users/ahooker/Documents/Dissertation/virtushield/final-datasets/in-the-wild-final-small/UNSAFE/0/frame_247.jpg,UNSAFE,UNSAFE,0.8164858222007751,full_system,in_the_wild
/Users/ahooker/Documents/Dissertation/virtushield/final-datasets/in-the-wild-final-small/UNSAFE/0/frame_248.jpg,UNSAFE,UNSAFE,0.7379944324493408,full_system,in_the_wild
/Users/ahooker/Documents/Dissertation/virtushield/final-datasets/in-the-wild-final-small/UNSAFE/0/frame_249.jpg,UNSAFE,UNSAFE,0.8105390071868896,full_system,in_the_wild
/Users/ahooker/Documents/Dissertation/virtushield/final-datasets/in-the-wild-final-small/UNSAFE/0/frame_25.jpg,UNSAFE,UNSAFE,0.7823829054832458,full_system,in_the_wild
/Users/ahooker/Documents/Dissertation/virtushield/final-datasets/in-the-wild-final-small/UNSAFE/0/frame_250.jpg,UNSAFE,UNSAFE,0.7419646382331848,full_system,in_the_wild
/Users/ahooker/Documents/Dissertation/virtushield/final-datasets/in-the-wild-final-small/UNSAFE/0/frame_250__1.jpg,UNSAFE,UNSAFE,0.8268043994903564,full_system,in_the_wild
/Users/ahooker/Documents/Dissertation/virtushield/final-datasets/in-the-wild-final-small/UNSAFE/0/frame_251.jpg,UNSAFE,UNSAFE,0.9227927923202515,full_system,in_the_wild
/Users/ahooker/Documents/Dissertation/virtushield/final-datasets/in-the-wild-final-small/UNSAFE/0/frame_251__1.jpg,UNSAFE,UNSAFE,0.7307450771331787,full_system,in_the_wild
/Users/ahooker/Documents/Dissertation/virtushield/final-datasets/in-the-wild-final-small/UNSAFE/0/frame_251__2.jpg,UNSAFE,UNSAFE,0.804423451423645,full_system,in_the_wild
/Users/ahooker/Documents/Dissertation/virtushield/final-datasets/in-the-wild-final-small/UNSAFE/0/frame_252.jpg,UNSAFE,UNSAFE,0.798216700553894,full_system,in_the_wild
/Users/ahooker/Documents/Dissertation/virtushield/final-datasets/in-the-wild-final-small/UNSAFE/0/frame_252__1.jpg,UNSAFE,UNSAFE,0.7816721200942993,full_system,in_the_wild
/Users/ahooker/Documents/Dissertation/virtushield/final-datasets/in-the-wild-final-small/UNSAFE/0/frame_253.jpg,UNSAFE,UNSAFE,0.8862221240997314,full_system,in_the_wild
/Users/ahooker/Documents/Dissertation/virtushield/final-datasets/in-the-wild-final-small/UNSAFE/0/frame_255.jpg,UNSAFE,UNSAFE,0.7065355181694031,full_system,in_the_wild
/Users/ahooker/Documents/Dissertation/virtushield/final-datasets/in-the-wild-final-small/UNSAFE/0/frame_256.jpg,UNSAFE,UNSAFE,0.7347387075424194,full_system,in_the_wild
/Users/ahooker/Documents/Dissertation/virtushield/final-datasets/in-the-wild-final-small/UNSAFE/0/frame_258.jpg,UNSAFE,UNSAFE,0.7690620422363281,full_system,in_the_wild
/Users/ahooker/Documents/Dissertation/virtushield/final-datasets/in-the-wild-final-small/UNSAFE/0/frame_258__1.jpg,UNSAFE,UNSAFE,0.9027230143547058,full_system,in_the_wild
/Users/ahooker/Documents/Dissertation/virtushield/final-datasets/in-the-wild-final-small/UNSAFE/0/frame_259.jpg,UNSAFE,UNSAFE,0.8583846092224121,full_system,in_the_wild
/Users/ahooker/Documents/Dissertation/virtushield/final-datasets/in-the-wild-final-small/UNSAFE/0/frame_259__1.jpg,UNSAFE,UNSAFE,0.9042169451713562,full_system,in_the_wild
/Users/ahooker/Documents/Dissertation/virtushield/final-datasets/in-the-wild-final-small/UNSAFE/0/frame_25__1.jpg,UNSAFE,UNSAFE,0.7479753494262695,full_system,in_the_wild
/Users/ahooker/Documents/Dissertation/virtushield/final-datasets/in-the-wild-final-small/UNSAFE/0/frame_260.jpg,UNSAFE,UNSAFE,0.8182250261306763,full_system,in_the_wild
/Users/ahooker/Documents/Dissertation/virtushield/final-datasets/in-the-wild-final-small/UNSAFE/0/frame_260__1.jpg,UNSAFE,UNSAFE,0.8169460296630859,full_system,in_the_wild
/Users/ahooker/Documents/Dissertation/virtushield/final-datasets/in-the-wild-final-small/UNSAFE/0/frame_262.jpg,UNSAFE,UNSAFE,0.7537509799003601,full_system,in_the_wild
/Users/ahooker/Documents/Dissertation/virtushield/final-datasets/in-the-wild-final-small/UNSAFE/0/frame_262__1.jpg,UNSAFE,UNSAFE,0.5981134176254272,full_system,in_the_wild
/Users/ahooker/Documents/Dissertation/virtushield/final-datasets/in-the-wild-final-small/UNSAFE/0/frame_264.jpg,UNSAFE,UNSAFE,0.7893291115760803,full_system,in_the_wild
/Users/ahooker/Documents/Dissertation/virtushield/final-datasets/in-the-wild-final-small/UNSAFE/0/frame_265.jpg,UNSAFE,UNSAFE,0.818689227104187,full_system,in_the_wild
/Users/ahooker/Documents/Dissertation/virtushield/final-datasets/in-the-wild-final-small/UNSAFE/0/frame_265__1.jpg,UNSAFE,UNSAFE,0.7970342040061951,full_system,in_the_wild
/Users/ahooker/Documents/Dissertation/virtushield/final-datasets/in-the-wild-final-small/UNSAFE/0/frame_267.jpg,UNSAFE,UNSAFE,0.862599790096283,full_system,in_the_wild
/Users/ahooker/Documents/Dissertation/virtushield/final-datasets/in-the-wild-final-small/UNSAFE/0/frame_268.jpg,UNSAFE,UNSAFE,0.817265510559082,full_system,in_the_wild
/Users/ahooker/Documents/Dissertation/virtushield/final-datasets/in-the-wild-final-small/UNSAFE/0/frame_268__1.jpg,UNSAFE,UNSAFE,0.7385963201522827,full_system,in_the_wild
/Users/ahooker/Documents/Dissertation/virtushield/final-datasets/in-the-wild-final-small/UNSAFE/0/frame_269.jpg,UNSAFE,UNSAFE,0.8630436062812805,full_system,in_the_wild
/Users/ahooker/Documents/Dissertation/virtushield/final-datasets/in-the-wild-final-small/UNSAFE/0/frame_269__1.jpg,UNSAFE,UNSAFE,0.7594959735870361,full_system,in_the_wild
/Users/ahooker/Documents/Dissertation/virtushield/final-datasets/in-the-wild-final-small/UNSAFE/0/frame_269__2.jpg,UNSAFE,UNSAFE,0.8624104857444763,full_system,in_the_wild
/Users/ahooker/Documents/Dissertation/virtushield/final-datasets/in-the-wild-final-small/UNSAFE/0/frame_269__3.jpg,UNSAFE,UNSAFE,0.7932800054550171,full_system,in_the_wild
/Users/ahooker/Documents/Dissertation/virtushield/final-datasets/in-the-wild-final-small/UNSAFE/0/frame_270.jpg,UNSAFE,UNSAFE,0.6099528074264526,full_system,in_the_wild
/Users/ahooker/Documents/Dissertation/virtushield/final-datasets/in-the-wild-final-small/UNSAFE/0/frame_270__1.jpg,UNSAFE,UNSAFE,0.9200310111045837,full_system,in_the_wild
/Users/ahooker/Documents/Dissertation/virtushield/final-datasets/in-the-wild-final-small/UNSAFE/0/frame_270__2.jpg,UNSAFE,SAFE,0.448422372341156,full_system,in_the_wild
/Users/ahooker/Documents/Dissertation/virtushield/final-datasets/in-the-wild-final-small/UNSAFE/0/frame_271.jpg,UNSAFE,UNSAFE,0.6959649920463562,full_system,in_the_wild
/Users/ahooker/Documents/Dissertation/virtushield/final-datasets/in-the-wild-final-small/UNSAFE/0/frame_275.jpg,UNSAFE,UNSAFE,0.9046006798744202,full_system,in_the_wild
/Users/ahooker/Documents/Dissertation/virtushield/final-datasets/in-the-wild-final-small/UNSAFE/0/frame_276.jpg,UNSAFE,UNSAFE,0.8402612805366516,full_system,in_the_wild
/Users/ahooker/Documents/Dissertation/virtushield/final-datasets/in-the-wild-final-small/UNSAFE/0/frame_279.jpg,UNSAFE,UNSAFE,0.875706672668457,full_system,in_the_wild
/Users/ahooker/Documents/Dissertation/virtushield/final-datasets/in-the-wild-final-small/UNSAFE/0/frame_280.jpg,UNSAFE,UNSAFE,0.7560110092163086,full_system,in_the_wild
/Users/ahooker/Documents/Dissertation/virtushield/final-datasets/in-the-wild-final-small/UNSAFE/0/frame_281.jpg,UNSAFE,UNSAFE,0.707427978515625,full_system,in_the_wild
/Users/ahooker/Documents/Dissertation/virtushield/final-datasets/in-the-wild-final-small/UNSAFE/0/frame_282.jpg,UNSAFE,UNSAFE,0.6765899658203125,full_system,in_the_wild
/Users/ahooker/Documents/Dissertation/virtushield/final-datasets/in-the-wild-final-small/UNSAFE/0/frame_282__1.jpg,UNSAFE,UNSAFE,0.7799268960952759,full_system,in_the_wild
/Users/ahooker/Documents/Dissertation/virtushield/final-datasets/in-the-wild-final-small/UNSAFE/0/frame_283.jpg,UNSAFE,UNSAFE,0.7727963328361511,full_system,in_the_wild
/Users/ahooker/Documents/Dissertation/virtushield/final-datasets/in-the-wild-final-small/UNSAFE/0/frame_285.jpg,UNSAFE,UNSAFE,0.7459456920623779,full_system,in_the_wild
/Users/ahooker/Documents/Dissertation/virtushield/final-datasets/in-the-wild-final-small/UNSAFE/0/frame_288.jpg,UNSAFE,UNSAFE,0.7129989266395569,full_system,in_the_wild
/Users/ahooker/Documents/Dissertation/virtushield/final-datasets/in-the-wild-final-small/UNSAFE/0/frame_291.jpg,UNSAFE,UNSAFE,0.7624910473823547,full_system,in_the_wild
/Users/ahooker/Documents/Dissertation/virtushield/final-datasets/in-the-wild-final-small/UNSAFE/0/frame_291__1.jpg,UNSAFE,UNSAFE,0.7760338187217712,full_system,in_the_wild
/Users/ahooker/Documents/Dissertation/virtushield/final-datasets/in-the-wild-final-small/UNSAFE/0/frame_291__2.jpg,UNSAFE,UNSAFE,0.7200181484222412,full_system,in_the_wild
/Users/ahooker/Documents/Dissertation/virtushield/final-datasets/in-the-wild-final-small/UNSAFE/0/frame_292.jpg,UNSAFE,UNSAFE,0.7451496124267578,full_system,in_the_wild
/Users/ahooker/Documents/Dissertation/virtushield/final-datasets/in-the-wild-final-small/UNSAFE/0/frame_292__1.jpg,UNSAFE,UNSAFE,0.7191214561462402,full_system,in_the_wild
/Users/ahooker/Documents/Dissertation/virtushield/final-datasets/in-the-wild-final-small/UNSAFE/0/frame_295.jpg,UNSAFE,UNSAFE,0.7925589680671692,full_system,in_the_wild
/Users/ahooker/Documents/Dissertation/virtushield/final-datasets/in-the-wild-final-small/UNSAFE/0/frame_297.jpg,UNSAFE,UNSAFE,0.8450349569320679,full_system,in_the_wild
/Users/ahooker/Documents/Dissertation/virtushield/final-datasets/in-the-wild-final-small/UNSAFE/0/frame_30.jpg,UNSAFE,UNSAFE,0.8345038294792175,full_system,in_the_wild
/Users/ahooker/Documents/Dissertation/virtushield/final-datasets/in-the-wild-final-small/UNSAFE/0/frame_300.jpg,UNSAFE,UNSAFE,0.9062463641166687,full_system,in_the_wild
/Users/ahooker/Documents/Dissertation/virtushield/final-datasets/in-the-wild-final-small/UNSAFE/0/frame_300__1.jpg,UNSAFE,UNSAFE,0.8289961814880371,full_system,in_the_wild
/Users/ahooker/Documents/Dissertation/virtushield/final-datasets/in-the-wild-final-small/UNSAFE/0/frame_301.jpg,UNSAFE,UNSAFE,0.6797155141830444,full_system,in_the_wild
/Users/ahooker/Documents/Dissertation/virtushield/final-datasets/in-the-wild-final-small/UNSAFE/0/frame_302.jpg,UNSAFE,UNSAFE,0.8309288024902344,full_system,in_the_wild
/Users/ahooker/Documents/Dissertation/virtushield/final-datasets/in-the-wild-final-small/UNSAFE/0/frame_304.jpg,UNSAFE,UNSAFE,0.7520850896835327,full_system,in_the_wild
/Users/ahooker/Documents/Dissertation/virtushield/final-datasets/in-the-wild-final-small/UNSAFE/0/frame_305.jpg,UNSAFE,SAFE,0.38594359159469604,full_system,in_the_wild
/Users/ahooker/Documents/Dissertation/virtushield/final-datasets/in-the-wild-final-small/UNSAFE/0/frame_306.jpg,UNSAFE,UNSAFE,0.7525042295455933,full_system,in_the_wild
/Users/ahooker/Documents/Dissertation/virtushield/final-datasets/in-the-wild-final-small/UNSAFE/0/frame_307.jpg,UNSAFE,UNSAFE,0.8700302243232727,full_system,in_the_wild
/Users/ahooker/Documents/Dissertation/virtushield/final-datasets/in-the-wild-final-small/UNSAFE/0/frame_308.jpg,UNSAFE,UNSAFE,0.7286320328712463,full_system,in_the_wild
/Users/ahooker/Documents/Dissertation/virtushield/final-datasets/in-the-wild-final-small/UNSAFE/0/frame_31.jpg,UNSAFE,UNSAFE,0.7396246194839478,full_system,in_the_wild
/Users/ahooker/Documents/Dissertation/virtushield/final-datasets/in-the-wild-final-small/UNSAFE/0/frame_311.jpg,UNSAFE,UNSAFE,0.7594439387321472,full_system,in_the_wild
/Users/ahooker/Documents/Dissertation/virtushield/final-datasets/in-the-wild-final-small/UNSAFE/0/frame_311__1.jpg,UNSAFE,UNSAFE,0.7580946087837219,full_system,in_the_wild
/Users/ahooker/Documents/Dissertation/virtushield/final-datasets/in-the-wild-final-small/UNSAFE/0/frame_312.jpg,UNSAFE,UNSAFE,0.6664814949035645,full_system,in_the_wild
/Users/ahooker/Documents/Dissertation/virtushield/final-datasets/in-the-wild-final-small/UNSAFE/0/frame_315.jpg,UNSAFE,UNSAFE,0.755806028842926,full_system,in_the_wild
/Users/ahooker/Documents/Dissertation/virtushield/final-datasets/in-the-wild-final-small/UNSAFE/0/frame_317.jpg,UNSAFE,UNSAFE,0.6062135696411133,full_system,in_the_wild
/Users/ahooker/Documents/Dissertation/virtushield/final-datasets/in-the-wild-final-small/UNSAFE/0/frame_318.jpg,UNSAFE,UNSAFE,0.758404016494751,full_system,in_the_wild
/Users/ahooker/Documents/Dissertation/virtushield/final-datasets/in-the-wild-final-small/UNSAFE/0/frame_319.jpg,UNSAFE,UNSAFE,0.7718186378479004,full_system,in_the_wild
/Users/ahooker/Documents/Dissertation/virtushield/final-datasets/in-the-wild-final-small/UNSAFE/0/frame_32.jpg,UNSAFE,UNSAFE,0.7698699235916138,full_system,in_the_wild
/Users/ahooker/Documents/Dissertation/virtushield/final-datasets/in-the-wild-final-small/UNSAFE/0/frame_321.jpg,UNSAFE,UNSAFE,0.5557668209075928,full_system,in_the_wild
/Users/ahooker/Documents/Dissertation/virtushield/final-datasets/in-the-wild-final-small/UNSAFE/0/frame_321__1.jpg,UNSAFE,UNSAFE,0.7653566598892212,full_system,in_the_wild
/Users/ahooker/Documents/Dissertation/virtushield/final-datasets/in-the-wild-final-small/UNSAFE/0/frame_324.jpg,UNSAFE,UNSAFE,0.7667145729064941,full_system,in_the_wild
/Users/ahooker/Documents/Dissertation/virtushield/final-datasets/in-the-wild-final-small/UNSAFE/0/frame_325.jpg,UNSAFE,UNSAFE,0.7397339344024658,full_system,in_the_wild
/Users/ahooker/Documents/Dissertation/virtushield/final-datasets/in-the-wild-final-small/UNSAFE/0/frame_325__1.jpg,UNSAFE,UNSAFE,0.7603050470352173,full_system,in_the_wild
/Users/ahooker/Documents/Dissertation/virtushield/final-datasets/in-the-wild-final-small/UNSAFE/0/frame_328.jpg,UNSAFE,UNSAFE,0.8282966017723083,full_system,in_the_wild
/Users/ahooker/Documents/Dissertation/virtushield/final-datasets/in-the-wild-final-small/UNSAFE/0/frame_329.jpg,UNSAFE,UNSAFE,0.7966554164886475,full_system,in_the_wild
/Users/ahooker/Documents/Dissertation/virtushield/final-datasets/in-the-wild-final-small/UNSAFE/0/frame_32__1.jpg,UNSAFE,UNSAFE,0.7800678610801697,full_system,in_the_wild
/Users/ahooker/Documents/Dissertation/virtushield/final-datasets/in-the-wild-final-small/UNSAFE/0/frame_330.jpg,UNSAFE,UNSAFE,0.7195844650268555,full_system,in_the_wild
/Users/ahooker/Documents/Dissertation/virtushield/final-datasets/in-the-wild-final-small/UNSAFE/0/frame_331.jpg,UNSAFE,UNSAFE,0.8131871819496155,full_system,in_the_wild
/Users/ahooker/Documents/Dissertation/virtushield/final-datasets/in-the-wild-final-small/UNSAFE/0/frame_333.jpg,UNSAFE,UNSAFE,0.7168787121772766,full_system,in_the_wild
/Users/ahooker/Documents/Dissertation/virtushield/final-datasets/in-the-wild-final-small/UNSAFE/0/frame_334.jpg,UNSAFE,UNSAFE,0.8449289798736572,full_system,in_the_wild
/Users/ahooker/Documents/Dissertation/virtushield/final-datasets/in-the-wild-final-small/UNSAFE/0/frame_334__1.jpg,UNSAFE,UNSAFE,0.7657890319824219,full_system,in_the_wild
/Users/ahooker/Documents/Dissertation/virtushield/final-datasets/in-the-wild-final-small/UNSAFE/0/frame_336.jpg,UNSAFE,UNSAFE,0.8868239521980286,full_system,in_the_wild
/Users/ahooker/Documents/Dissertation/virtushield/final-datasets/in-the-wild-final-small/UNSAFE/0/frame_339.jpg,UNSAFE,UNSAFE,0.7754433155059814,full_system,in_the_wild
/Users/ahooker/Documents/Dissertation/virtushield/final-datasets/in-the-wild-final-small/UNSAFE/0/frame_343.jpg,UNSAFE,UNSAFE,0.7659705281257629,full_system,in_the_wild
/Users/ahooker/Documents/Dissertation/virtushield/final-datasets/in-the-wild-final-small/UNSAFE/0/frame_344.jpg,UNSAFE,UNSAFE,0.7487540245056152,full_system,in_the_wild
/Users/ahooker/Documents/Dissertation/virtushield/final-datasets/in-the-wild-final-small/UNSAFE/0/frame_344__1.jpg,UNSAFE,UNSAFE,0.7051219940185547,full_system,in_the_wild
/Users/ahooker/Documents/Dissertation/virtushield/final-datasets/in-the-wild-final-small/UNSAFE/0/frame_345.jpg,UNSAFE,UNSAFE,0.7724778652191162,full_system,in_the_wild
/Users/ahooker/Documents/Dissertation/virtushield/final-datasets/in-the-wild-final-small/UNSAFE/0/frame_347.jpg,UNSAFE,UNSAFE,0.8193099498748779,full_system,in_the_wild
/Users/ahooker/Documents/Dissertation/virtushield/final-datasets/in-the-wild-final-small/UNSAFE/0/frame_347__1.jpg,UNSAFE,UNSAFE,0.8820068836212158,full_system,in_the_wild
/Users/ahooker/Documents/Dissertation/virtushield/final-datasets/in-the-wild-final-small/UNSAFE/0/frame_348.jpg,UNSAFE,UNSAFE,0.6990469098091125,full_system,in_the_wild
/Users/ahooker/Documents/Dissertation/virtushield/final-datasets/in-the-wild-final-small/UNSAFE/0/frame_349.jpg,UNSAFE,UNSAFE,0.7587313652038574,full_system,in_the_wild
/Users/ahooker/Documents/Dissertation/virtushield/final-datasets/in-the-wild-final-small/UNSAFE/0/frame_350.jpg,UNSAFE,UNSAFE,0.7797749042510986,full_system,in_the_wild
/Users/ahooker/Documents/Dissertation/virtushield/final-datasets/in-the-wild-final-small/UNSAFE/0/frame_351.jpg,UNSAFE,UNSAFE,0.8445501923561096,full_system,in_the_wild
/Users/ahooker/Documents/Dissertation/virtushield/final-datasets/in-the-wild-final-small/UNSAFE/0/frame_352.jpg,UNSAFE,UNSAFE,0.8778406977653503,full_system,in_the_wild
/Users/ahooker/Documents/Dissertation/virtushield/final-datasets/in-the-wild-final-small/UNSAFE/0/frame_352__1.jpg,UNSAFE,UNSAFE,0.7998520731925964,full_system,in_the_wild
/Users/ahooker/Documents/Dissertation/virtushield/final-datasets/in-the-wild-final-small/UNSAFE/0/frame_355.jpg,UNSAFE,UNSAFE,0.8178573846817017,full_system,in_the_wild
/Users/ahooker/Documents/Dissertation/virtushield/final-datasets/in-the-wild-final-small/UNSAFE/0/frame_355__1.jpg,UNSAFE,UNSAFE,0.7426915168762207,full_system,in_the_wild
/Users/ahooker/Documents/Dissertation/virtushield/final-datasets/in-the-wild-final-small/UNSAFE/0/frame_355__2.jpg,UNSAFE,UNSAFE,0.7746244072914124,full_system,in_the_wild
/Users/ahooker/Documents/Dissertation/virtushield/final-datasets/in-the-wild-final-small/UNSAFE/0/frame_355__3.jpg,UNSAFE,UNSAFE,0.7627028822898865,full_system,in_the_wild
/Users/ahooker/Documents/Dissertation/virtushield/final-datasets/in-the-wild-final-small/UNSAFE/0/frame_359.jpg,UNSAFE,UNSAFE,0.7641286849975586,full_system,in_the_wild
/Users/ahooker/Documents/Dissertation/virtushield/final-datasets/in-the-wild-final-small/UNSAFE/0/frame_36.jpg,UNSAFE,UNSAFE,0.714141309261322,full_system,in_the_wild
/Users/ahooker/Documents/Dissertation/virtushield/final-datasets/in-the-wild-final-small/UNSAFE/0/frame_362.jpg,UNSAFE,UNSAFE,0.7726484537124634,full_system,in_the_wild
/Users/ahooker/Documents/Dissertation/virtushield/final-datasets/in-the-wild-final-small/UNSAFE/0/frame_363.jpg,UNSAFE,UNSAFE,0.7905208468437195,full_system,in_the_wild
/Users/ahooker/Documents/Dissertation/virtushield/final-datasets/in-the-wild-final-small/UNSAFE/0/frame_364.jpg,UNSAFE,UNSAFE,0.8797084093093872,full_system,in_the_wild
/Users/ahooker/Documents/Dissertation/virtushield/final-datasets/in-the-wild-final-small/UNSAFE/0/frame_364__1.jpg,UNSAFE,UNSAFE,0.7497284412384033,full_system,in_the_wild
/Users/ahooker/Documents/Dissertation/virtushield/final-datasets/in-the-wild-final-small/UNSAFE/0/frame_364__2.jpg,UNSAFE,UNSAFE,0.767842710018158,full_system,in_the_wild
/Users/ahooker/Documents/Dissertation/virtushield/final-datasets/in-the-wild-final-small/UNSAFE/0/frame_365.jpg,UNSAFE,UNSAFE,0.766963005065918,full_system,in_the_wild
/Users/ahooker/Documents/Dissertation/virtushield/final-datasets/in-the-wild-final-small/UNSAFE/0/frame_366.jpg,UNSAFE,UNSAFE,0.7771443724632263,full_system,in_the_wild
/Users/ahooker/Documents/Dissertation/virtushield/final-datasets/in-the-wild-final-small/UNSAFE/0/frame_369.jpg,UNSAFE,UNSAFE,0.8318998217582703,full_system,in_the_wild
/Users/ahooker/Documents/Dissertation/virtushield/final-datasets/in-the-wild-final-small/UNSAFE/0/frame_369__1.jpg,UNSAFE,UNSAFE,0.7380166053771973,full_system,in_the_wild
/Users/ahooker/Documents/Dissertation/virtushield/final-datasets/in-the-wild-final-small/UNSAFE/0/frame_370.jpg,UNSAFE,UNSAFE,0.8326492309570312,full_system,in_the_wild
/Users/ahooker/Documents/Dissertation/virtushield/final-datasets/in-the-wild-final-small/UNSAFE/0/frame_370__1.jpg,UNSAFE,UNSAFE,0.6436828970909119,full_system,in_the_wild
/Users/ahooker/Documents/Dissertation/virtushield/final-datasets/in-the-wild-final-small/UNSAFE/0/frame_370__2.jpg,UNSAFE,UNSAFE,0.5494052171707153,full_system,in_the_wild
/Users/ahooker/Documents/Dissertation/virtushield/final-datasets/in-the-wild-final-small/UNSAFE/0/frame_370__3.jpg,UNSAFE,UNSAFE,0.7254523038864136,full_system,in_the_wild
/Users/ahooker/Documents/Dissertation/virtushield/final-datasets/in-the-wild-final-small/UNSAFE/0/frame_372.jpg,UNSAFE,UNSAFE,0.5837091207504272,full_system,in_the_wild
/Users/ahooker/Documents/Dissertation/virtushield/final-datasets/in-the-wild-final-small/UNSAFE/0/frame_374.jpg,UNSAFE,UNSAFE,0.7236257195472717,full_system,in_the_wild
/Users/ahooker/Documents/Dissertation/virtushield/final-datasets/in-the-wild-final-small/UNSAFE/0/frame_377.jpg,UNSAFE,UNSAFE,0.828190803527832,full_system,in_the_wild
/Users/ahooker/Documents/Dissertation/virtushield/final-datasets/in-the-wild-final-small/UNSAFE/0/frame_377__1.jpg,UNSAFE,UNSAFE,0.8016220331192017,full_system,in_the_wild
/Users/ahooker/Documents/Dissertation/virtushield/final-datasets/in-the-wild-final-small/UNSAFE/0/frame_378.jpg,UNSAFE,UNSAFE,0.7859091758728027,full_system,in_the_wild
/Users/ahooker/Documents/Dissertation/virtushield/final-datasets/in-the-wild-final-small/UNSAFE/0/frame_379.jpg,UNSAFE,UNSAFE,0.7048376202583313,full_system,in_the_wild
/Users/ahooker/Documents/Dissertation/virtushield/final-datasets/in-the-wild-final-small/UNSAFE/0/frame_380.jpg,UNSAFE,UNSAFE,0.7673124670982361,full_system,in_the_wild
/Users/ahooker/Documents/Dissertation/virtushield/final-datasets/in-the-wild-final-small/UNSAFE/0/frame_382.jpg,UNSAFE,UNSAFE,0.8968623280525208,full_system,in_the_wild
/Users/ahooker/Documents/Dissertation/virtushield/final-datasets/in-the-wild-final-small/UNSAFE/0/frame_383.jpg,UNSAFE,UNSAFE,0.6665693521499634,full_system,in_the_wild
/Users/ahooker/Documents/Dissertation/virtushield/final-datasets/in-the-wild-final-small/UNSAFE/0/frame_385.jpg,UNSAFE,UNSAFE,0.8191152215003967,full_system,in_the_wild
/Users/ahooker/Documents/Dissertation/virtushield/final-datasets/in-the-wild-final-small/UNSAFE/0/frame_386.jpg,UNSAFE,UNSAFE,0.7676551938056946,full_system,in_the_wild
/Users/ahooker/Documents/Dissertation/virtushield/final-datasets/in-the-wild-final-small/UNSAFE/0/frame_388.jpg,UNSAFE,UNSAFE,0.767792284488678,full_system,in_the_wild
/Users/ahooker/Documents/Dissertation/virtushield/final-datasets/in-the-wild-final-small/UNSAFE/0/frame_389.jpg,UNSAFE,UNSAFE,0.8296884298324585,full_system,in_the_wild
/Users/ahooker/Documents/Dissertation/virtushield/final-datasets/in-the-wild-final-small/UNSAFE/0/frame_391.jpg,UNSAFE,UNSAFE,0.8914669752120972,full_system,in_the_wild
/Users/ahooker/Documents/Dissertation/virtushield/final-datasets/in-the-wild-final-small/UNSAFE/0/frame_393.jpg,UNSAFE,UNSAFE,0.7116438746452332,full_system,in_the_wild
/Users/ahooker/Documents/Dissertation/virtushield/final-datasets/in-the-wild-final-small/UNSAFE/0/frame_394.jpg,UNSAFE,UNSAFE,0.8001773953437805,full_system,in_the_wild
/Users/ahooker/Documents/Dissertation/virtushield/final-datasets/in-the-wild-final-small/UNSAFE/0/frame_395.jpg,UNSAFE,UNSAFE,0.8342429399490356,full_system,in_the_wild
/Users/ahooker/Documents/Dissertation/virtushield/final-datasets/in-the-wild-final-small/UNSAFE/0/frame_395__1.jpg,UNSAFE,UNSAFE,0.8466928601264954,full_system,in_the_wild
/Users/ahooker/Documents/Dissertation/virtushield/final-datasets/in-the-wild-final-small/UNSAFE/0/frame_398.jpg,UNSAFE,UNSAFE,0.7963411808013916,full_system,in_the_wild
/Users/ahooker/Documents/Dissertation/virtushield/final-datasets/in-the-wild-final-small/UNSAFE/0/frame_403.jpg,UNSAFE,UNSAFE,0.8730825781822205,full_system,in_the_wild
/Users/ahooker/Documents/Dissertation/virtushield/final-datasets/in-the-wild-final-small/UNSAFE/0/frame_406.jpg,UNSAFE,UNSAFE,0.7726303339004517,full_system,in_the_wild
/Users/ahooker/Documents/Dissertation/virtushield/final-datasets/in-the-wild-final-small/UNSAFE/0/frame_407.jpg,UNSAFE,UNSAFE,0.816721498966217,full_system,in_the_wild
/Users/ahooker/Documents/Dissertation/virtushield/final-datasets/in-the-wild-final-small/UNSAFE/0/frame_409.jpg,UNSAFE,UNSAFE,0.8755974769592285,full_system,in_the_wild
/Users/ahooker/Documents/Dissertation/virtushield/final-datasets/in-the-wild-final-small/UNSAFE/0/frame_41.jpg,UNSAFE,UNSAFE,0.7522230744361877,full_system,in_the_wild
/Users/ahooker/Documents/Dissertation/virtushield/final-datasets/in-the-wild-final-small/UNSAFE/0/frame_412.jpg,UNSAFE,UNSAFE,0.7052980065345764,full_system,in_the_wild
/Users/ahooker/Documents/Dissertation/virtushield/final-datasets/in-the-wild-final-small/UNSAFE/0/frame_413.jpg,UNSAFE,UNSAFE,0.9217972159385681,full_system,in_the_wild
/Users/ahooker/Documents/Dissertation/virtushield/final-datasets/in-the-wild-final-small/UNSAFE/0/frame_414.jpg,UNSAFE,UNSAFE,0.7932098507881165,full_system,in_the_wild
/Users/ahooker/Documents/Dissertation/virtushield/final-datasets/in-the-wild-final-small/UNSAFE/0/frame_415.jpg,UNSAFE,UNSAFE,0.9246633648872375,full_system,in_the_wild
/Users/ahooker/Documents/Dissertation/virtushield/final-datasets/in-the-wild-final-small/UNSAFE/0/frame_416.jpg,UNSAFE,UNSAFE,0.9310727715492249,full_system,in_the_wild
/Users/ahooker/Documents/Dissertation/virtushield/final-datasets/in-the-wild-final-small/UNSAFE/0/frame_418.jpg,UNSAFE,UNSAFE,0.8209894299507141,full_system,in_the_wild
/Users/ahooker/Documents/Dissertation/virtushield/final-datasets/in-the-wild-final-small/UNSAFE/0/frame_420.jpg,UNSAFE,UNSAFE,0.8150261044502258,full_system,in_the_wild
/Users/ahooker/Documents/Dissertation/virtushield/final-datasets/in-the-wild-final-small/UNSAFE/0/frame_422.jpg,UNSAFE,UNSAFE,0.8143534064292908,full_system,in_the_wild
/Users/ahooker/Documents/Dissertation/virtushield/final-datasets/in-the-wild-final-small/UNSAFE/0/frame_423.jpg,UNSAFE,UNSAFE,0.935067892074585,full_system,in_the_wild
/Users/ahooker/Documents/Dissertation/virtushield/final-datasets/in-the-wild-final-small/UNSAFE/0/frame_423__1.jpg,UNSAFE,UNSAFE,0.7830350399017334,full_system,in_the_wild
/Users/ahooker/Documents/Dissertation/virtushield/final-datasets/in-the-wild-final-small/UNSAFE/0/frame_424.jpg,UNSAFE,UNSAFE,0.8198390007019043,full_system,in_the_wild
/Users/ahooker/Documents/Dissertation/virtushield/final-datasets/in-the-wild-final-small/UNSAFE/0/frame_426.jpg,UNSAFE,UNSAFE,0.8149464130401611,full_system,in_the_wild
/Users/ahooker/Documents/Dissertation/virtushield/final-datasets/in-the-wild-final-small/UNSAFE/0/frame_426__1.jpg,UNSAFE,UNSAFE,0.8606845736503601,full_system,in_the_wild
/Users/ahooker/Documents/Dissertation/virtushield/final-datasets/in-the-wild-final-small/UNSAFE/0/frame_427.jpg,UNSAFE,UNSAFE,0.878387987613678,full_system,in_the_wild
/Users/ahooker/Documents/Dissertation/virtushield/final-datasets/in-the-wild-final-small/UNSAFE/0/frame_427__1.jpg,UNSAFE,UNSAFE,0.7545598149299622,full_system,in_the_wild
/Users/ahooker/Documents/Dissertation/virtushield/final-datasets/in-the-wild-final-small/UNSAFE/0/frame_43.jpg,UNSAFE,UNSAFE,0.7680562734603882,full_system,in_the_wild
/Users/ahooker/Documents/Dissertation/virtushield/final-datasets/in-the-wild-final-small/UNSAFE/0/frame_430.jpg,UNSAFE,UNSAFE,0.7786657214164734,full_system,in_the_wild
/Users/ahooker/Documents/Dissertation/virtushield/final-datasets/in-the-wild-final-small/UNSAFE/0/frame_433.jpg,UNSAFE,UNSAFE,0.7568875551223755,full_system,in_the_wild
/Users/ahooker/Documents/Dissertation/virtushield/final-datasets/in-the-wild-final-small/UNSAFE/0/frame_435.jpg,UNSAFE,UNSAFE,0.9129381775856018,full_system,in_the_wild
/Users/ahooker/Documents/Dissertation/virtushield/final-datasets/in-the-wild-final-small/UNSAFE/0/frame_435__1.jpg,UNSAFE,UNSAFE,0.7249128818511963,full_system,in_the_wild
/Users/ahooker/Documents/Dissertation/virtushield/final-datasets/in-the-wild-final-small/UNSAFE/0/frame_437.jpg,UNSAFE,UNSAFE,0.9484608769416809,full_system,in_the_wild
/Users/ahooker/Documents/Dissertation/virtushield/final-datasets/in-the-wild-final-small/UNSAFE/0/frame_438.jpg,UNSAFE,UNSAFE,0.7922260165214539,full_system,in_the_wild
/Users/ahooker/Documents/Dissertation/virtushield/final-datasets/in-the-wild-final-small/UNSAFE/0/frame_442.jpg,UNSAFE,UNSAFE,0.7833653092384338,full_system,in_the_wild
/Users/ahooker/Documents/Dissertation/virtushield/final-datasets/in-the-wild-final-small/UNSAFE/0/frame_448.jpg,UNSAFE,UNSAFE,0.7358094453811646,full_system,in_the_wild
/Users/ahooker/Documents/Dissertation/virtushield/final-datasets/in-the-wild-final-small/UNSAFE/0/frame_454.jpg,UNSAFE,UNSAFE,0.8499166965484619,full_system,in_the_wild
/Users/ahooker/Documents/Dissertation/virtushield/final-datasets/in-the-wild-final-small/UNSAFE/0/frame_456.jpg,UNSAFE,UNSAFE,0.746712327003479,full_system,in_the_wild
/Users/ahooker/Documents/Dissertation/virtushield/final-datasets/in-the-wild-final-small/UNSAFE/0/frame_459.jpg,UNSAFE,UNSAFE,0.9195518493652344,full_system,in_the_wild
/Users/ahooker/Documents/Dissertation/virtushield/final-datasets/in-the-wild-final-small/UNSAFE/0/frame_46.jpg,UNSAFE,UNSAFE,0.5805655717849731,full_system,in_the_wild
/Users/ahooker/Documents/Dissertation/virtushield/final-datasets/in-the-wild-final-small/UNSAFE/0/frame_460.jpg,UNSAFE,UNSAFE,0.8048880100250244,full_system,in_the_wild
/Users/ahooker/Documents/Dissertation/virtushield/final-datasets/in-the-wild-final-small/UNSAFE/0/frame_463.jpg,UNSAFE,UNSAFE,0.8257805109024048,full_system,in_the_wild
/Users/ahooker/Documents/Dissertation/virtushield/final-datasets/in-the-wild-final-small/UNSAFE/0/frame_463__1.jpg,UNSAFE,UNSAFE,0.915066123008728,full_system,in_the_wild
/Users/ahooker/Documents/Dissertation/virtushield/final-datasets/in-the-wild-final-small/UNSAFE/0/frame_465.jpg,UNSAFE,UNSAFE,0.7835155129432678,full_system,in_the_wild
/Users/ahooker/Documents/Dissertation/virtushield/final-datasets/in-the-wild-final-small/UNSAFE/0/frame_467.jpg,UNSAFE,UNSAFE,0.8865306377410889,full_system,in_the_wild
/Users/ahooker/Documents/Dissertation/virtushield/final-datasets/in-the-wild-final-small/UNSAFE/0/frame_474.jpg,UNSAFE,UNSAFE,0.7565898299217224,full_system,in_the_wild
/Users/ahooker/Documents/Dissertation/virtushield/final-datasets/in-the-wild-final-small/UNSAFE/0/frame_475.jpg,UNSAFE,UNSAFE,0.6460752487182617,full_system,in_the_wild
/Users/ahooker/Documents/Dissertation/virtushield/final-datasets/in-the-wild-final-small/UNSAFE/0/frame_475__1.jpg,UNSAFE,UNSAFE,0.7907289266586304,full_system,in_the_wild
/Users/ahooker/Documents/Dissertation/virtushield/final-datasets/in-the-wild-final-small/UNSAFE/0/frame_476.jpg,UNSAFE,UNSAFE,0.8044797778129578,full_system,in_the_wild
/Users/ahooker/Documents/Dissertation/virtushield/final-datasets/in-the-wild-final-small/UNSAFE/0/frame_478.jpg,UNSAFE,UNSAFE,0.5748181343078613,full_system,in_the_wild
/Users/ahooker/Documents/Dissertation/virtushield/final-datasets/in-the-wild-final-small/UNSAFE/0/frame_481.jpg,UNSAFE,UNSAFE,0.7804834842681885,full_system,in_the_wild
/Users/ahooker/Documents/Dissertation/virtushield/final-datasets/in-the-wild-final-small/UNSAFE/0/frame_488.jpg,UNSAFE,UNSAFE,0.8390456438064575,full_system,in_the_wild
/Users/ahooker/Documents/Dissertation/virtushield/final-datasets/in-the-wild-final-small/UNSAFE/0/frame_489.jpg,UNSAFE,UNSAFE,0.8260621428489685,full_system,in_the_wild
/Users/ahooker/Documents/Dissertation/virtushield/final-datasets/in-the-wild-final-small/UNSAFE/0/frame_492.jpg,UNSAFE,UNSAFE,0.814441978931427,full_system,in_the_wild
/Users/ahooker/Documents/Dissertation/virtushield/final-datasets/in-the-wild-final-small/UNSAFE/0/frame_496.jpg,UNSAFE,UNSAFE,0.850016176700592,full_system,in_the_wild
/Users/ahooker/Documents/Dissertation/virtushield/final-datasets/in-the-wild-final-small/UNSAFE/0/frame_498.jpg,UNSAFE,UNSAFE,0.8255012035369873,full_system,in_the_wild
/Users/ahooker/Documents/Dissertation/virtushield/final-datasets/in-the-wild-final-small/UNSAFE/0/frame_50.jpg,UNSAFE,UNSAFE,0.7454016208648682,full_system,in_the_wild
/Users/ahooker/Documents/Dissertation/virtushield/final-datasets/in-the-wild-final-small/UNSAFE/0/frame_505.jpg,UNSAFE,UNSAFE,0.7367672920227051,full_system,in_the_wild
/Users/ahooker/Documents/Dissertation/virtushield/final-datasets/in-the-wild-final-small/UNSAFE/0/frame_509.jpg,UNSAFE,UNSAFE,0.8831399083137512,full_system,in_the_wild
/Users/ahooker/Documents/Dissertation/virtushield/final-datasets/in-the-wild-final-small/UNSAFE/0/frame_510.jpg,UNSAFE,UNSAFE,0.6263863444328308,full_system,in_the_wild
/Users/ahooker/Documents/Dissertation/virtushield/final-datasets/in-the-wild-final-small/UNSAFE/0/frame_523.jpg,UNSAFE,UNSAFE,0.8362466096878052,full_system,in_the_wild
/Users/ahooker/Documents/Dissertation/virtushield/final-datasets/in-the-wild-final-small/UNSAFE/0/frame_523__1.jpg,UNSAFE,UNSAFE,0.756325900554657,full_system,in_the_wild
/Users/ahooker/Documents/Dissertation/virtushield/final-datasets/in-the-wild-final-small/UNSAFE/0/frame_524.jpg,UNSAFE,SAFE,0.29474103450775146,full_system,in_the_wild
/Users/ahooker/Documents/Dissertation/virtushield/final-datasets/in-the-wild-final-small/UNSAFE/0/frame_525.jpg,UNSAFE,UNSAFE,0.720558226108551,full_system,in_the_wild
/Users/ahooker/Documents/Dissertation/virtushield/final-datasets/in-the-wild-final-small/UNSAFE/0/frame_528.jpg,UNSAFE,UNSAFE,0.8077490925788879,full_system,in_the_wild
/Users/ahooker/Documents/Dissertation/virtushield/final-datasets/in-the-wild-final-small/UNSAFE/0/frame_534.jpg,UNSAFE,UNSAFE,0.8307713866233826,full_system,in_the_wild
/Users/ahooker/Documents/Dissertation/virtushield/final-datasets/in-the-wild-final-small/UNSAFE/0/frame_542.jpg,UNSAFE,UNSAFE,0.7181388735771179,full_system,in_the_wild
/Users/ahooker/Documents/Dissertation/virtushield/final-datasets/in-the-wild-final-small/UNSAFE/0/frame_544.jpg,UNSAFE,UNSAFE,0.7468882203102112,full_system,in_the_wild
/Users/ahooker/Documents/Dissertation/virtushield/final-datasets/in-the-wild-final-small/UNSAFE/0/frame_548.jpg,UNSAFE,UNSAFE,0.7480246424674988,full_system,in_the_wild
/Users/ahooker/Documents/Dissertation/virtushield/final-datasets/in-the-wild-final-small/UNSAFE/0/frame_551.jpg,UNSAFE,UNSAFE,0.7196102142333984,full_system,in_the_wild
/Users/ahooker/Documents/Dissertation/virtushield/final-datasets/in-the-wild-final-small/UNSAFE/0/frame_553.jpg,UNSAFE,UNSAFE,0.7295364141464233,full_system,in_the_wild
/Users/ahooker/Documents/Dissertation/virtushield/final-datasets/in-the-wild-final-small/UNSAFE/0/frame_555.jpg,UNSAFE,UNSAFE,0.7205539345741272,full_system,in_the_wild
/Users/ahooker/Documents/Dissertation/virtushield/final-datasets/in-the-wild-final-small/UNSAFE/0/frame_56.jpg,UNSAFE,UNSAFE,0.7505984306335449,full_system,in_the_wild
/Users/ahooker/Documents/Dissertation/virtushield/final-datasets/in-the-wild-final-small/UNSAFE/0/frame_561.jpg,UNSAFE,UNSAFE,0.7683851718902588,full_system,in_the_wild
/Users/ahooker/Documents/Dissertation/virtushield/final-datasets/in-the-wild-final-small/UNSAFE/0/frame_563.jpg,UNSAFE,UNSAFE,0.8130618929862976,full_system,in_the_wild
/Users/ahooker/Documents/Dissertation/virtushield/final-datasets/in-the-wild-final-small/UNSAFE/0/frame_570.jpg,UNSAFE,UNSAFE,0.7711986303329468,full_system,in_the_wild
/Users/ahooker/Documents/Dissertation/virtushield/final-datasets/in-the-wild-final-small/UNSAFE/0/frame_58.jpg,UNSAFE,UNSAFE,0.7833890318870544,full_system,in_the_wild
/Users/ahooker/Documents/Dissertation/virtushield/final-datasets/in-the-wild-final-small/UNSAFE/0/frame_583.jpg,UNSAFE,UNSAFE,0.7853431701660156,full_system,in_the_wild
/Users/ahooker/Documents/Dissertation/virtushield/final-datasets/in-the-wild-final-small/UNSAFE/0/frame_586.jpg,UNSAFE,UNSAFE,0.7951052188873291,full_system,in_the_wild
/Users/ahooker/Documents/Dissertation/virtushield/final-datasets/in-the-wild-final-small/UNSAFE/0/frame_593.jpg,UNSAFE,UNSAFE,0.8001163601875305,full_system,in_the_wild
/Users/ahooker/Documents/Dissertation/virtushield/final-datasets/in-the-wild-final-small/UNSAFE/0/frame_594.jpg,UNSAFE,UNSAFE,0.7839903831481934,full_system,in_the_wild
/Users/ahooker/Documents/Dissertation/virtushield/final-datasets/in-the-wild-final-small/UNSAFE/0/frame_60.jpg,UNSAFE,UNSAFE,0.7751679420471191,full_system,in_the_wild
/Users/ahooker/Documents/Dissertation/virtushield/final-datasets/in-the-wild-final-small/UNSAFE/0/frame_60__1.jpg,UNSAFE,UNSAFE,0.7765467762947083,full_system,in_the_wild
/Users/ahooker/Documents/Dissertation/virtushield/final-datasets/in-the-wild-final-small/UNSAFE/0/frame_61.jpg,UNSAFE,UNSAFE,0.7490527629852295,full_system,in_the_wild
/Users/ahooker/Documents/Dissertation/virtushield/final-datasets/in-the-wild-final-small/UNSAFE/0/frame_612.jpg,UNSAFE,SAFE,0.33142831921577454,full_system,in_the_wild
/Users/ahooker/Documents/Dissertation/virtushield/final-datasets/in-the-wild-final-small/UNSAFE/0/frame_61__1.jpg,UNSAFE,UNSAFE,0.7711052894592285,full_system,in_the_wild
/Users/ahooker/Documents/Dissertation/virtushield/final-datasets/in-the-wild-final-small/UNSAFE/0/frame_62.jpg,UNSAFE,UNSAFE,0.5728288888931274,full_system,in_the_wild
/Users/ahooker/Documents/Dissertation/virtushield/final-datasets/in-the-wild-final-small/UNSAFE/0/frame_620.jpg,UNSAFE,UNSAFE,0.5046616792678833,full_system,in_the_wild
/Users/ahooker/Documents/Dissertation/virtushield/final-datasets/in-the-wild-final-small/UNSAFE/0/frame_627.jpg,UNSAFE,UNSAFE,0.7943848371505737,full_system,in_the_wild
/Users/ahooker/Documents/Dissertation/virtushield/final-datasets/in-the-wild-final-small/UNSAFE/0/frame_628.jpg,UNSAFE,UNSAFE,0.9357683062553406,full_system,in_the_wild
/Users/ahooker/Documents/Dissertation/virtushield/final-datasets/in-the-wild-final-small/UNSAFE/0/frame_629.jpg,UNSAFE,UNSAFE,0.844297468662262,full_system,in_the_wild
/Users/ahooker/Documents/Dissertation/virtushield/final-datasets/in-the-wild-final-small/UNSAFE/0/frame_63.jpg,UNSAFE,UNSAFE,0.7330373525619507,full_system,in_the_wild
/Users/ahooker/Documents/Dissertation/virtushield/final-datasets/in-the-wild-final-small/UNSAFE/0/frame_63__1.jpg,UNSAFE,UNSAFE,0.7582107186317444,full_system,in_the_wild
/Users/ahooker/Documents/Dissertation/virtushield/final-datasets/in-the-wild-final-small/UNSAFE/0/frame_64.jpg,UNSAFE,UNSAFE,0.7696121335029602,full_system,in_the_wild
/Users/ahooker/Documents/Dissertation/virtushield/final-datasets/in-the-wild-final-small/UNSAFE/0/frame_644.jpg,UNSAFE,UNSAFE,0.7099544405937195,full_system,in_the_wild
/Users/ahooker/Documents/Dissertation/virtushield/final-datasets/in-the-wild-final-small/UNSAFE/0/frame_65.jpg,UNSAFE,UNSAFE,0.7070745229721069,full_system,in_the_wild
/Users/ahooker/Documents/Dissertation/virtushield/final-datasets/in-the-wild-final-small/UNSAFE/0/frame_652.jpg,UNSAFE,UNSAFE,0.7403473854064941,full_system,in_the_wild
/Users/ahooker/Documents/Dissertation/virtushield/final-datasets/in-the-wild-final-small/UNSAFE/0/frame_655.jpg,UNSAFE,UNSAFE,0.858762264251709,full_system,in_the_wild
/Users/ahooker/Documents/Dissertation/virtushield/final-datasets/in-the-wild-final-small/UNSAFE/0/frame_66.jpg,UNSAFE,UNSAFE,0.7237760424613953,full_system,in_the_wild
/Users/ahooker/Documents/Dissertation/virtushield/final-datasets/in-the-wild-final-small/UNSAFE/0/frame_66__1.jpg,UNSAFE,UNSAFE,0.7715163826942444,full_system,in_the_wild
/Users/ahooker/Documents/Dissertation/virtushield/final-datasets/in-the-wild-final-small/UNSAFE/0/frame_67.jpg,UNSAFE,UNSAFE,0.7896566390991211,full_system,in_the_wild
/Users/ahooker/Documents/Dissertation/virtushield/final-datasets/in-the-wild-final-small/UNSAFE/0/frame_675.jpg,UNSAFE,UNSAFE,0.740692675113678,full_system,in_the_wild
/Users/ahooker/Documents/Dissertation/virtushield/final-datasets/in-the-wild-final-small/UNSAFE/0/frame_677.jpg,UNSAFE,UNSAFE,0.7835423946380615,full_system,in_the_wild
/Users/ahooker/Documents/Dissertation/virtushield/final-datasets/in-the-wild-final-small/UNSAFE/0/frame_679.jpg,UNSAFE,UNSAFE,0.7074907422065735,full_system,in_the_wild
/Users/ahooker/Documents/Dissertation/virtushield/final-datasets/in-the-wild-final-small/UNSAFE/0/frame_67__1.jpg,UNSAFE,UNSAFE,0.7984820604324341,full_system,in_the_wild
/Users/ahooker/Documents/Dissertation/virtushield/final-datasets/in-the-wild-final-small/UNSAFE/0/frame_68.jpg,UNSAFE,UNSAFE,0.7244665622711182,full_system,in_the_wild
/Users/ahooker/Documents/Dissertation/virtushield/final-datasets/in-the-wild-final-small/UNSAFE/0/frame_681.jpg,UNSAFE,UNSAFE,0.8478779792785645,full_system,in_the_wild
/Users/ahooker/Documents/Dissertation/virtushield/final-datasets/in-the-wild-final-small/UNSAFE/0/frame_683.jpg,UNSAFE,UNSAFE,0.8041291236877441,full_system,in_the_wild
/Users/ahooker/Documents/Dissertation/virtushield/final-datasets/in-the-wild-final-small/UNSAFE/0/frame_684.jpg,UNSAFE,UNSAFE,0.8191977739334106,full_system,in_the_wild
/Users/ahooker/Documents/Dissertation/virtushield/final-datasets/in-the-wild-final-small/UNSAFE/0/frame_687.jpg,UNSAFE,UNSAFE,0.8472328186035156,full_system,in_the_wild
/Users/ahooker/Documents/Dissertation/virtushield/final-datasets/in-the-wild-final-small/UNSAFE/0/frame_688.jpg,UNSAFE,UNSAFE,0.9097573757171631,full_system,in_the_wild
/Users/ahooker/Documents/Dissertation/virtushield/final-datasets/in-the-wild-final-small/UNSAFE/0/frame_691.jpg,UNSAFE,UNSAFE,0.7420151829719543,full_system,in_the_wild
/Users/ahooker/Documents/Dissertation/virtushield/final-datasets/in-the-wild-final-small/UNSAFE/0/frame_693.jpg,UNSAFE,UNSAFE,0.726684033870697,full_system,in_the_wild
/Users/ahooker/Documents/Dissertation/virtushield/final-datasets/in-the-wild-final-small/UNSAFE/0/frame_695.jpg,UNSAFE,UNSAFE,0.8536078929901123,full_system,in_the_wild
/Users/ahooker/Documents/Dissertation/virtushield/final-datasets/in-the-wild-final-small/UNSAFE/0/frame_696.jpg,UNSAFE,UNSAFE,0.8334448337554932,full_system,in_the_wild
/Users/ahooker/Documents/Dissertation/virtushield/final-datasets/in-the-wild-final-small/UNSAFE/0/frame_70.jpg,UNSAFE,UNSAFE,0.7550170421600342,full_system,in_the_wild
/Users/ahooker/Documents/Dissertation/virtushield/final-datasets/in-the-wild-final-small/UNSAFE/0/frame_701.jpg,UNSAFE,UNSAFE,0.9355832934379578,full_system,in_the_wild
/Users/ahooker/Documents/Dissertation/virtushield/final-datasets/in-the-wild-final-small/UNSAFE/0/frame_703.jpg,UNSAFE,UNSAFE,0.7781109809875488,full_system,in_the_wild
/Users/ahooker/Documents/Dissertation/virtushield/final-datasets/in-the-wild-final-small/UNSAFE/0/frame_704.jpg,UNSAFE,UNSAFE,0.8042972683906555,full_system,in_the_wild
/Users/ahooker/Documents/Dissertation/virtushield/final-datasets/in-the-wild-final-small/UNSAFE/0/frame_706.jpg,UNSAFE,UNSAFE,0.799058198928833,full_system,in_the_wild
/Users/ahooker/Documents/Dissertation/virtushield/final-datasets/in-the-wild-final-small/UNSAFE/0/frame_71.jpg,UNSAFE,UNSAFE,0.7696741819381714,full_system,in_the_wild
/Users/ahooker/Documents/Dissertation/virtushield/final-datasets/in-the-wild-final-small/UNSAFE/0/frame_714.jpg,UNSAFE,UNSAFE,0.9064734578132629,full_system,in_the_wild
/Users/ahooker/Documents/Dissertation/virtushield/final-datasets/in-the-wild-final-small/UNSAFE/0/frame_718.jpg,UNSAFE,UNSAFE,0.9177568554878235,full_system,in_the_wild
/Users/ahooker/Documents/Dissertation/virtushield/final-datasets/in-the-wild-final-small/UNSAFE/0/frame_718__1.jpg,UNSAFE,UNSAFE,0.8997735977172852,full_system,in_the_wild
/Users/ahooker/Documents/Dissertation/virtushield/final-datasets/in-the-wild-final-small/UNSAFE/0/frame_721.jpg,UNSAFE,UNSAFE,0.8796536922454834,full_system,in_the_wild
/Users/ahooker/Documents/Dissertation/virtushield/final-datasets/in-the-wild-final-small/UNSAFE/0/frame_729.jpg,UNSAFE,UNSAFE,0.7677643895149231,full_system,in_the_wild
/Users/ahooker/Documents/Dissertation/virtushield/final-datasets/in-the-wild-final-small/UNSAFE/0/frame_73.jpg,UNSAFE,UNSAFE,0.7776172161102295,full_system,in_the_wild
/Users/ahooker/Documents/Dissertation/virtushield/final-datasets/in-the-wild-final-small/UNSAFE/0/frame_73__1.jpg,UNSAFE,UNSAFE,0.5960463285446167,full_system,in_the_wild
/Users/ahooker/Documents/Dissertation/virtushield/final-datasets/in-the-wild-final-small/UNSAFE/0/frame_73__2.jpg,UNSAFE,UNSAFE,0.7704784870147705,full_system,in_the_wild
/Users/ahooker/Documents/Dissertation/virtushield/final-datasets/in-the-wild-final-small/UNSAFE/0/frame_74.jpg,UNSAFE,UNSAFE,0.7762411832809448,full_system,in_the_wild
/Users/ahooker/Documents/Dissertation/virtushield/final-datasets/in-the-wild-final-small/UNSAFE/0/frame_744.jpg,UNSAFE,UNSAFE,0.8407774567604065,full_system,in_the_wild
/Users/ahooker/Documents/Dissertation/virtushield/final-datasets/in-the-wild-final-small/UNSAFE/0/frame_74__1.jpg,UNSAFE,UNSAFE,0.7546677589416504,full_system,in_the_wild
/Users/ahooker/Documents/Dissertation/virtushield/final-datasets/in-the-wild-final-small/UNSAFE/0/frame_750.jpg,UNSAFE,UNSAFE,0.868124783039093,full_system,in_the_wild
/Users/ahooker/Documents/Dissertation/virtushield/final-datasets/in-the-wild-final-small/UNSAFE/0/frame_751.jpg,UNSAFE,UNSAFE,0.8466126322746277,full_system,in_the_wild
/Users/ahooker/Documents/Dissertation/virtushield/final-datasets/in-the-wild-final-small/UNSAFE/0/frame_758.jpg,UNSAFE,UNSAFE,0.7908194661140442,full_system,in_the_wild
/Users/ahooker/Documents/Dissertation/virtushield/final-datasets/in-the-wild-final-small/UNSAFE/0/frame_759.jpg,UNSAFE,UNSAFE,0.8596607446670532,full_system,in_the_wild
/Users/ahooker/Documents/Dissertation/virtushield/final-datasets/in-the-wild-final-small/UNSAFE/0/frame_761.jpg,UNSAFE,UNSAFE,0.7044373750686646,full_system,in_the_wild
/Users/ahooker/Documents/Dissertation/virtushield/final-datasets/in-the-wild-final-small/UNSAFE/0/frame_77.jpg,UNSAFE,UNSAFE,0.8955805897712708,full_system,in_the_wild
/Users/ahooker/Documents/Dissertation/virtushield/final-datasets/in-the-wild-final-small/UNSAFE/0/frame_775.jpg,UNSAFE,UNSAFE,0.8547682166099548,full_system,in_the_wild
/Users/ahooker/Documents/Dissertation/virtushield/final-datasets/in-the-wild-final-small/UNSAFE/0/frame_776.jpg,UNSAFE,UNSAFE,0.9082062244415283,full_system,in_the_wild
/Users/ahooker/Documents/Dissertation/virtushield/final-datasets/in-the-wild-final-small/UNSAFE/0/frame_781.jpg,UNSAFE,UNSAFE,0.7935731410980225,full_system,in_the_wild
/Users/ahooker/Documents/Dissertation/virtushield/final-datasets/in-the-wild-final-small/UNSAFE/0/frame_784.jpg,UNSAFE,UNSAFE,0.838668167591095,full_system,in_the_wild
/Users/ahooker/Documents/Dissertation/virtushield/final-datasets/in-the-wild-final-small/UNSAFE/0/frame_79.jpg,UNSAFE,UNSAFE,0.787339985370636,full_system,in_the_wild
/Users/ahooker/Documents/Dissertation/virtushield/final-datasets/in-the-wild-final-small/UNSAFE/0/frame_797.jpg,UNSAFE,UNSAFE,0.9141108393669128,full_system,in_the_wild
/Users/ahooker/Documents/Dissertation/virtushield/final-datasets/in-the-wild-final-small/UNSAFE/0/frame_79__1.jpg,UNSAFE,UNSAFE,0.75230872631073,full_system,in_the_wild
/Users/ahooker/Documents/Dissertation/virtushield/final-datasets/in-the-wild-final-small/UNSAFE/0/frame_8.jpg,UNSAFE,UNSAFE,0.8043174743652344,full_system,in_the_wild
/Users/ahooker/Documents/Dissertation/virtushield/final-datasets/in-the-wild-final-small/UNSAFE/0/frame_803.jpg,UNSAFE,UNSAFE,0.7920178771018982,full_system,in_the_wild
/Users/ahooker/Documents/Dissertation/virtushield/final-datasets/in-the-wild-final-small/UNSAFE/0/frame_813.jpg,UNSAFE,UNSAFE,0.966285228729248,full_system,in_the_wild
/Users/ahooker/Documents/Dissertation/virtushield/final-datasets/in-the-wild-final-small/UNSAFE/0/frame_820.jpg,UNSAFE,UNSAFE,0.8613560795783997,full_system,in_the_wild
/Users/ahooker/Documents/Dissertation/virtushield/final-datasets/in-the-wild-final-small/UNSAFE/0/frame_824.jpg,UNSAFE,UNSAFE,0.9402551054954529,full_system,in_the_wild
/Users/ahooker/Documents/Dissertation/virtushield/final-datasets/in-the-wild-final-small/UNSAFE/0/frame_825.jpg,UNSAFE,UNSAFE,0.9066792130470276,full_system,in_the_wild
/Users/ahooker/Documents/Dissertation/virtushield/final-datasets/in-the-wild-final-small/UNSAFE/0/frame_826.jpg,UNSAFE,UNSAFE,0.9151732325553894,full_system,in_the_wild
/Users/ahooker/Documents/Dissertation/virtushield/final-datasets/in-the-wild-final-small/UNSAFE/0/frame_830.jpg,UNSAFE,UNSAFE,0.8078615665435791,full_system,in_the_wild
/Users/ahooker/Documents/Dissertation/virtushield/final-datasets/in-the-wild-final-small/UNSAFE/0/frame_832.jpg,UNSAFE,UNSAFE,0.8257220983505249,full_system,in_the_wild
/Users/ahooker/Documents/Dissertation/virtushield/final-datasets/in-the-wild-final-small/UNSAFE/0/frame_834.jpg,UNSAFE,UNSAFE,0.9053741097450256,full_system,in_the_wild
/Users/ahooker/Documents/Dissertation/virtushield/final-datasets/in-the-wild-final-small/UNSAFE/0/frame_835.jpg,UNSAFE,UNSAFE,0.8106399774551392,full_system,in_the_wild
/Users/ahooker/Documents/Dissertation/virtushield/final-datasets/in-the-wild-final-small/UNSAFE/0/frame_836.jpg,UNSAFE,UNSAFE,0.8502073884010315,full_system,in_the_wild
/Users/ahooker/Documents/Dissertation/virtushield/final-datasets/in-the-wild-final-small/UNSAFE/0/frame_84.jpg,UNSAFE,UNSAFE,0.8129600286483765,full_system,in_the_wild
/Users/ahooker/Documents/Dissertation/virtushield/final-datasets/in-the-wild-final-small/UNSAFE/0/frame_842.jpg,UNSAFE,UNSAFE,0.898781955242157,full_system,in_the_wild
/Users/ahooker/Documents/Dissertation/virtushield/final-datasets/in-the-wild-final-small/UNSAFE/0/frame_843.jpg,UNSAFE,UNSAFE,0.8628953099250793,full_system,in_the_wild
/Users/ahooker/Documents/Dissertation/virtushield/final-datasets/in-the-wild-final-small/UNSAFE/0/frame_847.jpg,UNSAFE,UNSAFE,0.9515933990478516,full_system,in_the_wild
/Users/ahooker/Documents/Dissertation/virtushield/final-datasets/in-the-wild-final-small/UNSAFE/0/frame_85.jpg,UNSAFE,UNSAFE,0.7492157816886902,full_system,in_the_wild
/Users/ahooker/Documents/Dissertation/virtushield/final-datasets/in-the-wild-final-small/UNSAFE/0/frame_850.jpg,UNSAFE,UNSAFE,0.9318293333053589,full_system,in_the_wild
/Users/ahooker/Documents/Dissertation/virtushield/final-datasets/in-the-wild-final-small/UNSAFE/0/frame_858.jpg,UNSAFE,UNSAFE,0.9286945462226868,full_system,in_the_wild
/Users/ahooker/Documents/Dissertation/virtushield/final-datasets/in-the-wild-final-small/UNSAFE/0/frame_85__1.jpg,UNSAFE,UNSAFE,0.754186749458313,full_system,in_the_wild
/Users/ahooker/Documents/Dissertation/virtushield/final-datasets/in-the-wild-final-small/UNSAFE/0/frame_85__2.jpg,UNSAFE,UNSAFE,0.9147914052009583,full_system,in_the_wild
/Users/ahooker/Documents/Dissertation/virtushield/final-datasets/in-the-wild-final-small/UNSAFE/0/frame_86.jpg,UNSAFE,UNSAFE,0.7749438285827637,full_system,in_the_wild
/Users/ahooker/Documents/Dissertation/virtushield/final-datasets/in-the-wild-final-small/UNSAFE/0/frame_861.jpg,UNSAFE,UNSAFE,0.7780148386955261,full_system,in_the_wild
/Users/ahooker/Documents/Dissertation/virtushield/final-datasets/in-the-wild-final-small/UNSAFE/0/frame_86__1.jpg,UNSAFE,UNSAFE,0.8080065846443176,full_system,in_the_wild
/Users/ahooker/Documents/Dissertation/virtushield/final-datasets/in-the-wild-final-small/UNSAFE/0/frame_87.jpg,UNSAFE,UNSAFE,0.8716251850128174,full_system,in_the_wild
/Users/ahooker/Documents/Dissertation/virtushield/final-datasets/in-the-wild-final-small/UNSAFE/0/frame_88.jpg,UNSAFE,UNSAFE,0.7624267339706421,full_system,in_the_wild
/Users/ahooker/Documents/Dissertation/virtushield/final-datasets/in-the-wild-final-small/UNSAFE/0/frame_88__1.jpg,UNSAFE,UNSAFE,0.753466010093689,full_system,in_the_wild
/Users/ahooker/Documents/Dissertation/virtushield/final-datasets/in-the-wild-final-small/UNSAFE/0/frame_9.jpg,UNSAFE,UNSAFE,0.5587577223777771,full_system,in_the_wild
/Users/ahooker/Documents/Dissertation/virtushield/final-datasets/in-the-wild-final-small/UNSAFE/0/frame_90.jpg,UNSAFE,UNSAFE,0.8579638600349426,full_system,in_the_wild
/Users/ahooker/Documents/Dissertation/virtushield/final-datasets/in-the-wild-final-small/UNSAFE/0/frame_91.jpg,UNSAFE,UNSAFE,0.7705655097961426,full_system,in_the_wild
/Users/ahooker/Documents/Dissertation/virtushield/final-datasets/in-the-wild-final-small/UNSAFE/0/frame_92.jpg,UNSAFE,UNSAFE,0.7350273132324219,full_system,in_the_wild
/Users/ahooker/Documents/Dissertation/virtushield/final-datasets/in-the-wild-final-small/UNSAFE/0/frame_93.jpg,UNSAFE,UNSAFE,0.7364649772644043,full_system,in_the_wild
/Users/ahooker/Documents/Dissertation/virtushield/final-datasets/in-the-wild-final-small/UNSAFE/0/frame_95.jpg,UNSAFE,UNSAFE,0.77312833070755,full_system,in_the_wild
/Users/ahooker/Documents/Dissertation/virtushield/final-datasets/in-the-wild-final-small/UNSAFE/0/frame_952.jpg,UNSAFE,UNSAFE,0.7334954738616943,full_system,in_the_wild
/Users/ahooker/Documents/Dissertation/virtushield/final-datasets/in-the-wild-final-small/UNSAFE/0/frame_958.jpg,UNSAFE,UNSAFE,0.7420706748962402,full_system,in_the_wild
/Users/ahooker/Documents/Dissertation/virtushield/final-datasets/in-the-wild-final-small/UNSAFE/0/frame_96.jpg,UNSAFE,UNSAFE,0.8378553986549377,full_system,in_the_wild
/Users/ahooker/Documents/Dissertation/virtushield/final-datasets/in-the-wild-final-small/UNSAFE/0/frame_963.jpg,UNSAFE,UNSAFE,0.8927946090698242,full_system,in_the_wild
/Users/ahooker/Documents/Dissertation/virtushield/final-datasets/in-the-wild-final-small/UNSAFE/0/frame_968.jpg,UNSAFE,UNSAFE,0.9283742904663086,full_system,in_the_wild
/Users/ahooker/Documents/Dissertation/virtushield/final-datasets/in-the-wild-final-small/UNSAFE/0/frame_976.jpg,UNSAFE,UNSAFE,0.8999075293540955,full_system,in_the_wild
/Users/ahooker/Documents/Dissertation/virtushield/final-datasets/in-the-wild-final-small/UNSAFE/0/frame_978.jpg,UNSAFE,UNSAFE,0.8771635293960571,full_system,in_the_wild
/Users/ahooker/Documents/Dissertation/virtushield/final-datasets/in-the-wild-final-small/UNSAFE/0/frame_979.jpg,UNSAFE,UNSAFE,0.8127631545066833,full_system,in_the_wild
/Users/ahooker/Documents/Dissertation/virtushield/final-datasets/in-the-wild-final-small/UNSAFE/0/frame_98.jpg,UNSAFE,UNSAFE,0.7233684062957764,full_system,in_the_wild
/Users/ahooker/Documents/Dissertation/virtushield/final-datasets/in-the-wild-final-small/UNSAFE/0/frame_980.jpg,UNSAFE,UNSAFE,0.8518353700637817,full_system,in_the_wild
/Users/ahooker/Documents/Dissertation/virtushield/final-datasets/in-the-wild-final-small/UNSAFE/0/frame_99.jpg,UNSAFE,UNSAFE,0.729218602180481,full_system,in_the_wild
/Users/ahooker/Documents/Dissertation/virtushield/final-datasets/in-the-wild-final-small/UNSAFE/0/frame_998.jpg,UNSAFE,UNSAFE,0.8995952606201172,full_system,in_the_wild
/Users/ahooker/Documents/Dissertation/virtushield/final-datasets/in-the-wild-final-small/UNSAFE/1/frame_1006.jpg,UNSAFE,UNSAFE,0.776083767414093,full_system,in_the_wild
/Users/ahooker/Documents/Dissertation/virtushield/final-datasets/in-the-wild-final-small/UNSAFE/1/frame_1007.jpg,UNSAFE,UNSAFE,0.774718165397644,full_system,in_the_wild
/Users/ahooker/Documents/Dissertation/virtushield/final-datasets/in-the-wild-final-small/UNSAFE/1/frame_101.jpg,UNSAFE,UNSAFE,0.8589826226234436,full_system,in_the_wild
/Users/ahooker/Documents/Dissertation/virtushield/final-datasets/in-the-wild-final-small/UNSAFE/1/frame_1017.jpg,UNSAFE,UNSAFE,0.8817155957221985,full_system,in_the_wild
/Users/ahooker/Documents/Dissertation/virtushield/final-datasets/in-the-wild-final-small/UNSAFE/1/frame_101__1.jpg,UNSAFE,SAFE,0.3914128839969635,full_system,in_the_wild
/Users/ahooker/Documents/Dissertation/virtushield/final-datasets/in-the-wild-final-small/UNSAFE/1/frame_102.jpg,UNSAFE,UNSAFE,0.7836004495620728,full_system,in_the_wild
/Users/ahooker/Documents/Dissertation/virtushield/final-datasets/in-the-wild-final-small/UNSAFE/1/frame_1028.jpg,UNSAFE,UNSAFE,0.9167152047157288,full_system,in_the_wild
/Users/ahooker/Documents/Dissertation/virtushield/final-datasets/in-the-wild-final-small/UNSAFE/1/frame_102__1.jpg,UNSAFE,UNSAFE,0.8355348706245422,full_system,in_the_wild
/Users/ahooker/Documents/Dissertation/virtushield/final-datasets/in-the-wild-final-small/UNSAFE/1/frame_103.jpg,UNSAFE,UNSAFE,0.8621721863746643,full_system,in_the_wild
/Users/ahooker/Documents/Dissertation/virtushield/final-datasets/in-the-wild-final-small/UNSAFE/1/frame_1032.jpg,UNSAFE,UNSAFE,0.9541612863540649,full_system,in_the_wild
/Users/ahooker/Documents/Dissertation/virtushield/final-datasets/in-the-wild-final-small/UNSAFE/1/frame_1038.jpg,UNSAFE,UNSAFE,0.8490174412727356,full_system,in_the_wild
/Users/ahooker/Documents/Dissertation/virtushield/final-datasets/in-the-wild-final-small/UNSAFE/1/frame_103__1.jpg,UNSAFE,UNSAFE,0.838217556476593,full_system,in_the_wild
/Users/ahooker/Documents/Dissertation/virtushield/final-datasets/in-the-wild-final-small/UNSAFE/1/frame_103__2.jpg,UNSAFE,UNSAFE,0.7515302896499634,full_system,in_the_wild
/Users/ahooker/Documents/Dissertation/virtushield/final-datasets/in-the-wild-final-small/UNSAFE/1/frame_104.jpg,UNSAFE,UNSAFE,0.7636197805404663,full_system,in_the_wild
/Users/ahooker/Documents/Dissertation/virtushield/final-datasets/in-the-wild-final-small/UNSAFE/1/frame_104__1.jpg,UNSAFE,UNSAFE,0.8105072379112244,full_system,in_the_wild
/Users/ahooker/Documents/Dissertation/virtushield/final-datasets/in-the-wild-final-small/UNSAFE/1/frame_104__2.jpg,UNSAFE,SAFE,0.37430277466773987,full_system,in_the_wild
/Users/ahooker/Documents/Dissertation/virtushield/final-datasets/in-the-wild-final-small/UNSAFE/1/frame_105.jpg,UNSAFE,UNSAFE,0.8743201494216919,full_system,in_the_wild
/Users/ahooker/Documents/Dissertation/virtushield/final-datasets/in-the-wild-final-small/UNSAFE/1/frame_105__1.jpg,UNSAFE,UNSAFE,0.8634983897209167,full_system,in_the_wild
/Users/ahooker/Documents/Dissertation/virtushield/final-datasets/in-the-wild-final-small/UNSAFE/1/frame_106.jpg,UNSAFE,UNSAFE,0.7676656246185303,full_system,in_the_wild
/Users/ahooker/Documents/Dissertation/virtushield/final-datasets/in-the-wild-final-small/UNSAFE/1/frame_106__1.jpg,UNSAFE,UNSAFE,0.7948161363601685,full_system,in_the_wild
/Users/ahooker/Documents/Dissertation/virtushield/final-datasets/in-the-wild-final-small/UNSAFE/1/frame_108.jpg,UNSAFE,UNSAFE,0.7954413890838623,full_system,in_the_wild
/Users/ahooker/Documents/Dissertation/virtushield/final-datasets/in-the-wild-final-small/UNSAFE/1/frame_109.jpg,UNSAFE,UNSAFE,0.8317589163780212,full_system,in_the_wild
/Users/ahooker/Documents/Dissertation/virtushield/final-datasets/in-the-wild-final-small/UNSAFE/1/frame_110.jpg,UNSAFE,UNSAFE,0.7847388386726379,full_system,in_the_wild
/Users/ahooker/Documents/Dissertation/virtushield/final-datasets/in-the-wild-final-small/UNSAFE/1/frame_111.jpg,UNSAFE,UNSAFE,0.7701587677001953,full_system,in_the_wild
/Users/ahooker/Documents/Dissertation/virtushield/final-datasets/in-the-wild-final-small/UNSAFE/1/frame_112.jpg,UNSAFE,UNSAFE,0.8469845652580261,full_system,in_the_wild
/Users/ahooker/Documents/Dissertation/virtushield/final-datasets/in-the-wild-final-small/UNSAFE/1/frame_112__1.jpg,UNSAFE,UNSAFE,0.7450821995735168,full_system,in_the_wild
/Users/ahooker/Documents/Dissertation/virtushield/final-datasets/in-the-wild-final-small/UNSAFE/1/frame_113.jpg,UNSAFE,UNSAFE,0.6016095876693726,full_system,in_the_wild
/Users/ahooker/Documents/Dissertation/virtushield/final-datasets/in-the-wild-final-small/UNSAFE/1/frame_114.jpg,UNSAFE,UNSAFE,0.7027791738510132,full_system,in_the_wild
/Users/ahooker/Documents/Dissertation/virtushield/final-datasets/in-the-wild-final-small/UNSAFE/1/frame_114__1.jpg,UNSAFE,UNSAFE,0.7970494031906128,full_system,in_the_wild
/Users/ahooker/Documents/Dissertation/virtushield/final-datasets/in-the-wild-final-small/UNSAFE/1/frame_116.jpg,UNSAFE,UNSAFE,0.8940070867538452,full_system,in_the_wild
/Users/ahooker/Documents/Dissertation/virtushield/final-datasets/in-the-wild-final-small/UNSAFE/1/frame_116__1.jpg,UNSAFE,UNSAFE,0.6497023701667786,full_system,in_the_wild
/Users/ahooker/Documents/Dissertation/virtushield/final-datasets/in-the-wild-final-small/UNSAFE/1/frame_116__2.jpg,UNSAFE,UNSAFE,0.7504358291625977,full_system,in_the_wild
/Users/ahooker/Documents/Dissertation/virtushield/final-datasets/in-the-wild-final-small/UNSAFE/1/frame_116__3.jpg,UNSAFE,UNSAFE,0.8904983997344971,full_system,in_the_wild
/Users/ahooker/Documents/Dissertation/virtushield/final-datasets/in-the-wild-final-small/UNSAFE/1/frame_116__4.jpg,UNSAFE,UNSAFE,0.7406883239746094,full_system,in_the_wild
/Users/ahooker/Documents/Dissertation/virtushield/final-datasets/in-the-wild-final-small/UNSAFE/1/frame_117.jpg,UNSAFE,UNSAFE,0.9259259700775146,full_system,in_the_wild
/Users/ahooker/Documents/Dissertation/virtushield/final-datasets/in-the-wild-final-small/UNSAFE/1/frame_118.jpg,UNSAFE,UNSAFE,0.8287950158119202,full_system,in_the_wild
/Users/ahooker/Documents/Dissertation/virtushield/final-datasets/in-the-wild-final-small/UNSAFE/1/frame_119.jpg,UNSAFE,UNSAFE,0.8411878347396851,full_system,in_the_wild
/Users/ahooker/Documents/Dissertation/virtushield/final-datasets/in-the-wild-final-small/UNSAFE/1/frame_12.jpg,UNSAFE,UNSAFE,0.5680466890335083,full_system,in_the_wild
/Users/ahooker/Documents/Dissertation/virtushield/final-datasets/in-the-wild-final-small/UNSAFE/1/frame_120.jpg,UNSAFE,UNSAFE,0.7683469653129578,full_system,in_the_wild
/Users/ahooker/Documents/Dissertation/virtushield/final-datasets/in-the-wild-final-small/UNSAFE/1/frame_121.jpg,UNSAFE,UNSAFE,0.7313464879989624,full_system,in_the_wild
/Users/ahooker/Documents/Dissertation/virtushield/final-datasets/in-the-wild-final-small/UNSAFE/1/frame_122.jpg,UNSAFE,UNSAFE,0.7933894991874695,full_system,in_the_wild
/Users/ahooker/Documents/Dissertation/virtushield/final-datasets/in-the-wild-final-small/UNSAFE/1/frame_123.jpg,UNSAFE,UNSAFE,0.7877383232116699,full_system,in_the_wild
/Users/ahooker/Documents/Dissertation/virtushield/final-datasets/in-the-wild-final-small/UNSAFE/1/frame_124.jpg,UNSAFE,UNSAFE,0.7248067855834961,full_system,in_the_wild
/Users/ahooker/Documents/Dissertation/virtushield/final-datasets/in-the-wild-final-small/UNSAFE/1/frame_124__1.jpg,UNSAFE,UNSAFE,0.7312681674957275,full_system,in_the_wild
/Users/ahooker/Documents/Dissertation/virtushield/final-datasets/in-the-wild-final-small/UNSAFE/1/frame_126.jpg,UNSAFE,UNSAFE,0.631644606590271,full_system,in_the_wild
/Users/ahooker/Documents/Dissertation/virtushield/final-datasets/in-the-wild-final-small/UNSAFE/1/frame_128.jpg,UNSAFE,UNSAFE,0.7881489396095276,full_system,in_the_wild
/Users/ahooker/Documents/Dissertation/virtushield/final-datasets/in-the-wild-final-small/UNSAFE/1/frame_128__1.jpg,UNSAFE,UNSAFE,0.931260347366333,full_system,in_the_wild
/Users/ahooker/Documents/Dissertation/virtushield/final-datasets/in-the-wild-final-small/UNSAFE/1/frame_128__2.jpg,UNSAFE,UNSAFE,0.733805775642395,full_system,in_the_wild
/Users/ahooker/Documents/Dissertation/virtushield/final-datasets/in-the-wild-final-small/UNSAFE/1/frame_129.jpg,UNSAFE,UNSAFE,0.6820204854011536,full_system,in_the_wild
/Users/ahooker/Documents/Dissertation/virtushield/final-datasets/in-the-wild-final-small/UNSAFE/1/frame_129__1.jpg,UNSAFE,UNSAFE,0.8382672071456909,full_system,in_the_wild
/Users/ahooker/Documents/Dissertation/virtushield/final-datasets/in-the-wild-final-small/UNSAFE/1/frame_130.jpg,UNSAFE,UNSAFE,0.8420366048812866,full_system,in_the_wild
/Users/ahooker/Documents/Dissertation/virtushield/final-datasets/in-the-wild-final-small/UNSAFE/1/frame_130__1.jpg,UNSAFE,UNSAFE,0.552758514881134,full_system,in_the_wild
/Users/ahooker/Documents/Dissertation/virtushield/final-datasets/in-the-wild-final-small/UNSAFE/1/frame_130__2.jpg,UNSAFE,UNSAFE,0.7499562501907349,full_system,in_the_wild
/Users/ahooker/Documents/Dissertation/virtushield/final-datasets/in-the-wild-final-small/UNSAFE/1/frame_132.jpg,UNSAFE,UNSAFE,0.880927562713623,full_system,in_the_wild
/Users/ahooker/Documents/Dissertation/virtushield/final-datasets/in-the-wild-final-small/UNSAFE/1/frame_133.jpg,UNSAFE,UNSAFE,0.7197751402854919,full_system,in_the_wild
/Users/ahooker/Documents/Dissertation/virtushield/final-datasets/in-the-wild-final-small/UNSAFE/1/frame_133__1.jpg,UNSAFE,UNSAFE,0.7033612728118896,full_system,in_the_wild
/Users/ahooker/Documents/Dissertation/virtushield/final-datasets/in-the-wild-final-small/UNSAFE/1/frame_134.jpg,UNSAFE,UNSAFE,0.7100539207458496,full_system,in_the_wild
/Users/ahooker/Documents/Dissertation/virtushield/final-datasets/in-the-wild-final-small/UNSAFE/1/frame_135.jpg,UNSAFE,UNSAFE,0.8580877780914307,full_system,in_the_wild
/Users/ahooker/Documents/Dissertation/virtushield/final-datasets/in-the-wild-final-small/UNSAFE/1/frame_136.jpg,UNSAFE,UNSAFE,0.5987416505813599,full_system,in_the_wild
/Users/ahooker/Documents/Dissertation/virtushield/final-datasets/in-the-wild-final-small/UNSAFE/1/frame_136__1.jpg,UNSAFE,UNSAFE,0.7822887897491455,full_system,in_the_wild
/Users/ahooker/Documents/Dissertation/virtushield/final-datasets/in-the-wild-final-small/UNSAFE/1/frame_137.jpg,UNSAFE,UNSAFE,0.7896439433097839,full_system,in_the_wild
/Users/ahooker/Documents/Dissertation/virtushield/final-datasets/in-the-wild-final-small/UNSAFE/1/frame_137__1.jpg,UNSAFE,UNSAFE,0.8432139754295349,full_system,in_the_wild
/Users/ahooker/Documents/Dissertation/virtushield/final-datasets/in-the-wild-final-small/UNSAFE/1/frame_138.jpg,UNSAFE,UNSAFE,0.7522799968719482,full_system,in_the_wild
/Users/ahooker/Documents/Dissertation/virtushield/final-datasets/in-the-wild-final-small/UNSAFE/1/frame_139.jpg,UNSAFE,UNSAFE,0.7402191162109375,full_system,in_the_wild
/Users/ahooker/Documents/Dissertation/virtushield/final-datasets/in-the-wild-final-small/UNSAFE/1/frame_139__1.jpg,UNSAFE,UNSAFE,0.8753641843795776,full_system,in_the_wild
/Users/ahooker/Documents/Dissertation/virtushield/final-datasets/in-the-wild-final-small/UNSAFE/1/frame_14.jpg,UNSAFE,UNSAFE,0.7080281376838684,full_system,in_the_wild
/Users/ahooker/Documents/Dissertation/virtushield/final-datasets/in-the-wild-final-small/UNSAFE/1/frame_140.jpg,UNSAFE,UNSAFE,0.7457748055458069,full_system,in_the_wild
/Users/ahooker/Documents/Dissertation/virtushield/final-datasets/in-the-wild-final-small/UNSAFE/1/frame_145.jpg,UNSAFE,UNSAFE,0.7038962244987488,full_system,in_the_wild
/Users/ahooker/Documents/Dissertation/virtushield/final-datasets/in-the-wild-final-small/UNSAFE/1/frame_146.jpg,UNSAFE,UNSAFE,0.731684684753418,full_system,in_the_wild
/Users/ahooker/Documents/Dissertation/virtushield/final-datasets/in-the-wild-final-small/UNSAFE/1/frame_146__1.jpg,UNSAFE,UNSAFE,0.7788095474243164,full_system,in_the_wild
/Users/ahooker/Documents/Dissertation/virtushield/final-datasets/in-the-wild-final-small/UNSAFE/1/frame_147.jpg,UNSAFE,UNSAFE,0.7085565328598022,full_system,in_the_wild
/Users/ahooker/Documents/Dissertation/virtushield/final-datasets/in-the-wild-final-small/UNSAFE/1/frame_147__1.jpg,UNSAFE,UNSAFE,0.8393979072570801,full_system,in_the_wild
/Users/ahooker/Documents/Dissertation/virtushield/final-datasets/in-the-wild-final-small/UNSAFE/1/frame_148.jpg,UNSAFE,UNSAFE,0.7621536254882812,full_system,in_the_wild
/Users/ahooker/Documents/Dissertation/virtushield/final-datasets/in-the-wild-final-small/UNSAFE/1/frame_148__1.jpg,UNSAFE,UNSAFE,0.750880777835846,full_system,in_the_wild
/Users/ahooker/Documents/Dissertation/virtushield/final-datasets/in-the-wild-final-small/UNSAFE/1/frame_149.jpg,UNSAFE,UNSAFE,0.7634451389312744,full_system,in_the_wild
/Users/ahooker/Documents/Dissertation/virtushield/final-datasets/in-the-wild-final-small/UNSAFE/1/frame_151.jpg,UNSAFE,UNSAFE,0.7023681998252869,full_system,in_the_wild
/Users/ahooker/Documents/Dissertation/virtushield/final-datasets/in-the-wild-final-small/UNSAFE/1/frame_151__1.jpg,UNSAFE,UNSAFE,0.8506870269775391,full_system,in_the_wild
/Users/ahooker/Documents/Dissertation/virtushield/final-datasets/in-the-wild-final-small/UNSAFE/1/frame_151__2.jpg,UNSAFE,UNSAFE,0.9713566899299622,full_system,in_the_wild
/Users/ahooker/Documents/Dissertation/virtushield/final-datasets/in-the-wild-final-small/UNSAFE/1/frame_152.jpg,UNSAFE,UNSAFE,0.6694563031196594,full_system,in_the_wild
/Users/ahooker/Documents/Dissertation/virtushield/final-datasets/in-the-wild-final-small/UNSAFE/1/frame_152__1.jpg,UNSAFE,UNSAFE,0.8145908117294312,full_system,in_the_wild
/Users/ahooker/Documents/Dissertation/virtushield/final-datasets/in-the-wild-final-small/UNSAFE/1/frame_153.jpg,UNSAFE,UNSAFE,0.8169053196907043,full_system,in_the_wild
/Users/ahooker/Documents/Dissertation/virtushield/final-datasets/in-the-wild-final-small/UNSAFE/1/frame_153__1.jpg,UNSAFE,UNSAFE,0.9455374479293823,full_system,in_the_wild
/Users/ahooker/Documents/Dissertation/virtushield/final-datasets/in-the-wild-final-small/UNSAFE/1/frame_154.jpg,UNSAFE,UNSAFE,0.9349067807197571,full_system,in_the_wild
/Users/ahooker/Documents/Dissertation/virtushield/final-datasets/in-the-wild-final-small/UNSAFE/1/frame_155.jpg,UNSAFE,UNSAFE,0.7801277041435242,full_system,in_the_wild
/Users/ahooker/Documents/Dissertation/virtushield/final-datasets/in-the-wild-final-small/UNSAFE/1/frame_155__1.jpg,UNSAFE,UNSAFE,0.9421154260635376,full_system,in_the_wild
/Users/ahooker/Documents/Dissertation/virtushield/final-datasets/in-the-wild-final-small/UNSAFE/1/frame_157.jpg,UNSAFE,UNSAFE,0.8557447195053101,full_system,in_the_wild
/Users/ahooker/Documents/Dissertation/virtushield/final-datasets/in-the-wild-final-small/UNSAFE/1/frame_158.jpg,UNSAFE,UNSAFE,0.5957928895950317,full_system,in_the_wild
/Users/ahooker/Documents/Dissertation/virtushield/final-datasets/in-the-wild-final-small/UNSAFE/1/frame_158__1.jpg,UNSAFE,UNSAFE,0.9195446968078613,full_system,in_the_wild
/Users/ahooker/Documents/Dissertation/virtushield/final-datasets/in-the-wild-final-small/UNSAFE/1/frame_159.jpg,UNSAFE,UNSAFE,0.9512768983840942,full_system,in_the_wild
/Users/ahooker/Documents/Dissertation/virtushield/final-datasets/in-the-wild-final-small/UNSAFE/1/frame_159__1.jpg,UNSAFE,UNSAFE,0.7791935801506042,full_system,in_the_wild
/Users/ahooker/Documents/Dissertation/virtushield/final-datasets/in-the-wild-final-small/UNSAFE/1/frame_16.jpg,UNSAFE,UNSAFE,0.7334656119346619,full_system,in_the_wild
/Users/ahooker/Documents/Dissertation/virtushield/final-datasets/in-the-wild-final-small/UNSAFE/1/frame_161.jpg,UNSAFE,UNSAFE,0.7815092206001282,full_system,in_the_wild
/Users/ahooker/Documents/Dissertation/virtushield/final-datasets/in-the-wild-final-small/UNSAFE/1/frame_162.jpg,UNSAFE,UNSAFE,0.7293680906295776,full_system,in_the_wild
/Users/ahooker/Documents/Dissertation/virtushield/final-datasets/in-the-wild-final-small/UNSAFE/1/frame_163.jpg,UNSAFE,UNSAFE,0.7031397819519043,full_system,in_the_wild
/Users/ahooker/Documents/Dissertation/virtushield/final-datasets/in-the-wild-final-small/UNSAFE/1/frame_164.jpg,UNSAFE,UNSAFE,0.7088974118232727,full_system,in_the_wild
/Users/ahooker/Documents/Dissertation/virtushield/final-datasets/in-the-wild-final-small/UNSAFE/1/frame_164__1.jpg,UNSAFE,UNSAFE,0.8580844402313232,full_system,in_the_wild
/Users/ahooker/Documents/Dissertation/virtushield/final-datasets/in-the-wild-final-small/UNSAFE/1/frame_165.jpg,UNSAFE,UNSAFE,0.7413145303726196,full_system,in_the_wild
/Users/ahooker/Documents/Dissertation/virtushield/final-datasets/in-the-wild-final-small/UNSAFE/1/frame_165__1.jpg,UNSAFE,UNSAFE,0.832243800163269,full_system,in_the_wild
/Users/ahooker/Documents/Dissertation/virtushield/final-datasets/in-the-wild-final-small/UNSAFE/1/frame_168.jpg,UNSAFE,UNSAFE,0.8552137017250061,full_system,in_the_wild
/Users/ahooker/Documents/Dissertation/virtushield/final-datasets/in-the-wild-final-small/UNSAFE/1/frame_169.jpg,UNSAFE,UNSAFE,0.7794980406761169,full_system,in_the_wild
/Users/ahooker/Documents/Dissertation/virtushield/final-datasets/in-the-wild-final-small/UNSAFE/1/frame_170.jpg,UNSAFE,UNSAFE,0.795540452003479,full_system,in_the_wild
/Users/ahooker/Documents/Dissertation/virtushield/final-datasets/in-the-wild-final-small/UNSAFE/1/frame_171.jpg,UNSAFE,UNSAFE,0.7016236186027527,full_system,in_the_wild
/Users/ahooker/Documents/Dissertation/virtushield/final-datasets/in-the-wild-final-small/UNSAFE/1/frame_171__1.jpg,UNSAFE,UNSAFE,0.8482729196548462,full_system,in_the_wild
/Users/ahooker/Documents/Dissertation/virtushield/final-datasets/in-the-wild-final-small/UNSAFE/1/frame_172.jpg,UNSAFE,UNSAFE,0.7451872825622559,full_system,in_the_wild
/Users/ahooker/Documents/Dissertation/virtushield/final-datasets/in-the-wild-final-small/UNSAFE/1/frame_174.jpg,UNSAFE,UNSAFE,0.8306549787521362,full_system,in_the_wild
/Users/ahooker/Documents/Dissertation/virtushield/final-datasets/in-the-wild-final-small/UNSAFE/1/frame_175.jpg,UNSAFE,UNSAFE,0.7403696775436401,full_system,in_the_wild
/Users/ahooker/Documents/Dissertation/virtushield/final-datasets/in-the-wild-final-small/UNSAFE/1/frame_177.jpg,UNSAFE,UNSAFE,0.7271069884300232,full_system,in_the_wild
/Users/ahooker/Documents/Dissertation/virtushield/final-datasets/in-the-wild-final-small/UNSAFE/1/frame_177__1.jpg,UNSAFE,UNSAFE,0.7032761573791504,full_system,in_the_wild
/Users/ahooker/Documents/Dissertation/virtushield/final-datasets/in-the-wild-final-small/UNSAFE/1/frame_178.jpg,UNSAFE,SAFE,0.29965347051620483,full_system,in_the_wild
/Users/ahooker/Documents/Dissertation/virtushield/final-datasets/in-the-wild-final-small/UNSAFE/1/frame_179.jpg,UNSAFE,UNSAFE,0.7968944907188416,full_system,in_the_wild
/Users/ahooker/Documents/Dissertation/virtushield/final-datasets/in-the-wild-final-small/UNSAFE/1/frame_180.jpg,UNSAFE,UNSAFE,0.9000993967056274,full_system,in_the_wild
/Users/ahooker/Documents/Dissertation/virtushield/final-datasets/in-the-wild-final-small/UNSAFE/1/frame_180__1.jpg,UNSAFE,UNSAFE,0.7150067687034607,full_system,in_the_wild
/Users/ahooker/Documents/Dissertation/virtushield/final-datasets/in-the-wild-final-small/UNSAFE/1/frame_181.jpg,UNSAFE,UNSAFE,0.718255877494812,full_system,in_the_wild
/Users/ahooker/Documents/Dissertation/virtushield/final-datasets/in-the-wild-final-small/UNSAFE/1/frame_181__1.jpg,UNSAFE,UNSAFE,0.9032106995582581,full_system,in_the_wild
/Users/ahooker/Documents/Dissertation/virtushield/final-datasets/in-the-wild-final-small/UNSAFE/1/frame_184.jpg,UNSAFE,UNSAFE,0.7334581613540649,full_system,in_the_wild
/Users/ahooker/Documents/Dissertation/virtushield/final-datasets/in-the-wild-final-small/UNSAFE/1/frame_184__1.jpg,UNSAFE,UNSAFE,0.7922404408454895,full_system,in_the_wild
/Users/ahooker/Documents/Dissertation/virtushield/final-datasets/in-the-wild-final-small/UNSAFE/1/frame_184__2.jpg,UNSAFE,UNSAFE,0.7922404408454895,full_system,in_the_wild
/Users/ahooker/Documents/Dissertation/virtushield/final-datasets/in-the-wild-final-small/UNSAFE/1/frame_185.jpg,UNSAFE,UNSAFE,0.7138665318489075,full_system,in_the_wild
/Users/ahooker/Documents/Dissertation/virtushield/final-datasets/in-the-wild-final-small/UNSAFE/1/frame_189.jpg,UNSAFE,UNSAFE,0.6943812370300293,full_system,in_the_wild
/Users/ahooker/Documents/Dissertation/virtushield/final-datasets/in-the-wild-final-small/UNSAFE/1/frame_191.jpg,UNSAFE,UNSAFE,0.6325125694274902,full_system,in_the_wild
/Users/ahooker/Documents/Dissertation/virtushield/final-datasets/in-the-wild-final-small/UNSAFE/1/frame_192.jpg,UNSAFE,UNSAFE,0.6097182631492615,full_system,in_the_wild
/Users/ahooker/Documents/Dissertation/virtushield/final-datasets/in-the-wild-final-small/UNSAFE/1/frame_196.jpg,UNSAFE,UNSAFE,0.7651042342185974,full_system,in_the_wild
/Users/ahooker/Documents/Dissertation/virtushield/final-datasets/in-the-wild-final-small/UNSAFE/1/frame_199.jpg,UNSAFE,UNSAFE,0.7440207600593567,full_system,in_the_wild
/Users/ahooker/Documents/Dissertation/virtushield/final-datasets/in-the-wild-final-small/UNSAFE/1/frame_20.jpg,UNSAFE,UNSAFE,0.7702272534370422,full_system,in_the_wild
/Users/ahooker/Documents/Dissertation/virtushield/final-datasets/in-the-wild-final-small/UNSAFE/1/frame_200.jpg,UNSAFE,UNSAFE,0.7458596229553223,full_system,in_the_wild
/Users/ahooker/Documents/Dissertation/virtushield/final-datasets/in-the-wild-final-small/UNSAFE/1/frame_201.jpg,UNSAFE,UNSAFE,0.6185722351074219,full_system,in_the_wild
/Users/ahooker/Documents/Dissertation/virtushield/final-datasets/in-the-wild-final-small/UNSAFE/1/frame_201__1.jpg,UNSAFE,UNSAFE,0.8328802585601807,full_system,in_the_wild
/Users/ahooker/Documents/Dissertation/virtushield/final-datasets/in-the-wild-final-small/UNSAFE/1/frame_202.jpg,UNSAFE,UNSAFE,0.7165488004684448,full_system,in_the_wild
/Users/ahooker/Documents/Dissertation/virtushield/final-datasets/in-the-wild-final-small/UNSAFE/1/frame_203.jpg,UNSAFE,UNSAFE,0.7042527198791504,full_system,in_the_wild
/Users/ahooker/Documents/Dissertation/virtushield/final-datasets/in-the-wild-final-small/UNSAFE/1/frame_204.jpg,UNSAFE,UNSAFE,0.885117769241333,full_system,in_the_wild
/Users/ahooker/Documents/Dissertation/virtushield/final-datasets/in-the-wild-final-small/UNSAFE/1/frame_205.jpg,UNSAFE,UNSAFE,0.8838373422622681,full_system,in_the_wild
/Users/ahooker/Documents/Dissertation/virtushield/final-datasets/in-the-wild-final-small/UNSAFE/1/frame_205__1.jpg,UNSAFE,UNSAFE,0.9424241781234741,full_system,in_the_wild
/Users/ahooker/Documents/Dissertation/virtushield/final-datasets/in-the-wild-final-small/UNSAFE/1/frame_205__2.jpg,UNSAFE,UNSAFE,0.8891357183456421,full_system,in_the_wild
/Users/ahooker/Documents/Dissertation/virtushield/final-datasets/in-the-wild-final-small/UNSAFE/1/frame_207.jpg,UNSAFE,UNSAFE,0.7992662191390991,full_system,in_the_wild
/Users/ahooker/Documents/Dissertation/virtushield/final-datasets/in-the-wild-final-small/UNSAFE/1/frame_207__1.jpg,UNSAFE,UNSAFE,0.8362517952919006,full_system,in_the_wild
/Users/ahooker/Documents/Dissertation/virtushield/final-datasets/in-the-wild-final-small/UNSAFE/1/frame_208.jpg,UNSAFE,UNSAFE,0.8605180382728577,full_system,in_the_wild
/Users/ahooker/Documents/Dissertation/virtushield/final-datasets/in-the-wild-final-small/UNSAFE/1/frame_208__1.jpg,UNSAFE,UNSAFE,0.8092418313026428,full_system,in_the_wild
/Users/ahooker/Documents/Dissertation/virtushield/final-datasets/in-the-wild-final-small/UNSAFE/1/frame_208__2.jpg,UNSAFE,UNSAFE,0.7658807635307312,full_system,in_the_wild
/Users/ahooker/Documents/Dissertation/virtushield/final-datasets/in-the-wild-final-small/UNSAFE/1/frame_208__3.jpg,UNSAFE,UNSAFE,0.8930754065513611,full_system,in_the_wild
/Users/ahooker/Documents/Dissertation/virtushield/final-datasets/in-the-wild-final-small/UNSAFE/1/frame_209.jpg,UNSAFE,UNSAFE,0.795147716999054,full_system,in_the_wild
/Users/ahooker/Documents/Dissertation/virtushield/final-datasets/in-the-wild-final-small/UNSAFE/1/frame_209__1.jpg,UNSAFE,UNSAFE,0.8820450305938721,full_system,in_the_wild
/Users/ahooker/Documents/Dissertation/virtushield/final-datasets/in-the-wild-final-small/UNSAFE/1/frame_20__1.jpg,UNSAFE,UNSAFE,0.7544528245925903,full_system,in_the_wild
/Users/ahooker/Documents/Dissertation/virtushield/final-datasets/in-the-wild-final-small/UNSAFE/1/frame_21.jpg,UNSAFE,UNSAFE,0.6783719658851624,full_system,in_the_wild
/Users/ahooker/Documents/Dissertation/virtushield/final-datasets/in-the-wild-final-small/UNSAFE/1/frame_210.jpg,UNSAFE,SAFE,0.4855581521987915,full_system,in_the_wild
/Users/ahooker/Documents/Dissertation/virtushield/final-datasets/in-the-wild-final-small/UNSAFE/1/frame_210__1.jpg,UNSAFE,UNSAFE,0.859620988368988,full_system,in_the_wild
/Users/ahooker/Documents/Dissertation/virtushield/final-datasets/in-the-wild-final-small/UNSAFE/1/frame_215.jpg,UNSAFE,UNSAFE,0.7650116086006165,full_system,in_the_wild
/Users/ahooker/Documents/Dissertation/virtushield/final-datasets/in-the-wild-final-small/UNSAFE/1/frame_215__1.jpg,UNSAFE,UNSAFE,0.8053488731384277,full_system,in_the_wild
/Users/ahooker/Documents/Dissertation/virtushield/final-datasets/in-the-wild-final-small/UNSAFE/1/frame_217.jpg,UNSAFE,UNSAFE,0.7468085885047913,full_system,in_the_wild
/Users/ahooker/Documents/Dissertation/virtushield/final-datasets/in-the-wild-final-small/UNSAFE/1/frame_219.jpg,UNSAFE,UNSAFE,0.7731136679649353,full_system,in_the_wild
/Users/ahooker/Documents/Dissertation/virtushield/final-datasets/in-the-wild-final-small/UNSAFE/1/frame_219__1.jpg,UNSAFE,UNSAFE,0.7731136679649353,full_system,in_the_wild
/Users/ahooker/Documents/Dissertation/virtushield/final-datasets/in-the-wild-final-small/UNSAFE/1/frame_22.jpg,UNSAFE,UNSAFE,0.8204497694969177,full_system,in_the_wild
/Users/ahooker/Documents/Dissertation/virtushield/final-datasets/in-the-wild-final-small/UNSAFE/1/frame_222.jpg,UNSAFE,UNSAFE,0.9113128185272217,full_system,in_the_wild
/Users/ahooker/Documents/Dissertation/virtushield/final-datasets/in-the-wild-final-small/UNSAFE/1/frame_222__1.jpg,UNSAFE,UNSAFE,0.8320956826210022,full_system,in_the_wild
/Users/ahooker/Documents/Dissertation/virtushield/final-datasets/in-the-wild-final-small/UNSAFE/1/frame_223.jpg,UNSAFE,UNSAFE,0.8389500379562378,full_system,in_the_wild
/Users/ahooker/Documents/Dissertation/virtushield/final-datasets/in-the-wild-final-small/UNSAFE/1/frame_227.jpg,UNSAFE,UNSAFE,0.7953611612319946,full_system,in_the_wild
/Users/ahooker/Documents/Dissertation/virtushield/final-datasets/in-the-wild-final-small/UNSAFE/1/frame_229.jpg,UNSAFE,UNSAFE,0.8322854042053223,full_system,in_the_wild
/Users/ahooker/Documents/Dissertation/virtushield/final-datasets/in-the-wild-final-small/UNSAFE/1/frame_230.jpg,UNSAFE,UNSAFE,0.8055727481842041,full_system,in_the_wild
/Users/ahooker/Documents/Dissertation/virtushield/final-datasets/in-the-wild-final-small/UNSAFE/1/frame_231.jpg,UNSAFE,UNSAFE,0.8903928995132446,full_system,in_the_wild
/Users/ahooker/Documents/Dissertation/virtushield/final-datasets/in-the-wild-final-small/UNSAFE/1/frame_232.jpg,UNSAFE,SAFE,0.3843443989753723,full_system,in_the_wild
/Users/ahooker/Documents/Dissertation/virtushield/final-datasets/in-the-wild-final-small/UNSAFE/1/frame_232__1.jpg,UNSAFE,UNSAFE,0.7703320384025574,full_system,in_the_wild
/Users/ahooker/Documents/Dissertation/virtushield/final-datasets/in-the-wild-final-small/UNSAFE/1/frame_234.jpg,UNSAFE,UNSAFE,0.7393808960914612,full_system,in_the_wild
/Users/ahooker/Documents/Dissertation/virtushield/final-datasets/in-the-wild-final-small/UNSAFE/1/frame_235.jpg,UNSAFE,UNSAFE,0.778571367263794,full_system,in_the_wild
/Users/ahooker/Documents/Dissertation/virtushield/final-datasets/in-the-wild-final-small/UNSAFE/1/frame_236.jpg,UNSAFE,UNSAFE,0.8548789024353027,full_system,in_the_wild
/Users/ahooker/Documents/Dissertation/virtushield/final-datasets/in-the-wild-final-small/UNSAFE/1/frame_238.jpg,UNSAFE,UNSAFE,0.8028132915496826,full_system,in_the_wild
/Users/ahooker/Documents/Dissertation/virtushield/final-datasets/in-the-wild-final-small/UNSAFE/1/frame_238__1.jpg,UNSAFE,UNSAFE,0.8988867402076721,full_system,in_the_wild
/Users/ahooker/Documents/Dissertation/virtushield/final-datasets/in-the-wild-final-small/UNSAFE/1/frame_239.jpg,UNSAFE,SAFE,0.49550509452819824,full_system,in_the_wild
/Users/ahooker/Documents/Dissertation/virtushield/final-datasets/in-the-wild-final-small/UNSAFE/1/frame_24.jpg,UNSAFE,SAFE,0.3939105272293091,full_system,in_the_wild
/Users/ahooker/Documents/Dissertation/virtushield/final-datasets/in-the-wild-final-small/UNSAFE/1/frame_240.jpg,UNSAFE,UNSAFE,0.7730306386947632,full_system,in_the_wild
/Users/ahooker/Documents/Dissertation/virtushield/final-datasets/in-the-wild-final-small/UNSAFE/1/frame_244.jpg,UNSAFE,UNSAFE,0.7555937170982361,full_system,in_the_wild
/Users/ahooker/Documents/Dissertation/virtushield/final-datasets/in-the-wild-final-small/UNSAFE/1/frame_245.jpg,UNSAFE,UNSAFE,0.9316391348838806,full_system,in_the_wild
/Users/ahooker/Documents/Dissertation/virtushield/final-datasets/in-the-wild-final-small/UNSAFE/1/frame_246.jpg,UNSAFE,UNSAFE,0.7662748694419861,full_system,in_the_wild
/Users/ahooker/Documents/Dissertation/virtushield/final-datasets/in-the-wild-final-small/UNSAFE/1/frame_248.jpg,UNSAFE,UNSAFE,0.9372395277023315,full_system,in_the_wild
/Users/ahooker/Documents/Dissertation/virtushield/final-datasets/in-the-wild-final-small/UNSAFE/1/frame_248__1.jpg,UNSAFE,UNSAFE,0.7920486927032471,full_system,in_the_wild
/Users/ahooker/Documents/Dissertation/virtushield/final-datasets/in-the-wild-final-small/UNSAFE/1/frame_250.jpg,UNSAFE,UNSAFE,0.8268043994903564,full_system,in_the_wild
/Users/ahooker/Documents/Dissertation/virtushield/final-datasets/in-the-wild-final-small/UNSAFE/1/frame_253.jpg,UNSAFE,UNSAFE,0.806572437286377,full_system,in_the_wild
/Users/ahooker/Documents/Dissertation/virtushield/final-datasets/in-the-wild-final-small/UNSAFE/1/frame_254.jpg,UNSAFE,UNSAFE,0.8054690361022949,full_system,in_the_wild
/Users/ahooker/Documents/Dissertation/virtushield/final-datasets/in-the-wild-final-small/UNSAFE/1/frame_254__1.jpg,UNSAFE,UNSAFE,0.7981022596359253,full_system,in_the_wild
/Users/ahooker/Documents/Dissertation/virtushield/final-datasets/in-the-wild-final-small/UNSAFE/1/frame_254__2.jpg,UNSAFE,UNSAFE,0.8054690361022949,full_system,in_the_wild
/Users/ahooker/Documents/Dissertation/virtushield/final-datasets/in-the-wild-final-small/UNSAFE/1/frame_255.jpg,UNSAFE,UNSAFE,0.9598716497421265,full_system,in_the_wild
/Users/ahooker/Documents/Dissertation/virtushield/final-datasets/in-the-wild-final-small/UNSAFE/1/frame_261.jpg,UNSAFE,UNSAFE,0.7988166213035583,full_system,in_the_wild
/Users/ahooker/Documents/Dissertation/virtushield/final-datasets/in-the-wild-final-small/UNSAFE/1/frame_262.jpg,UNSAFE,UNSAFE,0.8668342232704163,full_system,in_the_wild
/Users/ahooker/Documents/Dissertation/virtushield/final-datasets/in-the-wild-final-small/UNSAFE/1/frame_263.jpg,UNSAFE,UNSAFE,0.9130942821502686,full_system,in_the_wild
/Users/ahooker/Documents/Dissertation/virtushield/final-datasets/in-the-wild-final-small/UNSAFE/1/frame_263__1.jpg,UNSAFE,UNSAFE,0.7176627516746521,full_system,in_the_wild
/Users/ahooker/Documents/Dissertation/virtushield/final-datasets/in-the-wild-final-small/UNSAFE/1/frame_264.jpg,UNSAFE,UNSAFE,0.755471408367157,full_system,in_the_wild
/Users/ahooker/Documents/Dissertation/virtushield/final-datasets/in-the-wild-final-small/UNSAFE/1/frame_266.jpg,UNSAFE,UNSAFE,0.8465616106987,full_system,in_the_wild
/Users/ahooker/Documents/Dissertation/virtushield/final-datasets/in-the-wild-final-small/UNSAFE/1/frame_268.jpg,UNSAFE,UNSAFE,0.7969571352005005,full_system,in_the_wild
/Users/ahooker/Documents/Dissertation/virtushield/final-datasets/in-the-wild-final-small/UNSAFE/1/frame_272.jpg,UNSAFE,UNSAFE,0.8776927590370178,full_system,in_the_wild
/Users/ahooker/Documents/Dissertation/virtushield/final-datasets/in-the-wild-final-small/UNSAFE/1/frame_273.jpg,UNSAFE,UNSAFE,0.7576949596405029,full_system,in_the_wild
/Users/ahooker/Documents/Dissertation/virtushield/final-datasets/in-the-wild-final-small/UNSAFE/1/frame_274.jpg,UNSAFE,UNSAFE,0.9130901098251343,full_system,in_the_wild
/Users/ahooker/Documents/Dissertation/virtushield/final-datasets/in-the-wild-final-small/UNSAFE/1/frame_274__1.jpg,UNSAFE,UNSAFE,0.8280539512634277,full_system,in_the_wild
/Users/ahooker/Documents/Dissertation/virtushield/final-datasets/in-the-wild-final-small/UNSAFE/1/frame_275.jpg,UNSAFE,UNSAFE,0.7931652665138245,full_system,in_the_wild
/Users/ahooker/Documents/Dissertation/virtushield/final-datasets/in-the-wild-final-small/UNSAFE/1/frame_276.jpg,UNSAFE,UNSAFE,0.7913615107536316,full_system,in_the_wild
/Users/ahooker/Documents/Dissertation/virtushield/final-datasets/in-the-wild-final-small/UNSAFE/1/frame_276__1.jpg,UNSAFE,UNSAFE,0.9078837633132935,full_system,in_the_wild
/Users/ahooker/Documents/Dissertation/virtushield/final-datasets/in-the-wild-final-small/UNSAFE/1/frame_276__2.jpg,UNSAFE,UNSAFE,0.8113453984260559,full_system,in_the_wild
/Users/ahooker/Documents/Dissertation/virtushield/final-datasets/in-the-wild-final-small/UNSAFE/1/frame_278.jpg,UNSAFE,UNSAFE,0.906371533870697,full_system,in_the_wild
/Users/ahooker/Documents/Dissertation/virtushield/final-datasets/in-the-wild-final-small/UNSAFE/1/frame_279.jpg,UNSAFE,UNSAFE,0.8153260946273804,full_system,in_the_wild
/Users/ahooker/Documents/Dissertation/virtushield/final-datasets/in-the-wild-final-small/UNSAFE/1/frame_28.jpg,UNSAFE,UNSAFE,0.8077148795127869,full_system,in_the_wild
/Users/ahooker/Documents/Dissertation/virtushield/final-datasets/in-the-wild-final-small/UNSAFE/1/frame_281.jpg,UNSAFE,UNSAFE,0.8578839302062988,full_system,in_the_wild
/Users/ahooker/Documents/Dissertation/virtushield/final-datasets/in-the-wild-final-small/UNSAFE/1/frame_281__1.jpg,UNSAFE,UNSAFE,0.8077380657196045,full_system,in_the_wild
/Users/ahooker/Documents/Dissertation/virtushield/final-datasets/in-the-wild-final-small/UNSAFE/1/frame_282.jpg,UNSAFE,UNSAFE,0.7765392065048218,full_system,in_the_wild
/Users/ahooker/Documents/Dissertation/virtushield/final-datasets/in-the-wild-final-small/UNSAFE/1/frame_286.jpg,UNSAFE,UNSAFE,0.8251861333847046,full_system,in_the_wild
/Users/ahooker/Documents/Dissertation/virtushield/final-datasets/in-the-wild-final-small/UNSAFE/1/frame_286__1.jpg,UNSAFE,UNSAFE,0.7818555235862732,full_system,in_the_wild
/Users/ahooker/Documents/Dissertation/virtushield/final-datasets/in-the-wild-final-small/UNSAFE/1/frame_287.jpg,UNSAFE,UNSAFE,0.923532247543335,full_system,in_the_wild
/Users/ahooker/Documents/Dissertation/virtushield/final-datasets/in-the-wild-final-small/UNSAFE/1/frame_288.jpg,UNSAFE,UNSAFE,0.7882035970687866,full_system,in_the_wild
/Users/ahooker/Documents/Dissertation/virtushield/final-datasets/in-the-wild-final-small/UNSAFE/1/frame_288__1.jpg,UNSAFE,UNSAFE,0.8343591690063477,full_system,in_the_wild
/Users/ahooker/Documents/Dissertation/virtushield/final-datasets/in-the-wild-final-small/UNSAFE/1/frame_289.jpg,UNSAFE,UNSAFE,0.7750673294067383,full_system,in_the_wild
/Users/ahooker/Documents/Dissertation/virtushield/final-datasets/in-the-wild-final-small/UNSAFE/1/frame_289__1.jpg,UNSAFE,UNSAFE,0.7625622153282166,full_system,in_the_wild
/Users/ahooker/Documents/Dissertation/virtushield/final-datasets/in-the-wild-final-small/UNSAFE/1/frame_28__1.jpg,UNSAFE,UNSAFE,0.9122491478919983,full_system,in_the_wild
/Users/ahooker/Documents/Dissertation/virtushield/final-datasets/in-the-wild-final-small/UNSAFE/1/frame_290.jpg,UNSAFE,UNSAFE,0.8398085832595825,full_system,in_the_wild
/Users/ahooker/Documents/Dissertation/virtushield/final-datasets/in-the-wild-final-small/UNSAFE/1/frame_290__1.jpg,UNSAFE,UNSAFE,0.8638599514961243,full_system,in_the_wild
/Users/ahooker/Documents/Dissertation/virtushield/final-datasets/in-the-wild-final-small/UNSAFE/1/frame_291.jpg,UNSAFE,UNSAFE,0.844496488571167,full_system,in_the_wild
/Users/ahooker/Documents/Dissertation/virtushield/final-datasets/in-the-wild-final-small/UNSAFE/1/frame_292.jpg,UNSAFE,UNSAFE,0.7411613464355469,full_system,in_the_wild
/Users/ahooker/Documents/Dissertation/virtushield/final-datasets/in-the-wild-final-small/UNSAFE/1/frame_293.jpg,UNSAFE,UNSAFE,0.6778315305709839,full_system,in_the_wild
/Users/ahooker/Documents/Dissertation/virtushield/final-datasets/in-the-wild-final-small/UNSAFE/1/frame_294.jpg,UNSAFE,UNSAFE,0.8224602937698364,full_system,in_the_wild
/Users/ahooker/Documents/Dissertation/virtushield/final-datasets/in-the-wild-final-small/UNSAFE/1/frame_294__1.jpg,UNSAFE,UNSAFE,0.7807012796401978,full_system,in_the_wild
/Users/ahooker/Documents/Dissertation/virtushield/final-datasets/in-the-wild-final-small/UNSAFE/1/frame_296.jpg,UNSAFE,UNSAFE,0.903545618057251,full_system,in_the_wild
/Users/ahooker/Documents/Dissertation/virtushield/final-datasets/in-the-wild-final-small/UNSAFE/1/frame_297.jpg,UNSAFE,UNSAFE,0.8154948949813843,full_system,in_the_wild
/Users/ahooker/Documents/Dissertation/virtushield/final-datasets/in-the-wild-final-small/UNSAFE/1/frame_298.jpg,UNSAFE,UNSAFE,0.7223435640335083,full_system,in_the_wild
/Users/ahooker/Documents/Dissertation/virtushield/final-datasets/in-the-wild-final-small/UNSAFE/1/frame_30.jpg,UNSAFE,SAFE,0.4818088412284851,full_system,in_the_wild
/Users/ahooker/Documents/Dissertation/virtushield/final-datasets/in-the-wild-final-small/UNSAFE/1/frame_300.jpg,UNSAFE,UNSAFE,0.8361811637878418,full_system,in_the_wild
/Users/ahooker/Documents/Dissertation/virtushield/final-datasets/in-the-wild-final-small/UNSAFE/1/frame_301.jpg,UNSAFE,UNSAFE,0.7200145721435547,full_system,in_the_wild
/Users/ahooker/Documents/Dissertation/virtushield/final-datasets/in-the-wild-final-small/UNSAFE/1/frame_303.jpg,UNSAFE,UNSAFE,0.7900928854942322,full_system,in_the_wild
/Users/ahooker/Documents/Dissertation/virtushield/final-datasets/in-the-wild-final-small/UNSAFE/1/frame_309.jpg,UNSAFE,SAFE,0.3906456232070923,full_system,in_the_wild
/Users/ahooker/Documents/Dissertation/virtushield/final-datasets/in-the-wild-final-small/UNSAFE/1/frame_310.jpg,UNSAFE,UNSAFE,0.7873311042785645,full_system,in_the_wild
/Users/ahooker/Documents/Dissertation/virtushield/final-datasets/in-the-wild-final-small/UNSAFE/1/frame_310__1.jpg,UNSAFE,UNSAFE,0.7873311042785645,full_system,in_the_wild
/Users/ahooker/Documents/Dissertation/virtushield/final-datasets/in-the-wild-final-small/UNSAFE/1/frame_313.jpg,UNSAFE,UNSAFE,0.7959100604057312,full_system,in_the_wild
/Users/ahooker/Documents/Dissertation/virtushield/final-datasets/in-the-wild-final-small/UNSAFE/1/frame_314.jpg,UNSAFE,UNSAFE,0.7067516446113586,full_system,in_the_wild
/Users/ahooker/Documents/Dissertation/virtushield/final-datasets/in-the-wild-final-small/UNSAFE/1/frame_315.jpg,UNSAFE,UNSAFE,0.7672072649002075,full_system,in_the_wild
/Users/ahooker/Documents/Dissertation/virtushield/final-datasets/in-the-wild-final-small/UNSAFE/1/frame_320.jpg,UNSAFE,UNSAFE,0.8260853886604309,full_system,in_the_wild
/Users/ahooker/Documents/Dissertation/virtushield/final-datasets/in-the-wild-final-small/UNSAFE/1/frame_323.jpg,UNSAFE,UNSAFE,0.7064776420593262,full_system,in_the_wild
/Users/ahooker/Documents/Dissertation/virtushield/final-datasets/in-the-wild-final-small/UNSAFE/1/frame_323__1.jpg,UNSAFE,UNSAFE,0.8605409264564514,full_system,in_the_wild
/Users/ahooker/Documents/Dissertation/virtushield/final-datasets/in-the-wild-final-small/UNSAFE/1/frame_323__2.jpg,UNSAFE,UNSAFE,0.706490695476532,full_system,in_the_wild
/Users/ahooker/Documents/Dissertation/virtushield/final-datasets/in-the-wild-final-small/UNSAFE/1/frame_324.jpg,UNSAFE,UNSAFE,0.7394789457321167,full_system,in_the_wild
/Users/ahooker/Documents/Dissertation/virtushield/final-datasets/in-the-wild-final-small/UNSAFE/1/frame_325.jpg,UNSAFE,UNSAFE,0.7619732618331909,full_system,in_the_wild
/Users/ahooker/Documents/Dissertation/virtushield/final-datasets/in-the-wild-final-small/UNSAFE/1/frame_326.jpg,UNSAFE,UNSAFE,0.6707443594932556,full_system,in_the_wild
/Users/ahooker/Documents/Dissertation/virtushield/final-datasets/in-the-wild-final-small/UNSAFE/1/frame_327.jpg,UNSAFE,UNSAFE,0.6959637999534607,full_system,in_the_wild
/Users/ahooker/Documents/Dissertation/virtushield/final-datasets/in-the-wild-final-small/UNSAFE/1/frame_327__1.jpg,UNSAFE,UNSAFE,0.813481330871582,full_system,in_the_wild
/Users/ahooker/Documents/Dissertation/virtushield/final-datasets/in-the-wild-final-small/UNSAFE/1/frame_329.jpg,UNSAFE,UNSAFE,0.7638013958930969,full_system,in_the_wild
/Users/ahooker/Documents/Dissertation/virtushield/final-datasets/in-the-wild-final-small/UNSAFE/1/frame_331.jpg,UNSAFE,UNSAFE,0.7861798405647278,full_system,in_the_wild
/Users/ahooker/Documents/Dissertation/virtushield/final-datasets/in-the-wild-final-small/UNSAFE/1/frame_332.jpg,UNSAFE,UNSAFE,0.7445214986801147,full_system,in_the_wild
/Users/ahooker/Documents/Dissertation/virtushield/final-datasets/in-the-wild-final-small/UNSAFE/1/frame_333.jpg,UNSAFE,UNSAFE,0.7753607034683228,full_system,in_the_wild
/Users/ahooker/Documents/Dissertation/virtushield/final-datasets/in-the-wild-final-small/UNSAFE/1/frame_335.jpg,UNSAFE,UNSAFE,0.7243937849998474,full_system,in_the_wild
/Users/ahooker/Documents/Dissertation/virtushield/final-datasets/in-the-wild-final-small/UNSAFE/1/frame_335__1.jpg,UNSAFE,UNSAFE,0.7243937849998474,full_system,in_the_wild
/Users/ahooker/Documents/Dissertation/virtushield/final-datasets/in-the-wild-final-small/UNSAFE/1/frame_338.jpg,UNSAFE,UNSAFE,0.8204264640808105,full_system,in_the_wild
/Users/ahooker/Documents/Dissertation/virtushield/final-datasets/in-the-wild-final-small/UNSAFE/1/frame_339.jpg,UNSAFE,UNSAFE,0.7125717997550964,full_system,in_the_wild
/Users/ahooker/Documents/Dissertation/virtushield/final-datasets/in-the-wild-final-small/UNSAFE/1/frame_34.jpg,UNSAFE,UNSAFE,0.5873078107833862,full_system,in_the_wild
/Users/ahooker/Documents/Dissertation/virtushield/final-datasets/in-the-wild-final-small/UNSAFE/1/frame_341.jpg,UNSAFE,UNSAFE,0.7511154413223267,full_system,in_the_wild
/Users/ahooker/Documents/Dissertation/virtushield/final-datasets/in-the-wild-final-small/UNSAFE/1/frame_345.jpg,UNSAFE,UNSAFE,0.7321980595588684,full_system,in_the_wild
/Users/ahooker/Documents/Dissertation/virtushield/final-datasets/in-the-wild-final-small/UNSAFE/1/frame_345__1.jpg,UNSAFE,UNSAFE,0.7427018284797668,full_system,in_the_wild
/Users/ahooker/Documents/Dissertation/virtushield/final-datasets/in-the-wild-final-small/UNSAFE/1/frame_346.jpg,UNSAFE,UNSAFE,0.9057878255844116,full_system,in_the_wild
/Users/ahooker/Documents/Dissertation/virtushield/final-datasets/in-the-wild-final-small/UNSAFE/1/frame_346__1.jpg,UNSAFE,UNSAFE,0.7630507946014404,full_system,in_the_wild
/Users/ahooker/Documents/Dissertation/virtushield/final-datasets/in-the-wild-final-small/UNSAFE/1/frame_348.jpg,UNSAFE,UNSAFE,0.7591891288757324,full_system,in_the_wild
/Users/ahooker/Documents/Dissertation/virtushield/final-datasets/in-the-wild-final-small/UNSAFE/1/frame_349.jpg,UNSAFE,UNSAFE,0.8761212825775146,full_system,in_the_wild
/Users/ahooker/Documents/Dissertation/virtushield/final-datasets/in-the-wild-final-small/UNSAFE/1/frame_349__1.jpg,UNSAFE,UNSAFE,0.7306962609291077,full_system,in_the_wild
/Users/ahooker/Documents/Dissertation/virtushield/final-datasets/in-the-wild-final-small/UNSAFE/1/frame_34__1.jpg,UNSAFE,UNSAFE,0.7515873908996582,full_system,in_the_wild
/Users/ahooker/Documents/Dissertation/virtushield/final-datasets/in-the-wild-final-small/UNSAFE/1/frame_35.jpg,UNSAFE,UNSAFE,0.8273676633834839,full_system,in_the_wild
/Users/ahooker/Documents/Dissertation/virtushield/final-datasets/in-the-wild-final-small/UNSAFE/1/frame_350.jpg,UNSAFE,UNSAFE,0.7533831596374512,full_system,in_the_wild
/Users/ahooker/Documents/Dissertation/virtushield/final-datasets/in-the-wild-final-small/UNSAFE/1/frame_351.jpg,UNSAFE,UNSAFE,0.7417251467704773,full_system,in_the_wild
/Users/ahooker/Documents/Dissertation/virtushield/final-datasets/in-the-wild-final-small/UNSAFE/1/frame_352.jpg,UNSAFE,UNSAFE,0.7921686172485352,full_system,in_the_wild
/Users/ahooker/Documents/Dissertation/virtushield/final-datasets/in-the-wild-final-small/UNSAFE/1/frame_353.jpg,UNSAFE,UNSAFE,0.7742498517036438,full_system,in_the_wild
/Users/ahooker/Documents/Dissertation/virtushield/final-datasets/in-the-wild-final-small/UNSAFE/1/frame_356.jpg,UNSAFE,UNSAFE,0.7511500716209412,full_system,in_the_wild
/Users/ahooker/Documents/Dissertation/virtushield/final-datasets/in-the-wild-final-small/UNSAFE/1/frame_357.jpg,UNSAFE,UNSAFE,0.7730863094329834,full_system,in_the_wild
/Users/ahooker/Documents/Dissertation/virtushield/final-datasets/in-the-wild-final-small/UNSAFE/1/frame_357__1.jpg,UNSAFE,UNSAFE,0.7547719478607178,full_system,in_the_wild
/Users/ahooker/Documents/Dissertation/virtushield/final-datasets/in-the-wild-final-small/UNSAFE/1/frame_358.jpg,UNSAFE,UNSAFE,0.7440905570983887,full_system,in_the_wild
/Users/ahooker/Documents/Dissertation/virtushield/final-datasets/in-the-wild-final-small/UNSAFE/1/frame_358__1.jpg,UNSAFE,UNSAFE,0.7440905570983887,full_system,in_the_wild
/Users/ahooker/Documents/Dissertation/virtushield/final-datasets/in-the-wild-final-small/UNSAFE/1/frame_35__1.jpg,UNSAFE,UNSAFE,0.8677286505699158,full_system,in_the_wild
/Users/ahooker/Documents/Dissertation/virtushield/final-datasets/in-the-wild-final-small/UNSAFE/1/frame_36.jpg,UNSAFE,UNSAFE,0.7474008202552795,full_system,in_the_wild
/Users/ahooker/Documents/Dissertation/virtushield/final-datasets/in-the-wild-final-small/UNSAFE/1/frame_360.jpg,UNSAFE,UNSAFE,0.8375353813171387,full_system,in_the_wild
/Users/ahooker/Documents/Dissertation/virtushield/final-datasets/in-the-wild-final-small/UNSAFE/1/frame_360__1.jpg,UNSAFE,UNSAFE,0.7808176875114441,full_system,in_the_wild
/Users/ahooker/Documents/Dissertation/virtushield/final-datasets/in-the-wild-final-small/UNSAFE/1/frame_361.jpg,UNSAFE,UNSAFE,0.9099438786506653,full_system,in_the_wild
/Users/ahooker/Documents/Dissertation/virtushield/final-datasets/in-the-wild-final-small/UNSAFE/1/frame_363.jpg,UNSAFE,UNSAFE,0.7905208468437195,full_system,in_the_wild
/Users/ahooker/Documents/Dissertation/virtushield/final-datasets/in-the-wild-final-small/UNSAFE/1/frame_365.jpg,UNSAFE,UNSAFE,0.746971845626831,full_system,in_the_wild
/Users/ahooker/Documents/Dissertation/virtushield/final-datasets/in-the-wild-final-small/UNSAFE/1/frame_365__1.jpg,UNSAFE,UNSAFE,0.7479757070541382,full_system,in_the_wild
/Users/ahooker/Documents/Dissertation/virtushield/final-datasets/in-the-wild-final-small/UNSAFE/1/frame_367.jpg,UNSAFE,UNSAFE,0.7984669804573059,full_system,in_the_wild
/Users/ahooker/Documents/Dissertation/virtushield/final-datasets/in-the-wild-final-small/UNSAFE/1/frame_368.jpg,UNSAFE,UNSAFE,0.7041283845901489,full_system,in_the_wild
/Users/ahooker/Documents/Dissertation/virtushield/final-datasets/in-the-wild-final-small/UNSAFE/1/frame_371.jpg,UNSAFE,UNSAFE,0.9274892807006836,full_system,in_the_wild
/Users/ahooker/Documents/Dissertation/virtushield/final-datasets/in-the-wild-final-small/UNSAFE/1/frame_371__1.jpg,UNSAFE,UNSAFE,0.7415508031845093,full_system,in_the_wild
/Users/ahooker/Documents/Dissertation/virtushield/final-datasets/in-the-wild-final-small/UNSAFE/1/frame_371__2.jpg,UNSAFE,UNSAFE,0.8666465282440186,full_system,in_the_wild
/Users/ahooker/Documents/Dissertation/virtushield/final-datasets/in-the-wild-final-small/UNSAFE/1/frame_372.jpg,UNSAFE,UNSAFE,0.7235865592956543,full_system,in_the_wild
/Users/ahooker/Documents/Dissertation/virtushield/final-datasets/in-the-wild-final-small/UNSAFE/1/frame_373.jpg,UNSAFE,UNSAFE,0.5583401918411255,full_system,in_the_wild
/Users/ahooker/Documents/Dissertation/virtushield/final-datasets/in-the-wild-final-small/UNSAFE/1/frame_373__1.jpg,UNSAFE,UNSAFE,0.8456464409828186,full_system,in_the_wild
/Users/ahooker/Documents/Dissertation/virtushield/final-datasets/in-the-wild-final-small/UNSAFE/1/frame_381.jpg,UNSAFE,UNSAFE,0.8206806182861328,full_system,in_the_wild
/Users/ahooker/Documents/Dissertation/virtushield/final-datasets/in-the-wild-final-small/UNSAFE/1/frame_384.jpg,UNSAFE,UNSAFE,0.8400424718856812,full_system,in_the_wild
/Users/ahooker/Documents/Dissertation/virtushield/final-datasets/in-the-wild-final-small/UNSAFE/1/frame_385.jpg,UNSAFE,UNSAFE,0.8001802563667297,full_system,in_the_wild
/Users/ahooker/Documents/Dissertation/virtushield/final-datasets/in-the-wild-final-small/UNSAFE/1/frame_387.jpg,UNSAFE,UNSAFE,0.7029838562011719,full_system,in_the_wild
/Users/ahooker/Documents/Dissertation/virtushield/final-datasets/in-the-wild-final-small/UNSAFE/1/frame_39.jpg,UNSAFE,UNSAFE,0.838196873664856,full_system,in_the_wild
/Users/ahooker/Documents/Dissertation/virtushield/final-datasets/in-the-wild-final-small/UNSAFE/1/frame_390.jpg,UNSAFE,UNSAFE,0.801268458366394,full_system,in_the_wild
/Users/ahooker/Documents/Dissertation/virtushield/final-datasets/in-the-wild-final-small/UNSAFE/1/frame_392.jpg,UNSAFE,UNSAFE,0.8861944079399109,full_system,in_the_wild
/Users/ahooker/Documents/Dissertation/virtushield/final-datasets/in-the-wild-final-small/UNSAFE/1/frame_393.jpg,UNSAFE,UNSAFE,0.8663558959960938,full_system,in_the_wild
/Users/ahooker/Documents/Dissertation/virtushield/final-datasets/in-the-wild-final-small/UNSAFE/1/frame_393__1.jpg,UNSAFE,UNSAFE,0.7333309650421143,full_system,in_the_wild
/Users/ahooker/Documents/Dissertation/virtushield/final-datasets/in-the-wild-final-small/UNSAFE/1/frame_395.jpg,UNSAFE,UNSAFE,0.7279559373855591,full_system,in_the_wild
/Users/ahooker/Documents/Dissertation/virtushield/final-datasets/in-the-wild-final-small/UNSAFE/1/frame_396.jpg,UNSAFE,UNSAFE,0.882988691329956,full_system,in_the_wild
/Users/ahooker/Documents/Dissertation/virtushield/final-datasets/in-the-wild-final-small/UNSAFE/1/frame_397.jpg,UNSAFE,UNSAFE,0.7554200887680054,full_system,in_the_wild
/Users/ahooker/Documents/Dissertation/virtushield/final-datasets/in-the-wild-final-small/UNSAFE/1/frame_401.jpg,UNSAFE,UNSAFE,0.5290544629096985,full_system,in_the_wild
/Users/ahooker/Documents/Dissertation/virtushield/final-datasets/in-the-wild-final-small/UNSAFE/1/frame_402.jpg,UNSAFE,UNSAFE,0.8791759610176086,full_system,in_the_wild
/Users/ahooker/Documents/Dissertation/virtushield/final-datasets/in-the-wild-final-small/UNSAFE/1/frame_403.jpg,UNSAFE,UNSAFE,0.7367399334907532,full_system,in_the_wild
/Users/ahooker/Documents/Dissertation/virtushield/final-datasets/in-the-wild-final-small/UNSAFE/1/frame_404.jpg,UNSAFE,UNSAFE,0.7666179537773132,full_system,in_the_wild
/Users/ahooker/Documents/Dissertation/virtushield/final-datasets/in-the-wild-final-small/UNSAFE/1/frame_406.jpg,UNSAFE,UNSAFE,0.9033440351486206,full_system,in_the_wild
/Users/ahooker/Documents/Dissertation/virtushield/final-datasets/in-the-wild-final-small/UNSAFE/1/frame_410.jpg,UNSAFE,UNSAFE,0.864551842212677,full_system,in_the_wild
/Users/ahooker/Documents/Dissertation/virtushield/final-datasets/in-the-wild-final-small/UNSAFE/1/frame_410__1.jpg,UNSAFE,UNSAFE,0.8628391027450562,full_system,in_the_wild
/Users/ahooker/Documents/Dissertation/virtushield/final-datasets/in-the-wild-final-small/UNSAFE/1/frame_418.jpg,UNSAFE,UNSAFE,0.865815281867981,full_system,in_the_wild
/Users/ahooker/Documents/Dissertation/virtushield/final-datasets/in-the-wild-final-small/UNSAFE/1/frame_419.jpg,UNSAFE,UNSAFE,0.7413856387138367,full_system,in_the_wild
/Users/ahooker/Documents/Dissertation/virtushield/final-datasets/in-the-wild-final-small/UNSAFE/1/frame_42.jpg,UNSAFE,SAFE,0.4933149516582489,full_system,in_the_wild
/Users/ahooker/Documents/Dissertation/virtushield/final-datasets/in-the-wild-final-small/UNSAFE/1/frame_421.jpg,UNSAFE,UNSAFE,0.7445560693740845,full_system,in_the_wild
/Users/ahooker/Documents/Dissertation/virtushield/final-datasets/in-the-wild-final-small/UNSAFE/1/frame_425.jpg,UNSAFE,UNSAFE,0.8712837100028992,full_system,in_the_wild
/Users/ahooker/Documents/Dissertation/virtushield/final-datasets/in-the-wild-final-small/UNSAFE/1/frame_42__1.jpg,UNSAFE,UNSAFE,0.9296060800552368,full_system,in_the_wild
/Users/ahooker/Documents/Dissertation/virtushield/final-datasets/in-the-wild-final-small/UNSAFE/1/frame_430.jpg,UNSAFE,UNSAFE,0.8994898200035095,full_system,in_the_wild
/Users/ahooker/Documents/Dissertation/virtushield/final-datasets/in-the-wild-final-small/UNSAFE/1/frame_435.jpg,UNSAFE,UNSAFE,0.8581861853599548,full_system,in_the_wild
/Users/ahooker/Documents/Dissertation/virtushield/final-datasets/in-the-wild-final-small/UNSAFE/1/frame_436.jpg,UNSAFE,UNSAFE,0.7995554804801941,full_system,in_the_wild
/Users/ahooker/Documents/Dissertation/virtushield/final-datasets/in-the-wild-final-small/UNSAFE/1/frame_436__1.jpg,UNSAFE,UNSAFE,0.9283223152160645,full_system,in_the_wild
/Users/ahooker/Documents/Dissertation/virtushield/final-datasets/in-the-wild-final-small/UNSAFE/1/frame_44.jpg,UNSAFE,UNSAFE,0.8329530954360962,full_system,in_the_wild
/Users/ahooker/Documents/Dissertation/virtushield/final-datasets/in-the-wild-final-small/UNSAFE/1/frame_441.jpg,UNSAFE,UNSAFE,0.8692489862442017,full_system,in_the_wild
/Users/ahooker/Documents/Dissertation/virtushield/final-datasets/in-the-wild-final-small/UNSAFE/1/frame_444.jpg,UNSAFE,UNSAFE,0.7516688108444214,full_system,in_the_wild
/Users/ahooker/Documents/Dissertation/virtushield/final-datasets/in-the-wild-final-small/UNSAFE/1/frame_445.jpg,UNSAFE,UNSAFE,0.9366152286529541,full_system,in_the_wild
/Users/ahooker/Documents/Dissertation/virtushield/final-datasets/in-the-wild-final-small/UNSAFE/1/frame_445__1.jpg,UNSAFE,UNSAFE,0.8206760883331299,full_system,in_the_wild
/Users/ahooker/Documents/Dissertation/virtushield/final-datasets/in-the-wild-final-small/UNSAFE/1/frame_446.jpg,UNSAFE,UNSAFE,0.9333744645118713,full_system,in_the_wild
/Users/ahooker/Documents/Dissertation/virtushield/final-datasets/in-the-wild-final-small/UNSAFE/1/frame_446__1.jpg,UNSAFE,UNSAFE,0.7686324715614319,full_system,in_the_wild
/Users/ahooker/Documents/Dissertation/virtushield/final-datasets/in-the-wild-final-small/UNSAFE/1/frame_447.jpg,UNSAFE,UNSAFE,0.7400153279304504,full_system,in_the_wild
/Users/ahooker/Documents/Dissertation/virtushield/final-datasets/in-the-wild-final-small/UNSAFE/1/frame_447__1.jpg,UNSAFE,UNSAFE,0.8717331886291504,full_system,in_the_wild
/Users/ahooker/Documents/Dissertation/virtushield/final-datasets/in-the-wild-final-small/UNSAFE/1/frame_448.jpg,UNSAFE,UNSAFE,0.7857087254524231,full_system,in_the_wild
/Users/ahooker/Documents/Dissertation/virtushield/final-datasets/in-the-wild-final-small/UNSAFE/1/frame_449.jpg,UNSAFE,UNSAFE,0.7579508423805237,full_system,in_the_wild
/Users/ahooker/Documents/Dissertation/virtushield/final-datasets/in-the-wild-final-small/UNSAFE/1/frame_45.jpg,UNSAFE,UNSAFE,0.8124157190322876,full_system,in_the_wild
/Users/ahooker/Documents/Dissertation/virtushield/final-datasets/in-the-wild-final-small/UNSAFE/1/frame_452.jpg,UNSAFE,UNSAFE,0.7500385642051697,full_system,in_the_wild
/Users/ahooker/Documents/Dissertation/virtushield/final-datasets/in-the-wild-final-small/UNSAFE/1/frame_454.jpg,UNSAFE,UNSAFE,0.7792536020278931,full_system,in_the_wild
/Users/ahooker/Documents/Dissertation/virtushield/final-datasets/in-the-wild-final-small/UNSAFE/1/frame_457.jpg,UNSAFE,UNSAFE,0.8051137924194336,full_system,in_the_wild
/Users/ahooker/Documents/Dissertation/virtushield/final-datasets/in-the-wild-final-small/UNSAFE/1/frame_461.jpg,UNSAFE,UNSAFE,0.7692115902900696,full_system,in_the_wild
/Users/ahooker/Documents/Dissertation/virtushield/final-datasets/in-the-wild-final-small/UNSAFE/1/frame_464.jpg,UNSAFE,UNSAFE,0.7858271598815918,full_system,in_the_wild
/Users/ahooker/Documents/Dissertation/virtushield/final-datasets/in-the-wild-final-small/UNSAFE/1/frame_464__1.jpg,UNSAFE,UNSAFE,0.8182451128959656,full_system,in_the_wild
/Users/ahooker/Documents/Dissertation/virtushield/final-datasets/in-the-wild-final-small/UNSAFE/1/frame_466.jpg,UNSAFE,UNSAFE,0.8122313618659973,full_system,in_the_wild
/Users/ahooker/Documents/Dissertation/virtushield/final-datasets/in-the-wild-final-small/UNSAFE/1/frame_468.jpg,UNSAFE,UNSAFE,0.752380907535553,full_system,in_the_wild
/Users/ahooker/Documents/Dissertation/virtushield/final-datasets/in-the-wild-final-small/UNSAFE/1/frame_469.jpg,UNSAFE,UNSAFE,0.7188533544540405,full_system,in_the_wild
/Users/ahooker/Documents/Dissertation/virtushield/final-datasets/in-the-wild-final-small/UNSAFE/1/frame_47.jpg,UNSAFE,UNSAFE,0.8369846940040588,full_system,in_the_wild
/Users/ahooker/Documents/Dissertation/virtushield/final-datasets/in-the-wild-final-small/UNSAFE/1/frame_471.jpg,UNSAFE,UNSAFE,0.8062383532524109,full_system,in_the_wild
/Users/ahooker/Documents/Dissertation/virtushield/final-datasets/in-the-wild-final-small/UNSAFE/1/frame_477.jpg,UNSAFE,UNSAFE,0.7241852283477783,full_system,in_the_wild
/Users/ahooker/Documents/Dissertation/virtushield/final-datasets/in-the-wild-final-small/UNSAFE/1/frame_479.jpg,UNSAFE,UNSAFE,0.6294156312942505,full_system,in_the_wild
/Users/ahooker/Documents/Dissertation/virtushield/final-datasets/in-the-wild-final-small/UNSAFE/1/frame_482.jpg,UNSAFE,UNSAFE,0.7151402831077576,full_system,in_the_wild
/Users/ahooker/Documents/Dissertation/virtushield/final-datasets/in-the-wild-final-small/UNSAFE/1/frame_483.jpg,UNSAFE,UNSAFE,0.6632511019706726,full_system,in_the_wild
/Users/ahooker/Documents/Dissertation/virtushield/final-datasets/in-the-wild-final-small/UNSAFE/1/frame_486.jpg,UNSAFE,UNSAFE,0.8080583810806274,full_system,in_the_wild
/Users/ahooker/Documents/Dissertation/virtushield/final-datasets/in-the-wild-final-small/UNSAFE/1/frame_488.jpg,UNSAFE,UNSAFE,0.810425877571106,full_system,in_the_wild
/Users/ahooker/Documents/Dissertation/virtushield/final-datasets/in-the-wild-final-small/UNSAFE/1/frame_49.jpg,UNSAFE,UNSAFE,0.7268617153167725,full_system,in_the_wild
/Users/ahooker/Documents/Dissertation/virtushield/final-datasets/in-the-wild-final-small/UNSAFE/1/frame_490.jpg,UNSAFE,UNSAFE,0.7632949352264404,full_system,in_the_wild
/Users/ahooker/Documents/Dissertation/virtushield/final-datasets/in-the-wild-final-small/UNSAFE/1/frame_496.jpg,UNSAFE,UNSAFE,0.7397425770759583,full_system,in_the_wild
/Users/ahooker/Documents/Dissertation/virtushield/final-datasets/in-the-wild-final-small/UNSAFE/1/frame_497.jpg,UNSAFE,UNSAFE,0.8242505788803101,full_system,in_the_wild
/Users/ahooker/Documents/Dissertation/virtushield/final-datasets/in-the-wild-final-small/UNSAFE/1/frame_499.jpg,UNSAFE,UNSAFE,0.8207263350486755,full_system,in_the_wild
/Users/ahooker/Documents/Dissertation/virtushield/final-datasets/in-the-wild-final-small/UNSAFE/1/frame_50.jpg,UNSAFE,UNSAFE,0.6659930944442749,full_system,in_the_wild
/Users/ahooker/Documents/Dissertation/virtushield/final-datasets/in-the-wild-final-small/UNSAFE/1/frame_501.jpg,UNSAFE,UNSAFE,0.8007784485816956,full_system,in_the_wild
/Users/ahooker/Documents/Dissertation/virtushield/final-datasets/in-the-wild-final-small/UNSAFE/1/frame_503.jpg,UNSAFE,UNSAFE,0.6732354164123535,full_system,in_the_wild
/Users/ahooker/Documents/Dissertation/virtushield/final-datasets/in-the-wild-final-small/UNSAFE/1/frame_504.jpg,UNSAFE,SAFE,0.4594845771789551,full_system,in_the_wild
/Users/ahooker/Documents/Dissertation/virtushield/final-datasets/in-the-wild-final-small/UNSAFE/1/frame_506.jpg,UNSAFE,UNSAFE,0.7970837950706482,full_system,in_the_wild
/Users/ahooker/Documents/Dissertation/virtushield/final-datasets/in-the-wild-final-small/UNSAFE/1/frame_507.jpg,UNSAFE,UNSAFE,0.7359393835067749,full_system,in_the_wild
/Users/ahooker/Documents/Dissertation/virtushield/final-datasets/in-the-wild-final-small/UNSAFE/1/frame_509.jpg,UNSAFE,UNSAFE,0.715112566947937,full_system,in_the_wild
/Users/ahooker/Documents/Dissertation/virtushield/final-datasets/in-the-wild-final-small/UNSAFE/1/frame_514.jpg,UNSAFE,UNSAFE,0.8474558591842651,full_system,in_the_wild
/Users/ahooker/Documents/Dissertation/virtushield/final-datasets/in-the-wild-final-small/UNSAFE/1/frame_516.jpg,UNSAFE,UNSAFE,0.8012083768844604,full_system,in_the_wild
/Users/ahooker/Documents/Dissertation/virtushield/final-datasets/in-the-wild-final-small/UNSAFE/1/frame_518.jpg,UNSAFE,UNSAFE,0.7906986474990845,full_system,in_the_wild
/Users/ahooker/Documents/Dissertation/virtushield/final-datasets/in-the-wild-final-small/UNSAFE/1/frame_519.jpg,UNSAFE,UNSAFE,0.821919322013855,full_system,in_the_wild
/Users/ahooker/Documents/Dissertation/virtushield/final-datasets/in-the-wild-final-small/UNSAFE/1/frame_519__1.jpg,UNSAFE,UNSAFE,0.7927297949790955,full_system,in_the_wild
/Users/ahooker/Documents/Dissertation/virtushield/final-datasets/in-the-wild-final-small/UNSAFE/1/frame_524.jpg,UNSAFE,UNSAFE,0.7354854345321655,full_system,in_the_wild
/Users/ahooker/Documents/Dissertation/virtushield/final-datasets/in-the-wild-final-small/UNSAFE/1/frame_53.jpg,UNSAFE,UNSAFE,0.7705197930335999,full_system,in_the_wild
/Users/ahooker/Documents/Dissertation/virtushield/final-datasets/in-the-wild-final-small/UNSAFE/1/frame_535.jpg,UNSAFE,SAFE,0.48484963178634644,full_system,in_the_wild
/Users/ahooker/Documents/Dissertation/virtushield/final-datasets/in-the-wild-final-small/UNSAFE/1/frame_536.jpg,UNSAFE,UNSAFE,0.7668144702911377,full_system,in_the_wild
/Users/ahooker/Documents/Dissertation/virtushield/final-datasets/in-the-wild-final-small/UNSAFE/1/frame_538.jpg,UNSAFE,UNSAFE,0.73124098777771,full_system,in_the_wild
/Users/ahooker/Documents/Dissertation/virtushield/final-datasets/in-the-wild-final-small/UNSAFE/1/frame_539.jpg,UNSAFE,UNSAFE,0.9250258207321167,full_system,in_the_wild
/Users/ahooker/Documents/Dissertation/virtushield/final-datasets/in-the-wild-final-small/UNSAFE/1/frame_54.jpg,UNSAFE,UNSAFE,0.7899149656295776,full_system,in_the_wild
/Users/ahooker/Documents/Dissertation/virtushield/final-datasets/in-the-wild-final-small/UNSAFE/1/frame_540.jpg,UNSAFE,UNSAFE,0.7233644723892212,full_system,in_the_wild
/Users/ahooker/Documents/Dissertation/virtushield/final-datasets/in-the-wild-final-small/UNSAFE/1/frame_545.jpg,UNSAFE,UNSAFE,0.7608767747879028,full_system,in_the_wild
/Users/ahooker/Documents/Dissertation/virtushield/final-datasets/in-the-wild-final-small/UNSAFE/1/frame_545__1.jpg,UNSAFE,UNSAFE,0.7114467620849609,full_system,in_the_wild
/Users/ahooker/Documents/Dissertation/virtushield/final-datasets/in-the-wild-final-small/UNSAFE/1/frame_548.jpg,UNSAFE,UNSAFE,0.7896125912666321,full_system,in_the_wild
/Users/ahooker/Documents/Dissertation/virtushield/final-datasets/in-the-wild-final-small/UNSAFE/1/frame_552.jpg,UNSAFE,UNSAFE,0.7053114771842957,full_system,in_the_wild
/Users/ahooker/Documents/Dissertation/virtushield/final-datasets/in-the-wild-final-small/UNSAFE/1/frame_557.jpg,UNSAFE,UNSAFE,0.9340581297874451,full_system,in_the_wild
/Users/ahooker/Documents/Dissertation/virtushield/final-datasets/in-the-wild-final-small/UNSAFE/1/frame_56.jpg,UNSAFE,UNSAFE,0.7096871137619019,full_system,in_the_wild
/Users/ahooker/Documents/Dissertation/virtushield/final-datasets/in-the-wild-final-small/UNSAFE/1/frame_563.jpg,UNSAFE,UNSAFE,0.746625542640686,full_system,in_the_wild
/Users/ahooker/Documents/Dissertation/virtushield/final-datasets/in-the-wild-final-small/UNSAFE/1/frame_566.jpg,UNSAFE,UNSAFE,0.7520061731338501,full_system,in_the_wild
/Users/ahooker/Documents/Dissertation/virtushield/final-datasets/in-the-wild-final-small/UNSAFE/1/frame_57.jpg,UNSAFE,UNSAFE,0.9288280010223389,full_system,in_the_wild
/Users/ahooker/Documents/Dissertation/virtushield/final-datasets/in-the-wild-final-small/UNSAFE/1/frame_573.jpg,UNSAFE,UNSAFE,0.7169797420501709,full_system,in_the_wild
/Users/ahooker/Documents/Dissertation/virtushield/final-datasets/in-the-wild-final-small/UNSAFE/1/frame_577.jpg,UNSAFE,UNSAFE,0.7940621376037598,full_system,in_the_wild
/Users/ahooker/Documents/Dissertation/virtushield/final-datasets/in-the-wild-final-small/UNSAFE/1/frame_57__1.jpg,UNSAFE,UNSAFE,0.7241538166999817,full_system,in_the_wild
/Users/ahooker/Documents/Dissertation/virtushield/final-datasets/in-the-wild-final-small/UNSAFE/1/frame_586.jpg,UNSAFE,UNSAFE,0.8727067112922668,full_system,in_the_wild
/Users/ahooker/Documents/Dissertation/virtushield/final-datasets/in-the-wild-final-small/UNSAFE/1/frame_59.jpg,UNSAFE,UNSAFE,0.7910984754562378,full_system,in_the_wild
/Users/ahooker/Documents/Dissertation/virtushield/final-datasets/in-the-wild-final-small/UNSAFE/1/frame_592.jpg,UNSAFE,UNSAFE,0.7486660480499268,full_system,in_the_wild
/Users/ahooker/Documents/Dissertation/virtushield/final-datasets/in-the-wild-final-small/UNSAFE/1/frame_59__1.jpg,UNSAFE,UNSAFE,0.7231866121292114,full_system,in_the_wild
/Users/ahooker/Documents/Dissertation/virtushield/final-datasets/in-the-wild-final-small/UNSAFE/1/frame_60.jpg,UNSAFE,UNSAFE,0.7922706007957458,full_system,in_the_wild
/Users/ahooker/Documents/Dissertation/virtushield/final-datasets/in-the-wild-final-small/UNSAFE/1/frame_602.jpg,UNSAFE,UNSAFE,0.8566362857818604,full_system,in_the_wild
/Users/ahooker/Documents/Dissertation/virtushield/final-datasets/in-the-wild-final-small/UNSAFE/1/frame_609.jpg,UNSAFE,UNSAFE,0.777728796005249,full_system,in_the_wild
/Users/ahooker/Documents/Dissertation/virtushield/final-datasets/in-the-wild-final-small/UNSAFE/1/frame_61.jpg,UNSAFE,UNSAFE,0.7299602031707764,full_system,in_the_wild
/Users/ahooker/Documents/Dissertation/virtushield/final-datasets/in-the-wild-final-small/UNSAFE/1/frame_619.jpg,UNSAFE,UNSAFE,0.5602843761444092,full_system,in_the_wild
/Users/ahooker/Documents/Dissertation/virtushield/final-datasets/in-the-wild-final-small/UNSAFE/1/frame_624.jpg,UNSAFE,UNSAFE,0.9636031985282898,full_system,in_the_wild
/Users/ahooker/Documents/Dissertation/virtushield/final-datasets/in-the-wild-final-small/UNSAFE/1/frame_626.jpg,UNSAFE,UNSAFE,0.8197837471961975,full_system,in_the_wild
/Users/ahooker/Documents/Dissertation/virtushield/final-datasets/in-the-wild-final-small/UNSAFE/1/frame_628.jpg,UNSAFE,UNSAFE,0.8442515730857849,full_system,in_the_wild
/Users/ahooker/Documents/Dissertation/virtushield/final-datasets/in-the-wild-final-small/UNSAFE/1/frame_632.jpg,UNSAFE,UNSAFE,0.7822660207748413,full_system,in_the_wild
/Users/ahooker/Documents/Dissertation/virtushield/final-datasets/in-the-wild-final-small/UNSAFE/1/frame_632__1.jpg,UNSAFE,UNSAFE,0.8276894688606262,full_system,in_the_wild
/Users/ahooker/Documents/Dissertation/virtushield/final-datasets/in-the-wild-final-small/UNSAFE/1/frame_636.jpg,UNSAFE,UNSAFE,0.9314181208610535,full_system,in_the_wild
/Users/ahooker/Documents/Dissertation/virtushield/final-datasets/in-the-wild-final-small/UNSAFE/1/frame_64.jpg,UNSAFE,UNSAFE,0.7727594971656799,full_system,in_the_wild
/Users/ahooker/Documents/Dissertation/virtushield/final-datasets/in-the-wild-final-small/UNSAFE/1/frame_640.jpg,UNSAFE,UNSAFE,0.7026746869087219,full_system,in_the_wild
/Users/ahooker/Documents/Dissertation/virtushield/final-datasets/in-the-wild-final-small/UNSAFE/1/frame_641.jpg,UNSAFE,UNSAFE,0.8572829365730286,full_system,in_the_wild
/Users/ahooker/Documents/Dissertation/virtushield/final-datasets/in-the-wild-final-small/UNSAFE/1/frame_643.jpg,UNSAFE,UNSAFE,0.7215378880500793,full_system,in_the_wild
/Users/ahooker/Documents/Dissertation/virtushield/final-datasets/in-the-wild-final-small/UNSAFE/1/frame_64__1.jpg,UNSAFE,UNSAFE,0.7302517890930176,full_system,in_the_wild
/Users/ahooker/Documents/Dissertation/virtushield/final-datasets/in-the-wild-final-small/UNSAFE/1/frame_65.jpg,UNSAFE,UNSAFE,0.7171858549118042,full_system,in_the_wild
/Users/ahooker/Documents/Dissertation/virtushield/final-datasets/in-the-wild-final-small/UNSAFE/1/frame_653.jpg,UNSAFE,UNSAFE,0.8725333213806152,full_system,in_the_wild
/Users/ahooker/Documents/Dissertation/virtushield/final-datasets/in-the-wild-final-small/UNSAFE/1/frame_656.jpg,UNSAFE,UNSAFE,0.8776001930236816,full_system,in_the_wild
/Users/ahooker/Documents/Dissertation/virtushield/final-datasets/in-the-wild-final-small/UNSAFE/1/frame_65__1.jpg,UNSAFE,UNSAFE,0.7619879841804504,full_system,in_the_wild
/Users/ahooker/Documents/Dissertation/virtushield/final-datasets/in-the-wild-final-small/UNSAFE/1/frame_65__2.jpg,UNSAFE,UNSAFE,0.5812450647354126,full_system,in_the_wild
/Users/ahooker/Documents/Dissertation/virtushield/final-datasets/in-the-wild-final-small/UNSAFE/1/frame_665.jpg,UNSAFE,UNSAFE,0.8503987789154053,full_system,in_the_wild
/Users/ahooker/Documents/Dissertation/virtushield/final-datasets/in-the-wild-final-small/UNSAFE/1/frame_666.jpg,UNSAFE,UNSAFE,0.7221903800964355,full_system,in_the_wild
/Users/ahooker/Documents/Dissertation/virtushield/final-datasets/in-the-wild-final-small/UNSAFE/1/frame_668.jpg,UNSAFE,UNSAFE,0.8049901127815247,full_system,in_the_wild
/Users/ahooker/Documents/Dissertation/virtushield/final-datasets/in-the-wild-final-small/UNSAFE/1/frame_672.jpg,UNSAFE,UNSAFE,0.8642334938049316,full_system,in_the_wild
/Users/ahooker/Documents/Dissertation/virtushield/final-datasets/in-the-wild-final-small/UNSAFE/1/frame_676.jpg,UNSAFE,UNSAFE,0.8904716372489929,full_system,in_the_wild
/Users/ahooker/Documents/Dissertation/virtushield/final-datasets/in-the-wild-final-small/UNSAFE/1/frame_682.jpg,UNSAFE,UNSAFE,0.7354661822319031,full_system,in_the_wild
/Users/ahooker/Documents/Dissertation/virtushield/final-datasets/in-the-wild-final-small/UNSAFE/1/frame_686.jpg,UNSAFE,UNSAFE,0.9097722768783569,full_system,in_the_wild
/Users/ahooker/Documents/Dissertation/virtushield/final-datasets/in-the-wild-final-small/UNSAFE/1/frame_689.jpg,UNSAFE,UNSAFE,0.7353091239929199,full_system,in_the_wild
/Users/ahooker/Documents/Dissertation/virtushield/final-datasets/in-the-wild-final-small/UNSAFE/1/frame_69.jpg,UNSAFE,UNSAFE,0.7255412340164185,full_system,in_the_wild
/Users/ahooker/Documents/Dissertation/virtushield/final-datasets/in-the-wild-final-small/UNSAFE/1/frame_692.jpg,UNSAFE,SAFE,0.43899378180503845,full_system,in_the_wild
/Users/ahooker/Documents/Dissertation/virtushield/final-datasets/in-the-wild-final-small/UNSAFE/1/frame_697.jpg,UNSAFE,UNSAFE,0.8979387283325195,full_system,in_the_wild
/Users/ahooker/Documents/Dissertation/virtushield/final-datasets/in-the-wild-final-small/UNSAFE/1/frame_70.jpg,UNSAFE,SAFE,0.3958441913127899,full_system,in_the_wild
/Users/ahooker/Documents/Dissertation/virtushield/final-datasets/in-the-wild-final-small/UNSAFE/1/frame_700.jpg,UNSAFE,UNSAFE,0.9233999252319336,full_system,in_the_wild
/Users/ahooker/Documents/Dissertation/virtushield/final-datasets/in-the-wild-final-small/UNSAFE/1/frame_70__1.jpg,UNSAFE,UNSAFE,0.7908516526222229,full_system,in_the_wild
/Users/ahooker/Documents/Dissertation/virtushield/final-datasets/in-the-wild-final-small/UNSAFE/1/frame_71.jpg,UNSAFE,UNSAFE,0.8329724669456482,full_system,in_the_wild
/Users/ahooker/Documents/Dissertation/virtushield/final-datasets/in-the-wild-final-small/UNSAFE/1/frame_710.jpg,UNSAFE,UNSAFE,0.8015292286872864,full_system,in_the_wild
/Users/ahooker/Documents/Dissertation/virtushield/final-datasets/in-the-wild-final-small/UNSAFE/1/frame_711.jpg,UNSAFE,UNSAFE,0.9161444306373596,full_system,in_the_wild
/Users/ahooker/Documents/Dissertation/virtushield/final-datasets/in-the-wild-final-small/UNSAFE/1/frame_713.jpg,UNSAFE,UNSAFE,0.8669394254684448,full_system,in_the_wild
/Users/ahooker/Documents/Dissertation/virtushield/final-datasets/in-the-wild-final-small/UNSAFE/1/frame_717.jpg,UNSAFE,UNSAFE,0.9061449766159058,full_system,in_the_wild
/Users/ahooker/Documents/Dissertation/virtushield/final-datasets/in-the-wild-final-small/UNSAFE/1/frame_719.jpg,UNSAFE,UNSAFE,0.9338016510009766,full_system,in_the_wild
/Users/ahooker/Documents/Dissertation/virtushield/final-datasets/in-the-wild-final-small/UNSAFE/1/frame_719__1.jpg,UNSAFE,UNSAFE,0.60232013463974,full_system,in_the_wild
/Users/ahooker/Documents/Dissertation/virtushield/final-datasets/in-the-wild-final-small/UNSAFE/1/frame_71__1.jpg,UNSAFE,UNSAFE,0.9638516306877136,full_system,in_the_wild
/Users/ahooker/Documents/Dissertation/virtushield/final-datasets/in-the-wild-final-small/UNSAFE/1/frame_724.jpg,UNSAFE,UNSAFE,0.9139622449874878,full_system,in_the_wild
/Users/ahooker/Documents/Dissertation/virtushield/final-datasets/in-the-wild-final-small/UNSAFE/1/frame_726.jpg,UNSAFE,UNSAFE,0.9087748527526855,full_system,in_the_wild
/Users/ahooker/Documents/Dissertation/virtushield/final-datasets/in-the-wild-final-small/UNSAFE/1/frame_728.jpg,UNSAFE,UNSAFE,0.8253234028816223,full_system,in_the_wild
/Users/ahooker/Documents/Dissertation/virtushield/final-datasets/in-the-wild-final-small/UNSAFE/1/frame_734.jpg,UNSAFE,UNSAFE,0.8423412442207336,full_system,in_the_wild
/Users/ahooker/Documents/Dissertation/virtushield/final-datasets/in-the-wild-final-small/UNSAFE/1/frame_735.jpg,UNSAFE,UNSAFE,0.8882421851158142,full_system,in_the_wild
/Users/ahooker/Documents/Dissertation/virtushield/final-datasets/in-the-wild-final-small/UNSAFE/1/frame_736.jpg,UNSAFE,UNSAFE,0.7790431976318359,full_system,in_the_wild
/Users/ahooker/Documents/Dissertation/virtushield/final-datasets/in-the-wild-final-small/UNSAFE/1/frame_738.jpg,UNSAFE,UNSAFE,0.8134150505065918,full_system,in_the_wild
/Users/ahooker/Documents/Dissertation/virtushield/final-datasets/in-the-wild-final-small/UNSAFE/1/frame_74.jpg,UNSAFE,UNSAFE,0.9006704688072205,full_system,in_the_wild
/Users/ahooker/Documents/Dissertation/virtushield/final-datasets/in-the-wild-final-small/UNSAFE/1/frame_740.jpg,UNSAFE,UNSAFE,0.8693679571151733,full_system,in_the_wild
/Users/ahooker/Documents/Dissertation/virtushield/final-datasets/in-the-wild-final-small/UNSAFE/1/frame_745.jpg,UNSAFE,UNSAFE,0.8609759211540222,full_system,in_the_wild
/Users/ahooker/Documents/Dissertation/virtushield/final-datasets/in-the-wild-final-small/UNSAFE/1/frame_747.jpg,UNSAFE,UNSAFE,0.8907591104507446,full_system,in_the_wild
/Users/ahooker/Documents/Dissertation/virtushield/final-datasets/in-the-wild-final-small/UNSAFE/1/frame_752.jpg,UNSAFE,UNSAFE,0.8994601368904114,full_system,in_the_wild
/Users/ahooker/Documents/Dissertation/virtushield/final-datasets/in-the-wild-final-small/UNSAFE/1/frame_754.jpg,UNSAFE,UNSAFE,0.8726181387901306,full_system,in_the_wild
/Users/ahooker/Documents/Dissertation/virtushield/final-datasets/in-the-wild-final-small/UNSAFE/1/frame_755.jpg,UNSAFE,UNSAFE,0.5768950581550598,full_system,in_the_wild
/Users/ahooker/Documents/Dissertation/virtushield/final-datasets/in-the-wild-final-small/UNSAFE/1/frame_76.jpg,UNSAFE,UNSAFE,0.7914111614227295,full_system,in_the_wild
/Users/ahooker/Documents/Dissertation/virtushield/final-datasets/in-the-wild-final-small/UNSAFE/1/frame_760.jpg,UNSAFE,UNSAFE,0.8833549618721008,full_system,in_the_wild
/Users/ahooker/Documents/Dissertation/virtushield/final-datasets/in-the-wild-final-small/UNSAFE/1/frame_763.jpg,UNSAFE,UNSAFE,0.9321718811988831,full_system,in_the_wild
/Users/ahooker/Documents/Dissertation/virtushield/final-datasets/in-the-wild-final-small/UNSAFE/1/frame_764.jpg,UNSAFE,UNSAFE,0.9387392997741699,full_system,in_the_wild
/Users/ahooker/Documents/Dissertation/virtushield/final-datasets/in-the-wild-final-small/UNSAFE/1/frame_766.jpg,UNSAFE,UNSAFE,0.8930028676986694,full_system,in_the_wild
/Users/ahooker/Documents/Dissertation/virtushield/final-datasets/in-the-wild-final-small/UNSAFE/1/frame_767.jpg,UNSAFE,UNSAFE,0.967018187046051,full_system,in_the_wild
/Users/ahooker/Documents/Dissertation/virtushield/final-datasets/in-the-wild-final-small/UNSAFE/1/frame_768.jpg,UNSAFE,UNSAFE,0.8994351625442505,full_system,in_the_wild
/Users/ahooker/Documents/Dissertation/virtushield/final-datasets/in-the-wild-final-small/UNSAFE/1/frame_770.jpg,UNSAFE,UNSAFE,0.9225897789001465,full_system,in_the_wild
/Users/ahooker/Documents/Dissertation/virtushield/final-datasets/in-the-wild-final-small/UNSAFE/1/frame_771.jpg,UNSAFE,UNSAFE,0.9419921636581421,full_system,in_the_wild
/Users/ahooker/Documents/Dissertation/virtushield/final-datasets/in-the-wild-final-small/UNSAFE/1/frame_778.jpg,UNSAFE,UNSAFE,0.9121756553649902,full_system,in_the_wild
/Users/ahooker/Documents/Dissertation/virtushield/final-datasets/in-the-wild-final-small/UNSAFE/1/frame_78.jpg,UNSAFE,UNSAFE,0.7820727825164795,full_system,in_the_wild
/Users/ahooker/Documents/Dissertation/virtushield/final-datasets/in-the-wild-final-small/UNSAFE/1/frame_782.jpg,UNSAFE,UNSAFE,0.7390661835670471,full_system,in_the_wild
/Users/ahooker/Documents/Dissertation/virtushield/final-datasets/in-the-wild-final-small/UNSAFE/1/frame_789.jpg,UNSAFE,UNSAFE,0.9291453957557678,full_system,in_the_wild
/Users/ahooker/Documents/Dissertation/virtushield/final-datasets/in-the-wild-final-small/UNSAFE/1/frame_78__1.jpg,UNSAFE,UNSAFE,0.8613021373748779,full_system,in_the_wild
/Users/ahooker/Documents/Dissertation/virtushield/final-datasets/in-the-wild-final-small/UNSAFE/1/frame_792.jpg,UNSAFE,UNSAFE,0.8318122625350952,full_system,in_the_wild
/Users/ahooker/Documents/Dissertation/virtushield/final-datasets/in-the-wild-final-small/UNSAFE/1/frame_796.jpg,UNSAFE,UNSAFE,0.8878312706947327,full_system,in_the_wild
/Users/ahooker/Documents/Dissertation/virtushield/final-datasets/in-the-wild-final-small/UNSAFE/1/frame_799.jpg,UNSAFE,UNSAFE,0.9228582382202148,full_system,in_the_wild
/Users/ahooker/Documents/Dissertation/virtushield/final-datasets/in-the-wild-final-small/UNSAFE/1/frame_8.jpg,UNSAFE,UNSAFE,0.5788255929946899,full_system,in_the_wild
/Users/ahooker/Documents/Dissertation/virtushield/final-datasets/in-the-wild-final-small/UNSAFE/1/frame_80.jpg,UNSAFE,UNSAFE,0.7571960687637329,full_system,in_the_wild
/Users/ahooker/Documents/Dissertation/virtushield/final-datasets/in-the-wild-final-small/UNSAFE/1/frame_802.jpg,UNSAFE,UNSAFE,0.9027950167655945,full_system,in_the_wild
/Users/ahooker/Documents/Dissertation/virtushield/final-datasets/in-the-wild-final-small/UNSAFE/1/frame_805.jpg,UNSAFE,UNSAFE,0.9627106189727783,full_system,in_the_wild
/Users/ahooker/Documents/Dissertation/virtushield/final-datasets/in-the-wild-final-small/UNSAFE/1/frame_809.jpg,UNSAFE,UNSAFE,0.9546465277671814,full_system,in_the_wild
/Users/ahooker/Documents/Dissertation/virtushield/final-datasets/in-the-wild-final-small/UNSAFE/1/frame_81.jpg,UNSAFE,UNSAFE,0.9339118003845215,full_system,in_the_wild
/Users/ahooker/Documents/Dissertation/virtushield/final-datasets/in-the-wild-final-small/UNSAFE/1/frame_814.jpg,UNSAFE,UNSAFE,0.9478048086166382,full_system,in_the_wild
/Users/ahooker/Documents/Dissertation/virtushield/final-datasets/in-the-wild-final-small/UNSAFE/1/frame_81__1.jpg,UNSAFE,UNSAFE,0.7456107139587402,full_system,in_the_wild
/Users/ahooker/Documents/Dissertation/virtushield/final-datasets/in-the-wild-final-small/UNSAFE/1/frame_81__2.jpg,UNSAFE,UNSAFE,0.7473005652427673,full_system,in_the_wild
/Users/ahooker/Documents/Dissertation/virtushield/final-datasets/in-the-wild-final-small/UNSAFE/1/frame_823.jpg,UNSAFE,UNSAFE,0.8900852203369141,full_system,in_the_wild
/Users/ahooker/Documents/Dissertation/virtushield/final-datasets/in-the-wild-final-small/UNSAFE/1/frame_828.jpg,UNSAFE,UNSAFE,0.8232703804969788,full_system,in_the_wild
/Users/ahooker/Documents/Dissertation/virtushield/final-datasets/in-the-wild-final-small/UNSAFE/1/frame_829.jpg,UNSAFE,UNSAFE,0.8076218962669373,full_system,in_the_wild
/Users/ahooker/Documents/Dissertation/virtushield/final-datasets/in-the-wild-final-small/UNSAFE/1/frame_83.jpg,UNSAFE,UNSAFE,0.772676944732666,full_system,in_the_wild
/Users/ahooker/Documents/Dissertation/virtushield/final-datasets/in-the-wild-final-small/UNSAFE/1/frame_839.jpg,UNSAFE,UNSAFE,0.9100906848907471,full_system,in_the_wild
/Users/ahooker/Documents/Dissertation/virtushield/final-datasets/in-the-wild-final-small/UNSAFE/1/frame_83__1.jpg,UNSAFE,UNSAFE,0.8158966302871704,full_system,in_the_wild
/Users/ahooker/Documents/Dissertation/virtushield/final-datasets/in-the-wild-final-small/UNSAFE/1/frame_84.jpg,UNSAFE,UNSAFE,0.8073322176933289,full_system,in_the_wild
/Users/ahooker/Documents/Dissertation/virtushield/final-datasets/in-the-wild-final-small/UNSAFE/1/frame_845.jpg,UNSAFE,UNSAFE,0.9084765315055847,full_system,in_the_wild
/Users/ahooker/Documents/Dissertation/virtushield/final-datasets/in-the-wild-final-small/UNSAFE/1/frame_85.jpg,UNSAFE,UNSAFE,0.8960053324699402,full_system,in_the_wild
/Users/ahooker/Documents/Dissertation/virtushield/final-datasets/in-the-wild-final-small/UNSAFE/1/frame_853.jpg,UNSAFE,UNSAFE,0.8703938722610474,full_system,in_the_wild
/Users/ahooker/Documents/Dissertation/virtushield/final-datasets/in-the-wild-final-small/UNSAFE/1/frame_856.jpg,UNSAFE,UNSAFE,0.9500863552093506,full_system,in_the_wild
/Users/ahooker/Documents/Dissertation/virtushield/final-datasets/in-the-wild-final-small/UNSAFE/1/frame_86.jpg,UNSAFE,UNSAFE,0.9235823750495911,full_system,in_the_wild
/Users/ahooker/Documents/Dissertation/virtushield/final-datasets/in-the-wild-final-small/UNSAFE/1/frame_87.jpg,UNSAFE,UNSAFE,0.733949601650238,full_system,in_the_wild
/Users/ahooker/Documents/Dissertation/virtushield/final-datasets/in-the-wild-final-small/UNSAFE/1/frame_87__1.jpg,UNSAFE,UNSAFE,0.7587063312530518,full_system,in_the_wild
/Users/ahooker/Documents/Dissertation/virtushield/final-datasets/in-the-wild-final-small/UNSAFE/1/frame_90.jpg,UNSAFE,UNSAFE,0.7565364837646484,full_system,in_the_wild
/Users/ahooker/Documents/Dissertation/virtushield/final-datasets/in-the-wild-final-small/UNSAFE/1/frame_91.jpg,UNSAFE,UNSAFE,0.7909310460090637,full_system,in_the_wild
/Users/ahooker/Documents/Dissertation/virtushield/final-datasets/in-the-wild-final-small/UNSAFE/1/frame_92.jpg,UNSAFE,UNSAFE,0.8010010719299316,full_system,in_the_wild
/Users/ahooker/Documents/Dissertation/virtushield/final-datasets/in-the-wild-final-small/UNSAFE/1/frame_92__1.jpg,UNSAFE,UNSAFE,0.9461758732795715,full_system,in_the_wild
/Users/ahooker/Documents/Dissertation/virtushield/final-datasets/in-the-wild-final-small/UNSAFE/1/frame_93.jpg,UNSAFE,UNSAFE,0.7916675806045532,full_system,in_the_wild
/Users/ahooker/Documents/Dissertation/virtushield/final-datasets/in-the-wild-final-small/UNSAFE/1/frame_93__1.jpg,UNSAFE,UNSAFE,0.9408685564994812,full_system,in_the_wild
/Users/ahooker/Documents/Dissertation/virtushield/final-datasets/in-the-wild-final-small/UNSAFE/1/frame_94.jpg,UNSAFE,UNSAFE,0.7427330613136292,full_system,in_the_wild
/Users/ahooker/Documents/Dissertation/virtushield/final-datasets/in-the-wild-final-small/UNSAFE/1/frame_94__1.jpg,UNSAFE,UNSAFE,0.7644473314285278,full_system,in_the_wild
/Users/ahooker/Documents/Dissertation/virtushield/final-datasets/in-the-wild-final-small/UNSAFE/1/frame_94__2.jpg,UNSAFE,UNSAFE,0.9089444279670715,full_system,in_the_wild
/Users/ahooker/Documents/Dissertation/virtushield/final-datasets/in-the-wild-final-small/UNSAFE/1/frame_95.jpg,UNSAFE,UNSAFE,0.7761425375938416,full_system,in_the_wild
/Users/ahooker/Documents/Dissertation/virtushield/final-datasets/in-the-wild-final-small/UNSAFE/1/frame_96.jpg,UNSAFE,UNSAFE,0.7551462650299072,full_system,in_the_wild
/Users/ahooker/Documents/Dissertation/virtushield/final-datasets/in-the-wild-final-small/UNSAFE/1/frame_960.jpg,UNSAFE,UNSAFE,0.8544726967811584,full_system,in_the_wild
/Users/ahooker/Documents/Dissertation/virtushield/final-datasets/in-the-wild-final-small/UNSAFE/1/frame_962.jpg,UNSAFE,UNSAFE,0.9260327219963074,full_system,in_the_wild
/Users/ahooker/Documents/Dissertation/virtushield/final-datasets/in-the-wild-final-small/UNSAFE/1/frame_964.jpg,UNSAFE,UNSAFE,0.8397018313407898,full_system,in_the_wild
/Users/ahooker/Documents/Dissertation/virtushield/final-datasets/in-the-wild-final-small/UNSAFE/1/frame_965.jpg,UNSAFE,UNSAFE,0.840286374092102,full_system,in_the_wild
/Users/ahooker/Documents/Dissertation/virtushield/final-datasets/in-the-wild-final-small/UNSAFE/1/frame_969.jpg,UNSAFE,UNSAFE,0.8324666023254395,full_system,in_the_wild
/Users/ahooker/Documents/Dissertation/virtushield/final-datasets/in-the-wild-final-small/UNSAFE/1/frame_96__1.jpg,UNSAFE,UNSAFE,0.7574669122695923,full_system,in_the_wild
/Users/ahooker/Documents/Dissertation/virtushield/final-datasets/in-the-wild-final-small/UNSAFE/1/frame_97.jpg,UNSAFE,UNSAFE,0.8109986782073975,full_system,in_the_wild
/Users/ahooker/Documents/Dissertation/virtushield/final-datasets/in-the-wild-final-small/UNSAFE/1/frame_973.jpg,UNSAFE,UNSAFE,0.8665903210639954,full_system,in_the_wild
/Users/ahooker/Documents/Dissertation/virtushield/final-datasets/in-the-wild-final-small/UNSAFE/1/frame_977.jpg,UNSAFE,UNSAFE,0.9139742255210876,full_system,in_the_wild
/Users/ahooker/Documents/Dissertation/virtushield/final-datasets/in-the-wild-final-small/UNSAFE/1/frame_984.jpg,UNSAFE,UNSAFE,0.8870267868041992,full_system,in_the_wild
/Users/ahooker/Documents/Dissertation/virtushield/final-datasets/in-the-wild-final-small/UNSAFE/1/frame_99.jpg,UNSAFE,UNSAFE,0.7854088544845581,full_system,in_the_wild
/Users/ahooker/Documents/Dissertation/virtushield/final-datasets/in-the-wild-final-small/UNSAFE/1/frame_996.jpg,UNSAFE,UNSAFE,0.8518550992012024,full_system,in_the_wild
/Users/ahooker/Documents/Dissertation/virtushield/final-datasets/in-the-wild-final-small/SAFE/0/frame_1000.jpg,SAFE,SAFE,0.36999017000198364,full_system,in_the_wild
/Users/ahooker/Documents/Dissertation/virtushield/final-datasets/in-the-wild-final-small/SAFE/0/frame_10020.jpg,SAFE,SAFE,0.4619239866733551,full_system,in_the_wild
/Users/ahooker/Documents/Dissertation/virtushield/final-datasets/in-the-wild-final-small/SAFE/0/frame_10080.jpg,SAFE,SAFE,0.2116551250219345,full_system,in_the_wild
/Users/ahooker/Documents/Dissertation/virtushield/final-datasets/in-the-wild-final-small/SAFE/0/frame_10080__1.jpg,SAFE,SAFE,0.21728496253490448,full_system,in_the_wild
/Users/ahooker/Documents/Dissertation/virtushield/final-datasets/in-the-wild-final-small/SAFE/0/frame_10140.jpg,SAFE,SAFE,0.1490636169910431,full_system,in_the_wild
/Users/ahooker/Documents/Dissertation/virtushield/final-datasets/in-the-wild-final-small/SAFE/0/frame_10180.jpg,SAFE,SAFE,0.3728824853897095,full_system,in_the_wild
/Users/ahooker/Documents/Dissertation/virtushield/final-datasets/in-the-wild-final-small/SAFE/0/frame_10180__1.jpg,SAFE,SAFE,0.3728824853897095,full_system,in_the_wild
/Users/ahooker/Documents/Dissertation/virtushield/final-datasets/in-the-wild-final-small/SAFE/0/frame_1020.jpg,SAFE,UNSAFE,0.7455816864967346,full_system,in_the_wild
/Users/ahooker/Documents/Dissertation/virtushield/final-datasets/in-the-wild-final-small/SAFE/0/frame_10200.jpg,SAFE,SAFE,0.38256576657295227,full_system,in_the_wild
/Users/ahooker/Documents/Dissertation/virtushield/final-datasets/in-the-wild-final-small/SAFE/0/frame_10220.jpg,SAFE,SAFE,0.24822618067264557,full_system,in_the_wild
/Users/ahooker/Documents/Dissertation/virtushield/final-datasets/in-the-wild-final-small/SAFE/0/frame_10260.jpg,SAFE,SAFE,0.3957212269306183,full_system,in_the_wild
/Users/ahooker/Documents/Dissertation/virtushield/final-datasets/in-the-wild-final-small/SAFE/0/frame_10280.jpg,SAFE,UNSAFE,0.542610764503479,full_system,in_the_wild
/Users/ahooker/Documents/Dissertation/virtushield/final-datasets/in-the-wild-final-small/SAFE/0/frame_10280__1.jpg,SAFE,SAFE,0.33072489500045776,full_system,in_the_wild
/Users/ahooker/Documents/Dissertation/virtushield/final-datasets/in-the-wild-final-small/SAFE/0/frame_10300.jpg,SAFE,SAFE,0.32581374049186707,full_system,in_the_wild
/Users/ahooker/Documents/Dissertation/virtushield/final-datasets/in-the-wild-final-small/SAFE/0/frame_10320.jpg,SAFE,SAFE,0.3506389260292053,full_system,in_the_wild
/Users/ahooker/Documents/Dissertation/virtushield/final-datasets/in-the-wild-final-small/SAFE/0/frame_10340.jpg,SAFE,SAFE,0.33160319924354553,full_system,in_the_wild
/Users/ahooker/Documents/Dissertation/virtushield/final-datasets/in-the-wild-final-small/SAFE/0/frame_10360.jpg,SAFE,SAFE,0.35663044452667236,full_system,in_the_wild
/Users/ahooker/Documents/Dissertation/virtushield/final-datasets/in-the-wild-final-small/SAFE/0/frame_10360__1.jpg,SAFE,SAFE,0.077016681432724,full_system,in_the_wild
/Users/ahooker/Documents/Dissertation/virtushield/final-datasets/in-the-wild-final-small/SAFE/0/frame_10420.jpg,SAFE,UNSAFE,0.7486261129379272,full_system,in_the_wild
/Users/ahooker/Documents/Dissertation/virtushield/final-datasets/in-the-wild-final-small/SAFE/0/frame_10420__1.jpg,SAFE,UNSAFE,0.6482973694801331,full_system,in_the_wild
/Users/ahooker/Documents/Dissertation/virtushield/final-datasets/in-the-wild-final-small/SAFE/0/frame_10440.jpg,SAFE,SAFE,0.29208865761756897,full_system,in_the_wild
/Users/ahooker/Documents/Dissertation/virtushield/final-datasets/in-the-wild-final-small/SAFE/0/frame_10540.jpg,SAFE,SAFE,0.3327172100543976,full_system,in_the_wild
/Users/ahooker/Documents/Dissertation/virtushield/final-datasets/in-the-wild-final-small/SAFE/0/frame_10600.jpg,SAFE,UNSAFE,0.7284222841262817,full_system,in_the_wild
/Users/ahooker/Documents/Dissertation/virtushield/final-datasets/in-the-wild-final-small/SAFE/0/frame_10620.jpg,SAFE,SAFE,0.3937644064426422,full_system,in_the_wild
/Users/ahooker/Documents/Dissertation/virtushield/final-datasets/in-the-wild-final-small/SAFE/0/frame_10640.jpg,SAFE,SAFE,0.3308287560939789,full_system,in_the_wild
/Users/ahooker/Documents/Dissertation/virtushield/final-datasets/in-the-wild-final-small/SAFE/0/frame_10660.jpg,SAFE,SAFE,0.28834202885627747,full_system,in_the_wild
/Users/ahooker/Documents/Dissertation/virtushield/final-datasets/in-the-wild-final-small/SAFE/0/frame_10680.jpg,SAFE,SAFE,0.38801640272140503,full_system,in_the_wild
/Users/ahooker/Documents/Dissertation/virtushield/final-datasets/in-the-wild-final-small/SAFE/0/frame_1080.jpg,SAFE,SAFE,0.24184803664684296,full_system,in_the_wild
/Users/ahooker/Documents/Dissertation/virtushield/final-datasets/in-the-wild-final-small/SAFE/0/frame_10800.jpg,SAFE,SAFE,0.19663149118423462,full_system,in_the_wild
/Users/ahooker/Documents/Dissertation/virtushield/final-datasets/in-the-wild-final-small/SAFE/0/frame_1080__1.jpg,SAFE,SAFE,0.07144111394882202,full_system,in_the_wild
/Users/ahooker/Documents/Dissertation/virtushield/final-datasets/in-the-wild-final-small/SAFE/0/frame_10920.jpg,SAFE,SAFE,0.3093956708908081,full_system,in_the_wild
/Users/ahooker/Documents/Dissertation/virtushield/final-datasets/in-the-wild-final-small/SAFE/0/frame_10920__1.jpg,SAFE,SAFE,0.18064355850219727,full_system,in_the_wild
/Users/ahooker/Documents/Dissertation/virtushield/final-datasets/in-the-wild-final-small/SAFE/0/frame_11120.jpg,SAFE,SAFE,0.33863478899002075,full_system,in_the_wild
/Users/ahooker/Documents/Dissertation/virtushield/final-datasets/in-the-wild-final-small/SAFE/0/frame_11120__1.jpg,SAFE,UNSAFE,0.5588692426681519,full_system,in_the_wild
/Users/ahooker/Documents/Dissertation/virtushield/final-datasets/in-the-wild-final-small/SAFE/0/frame_11120__2.jpg,SAFE,SAFE,0.33583056926727295,full_system,in_the_wild
/Users/ahooker/Documents/Dissertation/virtushield/final-datasets/in-the-wild-final-small/SAFE/0/frame_11140.jpg,SAFE,SAFE,0.3903855085372925,full_system,in_the_wild
/Users/ahooker/Documents/Dissertation/virtushield/final-datasets/in-the-wild-final-small/SAFE/0/frame_11140__1.jpg,SAFE,SAFE,0.28952112793922424,full_system,in_the_wild
/Users/ahooker/Documents/Dissertation/virtushield/final-datasets/in-the-wild-final-small/SAFE/0/frame_11160.jpg,SAFE,SAFE,0.05756153538823128,full_system,in_the_wild
/Users/ahooker/Documents/Dissertation/virtushield/final-datasets/in-the-wild-final-small/SAFE/0/frame_11160__1.jpg,SAFE,SAFE,0.47527244687080383,full_system,in_the_wild
/Users/ahooker/Documents/Dissertation/virtushield/final-datasets/in-the-wild-final-small/SAFE/0/frame_11180.jpg,SAFE,SAFE,0.12145417928695679,full_system,in_the_wild
/Users/ahooker/Documents/Dissertation/virtushield/final-datasets/in-the-wild-final-small/SAFE/0/frame_11260.jpg,SAFE,SAFE,0.24334311485290527,full_system,in_the_wild
/Users/ahooker/Documents/Dissertation/virtushield/final-datasets/in-the-wild-final-small/SAFE/0/frame_11280.jpg,SAFE,SAFE,0.24021056294441223,full_system,in_the_wild
/Users/ahooker/Documents/Dissertation/virtushield/final-datasets/in-the-wild-final-small/SAFE/0/frame_1140.jpg,SAFE,SAFE,0.317181259393692,full_system,in_the_wild
/Users/ahooker/Documents/Dissertation/virtushield/final-datasets/in-the-wild-final-small/SAFE/0/frame_11400.jpg,SAFE,SAFE,0.05142069607973099,full_system,in_the_wild
/Users/ahooker/Documents/Dissertation/virtushield/final-datasets/in-the-wild-final-small/SAFE/0/frame_11420.jpg,SAFE,UNSAFE,0.5915260910987854,full_system,in_the_wild
/Users/ahooker/Documents/Dissertation/virtushield/final-datasets/in-the-wild-final-small/SAFE/0/frame_11460.jpg,SAFE,SAFE,0.3503035008907318,full_system,in_the_wild
/Users/ahooker/Documents/Dissertation/virtushield/final-datasets/in-the-wild-final-small/SAFE/0/frame_11480.jpg,SAFE,SAFE,0.26563388109207153,full_system,in_the_wild
/Users/ahooker/Documents/Dissertation/virtushield/final-datasets/in-the-wild-final-small/SAFE/0/frame_11500.jpg,SAFE,SAFE,0.10912978649139404,full_system,in_the_wild
/Users/ahooker/Documents/Dissertation/virtushield/final-datasets/in-the-wild-final-small/SAFE/0/frame_11520.jpg,SAFE,UNSAFE,0.6986253261566162,full_system,in_the_wild
/Users/ahooker/Documents/Dissertation/virtushield/final-datasets/in-the-wild-final-small/SAFE/0/frame_11560.jpg,SAFE,SAFE,0.12287019193172455,full_system,in_the_wild
/Users/ahooker/Documents/Dissertation/virtushield/final-datasets/in-the-wild-final-small/SAFE/0/frame_11580.jpg,SAFE,SAFE,0.17314399778842926,full_system,in_the_wild
/Users/ahooker/Documents/Dissertation/virtushield/final-datasets/in-the-wild-final-small/SAFE/0/frame_11580__1.jpg,SAFE,SAFE,0.35049647092819214,full_system,in_the_wild
/Users/ahooker/Documents/Dissertation/virtushield/final-datasets/in-the-wild-final-small/SAFE/0/frame_11580__2.jpg,SAFE,SAFE,0.26092833280563354,full_system,in_the_wild
/Users/ahooker/Documents/Dissertation/virtushield/final-datasets/in-the-wild-final-small/SAFE/0/frame_11580__3.jpg,SAFE,UNSAFE,0.7212522625923157,full_system,in_the_wild
/Users/ahooker/Documents/Dissertation/virtushield/final-datasets/in-the-wild-final-small/SAFE/0/frame_11660.jpg,SAFE,SAFE,0.23080463707447052,full_system,in_the_wild
/Users/ahooker/Documents/Dissertation/virtushield/final-datasets/in-the-wild-final-small/SAFE/0/frame_11700.jpg,SAFE,UNSAFE,0.7268222570419312,full_system,in_the_wild
/Users/ahooker/Documents/Dissertation/virtushield/final-datasets/in-the-wild-final-small/SAFE/0/frame_11720.jpg,SAFE,SAFE,0.3969869315624237,full_system,in_the_wild
/Users/ahooker/Documents/Dissertation/virtushield/final-datasets/in-the-wild-final-small/SAFE/0/frame_11720__1.jpg,SAFE,SAFE,0.351794570684433,full_system,in_the_wild
/Users/ahooker/Documents/Dissertation/virtushield/final-datasets/in-the-wild-final-small/SAFE/0/frame_11720__2.jpg,SAFE,SAFE,0.24573633074760437,full_system,in_the_wild
/Users/ahooker/Documents/Dissertation/virtushield/final-datasets/in-the-wild-final-small/SAFE/0/frame_11760.jpg,SAFE,SAFE,0.059056587517261505,full_system,in_the_wild
/Users/ahooker/Documents/Dissertation/virtushield/final-datasets/in-the-wild-final-small/SAFE/0/frame_1180.jpg,SAFE,SAFE,0.21470975875854492,full_system,in_the_wild
/Users/ahooker/Documents/Dissertation/virtushield/final-datasets/in-the-wild-final-small/SAFE/0/frame_11840.jpg,SAFE,SAFE,0.33827561140060425,full_system,in_the_wild
/Users/ahooker/Documents/Dissertation/virtushield/final-datasets/in-the-wild-final-small/SAFE/0/frame_11840__1.jpg,SAFE,UNSAFE,0.717391312122345,full_system,in_the_wild
/Users/ahooker/Documents/Dissertation/virtushield/final-datasets/in-the-wild-final-small/SAFE/0/frame_11860.jpg,SAFE,UNSAFE,0.7495943307876587,full_system,in_the_wild
/Users/ahooker/Documents/Dissertation/virtushield/final-datasets/in-the-wild-final-small/SAFE/0/frame_11860__1.jpg,SAFE,SAFE,0.23774249851703644,full_system,in_the_wild
/Users/ahooker/Documents/Dissertation/virtushield/final-datasets/in-the-wild-final-small/SAFE/0/frame_11920.jpg,SAFE,SAFE,0.16972118616104126,full_system,in_the_wild
/Users/ahooker/Documents/Dissertation/virtushield/final-datasets/in-the-wild-final-small/SAFE/0/frame_11980.jpg,SAFE,UNSAFE,0.7354809641838074,full_system,in_the_wild
/Users/ahooker/Documents/Dissertation/virtushield/final-datasets/in-the-wild-final-small/SAFE/0/frame_120.jpg,SAFE,SAFE,0.35077527165412903,full_system,in_the_wild
/Users/ahooker/Documents/Dissertation/virtushield/final-datasets/in-the-wild-final-small/SAFE/0/frame_12000.jpg,SAFE,SAFE,0.4554870128631592,full_system,in_the_wild
/Users/ahooker/Documents/Dissertation/virtushield/final-datasets/in-the-wild-final-small/SAFE/0/frame_12020.jpg,SAFE,SAFE,0.18880228698253632,full_system,in_the_wild
/Users/ahooker/Documents/Dissertation/virtushield/final-datasets/in-the-wild-final-small/SAFE/0/frame_12040.jpg,SAFE,SAFE,0.18909838795661926,full_system,in_the_wild
/Users/ahooker/Documents/Dissertation/virtushield/final-datasets/in-the-wild-final-small/SAFE/0/frame_12060.jpg,SAFE,SAFE,0.19468697905540466,full_system,in_the_wild
/Users/ahooker/Documents/Dissertation/virtushield/final-datasets/in-the-wild-final-small/SAFE/0/frame_12100.jpg,SAFE,SAFE,0.29341357946395874,full_system,in_the_wild
/Users/ahooker/Documents/Dissertation/virtushield/final-datasets/in-the-wild-final-small/SAFE/0/frame_12120.jpg,SAFE,SAFE,0.295197457075119,full_system,in_the_wild
/Users/ahooker/Documents/Dissertation/virtushield/final-datasets/in-the-wild-final-small/SAFE/0/frame_12200.jpg,SAFE,SAFE,0.18094667792320251,full_system,in_the_wild
/Users/ahooker/Documents/Dissertation/virtushield/final-datasets/in-the-wild-final-small/SAFE/0/frame_12200__1.jpg,SAFE,SAFE,0.30332818627357483,full_system,in_the_wild
/Users/ahooker/Documents/Dissertation/virtushield/final-datasets/in-the-wild-final-small/SAFE/0/frame_12200__2.jpg,SAFE,UNSAFE,0.5125775933265686,full_system,in_the_wild
/Users/ahooker/Documents/Dissertation/virtushield/final-datasets/in-the-wild-final-small/SAFE/0/frame_12220.jpg,SAFE,SAFE,0.3166702687740326,full_system,in_the_wild
/Users/ahooker/Documents/Dissertation/virtushield/final-datasets/in-the-wild-final-small/SAFE/0/frame_12260.jpg,SAFE,SAFE,0.21895302832126617,full_system,in_the_wild
/Users/ahooker/Documents/Dissertation/virtushield/final-datasets/in-the-wild-final-small/SAFE/0/frame_12260__1.jpg,SAFE,SAFE,0.24739885330200195,full_system,in_the_wild
/Users/ahooker/Documents/Dissertation/virtushield/final-datasets/in-the-wild-final-small/SAFE/0/frame_12320.jpg,SAFE,SAFE,0.15911860764026642,full_system,in_the_wild
/Users/ahooker/Documents/Dissertation/virtushield/final-datasets/in-the-wild-final-small/SAFE/0/frame_12340.jpg,SAFE,UNSAFE,0.7159194946289062,full_system,in_the_wild
/Users/ahooker/Documents/Dissertation/virtushield/final-datasets/in-the-wild-final-small/SAFE/0/frame_12460.jpg,SAFE,SAFE,0.259855717420578,full_system,in_the_wild
/Users/ahooker/Documents/Dissertation/virtushield/final-datasets/in-the-wild-final-small/SAFE/0/frame_12480.jpg,SAFE,SAFE,0.2118133157491684,full_system,in_the_wild
/Users/ahooker/Documents/Dissertation/virtushield/final-datasets/in-the-wild-final-small/SAFE/0/frame_12540.jpg,SAFE,SAFE,0.22912395000457764,full_system,in_the_wild
/Users/ahooker/Documents/Dissertation/virtushield/final-datasets/in-the-wild-final-small/SAFE/0/frame_12540__1.jpg,SAFE,SAFE,0.3544439673423767,full_system,in_the_wild
/Users/ahooker/Documents/Dissertation/virtushield/final-datasets/in-the-wild-final-small/SAFE/0/frame_12560.jpg,SAFE,SAFE,0.32905980944633484,full_system,in_the_wild
/Users/ahooker/Documents/Dissertation/virtushield/final-datasets/in-the-wild-final-small/SAFE/0/frame_12560__1.jpg,SAFE,SAFE,0.1576523780822754,full_system,in_the_wild
/Users/ahooker/Documents/Dissertation/virtushield/final-datasets/in-the-wild-final-small/SAFE/0/frame_12560__2.jpg,SAFE,SAFE,0.32018741965293884,full_system,in_the_wild
/Users/ahooker/Documents/Dissertation/virtushield/final-datasets/in-the-wild-final-small/SAFE/0/frame_12600.jpg,SAFE,SAFE,0.08856900781393051,full_system,in_the_wild
/Users/ahooker/Documents/Dissertation/virtushield/final-datasets/in-the-wild-final-small/SAFE/0/frame_12620.jpg,SAFE,SAFE,0.40501177310943604,full_system,in_the_wild
/Users/ahooker/Documents/Dissertation/virtushield/final-datasets/in-the-wild-final-small/SAFE/0/frame_12640.jpg,SAFE,SAFE,0.36448898911476135,full_system,in_the_wild
/Users/ahooker/Documents/Dissertation/virtushield/final-datasets/in-the-wild-final-small/SAFE/0/frame_12680.jpg,SAFE,UNSAFE,0.6456388831138611,full_system,in_the_wild
/Users/ahooker/Documents/Dissertation/virtushield/final-datasets/in-the-wild-final-small/SAFE/0/frame_12760.jpg,SAFE,UNSAFE,0.7143132090568542,full_system,in_the_wild
/Users/ahooker/Documents/Dissertation/virtushield/final-datasets/in-the-wild-final-small/SAFE/0/frame_1280.jpg,SAFE,SAFE,0.29152750968933105,full_system,in_the_wild
/Users/ahooker/Documents/Dissertation/virtushield/final-datasets/in-the-wild-final-small/SAFE/0/frame_12820.jpg,SAFE,UNSAFE,0.5245369076728821,full_system,in_the_wild
/Users/ahooker/Documents/Dissertation/virtushield/final-datasets/in-the-wild-final-small/SAFE/0/frame_12820__1.jpg,SAFE,SAFE,0.21932870149612427,full_system,in_the_wild
/Users/ahooker/Documents/Dissertation/virtushield/final-datasets/in-the-wild-final-small/SAFE/0/frame_12860.jpg,SAFE,SAFE,0.33488211035728455,full_system,in_the_wild
/Users/ahooker/Documents/Dissertation/virtushield/final-datasets/in-the-wild-final-small/SAFE/0/frame_12880.jpg,SAFE,SAFE,0.25685492157936096,full_system,in_the_wild
/Users/ahooker/Documents/Dissertation/virtushield/final-datasets/in-the-wild-final-small/SAFE/0/frame_12920.jpg,SAFE,UNSAFE,0.7032238245010376,full_system,in_the_wild
/Users/ahooker/Documents/Dissertation/virtushield/final-datasets/in-the-wild-final-small/SAFE/0/frame_12920__1.jpg,SAFE,SAFE,0.0994507297873497,full_system,in_the_wild
/Users/ahooker/Documents/Dissertation/virtushield/final-datasets/in-the-wild-final-small/SAFE/0/frame_13060.jpg,SAFE,SAFE,0.31987279653549194,full_system,in_the_wild
/Users/ahooker/Documents/Dissertation/virtushield/final-datasets/in-the-wild-final-small/SAFE/0/frame_13100.jpg,SAFE,SAFE,0.24786482751369476,full_system,in_the_wild
/Users/ahooker/Documents/Dissertation/virtushield/final-datasets/in-the-wild-final-small/SAFE/0/frame_13100__1.jpg,SAFE,SAFE,0.25360748171806335,full_system,in_the_wild
/Users/ahooker/Documents/Dissertation/virtushield/final-datasets/in-the-wild-final-small/SAFE/0/frame_13140.jpg,SAFE,SAFE,0.36540845036506653,full_system,in_the_wild
/Users/ahooker/Documents/Dissertation/virtushield/final-datasets/in-the-wild-final-small/SAFE/0/frame_13180.jpg,SAFE,SAFE,0.1749418079853058,full_system,in_the_wild
/Users/ahooker/Documents/Dissertation/virtushield/final-datasets/in-the-wild-final-small/SAFE/0/frame_1320.jpg,SAFE,SAFE,0.15768785774707794,full_system,in_the_wild
/Users/ahooker/Documents/Dissertation/virtushield/final-datasets/in-the-wild-final-small/SAFE/0/frame_13320.jpg,SAFE,SAFE,0.1457330882549286,full_system,in_the_wild
/Users/ahooker/Documents/Dissertation/virtushield/final-datasets/in-the-wild-final-small/SAFE/0/frame_13360.jpg,SAFE,SAFE,0.3909662067890167,full_system,in_the_wild
/Users/ahooker/Documents/Dissertation/virtushield/final-datasets/in-the-wild-final-small/SAFE/0/frame_13420.jpg,SAFE,SAFE,0.3493025004863739,full_system,in_the_wild
/Users/ahooker/Documents/Dissertation/virtushield/final-datasets/in-the-wild-final-small/SAFE/0/frame_13420__1.jpg,SAFE,SAFE,0.15382802486419678,full_system,in_the_wild
/Users/ahooker/Documents/Dissertation/virtushield/final-datasets/in-the-wild-final-small/SAFE/0/frame_13500.jpg,SAFE,UNSAFE,0.6179410815238953,full_system,in_the_wild
/Users/ahooker/Documents/Dissertation/virtushield/final-datasets/in-the-wild-final-small/SAFE/0/frame_13540.jpg,SAFE,SAFE,0.26830044388771057,full_system,in_the_wild
/Users/ahooker/Documents/Dissertation/virtushield/final-datasets/in-the-wild-final-small/SAFE/0/frame_13580.jpg,SAFE,SAFE,0.11272595077753067,full_system,in_the_wild
/Users/ahooker/Documents/Dissertation/virtushield/final-datasets/in-the-wild-final-small/SAFE/0/frame_13600.jpg,SAFE,SAFE,0.25323614478111267,full_system,in_the_wild
/Users/ahooker/Documents/Dissertation/virtushield/final-datasets/in-the-wild-final-small/SAFE/0/frame_13620.jpg,SAFE,SAFE,0.2799438238143921,full_system,in_the_wild
/Users/ahooker/Documents/Dissertation/virtushield/final-datasets/in-the-wild-final-small/SAFE/0/frame_13660.jpg,SAFE,SAFE,0.2313736379146576,full_system,in_the_wild
/Users/ahooker/Documents/Dissertation/virtushield/final-datasets/in-the-wild-final-small/SAFE/0/frame_13700.jpg,SAFE,SAFE,0.28870031237602234,full_system,in_the_wild
/Users/ahooker/Documents/Dissertation/virtushield/final-datasets/in-the-wild-final-small/SAFE/0/frame_13700__1.jpg,SAFE,SAFE,0.30204877257347107,full_system,in_the_wild
/Users/ahooker/Documents/Dissertation/virtushield/final-datasets/in-the-wild-final-small/SAFE/0/frame_13720.jpg,SAFE,SAFE,0.38342800736427307,full_system,in_the_wild
/Users/ahooker/Documents/Dissertation/virtushield/final-datasets/in-the-wild-final-small/SAFE/0/frame_13740.jpg,SAFE,SAFE,0.23804162442684174,full_system,in_the_wild
/Users/ahooker/Documents/Dissertation/virtushield/final-datasets/in-the-wild-final-small/SAFE/0/frame_13760.jpg,SAFE,UNSAFE,0.5179876089096069,full_system,in_the_wild
/Users/ahooker/Documents/Dissertation/virtushield/final-datasets/in-the-wild-final-small/SAFE/0/frame_13780.jpg,SAFE,SAFE,0.22995206713676453,full_system,in_the_wild
/Users/ahooker/Documents/Dissertation/virtushield/final-datasets/in-the-wild-final-small/SAFE/0/frame_13820.jpg,SAFE,UNSAFE,0.5519442558288574,full_system,in_the_wild
/Users/ahooker/Documents/Dissertation/virtushield/final-datasets/in-the-wild-final-small/SAFE/0/frame_13920.jpg,SAFE,SAFE,0.38014930486679077,full_system,in_the_wild
/Users/ahooker/Documents/Dissertation/virtushield/final-datasets/in-the-wild-final-small/SAFE/0/frame_13940.jpg,SAFE,SAFE,0.19459611177444458,full_system,in_the_wild
/Users/ahooker/Documents/Dissertation/virtushield/final-datasets/in-the-wild-final-small/SAFE/0/frame_13960.jpg,SAFE,SAFE,0.2508934438228607,full_system,in_the_wild
/Users/ahooker/Documents/Dissertation/virtushield/final-datasets/in-the-wild-final-small/SAFE/0/frame_14000.jpg,SAFE,SAFE,0.22784563899040222,full_system,in_the_wild
/Users/ahooker/Documents/Dissertation/virtushield/final-datasets/in-the-wild-final-small/SAFE/0/frame_14020.jpg,SAFE,SAFE,0.2772195339202881,full_system,in_the_wild
/Users/ahooker/Documents/Dissertation/virtushield/final-datasets/in-the-wild-final-small/SAFE/0/frame_14080.jpg,SAFE,SAFE,0.32474011182785034,full_system,in_the_wild
/Users/ahooker/Documents/Dissertation/virtushield/final-datasets/in-the-wild-final-small/SAFE/0/frame_14120.jpg,SAFE,SAFE,0.07211092859506607,full_system,in_the_wild
/Users/ahooker/Documents/Dissertation/virtushield/final-datasets/in-the-wild-final-small/SAFE/0/frame_14200.jpg,SAFE,SAFE,0.3476621210575104,full_system,in_the_wild
/Users/ahooker/Documents/Dissertation/virtushield/final-datasets/in-the-wild-final-small/SAFE/0/frame_14260.jpg,SAFE,SAFE,0.26372456550598145,full_system,in_the_wild
/Users/ahooker/Documents/Dissertation/virtushield/final-datasets/in-the-wild-final-small/SAFE/0/frame_14300.jpg,SAFE,SAFE,0.27154096961021423,full_system,in_the_wild
/Users/ahooker/Documents/Dissertation/virtushield/final-datasets/in-the-wild-final-small/SAFE/0/frame_14340.jpg,SAFE,SAFE,0.31440138816833496,full_system,in_the_wild
/Users/ahooker/Documents/Dissertation/virtushield/final-datasets/in-the-wild-final-small/SAFE/0/frame_1440.jpg,SAFE,SAFE,0.22970257699489594,full_system,in_the_wild
/Users/ahooker/Documents/Dissertation/virtushield/final-datasets/in-the-wild-final-small/SAFE/0/frame_14400.jpg,SAFE,SAFE,0.28960317373275757,full_system,in_the_wild
/Users/ahooker/Documents/Dissertation/virtushield/final-datasets/in-the-wild-final-small/SAFE/0/frame_14460.jpg,SAFE,SAFE,0.19234491884708405,full_system,in_the_wild
/Users/ahooker/Documents/Dissertation/virtushield/final-datasets/in-the-wild-final-small/SAFE/0/frame_14540.jpg,SAFE,SAFE,0.31908637285232544,full_system,in_the_wild
/Users/ahooker/Documents/Dissertation/virtushield/final-datasets/in-the-wild-final-small/SAFE/0/frame_14580.jpg,SAFE,SAFE,0.33425408601760864,full_system,in_the_wild
/Users/ahooker/Documents/Dissertation/virtushield/final-datasets/in-the-wild-final-small/SAFE/0/frame_14640.jpg,SAFE,UNSAFE,0.6072714328765869,full_system,in_the_wild
/Users/ahooker/Documents/Dissertation/virtushield/final-datasets/in-the-wild-final-small/SAFE/0/frame_14660.jpg,SAFE,SAFE,0.29666975140571594,full_system,in_the_wild
/Users/ahooker/Documents/Dissertation/virtushield/final-datasets/in-the-wild-final-small/SAFE/0/frame_14660__1.jpg,SAFE,SAFE,0.31005996465682983,full_system,in_the_wild
/Users/ahooker/Documents/Dissertation/virtushield/final-datasets/in-the-wild-final-small/SAFE/0/frame_14760.jpg,SAFE,SAFE,0.36520373821258545,full_system,in_the_wild
/Users/ahooker/Documents/Dissertation/virtushield/final-datasets/in-the-wild-final-small/SAFE/0/frame_1480.jpg,SAFE,SAFE,0.3901168406009674,full_system,in_the_wild
/Users/ahooker/Documents/Dissertation/virtushield/final-datasets/in-the-wild-final-small/SAFE/0/frame_14800.jpg,SAFE,SAFE,0.11884652823209763,full_system,in_the_wild
/Users/ahooker/Documents/Dissertation/virtushield/final-datasets/in-the-wild-final-small/SAFE/0/frame_1480__1.jpg,SAFE,SAFE,0.27850180864334106,full_system,in_the_wild
/Users/ahooker/Documents/Dissertation/virtushield/final-datasets/in-the-wild-final-small/SAFE/0/frame_14820.jpg,SAFE,SAFE,0.3236268162727356,full_system,in_the_wild
/Users/ahooker/Documents/Dissertation/virtushield/final-datasets/in-the-wild-final-small/SAFE/0/frame_14840.jpg,SAFE,UNSAFE,0.7668625116348267,full_system,in_the_wild
/Users/ahooker/Documents/Dissertation/virtushield/final-datasets/in-the-wild-final-small/SAFE/0/frame_15000.jpg,SAFE,UNSAFE,0.7747375965118408,full_system,in_the_wild
/Users/ahooker/Documents/Dissertation/virtushield/final-datasets/in-the-wild-final-small/SAFE/0/frame_15060.jpg,SAFE,SAFE,0.39283487200737,full_system,in_the_wild
/Users/ahooker/Documents/Dissertation/virtushield/final-datasets/in-the-wild-final-small/SAFE/0/frame_15160.jpg,SAFE,SAFE,0.27143460512161255,full_system,in_the_wild
/Users/ahooker/Documents/Dissertation/virtushield/final-datasets/in-the-wild-final-small/SAFE/0/frame_15160__1.jpg,SAFE,UNSAFE,0.7596416473388672,full_system,in_the_wild
/Users/ahooker/Documents/Dissertation/virtushield/final-datasets/in-the-wild-final-small/SAFE/0/frame_1520.jpg,SAFE,SAFE,0.1948697715997696,full_system,in_the_wild
/Users/ahooker/Documents/Dissertation/virtushield/final-datasets/in-the-wild-final-small/SAFE/0/frame_15220.jpg,SAFE,SAFE,0.27240774035453796,full_system,in_the_wild
/Users/ahooker/Documents/Dissertation/virtushield/final-datasets/in-the-wild-final-small/SAFE/0/frame_15280.jpg,SAFE,SAFE,0.3541071116924286,full_system,in_the_wild
/Users/ahooker/Documents/Dissertation/virtushield/final-datasets/in-the-wild-final-small/SAFE/0/frame_15280__1.jpg,SAFE,SAFE,0.28616857528686523,full_system,in_the_wild
/Users/ahooker/Documents/Dissertation/virtushield/final-datasets/in-the-wild-final-small/SAFE/0/frame_15280__2.jpg,SAFE,SAFE,0.3928603529930115,full_system,in_the_wild
/Users/ahooker/Documents/Dissertation/virtushield/final-datasets/in-the-wild-final-small/SAFE/0/frame_15460.jpg,SAFE,UNSAFE,0.827968955039978,full_system,in_the_wild
/Users/ahooker/Documents/Dissertation/virtushield/final-datasets/in-the-wild-final-small/SAFE/0/frame_15520.jpg,SAFE,SAFE,0.1697693020105362,full_system,in_the_wild
/Users/ahooker/Documents/Dissertation/virtushield/final-datasets/in-the-wild-final-small/SAFE/0/frame_15560.jpg,SAFE,SAFE,0.4132905900478363,full_system,in_the_wild
/Users/ahooker/Documents/Dissertation/virtushield/final-datasets/in-the-wild-final-small/SAFE/0/frame_15580.jpg,SAFE,UNSAFE,0.7735216021537781,full_system,in_the_wild
/Users/ahooker/Documents/Dissertation/virtushield/final-datasets/in-the-wild-final-small/SAFE/0/frame_15640.jpg,SAFE,SAFE,0.39119967818260193,full_system,in_the_wild
/Users/ahooker/Documents/Dissertation/virtushield/final-datasets/in-the-wild-final-small/SAFE/0/frame_15720.jpg,SAFE,SAFE,0.36771172285079956,full_system,in_the_wild
/Users/ahooker/Documents/Dissertation/virtushield/final-datasets/in-the-wild-final-small/SAFE/0/frame_15740.jpg,SAFE,UNSAFE,0.7059364318847656,full_system,in_the_wild
/Users/ahooker/Documents/Dissertation/virtushield/final-datasets/in-the-wild-final-small/SAFE/0/frame_1580.jpg,SAFE,SAFE,0.0839156061410904,full_system,in_the_wild
/Users/ahooker/Documents/Dissertation/virtushield/final-datasets/in-the-wild-final-small/SAFE/0/frame_15820.jpg,SAFE,UNSAFE,0.715629518032074,full_system,in_the_wild
/Users/ahooker/Documents/Dissertation/virtushield/final-datasets/in-the-wild-final-small/SAFE/0/frame_15820__1.jpg,SAFE,UNSAFE,0.7083566784858704,full_system,in_the_wild
/Users/ahooker/Documents/Dissertation/virtushield/final-datasets/in-the-wild-final-small/SAFE/0/frame_15900.jpg,SAFE,SAFE,0.3665277659893036,full_system,in_the_wild
/Users/ahooker/Documents/Dissertation/virtushield/final-datasets/in-the-wild-final-small/SAFE/0/frame_15920.jpg,SAFE,UNSAFE,0.7153878211975098,full_system,in_the_wild
/Users/ahooker/Documents/Dissertation/virtushield/final-datasets/in-the-wild-final-small/SAFE/0/frame_15960.jpg,SAFE,SAFE,0.2718217670917511,full_system,in_the_wild
/Users/ahooker/Documents/Dissertation/virtushield/final-datasets/in-the-wild-final-small/SAFE/0/frame_15980.jpg,SAFE,SAFE,0.3955284357070923,full_system,in_the_wild
/Users/ahooker/Documents/Dissertation/virtushield/final-datasets/in-the-wild-final-small/SAFE/0/frame_16120.jpg,SAFE,SAFE,0.3514023721218109,full_system,in_the_wild
/Users/ahooker/Documents/Dissertation/virtushield/final-datasets/in-the-wild-final-small/SAFE/0/frame_1620.jpg,SAFE,SAFE,0.2309960126876831,full_system,in_the_wild
/Users/ahooker/Documents/Dissertation/virtushield/final-datasets/in-the-wild-final-small/SAFE/0/frame_16280.jpg,SAFE,SAFE,0.1337503343820572,full_system,in_the_wild
/Users/ahooker/Documents/Dissertation/virtushield/final-datasets/in-the-wild-final-small/SAFE/0/frame_16360.jpg,SAFE,UNSAFE,0.608316957950592,full_system,in_the_wild
/Users/ahooker/Documents/Dissertation/virtushield/final-datasets/in-the-wild-final-small/SAFE/0/frame_16380.jpg,SAFE,UNSAFE,0.628164529800415,full_system,in_the_wild
/Users/ahooker/Documents/Dissertation/virtushield/final-datasets/in-the-wild-final-small/SAFE/0/frame_1640.jpg,SAFE,SAFE,0.166908398270607,full_system,in_the_wild
/Users/ahooker/Documents/Dissertation/virtushield/final-datasets/in-the-wild-final-small/SAFE/0/frame_1640__1.jpg,SAFE,SAFE,0.3679330348968506,full_system,in_the_wild
/Users/ahooker/Documents/Dissertation/virtushield/final-datasets/in-the-wild-final-small/SAFE/0/frame_16500.jpg,SAFE,SAFE,0.280404657125473,full_system,in_the_wild
/Users/ahooker/Documents/Dissertation/virtushield/final-datasets/in-the-wild-final-small/SAFE/0/frame_16560.jpg,SAFE,SAFE,0.14158158004283905,full_system,in_the_wild
/Users/ahooker/Documents/Dissertation/virtushield/final-datasets/in-the-wild-final-small/SAFE/0/frame_16580.jpg,SAFE,SAFE,0.3971098065376282,full_system,in_the_wild
/Users/ahooker/Documents/Dissertation/virtushield/final-datasets/in-the-wild-final-small/SAFE/0/frame_16580__1.jpg,SAFE,UNSAFE,0.7298347353935242,full_system,in_the_wild
/Users/ahooker/Documents/Dissertation/virtushield/final-datasets/in-the-wild-final-small/SAFE/0/frame_1660.jpg,SAFE,SAFE,0.13273660838603973,full_system,in_the_wild
/Users/ahooker/Documents/Dissertation/virtushield/final-datasets/in-the-wild-final-small/SAFE/0/frame_16600.jpg,SAFE,UNSAFE,0.7782864570617676,full_system,in_the_wild
/Users/ahooker/Documents/Dissertation/virtushield/final-datasets/in-the-wild-final-small/SAFE/0/frame_16720.jpg,SAFE,SAFE,0.21837720274925232,full_system,in_the_wild
/Users/ahooker/Documents/Dissertation/virtushield/final-datasets/in-the-wild-final-small/SAFE/0/frame_16740.jpg,SAFE,UNSAFE,0.6915856599807739,full_system,in_the_wild
/Users/ahooker/Documents/Dissertation/virtushield/final-datasets/in-the-wild-final-small/SAFE/0/frame_16800.jpg,SAFE,SAFE,0.3995233476161957,full_system,in_the_wild
/Users/ahooker/Documents/Dissertation/virtushield/final-datasets/in-the-wild-final-small/SAFE/0/frame_16920.jpg,SAFE,SAFE,0.1948224902153015,full_system,in_the_wild
/Users/ahooker/Documents/Dissertation/virtushield/final-datasets/in-the-wild-final-small/SAFE/0/frame_16960.jpg,SAFE,SAFE,0.44241267442703247,full_system,in_the_wild
/Users/ahooker/Documents/Dissertation/virtushield/final-datasets/in-the-wild-final-small/SAFE/0/frame_17000.jpg,SAFE,SAFE,0.3636853098869324,full_system,in_the_wild
/Users/ahooker/Documents/Dissertation/virtushield/final-datasets/in-the-wild-final-small/SAFE/0/frame_17220.jpg,SAFE,UNSAFE,0.7226005792617798,full_system,in_the_wild
/Users/ahooker/Documents/Dissertation/virtushield/final-datasets/in-the-wild-final-small/SAFE/0/frame_17320.jpg,SAFE,SAFE,0.3303024172782898,full_system,in_the_wild
/Users/ahooker/Documents/Dissertation/virtushield/final-datasets/in-the-wild-final-small/SAFE/0/frame_17340.jpg,SAFE,UNSAFE,0.7320445775985718,full_system,in_the_wild
/Users/ahooker/Documents/Dissertation/virtushield/final-datasets/in-the-wild-final-small/SAFE/0/frame_17360.jpg,SAFE,UNSAFE,0.5450051426887512,full_system,in_the_wild
/Users/ahooker/Documents/Dissertation/virtushield/final-datasets/in-the-wild-final-small/SAFE/0/frame_17460.jpg,SAFE,SAFE,0.17838965356349945,full_system,in_the_wild
/Users/ahooker/Documents/Dissertation/virtushield/final-datasets/in-the-wild-final-small/SAFE/0/frame_17660.jpg,SAFE,SAFE,0.2646923363208771,full_system,in_the_wild
/Users/ahooker/Documents/Dissertation/virtushield/final-datasets/in-the-wild-final-small/SAFE/0/frame_17660__1.jpg,SAFE,SAFE,0.1551487296819687,full_system,in_the_wild
/Users/ahooker/Documents/Dissertation/virtushield/final-datasets/in-the-wild-final-small/SAFE/0/frame_17680.jpg,SAFE,SAFE,0.3270164728164673,full_system,in_the_wild
/Users/ahooker/Documents/Dissertation/virtushield/final-datasets/in-the-wild-final-small/SAFE/0/frame_1780.jpg,SAFE,SAFE,0.05083027854561806,full_system,in_the_wild
/Users/ahooker/Documents/Dissertation/virtushield/final-datasets/in-the-wild-final-small/SAFE/0/frame_1780__1.jpg,SAFE,UNSAFE,0.7788320779800415,full_system,in_the_wild
/Users/ahooker/Documents/Dissertation/virtushield/final-datasets/in-the-wild-final-small/SAFE/0/frame_17820.jpg,SAFE,SAFE,0.31236591935157776,full_system,in_the_wild
/Users/ahooker/Documents/Dissertation/virtushield/final-datasets/in-the-wild-final-small/SAFE/0/frame_17840.jpg,SAFE,UNSAFE,0.5532906651496887,full_system,in_the_wild
/Users/ahooker/Documents/Dissertation/virtushield/final-datasets/in-the-wild-final-small/SAFE/0/frame_17880.jpg,SAFE,UNSAFE,0.6732488870620728,full_system,in_the_wild
/Users/ahooker/Documents/Dissertation/virtushield/final-datasets/in-the-wild-final-small/SAFE/0/frame_17920.jpg,SAFE,SAFE,0.3503536880016327,full_system,in_the_wild
/Users/ahooker/Documents/Dissertation/virtushield/final-datasets/in-the-wild-final-small/SAFE/0/frame_180.jpg,SAFE,SAFE,0.3904735743999481,full_system,in_the_wild
/Users/ahooker/Documents/Dissertation/virtushield/final-datasets/in-the-wild-final-small/SAFE/0/frame_18260.jpg,SAFE,SAFE,0.360980361700058,full_system,in_the_wild
/Users/ahooker/Documents/Dissertation/virtushield/final-datasets/in-the-wild-final-small/SAFE/0/frame_18320.jpg,SAFE,SAFE,0.30062606930732727,full_system,in_the_wild
/Users/ahooker/Documents/Dissertation/virtushield/final-datasets/in-the-wild-final-small/SAFE/0/frame_18420.jpg,SAFE,SAFE,0.3032104969024658,full_system,in_the_wild
/Users/ahooker/Documents/Dissertation/virtushield/final-datasets/in-the-wild-final-small/SAFE/0/frame_18580.jpg,SAFE,SAFE,0.25715798139572144,full_system,in_the_wild
/Users/ahooker/Documents/Dissertation/virtushield/final-datasets/in-the-wild-final-small/SAFE/0/frame_18680.jpg,SAFE,UNSAFE,0.7209838628768921,full_system,in_the_wild
/Users/ahooker/Documents/Dissertation/virtushield/final-datasets/in-the-wild-final-small/SAFE/0/frame_18740.jpg,SAFE,SAFE,0.392508864402771,full_system,in_the_wild
/Users/ahooker/Documents/Dissertation/virtushield/final-datasets/in-the-wild-final-small/SAFE/0/frame_18740__1.jpg,SAFE,SAFE,0.21863874793052673,full_system,in_the_wild
/Users/ahooker/Documents/Dissertation/virtushield/final-datasets/in-the-wild-final-small/SAFE/0/frame_18780.jpg,SAFE,SAFE,0.27321404218673706,full_system,in_the_wild
/Users/ahooker/Documents/Dissertation/virtushield/final-datasets/in-the-wild-final-small/SAFE/0/frame_1880.jpg,SAFE,SAFE,0.2609632611274719,full_system,in_the_wild
/Users/ahooker/Documents/Dissertation/virtushield/final-datasets/in-the-wild-final-small/SAFE/0/frame_18980.jpg,SAFE,SAFE,0.3466946482658386,full_system,in_the_wild
/Users/ahooker/Documents/Dissertation/virtushield/final-datasets/in-the-wild-final-small/SAFE/0/frame_18980__1.jpg,SAFE,SAFE,0.3973577618598938,full_system,in_the_wild
/Users/ahooker/Documents/Dissertation/virtushield/final-datasets/in-the-wild-final-small/SAFE/0/frame_1900.jpg,SAFE,UNSAFE,0.7041852474212646,full_system,in_the_wild
/Users/ahooker/Documents/Dissertation/virtushield/final-datasets/in-the-wild-final-small/SAFE/0/frame_19060.jpg,SAFE,SAFE,0.2594234347343445,full_system,in_the_wild
/Users/ahooker/Documents/Dissertation/virtushield/final-datasets/in-the-wild-final-small/SAFE/0/frame_19080.jpg,SAFE,SAFE,0.08119943737983704,full_system,in_the_wild
/Users/ahooker/Documents/Dissertation/virtushield/final-datasets/in-the-wild-final-small/SAFE/0/frame_19120.jpg,SAFE,SAFE,0.12519881129264832,full_system,in_the_wild
/Users/ahooker/Documents/Dissertation/virtushield/final-datasets/in-the-wild-final-small/SAFE/0/frame_19120__1.jpg,SAFE,SAFE,0.3913724720478058,full_system,in_the_wild
/Users/ahooker/Documents/Dissertation/virtushield/final-datasets/in-the-wild-final-small/SAFE/0/frame_19160.jpg,SAFE,SAFE,0.2724459171295166,full_system,in_the_wild
/Users/ahooker/Documents/Dissertation/virtushield/final-datasets/in-the-wild-final-small/SAFE/0/frame_19280.jpg,SAFE,SAFE,0.21341687440872192,full_system,in_the_wild
/Users/ahooker/Documents/Dissertation/virtushield/final-datasets/in-the-wild-final-small/SAFE/0/frame_19280__1.jpg,SAFE,SAFE,0.27379655838012695,full_system,in_the_wild
/Users/ahooker/Documents/Dissertation/virtushield/final-datasets/in-the-wild-final-small/SAFE/0/frame_19340.jpg,SAFE,SAFE,0.27049002051353455,full_system,in_the_wild
/Users/ahooker/Documents/Dissertation/virtushield/final-datasets/in-the-wild-final-small/SAFE/0/frame_19400.jpg,SAFE,SAFE,0.3518141508102417,full_system,in_the_wild
/Users/ahooker/Documents/Dissertation/virtushield/final-datasets/in-the-wild-final-small/SAFE/0/frame_19520.jpg,SAFE,SAFE,0.2602767050266266,full_system,in_the_wild
/Users/ahooker/Documents/Dissertation/virtushield/final-datasets/in-the-wild-final-small/SAFE/0/frame_19540.jpg,SAFE,SAFE,0.2578785717487335,full_system,in_the_wild
/Users/ahooker/Documents/Dissertation/virtushield/final-datasets/in-the-wild-final-small/SAFE/0/frame_19580.jpg,SAFE,SAFE,0.23284123837947845,full_system,in_the_wild
/Users/ahooker/Documents/Dissertation/virtushield/final-datasets/in-the-wild-final-small/SAFE/0/frame_19620.jpg,SAFE,SAFE,0.22467829287052155,full_system,in_the_wild
/Users/ahooker/Documents/Dissertation/virtushield/final-datasets/in-the-wild-final-small/SAFE/0/frame_19640.jpg,SAFE,SAFE,0.24432674050331116,full_system,in_the_wild
/Users/ahooker/Documents/Dissertation/virtushield/final-datasets/in-the-wild-final-small/SAFE/0/frame_19700.jpg,SAFE,SAFE,0.3904903531074524,full_system,in_the_wild
/Users/ahooker/Documents/Dissertation/virtushield/final-datasets/in-the-wild-final-small/SAFE/0/frame_19740.jpg,SAFE,SAFE,0.4943441152572632,full_system,in_the_wild
/Users/ahooker/Documents/Dissertation/virtushield/final-datasets/in-the-wild-final-small/SAFE/0/frame_1980.jpg,SAFE,UNSAFE,0.5778588056564331,full_system,in_the_wild
/Users/ahooker/Documents/Dissertation/virtushield/final-datasets/in-the-wild-final-small/SAFE/0/frame_19800.jpg,SAFE,SAFE,0.2606669068336487,full_system,in_the_wild
/Users/ahooker/Documents/Dissertation/virtushield/final-datasets/in-the-wild-final-small/SAFE/0/frame_19880.jpg,SAFE,UNSAFE,0.7045776844024658,full_system,in_the_wild
/Users/ahooker/Documents/Dissertation/virtushield/final-datasets/in-the-wild-final-small/SAFE/0/frame_19920.jpg,SAFE,SAFE,0.3969987630844116,full_system,in_the_wild
/Users/ahooker/Documents/Dissertation/virtushield/final-datasets/in-the-wild-final-small/SAFE/0/frame_19940.jpg,SAFE,SAFE,0.3833337426185608,full_system,in_the_wild
/Users/ahooker/Documents/Dissertation/virtushield/final-datasets/in-the-wild-final-small/SAFE/0/frame_2000.jpg,SAFE,SAFE,0.19397982954978943,full_system,in_the_wild
/Users/ahooker/Documents/Dissertation/virtushield/final-datasets/in-the-wild-final-small/SAFE/0/frame_20020.jpg,SAFE,UNSAFE,0.715934157371521,full_system,in_the_wild
/Users/ahooker/Documents/Dissertation/virtushield/final-datasets/in-the-wild-final-small/SAFE/0/frame_20160.jpg,SAFE,UNSAFE,0.5888792276382446,full_system,in_the_wild
/Users/ahooker/Documents/Dissertation/virtushield/final-datasets/in-the-wild-final-small/SAFE/0/frame_20180.jpg,SAFE,SAFE,0.37846091389656067,full_system,in_the_wild
/Users/ahooker/Documents/Dissertation/virtushield/final-datasets/in-the-wild-final-small/SAFE/0/frame_2020.jpg,SAFE,SAFE,0.23878657817840576,full_system,in_the_wild
/Users/ahooker/Documents/Dissertation/virtushield/final-datasets/in-the-wild-final-small/SAFE/0/frame_20260.jpg,SAFE,SAFE,0.17090031504631042,full_system,in_the_wild
/Users/ahooker/Documents/Dissertation/virtushield/final-datasets/in-the-wild-final-small/SAFE/0/frame_20300.jpg,SAFE,SAFE,0.26482006907463074,full_system,in_the_wild
/Users/ahooker/Documents/Dissertation/virtushield/final-datasets/in-the-wild-final-small/SAFE/0/frame_20400.jpg,SAFE,SAFE,0.16144129633903503,full_system,in_the_wild
/Users/ahooker/Documents/Dissertation/virtushield/final-datasets/in-the-wild-final-small/SAFE/0/frame_20400__1.jpg,SAFE,SAFE,0.35909438133239746,full_system,in_the_wild
/Users/ahooker/Documents/Dissertation/virtushield/final-datasets/in-the-wild-final-small/SAFE/0/frame_20440.jpg,SAFE,SAFE,0.2822839021682739,full_system,in_the_wild
/Users/ahooker/Documents/Dissertation/virtushield/final-datasets/in-the-wild-final-small/SAFE/0/frame_20540.jpg,SAFE,SAFE,0.3406094014644623,full_system,in_the_wild
/Users/ahooker/Documents/Dissertation/virtushield/final-datasets/in-the-wild-final-small/SAFE/0/frame_2060.jpg,SAFE,UNSAFE,0.7725034356117249,full_system,in_the_wild
/Users/ahooker/Documents/Dissertation/virtushield/final-datasets/in-the-wild-final-small/SAFE/0/frame_2060__1.jpg,SAFE,SAFE,0.21456344425678253,full_system,in_the_wild
/Users/ahooker/Documents/Dissertation/virtushield/final-datasets/in-the-wild-final-small/SAFE/0/frame_20620.jpg,SAFE,UNSAFE,0.7481096982955933,full_system,in_the_wild
/Users/ahooker/Documents/Dissertation/virtushield/final-datasets/in-the-wild-final-small/SAFE/0/frame_20640.jpg,SAFE,SAFE,0.3920808434486389,full_system,in_the_wild
/Users/ahooker/Documents/Dissertation/virtushield/final-datasets/in-the-wild-final-small/SAFE/0/frame_20680.jpg,SAFE,SAFE,0.45460110902786255,full_system,in_the_wild
/Users/ahooker/Documents/Dissertation/virtushield/final-datasets/in-the-wild-final-small/SAFE/0/frame_20700.jpg,SAFE,SAFE,0.3663608133792877,full_system,in_the_wild
/Users/ahooker/Documents/Dissertation/virtushield/final-datasets/in-the-wild-final-small/SAFE/0/frame_20760.jpg,SAFE,SAFE,0.3127027750015259,full_system,in_the_wild
/Users/ahooker/Documents/Dissertation/virtushield/final-datasets/in-the-wild-final-small/SAFE/0/frame_20880.jpg,SAFE,SAFE,0.09422223269939423,full_system,in_the_wild
/Users/ahooker/Documents/Dissertation/virtushield/final-datasets/in-the-wild-final-small/SAFE/0/frame_20900.jpg,SAFE,SAFE,0.18272072076797485,full_system,in_the_wild
/Users/ahooker/Documents/Dissertation/virtushield/final-datasets/in-the-wild-final-small/SAFE/0/frame_21020.jpg,SAFE,SAFE,0.3523073196411133,full_system,in_the_wild
/Users/ahooker/Documents/Dissertation/virtushield/final-datasets/in-the-wild-final-small/SAFE/0/frame_21020__1.jpg,SAFE,SAFE,0.2526007890701294,full_system,in_the_wild
/Users/ahooker/Documents/Dissertation/virtushield/final-datasets/in-the-wild-final-small/SAFE/0/frame_21160.jpg,SAFE,SAFE,0.30307260155677795,full_system,in_the_wild
/Users/ahooker/Documents/Dissertation/virtushield/final-datasets/in-the-wild-final-small/SAFE/0/frame_21500.jpg,SAFE,SAFE,0.21079835295677185,full_system,in_the_wild
/Users/ahooker/Documents/Dissertation/virtushield/final-datasets/in-the-wild-final-small/SAFE/0/frame_21600.jpg,SAFE,SAFE,0.435876727104187,full_system,in_the_wild
/Users/ahooker/Documents/Dissertation/virtushield/final-datasets/in-the-wild-final-small/SAFE/0/frame_21700.jpg,SAFE,SAFE,0.1744108349084854,full_system,in_the_wild
/Users/ahooker/Documents/Dissertation/virtushield/final-datasets/in-the-wild-final-small/SAFE/0/frame_21800.jpg,SAFE,UNSAFE,0.6455396413803101,full_system,in_the_wild
/Users/ahooker/Documents/Dissertation/virtushield/final-datasets/in-the-wild-final-small/SAFE/0/frame_21820.jpg,SAFE,SAFE,0.04309080168604851,full_system,in_the_wild
/Users/ahooker/Documents/Dissertation/virtushield/final-datasets/in-the-wild-final-small/SAFE/0/frame_21840.jpg,SAFE,SAFE,0.4218093752861023,full_system,in_the_wild
/Users/ahooker/Documents/Dissertation/virtushield/final-datasets/in-the-wild-final-small/SAFE/0/frame_21900.jpg,SAFE,SAFE,0.19922827184200287,full_system,in_the_wild
/Users/ahooker/Documents/Dissertation/virtushield/final-datasets/in-the-wild-final-small/SAFE/0/frame_21940.jpg,SAFE,SAFE,0.23831936717033386,full_system,in_the_wild
/Users/ahooker/Documents/Dissertation/virtushield/final-datasets/in-the-wild-final-small/SAFE/0/frame_21960.jpg,SAFE,SAFE,0.24305523931980133,full_system,in_the_wild
/Users/ahooker/Documents/Dissertation/virtushield/final-datasets/in-the-wild-final-small/SAFE/0/frame_220.jpg,SAFE,SAFE,0.3776639401912689,full_system,in_the_wild
/Users/ahooker/Documents/Dissertation/virtushield/final-datasets/in-the-wild-final-small/SAFE/0/frame_22100.jpg,SAFE,SAFE,0.3507813811302185,full_system,in_the_wild
/Users/ahooker/Documents/Dissertation/virtushield/final-datasets/in-the-wild-final-small/SAFE/0/frame_22520.jpg,SAFE,SAFE,0.17422305047512054,full_system,in_the_wild
/Users/ahooker/Documents/Dissertation/virtushield/final-datasets/in-the-wild-final-small/SAFE/0/frame_22540.jpg,SAFE,SAFE,0.2468583881855011,full_system,in_the_wild
/Users/ahooker/Documents/Dissertation/virtushield/final-datasets/in-the-wild-final-small/SAFE/0/frame_2280.jpg,SAFE,SAFE,0.11060073226690292,full_system,in_the_wild
/Users/ahooker/Documents/Dissertation/virtushield/final-datasets/in-the-wild-final-small/SAFE/0/frame_22800.jpg,SAFE,SAFE,0.11600608378648758,full_system,in_the_wild
/Users/ahooker/Documents/Dissertation/virtushield/final-datasets/in-the-wild-final-small/SAFE/0/frame_22840.jpg,SAFE,SAFE,0.14429929852485657,full_system,in_the_wild
/Users/ahooker/Documents/Dissertation/virtushield/final-datasets/in-the-wild-final-small/SAFE/0/frame_22860.jpg,SAFE,SAFE,0.2777728736400604,full_system,in_the_wild
/Users/ahooker/Documents/Dissertation/virtushield/final-datasets/in-the-wild-final-small/SAFE/0/frame_22900.jpg,SAFE,UNSAFE,0.7445546984672546,full_system,in_the_wild
/Users/ahooker/Documents/Dissertation/virtushield/final-datasets/in-the-wild-final-small/SAFE/0/frame_22940.jpg,SAFE,UNSAFE,0.5793718099594116,full_system,in_the_wild
/Users/ahooker/Documents/Dissertation/virtushield/final-datasets/in-the-wild-final-small/SAFE/0/frame_22980.jpg,SAFE,SAFE,0.3057933747768402,full_system,in_the_wild
/Users/ahooker/Documents/Dissertation/virtushield/final-datasets/in-the-wild-final-small/SAFE/0/frame_22980__1.jpg,SAFE,SAFE,0.2056730091571808,full_system,in_the_wild
/Users/ahooker/Documents/Dissertation/virtushield/final-datasets/in-the-wild-final-small/SAFE/0/frame_2300.jpg,SAFE,SAFE,0.34598949551582336,full_system,in_the_wild
/Users/ahooker/Documents/Dissertation/virtushield/final-datasets/in-the-wild-final-small/SAFE/0/frame_23100.jpg,SAFE,SAFE,0.15465706586837769,full_system,in_the_wild
/Users/ahooker/Documents/Dissertation/virtushield/final-datasets/in-the-wild-final-small/SAFE/0/frame_23140.jpg,SAFE,SAFE,0.15860939025878906,full_system,in_the_wild
/Users/ahooker/Documents/Dissertation/virtushield/final-datasets/in-the-wild-final-small/SAFE/0/frame_23260.jpg,SAFE,SAFE,0.14395931363105774,full_system,in_the_wild
/Users/ahooker/Documents/Dissertation/virtushield/final-datasets/in-the-wild-final-small/SAFE/0/frame_23560.jpg,SAFE,UNSAFE,0.644133448600769,full_system,in_the_wild
/Users/ahooker/Documents/Dissertation/virtushield/final-datasets/in-the-wild-final-small/SAFE/0/frame_23600.jpg,SAFE,SAFE,0.09888776391744614,full_system,in_the_wild
/Users/ahooker/Documents/Dissertation/virtushield/final-datasets/in-the-wild-final-small/SAFE/0/frame_23760.jpg,SAFE,UNSAFE,0.7293503880500793,full_system,in_the_wild
/Users/ahooker/Documents/Dissertation/virtushield/final-datasets/in-the-wild-final-small/SAFE/0/frame_2420.jpg,SAFE,SAFE,0.27321216464042664,full_system,in_the_wild
/Users/ahooker/Documents/Dissertation/virtushield/final-datasets/in-the-wild-final-small/SAFE/0/frame_2440.jpg,SAFE,SAFE,0.11014806479215622,full_system,in_the_wild
/Users/ahooker/Documents/Dissertation/virtushield/final-datasets/in-the-wild-final-small/SAFE/0/frame_2480.jpg,SAFE,SAFE,0.3785032629966736,full_system,in_the_wild
/Users/ahooker/Documents/Dissertation/virtushield/final-datasets/in-the-wild-final-small/SAFE/0/frame_2540.jpg,SAFE,SAFE,0.04420684650540352,full_system,in_the_wild
/Users/ahooker/Documents/Dissertation/virtushield/final-datasets/in-the-wild-final-small/SAFE/0/frame_2560.jpg,SAFE,UNSAFE,0.7430569529533386,full_system,in_the_wild
/Users/ahooker/Documents/Dissertation/virtushield/final-datasets/in-the-wild-final-small/SAFE/0/frame_2580.jpg,SAFE,SAFE,0.14391887187957764,full_system,in_the_wild
/Users/ahooker/Documents/Dissertation/virtushield/final-datasets/in-the-wild-final-small/SAFE/0/frame_2580__1.jpg,SAFE,SAFE,0.14391887187957764,full_system,in_the_wild
/Users/ahooker/Documents/Dissertation/virtushield/final-datasets/in-the-wild-final-small/SAFE/0/frame_2580__2.jpg,SAFE,UNSAFE,0.7542636394500732,full_system,in_the_wild
/Users/ahooker/Documents/Dissertation/virtushield/final-datasets/in-the-wild-final-small/SAFE/0/frame_25840.jpg,SAFE,SAFE,0.3894570469856262,full_system,in_the_wild
/Users/ahooker/Documents/Dissertation/virtushield/final-datasets/in-the-wild-final-small/SAFE/0/frame_2600.jpg,SAFE,SAFE,0.3258635997772217,full_system,in_the_wild
/Users/ahooker/Documents/Dissertation/virtushield/final-datasets/in-the-wild-final-small/SAFE/0/frame_2660.jpg,SAFE,SAFE,0.25551924109458923,full_system,in_the_wild
/Users/ahooker/Documents/Dissertation/virtushield/final-datasets/in-the-wild-final-small/SAFE/0/frame_2680.jpg,SAFE,SAFE,0.35984376072883606,full_system,in_the_wild
/Users/ahooker/Documents/Dissertation/virtushield/final-datasets/in-the-wild-final-small/SAFE/0/frame_2700.jpg,SAFE,SAFE,0.11508334428071976,full_system,in_the_wild
/Users/ahooker/Documents/Dissertation/virtushield/final-datasets/in-the-wild-final-small/SAFE/0/frame_27000.jpg,SAFE,SAFE,0.24476763606071472,full_system,in_the_wild
/Users/ahooker/Documents/Dissertation/virtushield/final-datasets/in-the-wild-final-small/SAFE/0/frame_27120.jpg,SAFE,SAFE,0.36724454164505005,full_system,in_the_wild
/Users/ahooker/Documents/Dissertation/virtushield/final-datasets/in-the-wild-final-small/SAFE/0/frame_27220.jpg,SAFE,SAFE,0.34468552470207214,full_system,in_the_wild
/Users/ahooker/Documents/Dissertation/virtushield/final-datasets/in-the-wild-final-small/SAFE/0/frame_2760.jpg,SAFE,SAFE,0.25513699650764465,full_system,in_the_wild
/Users/ahooker/Documents/Dissertation/virtushield/final-datasets/in-the-wild-final-small/SAFE/0/frame_2760__1.jpg,SAFE,SAFE,0.06345628947019577,full_system,in_the_wild
/Users/ahooker/Documents/Dissertation/virtushield/final-datasets/in-the-wild-final-small/SAFE/0/frame_2860.jpg,SAFE,SAFE,0.3793828785419464,full_system,in_the_wild
/Users/ahooker/Documents/Dissertation/virtushield/final-datasets/in-the-wild-final-small/SAFE/0/frame_2880.jpg,SAFE,UNSAFE,0.5381117463111877,full_system,in_the_wild
/Users/ahooker/Documents/Dissertation/virtushield/final-datasets/in-the-wild-final-small/SAFE/0/frame_28820.jpg,SAFE,SAFE,0.4574984610080719,full_system,in_the_wild
/Users/ahooker/Documents/Dissertation/virtushield/final-datasets/in-the-wild-final-small/SAFE/0/frame_2960.jpg,SAFE,SAFE,0.24895155429840088,full_system,in_the_wild
/Users/ahooker/Documents/Dissertation/virtushield/final-datasets/in-the-wild-final-small/SAFE/0/frame_2980.jpg,SAFE,UNSAFE,0.7117547988891602,full_system,in_the_wild
/Users/ahooker/Documents/Dissertation/virtushield/final-datasets/in-the-wild-final-small/SAFE/0/frame_3020.jpg,SAFE,SAFE,0.32071784138679504,full_system,in_the_wild
/Users/ahooker/Documents/Dissertation/virtushield/final-datasets/in-the-wild-final-small/SAFE/0/frame_3080.jpg,SAFE,UNSAFE,0.7345694303512573,full_system,in_the_wild
/Users/ahooker/Documents/Dissertation/virtushield/final-datasets/in-the-wild-final-small/SAFE/0/frame_3080__1.jpg,SAFE,SAFE,0.2889058589935303,full_system,in_the_wild
/Users/ahooker/Documents/Dissertation/virtushield/final-datasets/in-the-wild-final-small/SAFE/0/frame_3100.jpg,SAFE,SAFE,0.29260045289993286,full_system,in_the_wild
/Users/ahooker/Documents/Dissertation/virtushield/final-datasets/in-the-wild-final-small/SAFE/0/frame_3160.jpg,SAFE,SAFE,0.3751809597015381,full_system,in_the_wild
/Users/ahooker/Documents/Dissertation/virtushield/final-datasets/in-the-wild-final-small/SAFE/0/frame_3160__1.jpg,SAFE,SAFE,0.3178893029689789,full_system,in_the_wild
/Users/ahooker/Documents/Dissertation/virtushield/final-datasets/in-the-wild-final-small/SAFE/0/frame_3180.jpg,SAFE,SAFE,0.16770929098129272,full_system,in_the_wild
/Users/ahooker/Documents/Dissertation/virtushield/final-datasets/in-the-wild-final-small/SAFE/0/frame_3180__1.jpg,SAFE,SAFE,0.34839826822280884,full_system,in_the_wild
/Users/ahooker/Documents/Dissertation/virtushield/final-datasets/in-the-wild-final-small/SAFE/0/frame_320.jpg,SAFE,SAFE,0.231955885887146,full_system,in_the_wild
/Users/ahooker/Documents/Dissertation/virtushield/final-datasets/in-the-wild-final-small/SAFE/0/frame_3200.jpg,SAFE,SAFE,0.33478352427482605,full_system,in_the_wild
/Users/ahooker/Documents/Dissertation/virtushield/final-datasets/in-the-wild-final-small/SAFE/0/frame_320__1.jpg,SAFE,SAFE,0.29691141843795776,full_system,in_the_wild
/Users/ahooker/Documents/Dissertation/virtushield/final-datasets/in-the-wild-final-small/SAFE/0/frame_3240.jpg,SAFE,SAFE,0.2079407125711441,full_system,in_the_wild
/Users/ahooker/Documents/Dissertation/virtushield/final-datasets/in-the-wild-final-small/SAFE/0/frame_3240__1.jpg,SAFE,SAFE,0.09993966668844223,full_system,in_the_wild
/Users/ahooker/Documents/Dissertation/virtushield/final-datasets/in-the-wild-final-small/SAFE/0/frame_3240__2.jpg,SAFE,UNSAFE,0.7304182052612305,full_system,in_the_wild
/Users/ahooker/Documents/Dissertation/virtushield/final-datasets/in-the-wild-final-small/SAFE/0/frame_3360.jpg,SAFE,SAFE,0.29545262455940247,full_system,in_the_wild
/Users/ahooker/Documents/Dissertation/virtushield/final-datasets/in-the-wild-final-small/SAFE/0/frame_3420.jpg,SAFE,UNSAFE,0.7029771208763123,full_system,in_the_wild
/Users/ahooker/Documents/Dissertation/virtushield/final-datasets/in-the-wild-final-small/SAFE/0/frame_3420__1.jpg,SAFE,SAFE,0.38917773962020874,full_system,in_the_wild
/Users/ahooker/Documents/Dissertation/virtushield/final-datasets/in-the-wild-final-small/SAFE/0/frame_3460.jpg,SAFE,SAFE,0.14166876673698425,full_system,in_the_wild
/Users/ahooker/Documents/Dissertation/virtushield/final-datasets/in-the-wild-final-small/SAFE/0/frame_3520.jpg,SAFE,SAFE,0.377101868391037,full_system,in_the_wild
/Users/ahooker/Documents/Dissertation/virtushield/final-datasets/in-the-wild-final-small/SAFE/0/frame_3520__1.jpg,SAFE,SAFE,0.294251412153244,full_system,in_the_wild
/Users/ahooker/Documents/Dissertation/virtushield/final-datasets/in-the-wild-final-small/SAFE/0/frame_3560.jpg,SAFE,SAFE,0.31573817133903503,full_system,in_the_wild
/Users/ahooker/Documents/Dissertation/virtushield/final-datasets/in-the-wild-final-small/SAFE/0/frame_3560__1.jpg,SAFE,SAFE,0.17369544506072998,full_system,in_the_wild
/Users/ahooker/Documents/Dissertation/virtushield/final-datasets/in-the-wild-final-small/SAFE/0/frame_360.jpg,SAFE,UNSAFE,0.6098702549934387,full_system,in_the_wild
/Users/ahooker/Documents/Dissertation/virtushield/final-datasets/in-the-wild-final-small/SAFE/0/frame_3640.jpg,SAFE,SAFE,0.12604962289333344,full_system,in_the_wild
/Users/ahooker/Documents/Dissertation/virtushield/final-datasets/in-the-wild-final-small/SAFE/0/frame_3680.jpg,SAFE,SAFE,0.3146384358406067,full_system,in_the_wild
/Users/ahooker/Documents/Dissertation/virtushield/final-datasets/in-the-wild-final-small/SAFE/0/frame_3740.jpg,SAFE,SAFE,0.14138257503509521,full_system,in_the_wild
/Users/ahooker/Documents/Dissertation/virtushield/final-datasets/in-the-wild-final-small/SAFE/0/frame_3760.jpg,SAFE,SAFE,0.23859940469264984,full_system,in_the_wild
/Users/ahooker/Documents/Dissertation/virtushield/final-datasets/in-the-wild-final-small/SAFE/0/frame_3760__1.jpg,SAFE,SAFE,0.37603265047073364,full_system,in_the_wild
/Users/ahooker/Documents/Dissertation/virtushield/final-datasets/in-the-wild-final-small/SAFE/0/frame_3780.jpg,SAFE,SAFE,0.340345174074173,full_system,in_the_wild
/Users/ahooker/Documents/Dissertation/virtushield/final-datasets/in-the-wild-final-small/SAFE/0/frame_3800.jpg,SAFE,SAFE,0.13688714802265167,full_system,in_the_wild
/Users/ahooker/Documents/Dissertation/virtushield/final-datasets/in-the-wild-final-small/SAFE/0/frame_3860.jpg,SAFE,SAFE,0.30995234847068787,full_system,in_the_wild
/Users/ahooker/Documents/Dissertation/virtushield/final-datasets/in-the-wild-final-small/SAFE/0/frame_3880.jpg,SAFE,SAFE,0.46068161725997925,full_system,in_the_wild
/Users/ahooker/Documents/Dissertation/virtushield/final-datasets/in-the-wild-final-small/SAFE/0/frame_3920.jpg,SAFE,SAFE,0.3978388011455536,full_system,in_the_wild
/Users/ahooker/Documents/Dissertation/virtushield/final-datasets/in-the-wild-final-small/SAFE/0/frame_3960.jpg,SAFE,SAFE,0.32299962639808655,full_system,in_the_wild
/Users/ahooker/Documents/Dissertation/virtushield/final-datasets/in-the-wild-final-small/SAFE/0/frame_3980.jpg,SAFE,SAFE,0.2751959264278412,full_system,in_the_wild
/Users/ahooker/Documents/Dissertation/virtushield/final-datasets/in-the-wild-final-small/SAFE/0/frame_40.jpg,SAFE,UNSAFE,0.6623610258102417,full_system,in_the_wild
/Users/ahooker/Documents/Dissertation/virtushield/final-datasets/in-the-wild-final-small/SAFE/0/frame_4020.jpg,SAFE,SAFE,0.394225537776947,full_system,in_the_wild
/Users/ahooker/Documents/Dissertation/virtushield/final-datasets/in-the-wild-final-small/SAFE/0/frame_4020__1.jpg,SAFE,SAFE,0.276038259267807,full_system,in_the_wild
/Users/ahooker/Documents/Dissertation/virtushield/final-datasets/in-the-wild-final-small/SAFE/0/frame_4020__2.jpg,SAFE,UNSAFE,0.7338792681694031,full_system,in_the_wild
/Users/ahooker/Documents/Dissertation/virtushield/final-datasets/in-the-wild-final-small/SAFE/0/frame_4080.jpg,SAFE,SAFE,0.16045993566513062,full_system,in_the_wild
/Users/ahooker/Documents/Dissertation/virtushield/final-datasets/in-the-wild-final-small/SAFE/0/frame_4100.jpg,SAFE,SAFE,0.26000139117240906,full_system,in_the_wild
/Users/ahooker/Documents/Dissertation/virtushield/final-datasets/in-the-wild-final-small/SAFE/0/frame_4120.jpg,SAFE,SAFE,0.21691034734249115,full_system,in_the_wild
/Users/ahooker/Documents/Dissertation/virtushield/final-datasets/in-the-wild-final-small/SAFE/0/frame_4120__1.jpg,SAFE,SAFE,0.29924115538597107,full_system,in_the_wild
/Users/ahooker/Documents/Dissertation/virtushield/final-datasets/in-the-wild-final-small/SAFE/0/frame_4140.jpg,SAFE,UNSAFE,0.6175986528396606,full_system,in_the_wild
/Users/ahooker/Documents/Dissertation/virtushield/final-datasets/in-the-wild-final-small/SAFE/0/frame_4160.jpg,SAFE,SAFE,0.1884610503911972,full_system,in_the_wild
/Users/ahooker/Documents/Dissertation/virtushield/final-datasets/in-the-wild-final-small/SAFE/0/frame_4240.jpg,SAFE,SAFE,0.17825858294963837,full_system,in_the_wild
/Users/ahooker/Documents/Dissertation/virtushield/final-datasets/in-the-wild-final-small/SAFE/0/frame_4280.jpg,SAFE,UNSAFE,0.744634747505188,full_system,in_the_wild
/Users/ahooker/Documents/Dissertation/virtushield/final-datasets/in-the-wild-final-small/SAFE/0/frame_4360.jpg,SAFE,SAFE,0.0890476256608963,full_system,in_the_wild
/Users/ahooker/Documents/Dissertation/virtushield/final-datasets/in-the-wild-final-small/SAFE/0/frame_4400.jpg,SAFE,SAFE,0.3713071346282959,full_system,in_the_wild
/Users/ahooker/Documents/Dissertation/virtushield/final-datasets/in-the-wild-final-small/SAFE/0/frame_4400__1.jpg,SAFE,SAFE,0.25444239377975464,full_system,in_the_wild
/Users/ahooker/Documents/Dissertation/virtushield/final-datasets/in-the-wild-final-small/SAFE/0/frame_4480.jpg,SAFE,UNSAFE,0.7448028326034546,full_system,in_the_wild
/Users/ahooker/Documents/Dissertation/virtushield/final-datasets/in-the-wild-final-small/SAFE/0/frame_4500.jpg,SAFE,SAFE,0.26017096638679504,full_system,in_the_wild
/Users/ahooker/Documents/Dissertation/virtushield/final-datasets/in-the-wild-final-small/SAFE/0/frame_4520.jpg,SAFE,SAFE,0.3282412886619568,full_system,in_the_wild
/Users/ahooker/Documents/Dissertation/virtushield/final-datasets/in-the-wild-final-small/SAFE/0/frame_4740.jpg,SAFE,SAFE,0.22762224078178406,full_system,in_the_wild
/Users/ahooker/Documents/Dissertation/virtushield/final-datasets/in-the-wild-final-small/SAFE/0/frame_4840.jpg,SAFE,SAFE,0.3267722725868225,full_system,in_the_wild
/Users/ahooker/Documents/Dissertation/virtushield/final-datasets/in-the-wild-final-small/SAFE/0/frame_4880.jpg,SAFE,UNSAFE,0.6267648339271545,full_system,in_the_wild
/Users/ahooker/Documents/Dissertation/virtushield/final-datasets/in-the-wild-final-small/SAFE/0/frame_4880__1.jpg,SAFE,SAFE,0.37494009733200073,full_system,in_the_wild
/Users/ahooker/Documents/Dissertation/virtushield/final-datasets/in-the-wild-final-small/SAFE/0/frame_4880__2.jpg,SAFE,SAFE,0.39746835827827454,full_system,in_the_wild
/Users/ahooker/Documents/Dissertation/virtushield/final-datasets/in-the-wild-final-small/SAFE/0/frame_4900.jpg,SAFE,SAFE,0.23547698557376862,full_system,in_the_wild
/Users/ahooker/Documents/Dissertation/virtushield/final-datasets/in-the-wild-final-small/SAFE/0/frame_4900__1.jpg,SAFE,SAFE,0.3488231599330902,full_system,in_the_wild
/Users/ahooker/Documents/Dissertation/virtushield/final-datasets/in-the-wild-final-small/SAFE/0/frame_5000.jpg,SAFE,SAFE,0.22908690571784973,full_system,in_the_wild
/Users/ahooker/Documents/Dissertation/virtushield/final-datasets/in-the-wild-final-small/SAFE/0/frame_5040.jpg,SAFE,UNSAFE,0.7283275127410889,full_system,in_the_wild
/Users/ahooker/Documents/Dissertation/virtushield/final-datasets/in-the-wild-final-small/SAFE/0/frame_5040__1.jpg,SAFE,SAFE,0.20515310764312744,full_system,in_the_wild
/Users/ahooker/Documents/Dissertation/virtushield/final-datasets/in-the-wild-final-small/SAFE/0/frame_5040__2.jpg,SAFE,SAFE,0.1813623011112213,full_system,in_the_wild
/Users/ahooker/Documents/Dissertation/virtushield/final-datasets/in-the-wild-final-small/SAFE/0/frame_5060.jpg,SAFE,SAFE,0.18400967121124268,full_system,in_the_wild
/Users/ahooker/Documents/Dissertation/virtushield/final-datasets/in-the-wild-final-small/SAFE/0/frame_5160.jpg,SAFE,SAFE,0.2053908258676529,full_system,in_the_wild
/Users/ahooker/Documents/Dissertation/virtushield/final-datasets/in-the-wild-final-small/SAFE/0/frame_5180.jpg,SAFE,SAFE,0.28398650884628296,full_system,in_the_wild
/Users/ahooker/Documents/Dissertation/virtushield/final-datasets/in-the-wild-final-small/SAFE/0/frame_5180__1.jpg,SAFE,SAFE,0.16635748744010925,full_system,in_the_wild
/Users/ahooker/Documents/Dissertation/virtushield/final-datasets/in-the-wild-final-small/SAFE/0/frame_5280.jpg,SAFE,SAFE,0.4462466537952423,full_system,in_the_wild
/Users/ahooker/Documents/Dissertation/virtushield/final-datasets/in-the-wild-final-small/SAFE/0/frame_5300.jpg,SAFE,SAFE,0.20395639538764954,full_system,in_the_wild
/Users/ahooker/Documents/Dissertation/virtushield/final-datasets/in-the-wild-final-small/SAFE/0/frame_5360.jpg,SAFE,SAFE,0.21528016030788422,full_system,in_the_wild
/Users/ahooker/Documents/Dissertation/virtushield/final-datasets/in-the-wild-final-small/SAFE/0/frame_5380.jpg,SAFE,SAFE,0.34373244643211365,full_system,in_the_wild
/Users/ahooker/Documents/Dissertation/virtushield/final-datasets/in-the-wild-final-small/SAFE/0/frame_5380__1.jpg,SAFE,SAFE,0.31635111570358276,full_system,in_the_wild
/Users/ahooker/Documents/Dissertation/virtushield/final-datasets/in-the-wild-final-small/SAFE/0/frame_540.jpg,SAFE,SAFE,0.36867642402648926,full_system,in_the_wild
/Users/ahooker/Documents/Dissertation/virtushield/final-datasets/in-the-wild-final-small/SAFE/0/frame_5420.jpg,SAFE,SAFE,0.3587654232978821,full_system,in_the_wild
/Users/ahooker/Documents/Dissertation/virtushield/final-datasets/in-the-wild-final-small/SAFE/0/frame_5440.jpg,SAFE,SAFE,0.3646361529827118,full_system,in_the_wild
/Users/ahooker/Documents/Dissertation/virtushield/final-datasets/in-the-wild-final-small/SAFE/0/frame_5440__1.jpg,SAFE,SAFE,0.3248310089111328,full_system,in_the_wild
/Users/ahooker/Documents/Dissertation/virtushield/final-datasets/in-the-wild-final-small/SAFE/0/frame_5500.jpg,SAFE,SAFE,0.33727431297302246,full_system,in_the_wild
/Users/ahooker/Documents/Dissertation/virtushield/final-datasets/in-the-wild-final-small/SAFE/0/frame_5540.jpg,SAFE,UNSAFE,0.5875099897384644,full_system,in_the_wild
/Users/ahooker/Documents/Dissertation/virtushield/final-datasets/in-the-wild-final-small/SAFE/0/frame_5620.jpg,SAFE,SAFE,0.4244334101676941,full_system,in_the_wild
/Users/ahooker/Documents/Dissertation/virtushield/final-datasets/in-the-wild-final-small/SAFE/0/frame_5640.jpg,SAFE,SAFE,0.3142642378807068,full_system,in_the_wild
/Users/ahooker/Documents/Dissertation/virtushield/final-datasets/in-the-wild-final-small/SAFE/0/frame_5700.jpg,SAFE,SAFE,0.3051902949810028,full_system,in_the_wild
/Users/ahooker/Documents/Dissertation/virtushield/final-datasets/in-the-wild-final-small/SAFE/0/frame_5720.jpg,SAFE,SAFE,0.24565306305885315,full_system,in_the_wild
/Users/ahooker/Documents/Dissertation/virtushield/final-datasets/in-the-wild-final-small/SAFE/0/frame_5760.jpg,SAFE,SAFE,0.34589460492134094,full_system,in_the_wild
/Users/ahooker/Documents/Dissertation/virtushield/final-datasets/in-the-wild-final-small/SAFE/0/frame_5800.jpg,SAFE,UNSAFE,0.7139554619789124,full_system,in_the_wild
/Users/ahooker/Documents/Dissertation/virtushield/final-datasets/in-the-wild-final-small/SAFE/0/frame_5960.jpg,SAFE,SAFE,0.3897256851196289,full_system,in_the_wild
/Users/ahooker/Documents/Dissertation/virtushield/final-datasets/in-the-wild-final-small/SAFE/0/frame_600.jpg,SAFE,SAFE,0.20276984572410583,full_system,in_the_wild
/Users/ahooker/Documents/Dissertation/virtushield/final-datasets/in-the-wild-final-small/SAFE/0/frame_6020.jpg,SAFE,UNSAFE,0.7681202292442322,full_system,in_the_wild
/Users/ahooker/Documents/Dissertation/virtushield/final-datasets/in-the-wild-final-small/SAFE/0/frame_6080.jpg,SAFE,SAFE,0.1371431052684784,full_system,in_the_wild
/Users/ahooker/Documents/Dissertation/virtushield/final-datasets/in-the-wild-final-small/SAFE/0/frame_6120.jpg,SAFE,SAFE,0.2430703341960907,full_system,in_the_wild
/Users/ahooker/Documents/Dissertation/virtushield/final-datasets/in-the-wild-final-small/SAFE/0/frame_6140.jpg,SAFE,SAFE,0.45008033514022827,full_system,in_the_wild
/Users/ahooker/Documents/Dissertation/virtushield/final-datasets/in-the-wild-final-small/SAFE/0/frame_6180.jpg,SAFE,SAFE,0.3661345839500427,full_system,in_the_wild
/Users/ahooker/Documents/Dissertation/virtushield/final-datasets/in-the-wild-final-small/SAFE/0/frame_6240.jpg,SAFE,SAFE,0.2592032849788666,full_system,in_the_wild
/Users/ahooker/Documents/Dissertation/virtushield/final-datasets/in-the-wild-final-small/SAFE/0/frame_6280.jpg,SAFE,SAFE,0.3632069230079651,full_system,in_the_wild
/Users/ahooker/Documents/Dissertation/virtushield/final-datasets/in-the-wild-final-small/SAFE/0/frame_6300.jpg,SAFE,SAFE,0.10761300474405289,full_system,in_the_wild
/Users/ahooker/Documents/Dissertation/virtushield/final-datasets/in-the-wild-final-small/SAFE/0/frame_6300__1.jpg,SAFE,UNSAFE,0.7372315526008606,full_system,in_the_wild
/Users/ahooker/Documents/Dissertation/virtushield/final-datasets/in-the-wild-final-small/SAFE/0/frame_6440.jpg,SAFE,SAFE,0.37672072649002075,full_system,in_the_wild
/Users/ahooker/Documents/Dissertation/virtushield/final-datasets/in-the-wild-final-small/SAFE/0/frame_6480.jpg,SAFE,UNSAFE,0.6678512692451477,full_system,in_the_wild
/Users/ahooker/Documents/Dissertation/virtushield/final-datasets/in-the-wild-final-small/SAFE/0/frame_6540.jpg,SAFE,SAFE,0.30172398686408997,full_system,in_the_wild
/Users/ahooker/Documents/Dissertation/virtushield/final-datasets/in-the-wild-final-small/SAFE/0/frame_6560.jpg,SAFE,SAFE,0.16076335310935974,full_system,in_the_wild
/Users/ahooker/Documents/Dissertation/virtushield/final-datasets/in-the-wild-final-small/SAFE/0/frame_6580.jpg,SAFE,SAFE,0.20722411572933197,full_system,in_the_wild
/Users/ahooker/Documents/Dissertation/virtushield/final-datasets/in-the-wild-final-small/SAFE/0/frame_660.jpg,SAFE,SAFE,0.22782616317272186,full_system,in_the_wild
/Users/ahooker/Documents/Dissertation/virtushield/final-datasets/in-the-wild-final-small/SAFE/0/frame_6620.jpg,SAFE,SAFE,0.2797950804233551,full_system,in_the_wild
/Users/ahooker/Documents/Dissertation/virtushield/final-datasets/in-the-wild-final-small/SAFE/0/frame_6620__1.jpg,SAFE,UNSAFE,0.7006935477256775,full_system,in_the_wild
/Users/ahooker/Documents/Dissertation/virtushield/final-datasets/in-the-wild-final-small/SAFE/0/frame_6640.jpg,SAFE,SAFE,0.1997128427028656,full_system,in_the_wild
/Users/ahooker/Documents/Dissertation/virtushield/final-datasets/in-the-wild-final-small/SAFE/0/frame_6700.jpg,SAFE,SAFE,0.17264266312122345,full_system,in_the_wild
/Users/ahooker/Documents/Dissertation/virtushield/final-datasets/in-the-wild-final-small/SAFE/0/frame_6800.jpg,SAFE,SAFE,0.2125076949596405,full_system,in_the_wild
/Users/ahooker/Documents/Dissertation/virtushield/final-datasets/in-the-wild-final-small/SAFE/0/frame_6920.jpg,SAFE,SAFE,0.20837926864624023,full_system,in_the_wild
/Users/ahooker/Documents/Dissertation/virtushield/final-datasets/in-the-wild-final-small/SAFE/0/frame_6920__1.jpg,SAFE,SAFE,0.07493673264980316,full_system,in_the_wild
/Users/ahooker/Documents/Dissertation/virtushield/final-datasets/in-the-wild-final-small/SAFE/0/frame_6940.jpg,SAFE,SAFE,0.20475901663303375,full_system,in_the_wild
/Users/ahooker/Documents/Dissertation/virtushield/final-datasets/in-the-wild-final-small/SAFE/0/frame_6960.jpg,SAFE,SAFE,0.23941949009895325,full_system,in_the_wild
/Users/ahooker/Documents/Dissertation/virtushield/final-datasets/in-the-wild-final-small/SAFE/0/frame_7100.jpg,SAFE,SAFE,0.16469770669937134,full_system,in_the_wild
/Users/ahooker/Documents/Dissertation/virtushield/final-datasets/in-the-wild-final-small/SAFE/0/frame_7180.jpg,SAFE,SAFE,0.3147038221359253,full_system,in_the_wild
/Users/ahooker/Documents/Dissertation/virtushield/final-datasets/in-the-wild-final-small/SAFE/0/frame_7180__1.jpg,SAFE,SAFE,0.16674084961414337,full_system,in_the_wild
/Users/ahooker/Documents/Dissertation/virtushield/final-datasets/in-the-wild-final-small/SAFE/0/frame_720.jpg,SAFE,SAFE,0.345069944858551,full_system,in_the_wild
/Users/ahooker/Documents/Dissertation/virtushield/final-datasets/in-the-wild-final-small/SAFE/0/frame_7200.jpg,SAFE,SAFE,0.271200031042099,full_system,in_the_wild
/Users/ahooker/Documents/Dissertation/virtushield/final-datasets/in-the-wild-final-small/SAFE/0/frame_720__1.jpg,SAFE,SAFE,0.3452613353729248,full_system,in_the_wild
/Users/ahooker/Documents/Dissertation/virtushield/final-datasets/in-the-wild-final-small/SAFE/0/frame_7320.jpg,SAFE,SAFE,0.1947680413722992,full_system,in_the_wild
/Users/ahooker/Documents/Dissertation/virtushield/final-datasets/in-the-wild-final-small/SAFE/0/frame_7320__1.jpg,SAFE,SAFE,0.15538263320922852,full_system,in_the_wild
/Users/ahooker/Documents/Dissertation/virtushield/final-datasets/in-the-wild-final-small/SAFE/0/frame_7460.jpg,SAFE,SAFE,0.35963863134384155,full_system,in_the_wild
/Users/ahooker/Documents/Dissertation/virtushield/final-datasets/in-the-wild-final-small/SAFE/0/frame_7500.jpg,SAFE,SAFE,0.13204319775104523,full_system,in_the_wild
/Users/ahooker/Documents/Dissertation/virtushield/final-datasets/in-the-wild-final-small/SAFE/0/frame_7500__1.jpg,SAFE,SAFE,0.43455055356025696,full_system,in_the_wild
/Users/ahooker/Documents/Dissertation/virtushield/final-datasets/in-the-wild-final-small/SAFE/0/frame_7580.jpg,SAFE,UNSAFE,0.6631532907485962,full_system,in_the_wild
/Users/ahooker/Documents/Dissertation/virtushield/final-datasets/in-the-wild-final-small/SAFE/0/frame_7600.jpg,SAFE,SAFE,0.31166455149650574,full_system,in_the_wild
/Users/ahooker/Documents/Dissertation/virtushield/final-datasets/in-the-wild-final-small/SAFE/0/frame_7660.jpg,SAFE,SAFE,0.22966916859149933,full_system,in_the_wild
/Users/ahooker/Documents/Dissertation/virtushield/final-datasets/in-the-wild-final-small/SAFE/0/frame_7760.jpg,SAFE,UNSAFE,0.6189833283424377,full_system,in_the_wild
/Users/ahooker/Documents/Dissertation/virtushield/final-datasets/in-the-wild-final-small/SAFE/0/frame_7800.jpg,SAFE,UNSAFE,0.7399284839630127,full_system,in_the_wild
/Users/ahooker/Documents/Dissertation/virtushield/final-datasets/in-the-wild-final-small/SAFE/0/frame_7800__1.jpg,SAFE,SAFE,0.3545016646385193,full_system,in_the_wild
/Users/ahooker/Documents/Dissertation/virtushield/final-datasets/in-the-wild-final-small/SAFE/0/frame_7960.jpg,SAFE,SAFE,0.193608820438385,full_system,in_the_wild
/Users/ahooker/Documents/Dissertation/virtushield/final-datasets/in-the-wild-final-small/SAFE/0/frame_7980.jpg,SAFE,SAFE,0.37321656942367554,full_system,in_the_wild
/Users/ahooker/Documents/Dissertation/virtushield/final-datasets/in-the-wild-final-small/SAFE/0/frame_7980__1.jpg,SAFE,SAFE,0.2754373252391815,full_system,in_the_wild
/Users/ahooker/Documents/Dissertation/virtushield/final-datasets/in-the-wild-final-small/SAFE/0/frame_80.jpg,SAFE,SAFE,0.23582087457180023,full_system,in_the_wild
/Users/ahooker/Documents/Dissertation/virtushield/final-datasets/in-the-wild-final-small/SAFE/0/frame_8000.jpg,SAFE,SAFE,0.3785133957862854,full_system,in_the_wild
/Users/ahooker/Documents/Dissertation/virtushield/final-datasets/in-the-wild-final-small/SAFE/0/frame_8040.jpg,SAFE,SAFE,0.48647648096084595,full_system,in_the_wild
/Users/ahooker/Documents/Dissertation/virtushield/final-datasets/in-the-wild-final-small/SAFE/0/frame_8060.jpg,SAFE,SAFE,0.3263561427593231,full_system,in_the_wild
/Users/ahooker/Documents/Dissertation/virtushield/final-datasets/in-the-wild-final-small/SAFE/0/frame_8060__1.jpg,SAFE,UNSAFE,0.7279457449913025,full_system,in_the_wild
/Users/ahooker/Documents/Dissertation/virtushield/final-datasets/in-the-wild-final-small/SAFE/0/frame_8120.jpg,SAFE,SAFE,0.36895519495010376,full_system,in_the_wild
/Users/ahooker/Documents/Dissertation/virtushield/final-datasets/in-the-wild-final-small/SAFE/0/frame_8180.jpg,SAFE,SAFE,0.3445166349411011,full_system,in_the_wild
/Users/ahooker/Documents/Dissertation/virtushield/final-datasets/in-the-wild-final-small/SAFE/0/frame_8200.jpg,SAFE,UNSAFE,0.7151479721069336,full_system,in_the_wild
/Users/ahooker/Documents/Dissertation/virtushield/final-datasets/in-the-wild-final-small/SAFE/0/frame_8200__1.jpg,SAFE,UNSAFE,0.5501099824905396,full_system,in_the_wild
/Users/ahooker/Documents/Dissertation/virtushield/final-datasets/in-the-wild-final-small/SAFE/0/frame_8260.jpg,SAFE,SAFE,0.10877352952957153,full_system,in_the_wild
/Users/ahooker/Documents/Dissertation/virtushield/final-datasets/in-the-wild-final-small/SAFE/0/frame_8480.jpg,SAFE,UNSAFE,0.7762996554374695,full_system,in_the_wild
/Users/ahooker/Documents/Dissertation/virtushield/final-datasets/in-the-wild-final-small/SAFE/0/frame_8480__1.jpg,SAFE,UNSAFE,0.7095196843147278,full_system,in_the_wild
/Users/ahooker/Documents/Dissertation/virtushield/final-datasets/in-the-wild-final-small/SAFE/0/frame_8500.jpg,SAFE,SAFE,0.32990214228630066,full_system,in_the_wild
/Users/ahooker/Documents/Dissertation/virtushield/final-datasets/in-the-wild-final-small/SAFE/0/frame_8520.jpg,SAFE,SAFE,0.2663722038269043,full_system,in_the_wild
/Users/ahooker/Documents/Dissertation/virtushield/final-datasets/in-the-wild-final-small/SAFE/0/frame_8560.jpg,SAFE,UNSAFE,0.6201244592666626,full_system,in_the_wild
/Users/ahooker/Documents/Dissertation/virtushield/final-datasets/in-the-wild-final-small/SAFE/0/frame_8600.jpg,SAFE,UNSAFE,0.6174129843711853,full_system,in_the_wild
/Users/ahooker/Documents/Dissertation/virtushield/final-datasets/in-the-wild-final-small/SAFE/0/frame_8660.jpg,SAFE,SAFE,0.3790138065814972,full_system,in_the_wild
/Users/ahooker/Documents/Dissertation/virtushield/final-datasets/in-the-wild-final-small/SAFE/0/frame_8700.jpg,SAFE,UNSAFE,0.5195791721343994,full_system,in_the_wild
/Users/ahooker/Documents/Dissertation/virtushield/final-datasets/in-the-wild-final-small/SAFE/0/frame_8700__1.jpg,SAFE,UNSAFE,0.5036759376525879,full_system,in_the_wild
/Users/ahooker/Documents/Dissertation/virtushield/final-datasets/in-the-wild-final-small/SAFE/0/frame_8820.jpg,SAFE,UNSAFE,0.7526937127113342,full_system,in_the_wild
/Users/ahooker/Documents/Dissertation/virtushield/final-datasets/in-the-wild-final-small/SAFE/0/frame_8960.jpg,SAFE,SAFE,0.2625289559364319,full_system,in_the_wild
/Users/ahooker/Documents/Dissertation/virtushield/final-datasets/in-the-wild-final-small/SAFE/0/frame_8960__1.jpg,SAFE,SAFE,0.492193341255188,full_system,in_the_wild
/Users/ahooker/Documents/Dissertation/virtushield/final-datasets/in-the-wild-final-small/SAFE/0/frame_900.jpg,SAFE,SAFE,0.3570937514305115,full_system,in_the_wild
/Users/ahooker/Documents/Dissertation/virtushield/final-datasets/in-the-wild-final-small/SAFE/0/frame_9000.jpg,SAFE,UNSAFE,0.7305945754051208,full_system,in_the_wild
/Users/ahooker/Documents/Dissertation/virtushield/final-datasets/in-the-wild-final-small/SAFE/0/frame_9000__1.jpg,SAFE,SAFE,0.32740533351898193,full_system,in_the_wild
/Users/ahooker/Documents/Dissertation/virtushield/final-datasets/in-the-wild-final-small/SAFE/0/frame_9020.jpg,SAFE,UNSAFE,0.5329789519309998,full_system,in_the_wild
/Users/ahooker/Documents/Dissertation/virtushield/final-datasets/in-the-wild-final-small/SAFE/0/frame_9020__1.jpg,SAFE,UNSAFE,0.6265364289283752,full_system,in_the_wild
/Users/ahooker/Documents/Dissertation/virtushield/final-datasets/in-the-wild-final-small/SAFE/0/frame_9040.jpg,SAFE,SAFE,0.2256871610879898,full_system,in_the_wild
/Users/ahooker/Documents/Dissertation/virtushield/final-datasets/in-the-wild-final-small/SAFE/0/frame_9060.jpg,SAFE,SAFE,0.36121708154678345,full_system,in_the_wild
/Users/ahooker/Documents/Dissertation/virtushield/final-datasets/in-the-wild-final-small/SAFE/0/frame_9100.jpg,SAFE,SAFE,0.07404127717018127,full_system,in_the_wild
/Users/ahooker/Documents/Dissertation/virtushield/final-datasets/in-the-wild-final-small/SAFE/0/frame_9140.jpg,SAFE,SAFE,0.15624994039535522,full_system,in_the_wild
/Users/ahooker/Documents/Dissertation/virtushield/final-datasets/in-the-wild-final-small/SAFE/0/frame_920.jpg,SAFE,UNSAFE,0.6005354523658752,full_system,in_the_wild
/Users/ahooker/Documents/Dissertation/virtushield/final-datasets/in-the-wild-final-small/SAFE/0/frame_920__1.jpg,SAFE,SAFE,0.2895964980125427,full_system,in_the_wild
/Users/ahooker/Documents/Dissertation/virtushield/final-datasets/in-the-wild-final-small/SAFE/0/frame_9220.jpg,SAFE,SAFE,0.3466186225414276,full_system,in_the_wild
/Users/ahooker/Documents/Dissertation/virtushield/final-datasets/in-the-wild-final-small/SAFE/0/frame_9280.jpg,SAFE,SAFE,0.15330515801906586,full_system,in_the_wild
/Users/ahooker/Documents/Dissertation/virtushield/final-datasets/in-the-wild-final-small/SAFE/0/frame_9300.jpg,SAFE,SAFE,0.34877684712409973,full_system,in_the_wild
/Users/ahooker/Documents/Dissertation/virtushield/final-datasets/in-the-wild-final-small/SAFE/0/frame_9340.jpg,SAFE,SAFE,0.28246596455574036,full_system,in_the_wild
/Users/ahooker/Documents/Dissertation/virtushield/final-datasets/in-the-wild-final-small/SAFE/0/frame_9360.jpg,SAFE,SAFE,0.22262653708457947,full_system,in_the_wild
/Users/ahooker/Documents/Dissertation/virtushield/final-datasets/in-the-wild-final-small/SAFE/0/frame_940.jpg,SAFE,SAFE,0.3315613269805908,full_system,in_the_wild
/Users/ahooker/Documents/Dissertation/virtushield/final-datasets/in-the-wild-final-small/SAFE/0/frame_9400.jpg,SAFE,UNSAFE,0.7942252159118652,full_system,in_the_wild
/Users/ahooker/Documents/Dissertation/virtushield/final-datasets/in-the-wild-final-small/SAFE/0/frame_9420.jpg,SAFE,SAFE,0.06544972956180573,full_system,in_the_wild
/Users/ahooker/Documents/Dissertation/virtushield/final-datasets/in-the-wild-final-small/SAFE/0/frame_9440.jpg,SAFE,SAFE,0.1552567481994629,full_system,in_the_wild
/Users/ahooker/Documents/Dissertation/virtushield/final-datasets/in-the-wild-final-small/SAFE/0/frame_9460.jpg,SAFE,SAFE,0.39321163296699524,full_system,in_the_wild
/Users/ahooker/Documents/Dissertation/virtushield/final-datasets/in-the-wild-final-small/SAFE/0/frame_9480.jpg,SAFE,UNSAFE,0.5540193915367126,full_system,in_the_wild
/Users/ahooker/Documents/Dissertation/virtushield/final-datasets/in-the-wild-final-small/SAFE/0/frame_9500.jpg,SAFE,SAFE,0.2658626139163971,full_system,in_the_wild
/Users/ahooker/Documents/Dissertation/virtushield/final-datasets/in-the-wild-final-small/SAFE/0/frame_9520.jpg,SAFE,SAFE,0.22602131962776184,full_system,in_the_wild
/Users/ahooker/Documents/Dissertation/virtushield/final-datasets/in-the-wild-final-small/SAFE/0/frame_9640.jpg,SAFE,SAFE,0.119517482817173,full_system,in_the_wild
/Users/ahooker/Documents/Dissertation/virtushield/final-datasets/in-the-wild-final-small/SAFE/0/frame_9660.jpg,SAFE,SAFE,0.13888508081436157,full_system,in_the_wild
/Users/ahooker/Documents/Dissertation/virtushield/final-datasets/in-the-wild-final-small/SAFE/0/frame_9700.jpg,SAFE,UNSAFE,0.7244440913200378,full_system,in_the_wild
/Users/ahooker/Documents/Dissertation/virtushield/final-datasets/in-the-wild-final-small/SAFE/0/frame_9720.jpg,SAFE,SAFE,0.3863152265548706,full_system,in_the_wild
/Users/ahooker/Documents/Dissertation/virtushield/final-datasets/in-the-wild-final-small/SAFE/0/frame_9720__1.jpg,SAFE,SAFE,0.12284839898347855,full_system,in_the_wild
/Users/ahooker/Documents/Dissertation/virtushield/final-datasets/in-the-wild-final-small/SAFE/0/frame_9740.jpg,SAFE,SAFE,0.3121635615825653,full_system,in_the_wild
/Users/ahooker/Documents/Dissertation/virtushield/final-datasets/in-the-wild-final-small/SAFE/0/frame_9760.jpg,SAFE,SAFE,0.37362000346183777,full_system,in_the_wild
/Users/ahooker/Documents/Dissertation/virtushield/final-datasets/in-the-wild-final-small/SAFE/0/frame_9760__1.jpg,SAFE,SAFE,0.29503512382507324,full_system,in_the_wild
/Users/ahooker/Documents/Dissertation/virtushield/final-datasets/in-the-wild-final-small/SAFE/0/frame_9840.jpg,SAFE,SAFE,0.29706642031669617,full_system,in_the_wild
/Users/ahooker/Documents/Dissertation/virtushield/final-datasets/in-the-wild-final-small/SAFE/0/frame_9880.jpg,SAFE,UNSAFE,0.7322229146957397,full_system,in_the_wild
/Users/ahooker/Documents/Dissertation/virtushield/final-datasets/in-the-wild-final-small/SAFE/1/frame_10000.jpg,SAFE,SAFE,0.19410303235054016,full_system,in_the_wild
/Users/ahooker/Documents/Dissertation/virtushield/final-datasets/in-the-wild-final-small/SAFE/1/frame_10080.jpg,SAFE,SAFE,0.353643536567688,full_system,in_the_wild
/Users/ahooker/Documents/Dissertation/virtushield/final-datasets/in-the-wild-final-small/SAFE/1/frame_10080__1.jpg,SAFE,SAFE,0.34294751286506653,full_system,in_the_wild
/Users/ahooker/Documents/Dissertation/virtushield/final-datasets/in-the-wild-final-small/SAFE/1/frame_10100.jpg,SAFE,SAFE,0.29667338728904724,full_system,in_the_wild
/Users/ahooker/Documents/Dissertation/virtushield/final-datasets/in-the-wild-final-small/SAFE/1/frame_10100__1.jpg,SAFE,SAFE,0.37228095531463623,full_system,in_the_wild
/Users/ahooker/Documents/Dissertation/virtushield/final-datasets/in-the-wild-final-small/SAFE/1/frame_10100__2.jpg,SAFE,SAFE,0.39375877380371094,full_system,in_the_wild
/Users/ahooker/Documents/Dissertation/virtushield/final-datasets/in-the-wild-final-small/SAFE/1/frame_10140.jpg,SAFE,SAFE,0.3103668987751007,full_system,in_the_wild
/Users/ahooker/Documents/Dissertation/virtushield/final-datasets/in-the-wild-final-small/SAFE/1/frame_10160.jpg,SAFE,SAFE,0.270637184381485,full_system,in_the_wild
/Users/ahooker/Documents/Dissertation/virtushield/final-datasets/in-the-wild-final-small/SAFE/1/frame_10160__1.jpg,SAFE,UNSAFE,0.7422627806663513,full_system,in_the_wild
/Users/ahooker/Documents/Dissertation/virtushield/final-datasets/in-the-wild-final-small/SAFE/1/frame_10220.jpg,SAFE,SAFE,0.3561636209487915,full_system,in_the_wild
/Users/ahooker/Documents/Dissertation/virtushield/final-datasets/in-the-wild-final-small/SAFE/1/frame_10300.jpg,SAFE,SAFE,0.3039657771587372,full_system,in_the_wild
/Users/ahooker/Documents/Dissertation/virtushield/final-datasets/in-the-wild-final-small/SAFE/1/frame_10320.jpg,SAFE,UNSAFE,0.7849665880203247,full_system,in_the_wild
/Users/ahooker/Documents/Dissertation/virtushield/final-datasets/in-the-wild-final-small/SAFE/1/frame_10360.jpg,SAFE,SAFE,0.18909664452075958,full_system,in_the_wild
/Users/ahooker/Documents/Dissertation/virtushield/final-datasets/in-the-wild-final-small/SAFE/1/frame_10380.jpg,SAFE,UNSAFE,0.5476316213607788,full_system,in_the_wild
/Users/ahooker/Documents/Dissertation/virtushield/final-datasets/in-the-wild-final-small/SAFE/1/frame_10440.jpg,SAFE,SAFE,0.37224310636520386,full_system,in_the_wild
/Users/ahooker/Documents/Dissertation/virtushield/final-datasets/in-the-wild-final-small/SAFE/1/frame_10440__1.jpg,SAFE,SAFE,0.15797024965286255,full_system,in_the_wild
/Users/ahooker/Documents/Dissertation/virtushield/final-datasets/in-the-wild-final-small/SAFE/1/frame_10460.jpg,SAFE,SAFE,0.49384599924087524,full_system,in_the_wild
/Users/ahooker/Documents/Dissertation/virtushield/final-datasets/in-the-wild-final-small/SAFE/1/frame_10480.jpg,SAFE,UNSAFE,0.6401469707489014,full_system,in_the_wild
/Users/ahooker/Documents/Dissertation/virtushield/final-datasets/in-the-wild-final-small/SAFE/1/frame_10500.jpg,SAFE,SAFE,0.20033057034015656,full_system,in_the_wild
/Users/ahooker/Documents/Dissertation/virtushield/final-datasets/in-the-wild-final-small/SAFE/1/frame_10520.jpg,SAFE,SAFE,0.38452160358428955,full_system,in_the_wild
/Users/ahooker/Documents/Dissertation/virtushield/final-datasets/in-the-wild-final-small/SAFE/1/frame_10580.jpg,SAFE,UNSAFE,0.5311185717582703,full_system,in_the_wild
/Users/ahooker/Documents/Dissertation/virtushield/final-datasets/in-the-wild-final-small/SAFE/1/frame_1060.jpg,SAFE,SAFE,0.22254301607608795,full_system,in_the_wild
/Users/ahooker/Documents/Dissertation/virtushield/final-datasets/in-the-wild-final-small/SAFE/1/frame_10660.jpg,SAFE,UNSAFE,0.7178767919540405,full_system,in_the_wild
/Users/ahooker/Documents/Dissertation/virtushield/final-datasets/in-the-wild-final-small/SAFE/1/frame_10700.jpg,SAFE,SAFE,0.365773469209671,full_system,in_the_wild
/Users/ahooker/Documents/Dissertation/virtushield/final-datasets/in-the-wild-final-small/SAFE/1/frame_10720.jpg,SAFE,SAFE,0.3628157377243042,full_system,in_the_wild
/Users/ahooker/Documents/Dissertation/virtushield/final-datasets/in-the-wild-final-small/SAFE/1/frame_10740.jpg,SAFE,SAFE,0.23738078773021698,full_system,in_the_wild
/Users/ahooker/Documents/Dissertation/virtushield/final-datasets/in-the-wild-final-small/SAFE/1/frame_10740__1.jpg,SAFE,SAFE,0.3971676528453827,full_system,in_the_wild
/Users/ahooker/Documents/Dissertation/virtushield/final-datasets/in-the-wild-final-small/SAFE/1/frame_10740__2.jpg,SAFE,SAFE,0.30024802684783936,full_system,in_the_wild
/Users/ahooker/Documents/Dissertation/virtushield/final-datasets/in-the-wild-final-small/SAFE/1/frame_1080.jpg,SAFE,SAFE,0.46814578771591187,full_system,in_the_wild
/Users/ahooker/Documents/Dissertation/virtushield/final-datasets/in-the-wild-final-small/SAFE/1/frame_10800.jpg,SAFE,UNSAFE,0.833092451095581,full_system,in_the_wild
/Users/ahooker/Documents/Dissertation/virtushield/final-datasets/in-the-wild-final-small/SAFE/1/frame_1080__1.jpg,SAFE,SAFE,0.2914954721927643,full_system,in_the_wild
/Users/ahooker/Documents/Dissertation/virtushield/final-datasets/in-the-wild-final-small/SAFE/1/frame_10840.jpg,SAFE,SAFE,0.19567422568798065,full_system,in_the_wild
/Users/ahooker/Documents/Dissertation/virtushield/final-datasets/in-the-wild-final-small/SAFE/1/frame_10840__1.jpg,SAFE,UNSAFE,0.5662606358528137,full_system,in_the_wild
/Users/ahooker/Documents/Dissertation/virtushield/final-datasets/in-the-wild-final-small/SAFE/1/frame_10860.jpg,SAFE,UNSAFE,0.5798149108886719,full_system,in_the_wild
/Users/ahooker/Documents/Dissertation/virtushield/final-datasets/in-the-wild-final-small/SAFE/1/frame_10880.jpg,SAFE,SAFE,0.1348784863948822,full_system,in_the_wild
/Users/ahooker/Documents/Dissertation/virtushield/final-datasets/in-the-wild-final-small/SAFE/1/frame_10920.jpg,SAFE,SAFE,0.3093956708908081,full_system,in_the_wild
/Users/ahooker/Documents/Dissertation/virtushield/final-datasets/in-the-wild-final-small/SAFE/1/frame_10940.jpg,SAFE,SAFE,0.39600199460983276,full_system,in_the_wild
/Users/ahooker/Documents/Dissertation/virtushield/final-datasets/in-the-wild-final-small/SAFE/1/frame_10960.jpg,SAFE,SAFE,0.36384904384613037,full_system,in_the_wild
/Users/ahooker/Documents/Dissertation/virtushield/final-datasets/in-the-wild-final-small/SAFE/1/frame_10960__1.jpg,SAFE,SAFE,0.20212095975875854,full_system,in_the_wild
/Users/ahooker/Documents/Dissertation/virtushield/final-datasets/in-the-wild-final-small/SAFE/1/frame_1100.jpg,SAFE,SAFE,0.3968084454536438,full_system,in_the_wild
/Users/ahooker/Documents/Dissertation/virtushield/final-datasets/in-the-wild-final-small/SAFE/1/frame_11020.jpg,SAFE,SAFE,0.36445164680480957,full_system,in_the_wild
/Users/ahooker/Documents/Dissertation/virtushield/final-datasets/in-the-wild-final-small/SAFE/1/frame_11140.jpg,SAFE,SAFE,0.304032564163208,full_system,in_the_wild
/Users/ahooker/Documents/Dissertation/virtushield/final-datasets/in-the-wild-final-small/SAFE/1/frame_11160.jpg,SAFE,SAFE,0.05756153538823128,full_system,in_the_wild
/Users/ahooker/Documents/Dissertation/virtushield/final-datasets/in-the-wild-final-small/SAFE/1/frame_11180.jpg,SAFE,SAFE,0.2809600532054901,full_system,in_the_wild
/Users/ahooker/Documents/Dissertation/virtushield/final-datasets/in-the-wild-final-small/SAFE/1/frame_11240.jpg,SAFE,SAFE,0.2251579612493515,full_system,in_the_wild
/Users/ahooker/Documents/Dissertation/virtushield/final-datasets/in-the-wild-final-small/SAFE/1/frame_11240__1.jpg,SAFE,SAFE,0.10715630650520325,full_system,in_the_wild
/Users/ahooker/Documents/Dissertation/virtushield/final-datasets/in-the-wild-final-small/SAFE/1/frame_11280.jpg,SAFE,SAFE,0.3557657301425934,full_system,in_the_wild
/Users/ahooker/Documents/Dissertation/virtushield/final-datasets/in-the-wild-final-small/SAFE/1/frame_11300.jpg,SAFE,SAFE,0.3320324122905731,full_system,in_the_wild
/Users/ahooker/Documents/Dissertation/virtushield/final-datasets/in-the-wild-final-small/SAFE/1/frame_11320.jpg,SAFE,UNSAFE,0.7172042727470398,full_system,in_the_wild
/Users/ahooker/Documents/Dissertation/virtushield/final-datasets/in-the-wild-final-small/SAFE/1/frame_11320__1.jpg,SAFE,SAFE,0.2634813189506531,full_system,in_the_wild
/Users/ahooker/Documents/Dissertation/virtushield/final-datasets/in-the-wild-final-small/SAFE/1/frame_11340.jpg,SAFE,SAFE,0.10931480675935745,full_system,in_the_wild
/Users/ahooker/Documents/Dissertation/virtushield/final-datasets/in-the-wild-final-small/SAFE/1/frame_11360.jpg,SAFE,UNSAFE,0.6249438524246216,full_system,in_the_wild
/Users/ahooker/Documents/Dissertation/virtushield/final-datasets/in-the-wild-final-small/SAFE/1/frame_11360__1.jpg,SAFE,SAFE,0.3205927610397339,full_system,in_the_wild
/Users/ahooker/Documents/Dissertation/virtushield/final-datasets/in-the-wild-final-small/SAFE/1/frame_11380.jpg,SAFE,SAFE,0.18237148225307465,full_system,in_the_wild
/Users/ahooker/Documents/Dissertation/virtushield/final-datasets/in-the-wild-final-small/SAFE/1/frame_1140.jpg,SAFE,SAFE,0.33950892090797424,full_system,in_the_wild
/Users/ahooker/Documents/Dissertation/virtushield/final-datasets/in-the-wild-final-small/SAFE/1/frame_11500.jpg,SAFE,SAFE,0.19446340203285217,full_system,in_the_wild
/Users/ahooker/Documents/Dissertation/virtushield/final-datasets/in-the-wild-final-small/SAFE/1/frame_11560.jpg,SAFE,SAFE,0.2796125113964081,full_system,in_the_wild
/Users/ahooker/Documents/Dissertation/virtushield/final-datasets/in-the-wild-final-small/SAFE/1/frame_1160.jpg,SAFE,SAFE,0.26699960231781006,full_system,in_the_wild
/Users/ahooker/Documents/Dissertation/virtushield/final-datasets/in-the-wild-final-small/SAFE/1/frame_11600.jpg,SAFE,SAFE,0.09542155265808105,full_system,in_the_wild
/Users/ahooker/Documents/Dissertation/virtushield/final-datasets/in-the-wild-final-small/SAFE/1/frame_11620.jpg,SAFE,SAFE,0.4989759922027588,full_system,in_the_wild
/Users/ahooker/Documents/Dissertation/virtushield/final-datasets/in-the-wild-final-small/SAFE/1/frame_11620__1.jpg,SAFE,SAFE,0.11470452696084976,full_system,in_the_wild
/Users/ahooker/Documents/Dissertation/virtushield/final-datasets/in-the-wild-final-small/SAFE/1/frame_11620__2.jpg,SAFE,UNSAFE,0.721211850643158,full_system,in_the_wild
/Users/ahooker/Documents/Dissertation/virtushield/final-datasets/in-the-wild-final-small/SAFE/1/frame_11660.jpg,SAFE,UNSAFE,0.7589877843856812,full_system,in_the_wild
/Users/ahooker/Documents/Dissertation/virtushield/final-datasets/in-the-wild-final-small/SAFE/1/frame_11700.jpg,SAFE,SAFE,0.363984614610672,full_system,in_the_wild
/Users/ahooker/Documents/Dissertation/virtushield/final-datasets/in-the-wild-final-small/SAFE/1/frame_11760.jpg,SAFE,SAFE,0.20484162867069244,full_system,in_the_wild
/Users/ahooker/Documents/Dissertation/virtushield/final-datasets/in-the-wild-final-small/SAFE/1/frame_11780.jpg,SAFE,SAFE,0.3185253143310547,full_system,in_the_wild
/Users/ahooker/Documents/Dissertation/virtushield/final-datasets/in-the-wild-final-small/SAFE/1/frame_11920.jpg,SAFE,SAFE,0.3691446781158447,full_system,in_the_wild
/Users/ahooker/Documents/Dissertation/virtushield/final-datasets/in-the-wild-final-small/SAFE/1/frame_11940.jpg,SAFE,SAFE,0.14021940529346466,full_system,in_the_wild
/Users/ahooker/Documents/Dissertation/virtushield/final-datasets/in-the-wild-final-small/SAFE/1/frame_11940__1.jpg,SAFE,SAFE,0.3598077893257141,full_system,in_the_wild
/Users/ahooker/Documents/Dissertation/virtushield/final-datasets/in-the-wild-final-small/SAFE/1/frame_11940__2.jpg,SAFE,UNSAFE,0.6939669847488403,full_system,in_the_wild
/Users/ahooker/Documents/Dissertation/virtushield/final-datasets/in-the-wild-final-small/SAFE/1/frame_1200.jpg,SAFE,SAFE,0.0686010867357254,full_system,in_the_wild
/Users/ahooker/Documents/Dissertation/virtushield/final-datasets/in-the-wild-final-small/SAFE/1/frame_12020.jpg,SAFE,SAFE,0.31043627858161926,full_system,in_the_wild
/Users/ahooker/Documents/Dissertation/virtushield/final-datasets/in-the-wild-final-small/SAFE/1/frame_12120.jpg,SAFE,UNSAFE,0.7501680850982666,full_system,in_the_wild
/Users/ahooker/Documents/Dissertation/virtushield/final-datasets/in-the-wild-final-small/SAFE/1/frame_12160.jpg,SAFE,UNSAFE,0.51783287525177,full_system,in_the_wild
/Users/ahooker/Documents/Dissertation/virtushield/final-datasets/in-the-wild-final-small/SAFE/1/frame_12260.jpg,SAFE,SAFE,0.20971836149692535,full_system,in_the_wild
/Users/ahooker/Documents/Dissertation/virtushield/final-datasets/in-the-wild-final-small/SAFE/1/frame_12260__1.jpg,SAFE,UNSAFE,0.7005300521850586,full_system,in_the_wild
/Users/ahooker/Documents/Dissertation/virtushield/final-datasets/in-the-wild-final-small/SAFE/1/frame_12300.jpg,SAFE,UNSAFE,0.7579168677330017,full_system,in_the_wild
/Users/ahooker/Documents/Dissertation/virtushield/final-datasets/in-the-wild-final-small/SAFE/1/frame_12320.jpg,SAFE,SAFE,0.45592403411865234,full_system,in_the_wild
/Users/ahooker/Documents/Dissertation/virtushield/final-datasets/in-the-wild-final-small/SAFE/1/frame_12340.jpg,SAFE,UNSAFE,0.7284801602363586,full_system,in_the_wild
/Users/ahooker/Documents/Dissertation/virtushield/final-datasets/in-the-wild-final-small/SAFE/1/frame_12380.jpg,SAFE,UNSAFE,0.6186406016349792,full_system,in_the_wild
/Users/ahooker/Documents/Dissertation/virtushield/final-datasets/in-the-wild-final-small/SAFE/1/frame_12420.jpg,SAFE,UNSAFE,0.77099609375,full_system,in_the_wild
/Users/ahooker/Documents/Dissertation/virtushield/final-datasets/in-the-wild-final-small/SAFE/1/frame_12460.jpg,SAFE,UNSAFE,0.5538199543952942,full_system,in_the_wild
/Users/ahooker/Documents/Dissertation/virtushield/final-datasets/in-the-wild-final-small/SAFE/1/frame_12500.jpg,SAFE,SAFE,0.3932848870754242,full_system,in_the_wild
/Users/ahooker/Documents/Dissertation/virtushield/final-datasets/in-the-wild-final-small/SAFE/1/frame_12520.jpg,SAFE,SAFE,0.19951719045639038,full_system,in_the_wild
/Users/ahooker/Documents/Dissertation/virtushield/final-datasets/in-the-wild-final-small/SAFE/1/frame_12620.jpg,SAFE,SAFE,0.3293866515159607,full_system,in_the_wild
/Users/ahooker/Documents/Dissertation/virtushield/final-datasets/in-the-wild-final-small/SAFE/1/frame_12660.jpg,SAFE,UNSAFE,0.666455864906311,full_system,in_the_wild
/Users/ahooker/Documents/Dissertation/virtushield/final-datasets/in-the-wild-final-small/SAFE/1/frame_12740.jpg,SAFE,SAFE,0.30504757165908813,full_system,in_the_wild
/Users/ahooker/Documents/Dissertation/virtushield/final-datasets/in-the-wild-final-small/SAFE/1/frame_12780.jpg,SAFE,SAFE,0.24644124507904053,full_system,in_the_wild
/Users/ahooker/Documents/Dissertation/virtushield/final-datasets/in-the-wild-final-small/SAFE/1/frame_12820.jpg,SAFE,SAFE,0.25878962874412537,full_system,in_the_wild
/Users/ahooker/Documents/Dissertation/virtushield/final-datasets/in-the-wild-final-small/SAFE/1/frame_12840.jpg,SAFE,SAFE,0.11351221054792404,full_system,in_the_wild
/Users/ahooker/Documents/Dissertation/virtushield/final-datasets/in-the-wild-final-small/SAFE/1/frame_12920.jpg,SAFE,SAFE,0.2072983980178833,full_system,in_the_wild
/Users/ahooker/Documents/Dissertation/virtushield/final-datasets/in-the-wild-final-small/SAFE/1/frame_12920__1.jpg,SAFE,UNSAFE,0.5227599740028381,full_system,in_the_wild
/Users/ahooker/Documents/Dissertation/virtushield/final-datasets/in-the-wild-final-small/SAFE/1/frame_13000.jpg,SAFE,UNSAFE,0.7377730011940002,full_system,in_the_wild
/Users/ahooker/Documents/Dissertation/virtushield/final-datasets/in-the-wild-final-small/SAFE/1/frame_13020.jpg,SAFE,SAFE,0.3977997303009033,full_system,in_the_wild
/Users/ahooker/Documents/Dissertation/virtushield/final-datasets/in-the-wild-final-small/SAFE/1/frame_13060.jpg,SAFE,SAFE,0.2161242961883545,full_system,in_the_wild
/Users/ahooker/Documents/Dissertation/virtushield/final-datasets/in-the-wild-final-small/SAFE/1/frame_13180.jpg,SAFE,SAFE,0.27299484610557556,full_system,in_the_wild
/Users/ahooker/Documents/Dissertation/virtushield/final-datasets/in-the-wild-final-small/SAFE/1/frame_13200.jpg,SAFE,SAFE,0.11085953563451767,full_system,in_the_wild
/Users/ahooker/Documents/Dissertation/virtushield/final-datasets/in-the-wild-final-small/SAFE/1/frame_13240.jpg,SAFE,SAFE,0.13075751066207886,full_system,in_the_wild
/Users/ahooker/Documents/Dissertation/virtushield/final-datasets/in-the-wild-final-small/SAFE/1/frame_13280.jpg,SAFE,SAFE,0.2754204273223877,full_system,in_the_wild
/Users/ahooker/Documents/Dissertation/virtushield/final-datasets/in-the-wild-final-small/SAFE/1/frame_13280__1.jpg,SAFE,SAFE,0.2062881737947464,full_system,in_the_wild
/Users/ahooker/Documents/Dissertation/virtushield/final-datasets/in-the-wild-final-small/SAFE/1/frame_13400.jpg,SAFE,SAFE,0.34464460611343384,full_system,in_the_wild
/Users/ahooker/Documents/Dissertation/virtushield/final-datasets/in-the-wild-final-small/SAFE/1/frame_13400__1.jpg,SAFE,SAFE,0.34788838028907776,full_system,in_the_wild
/Users/ahooker/Documents/Dissertation/virtushield/final-datasets/in-the-wild-final-small/SAFE/1/frame_13420.jpg,SAFE,UNSAFE,0.5731629729270935,full_system,in_the_wild
/Users/ahooker/Documents/Dissertation/virtushield/final-datasets/in-the-wild-final-small/SAFE/1/frame_13440.jpg,SAFE,SAFE,0.3012423813343048,full_system,in_the_wild
/Users/ahooker/Documents/Dissertation/virtushield/final-datasets/in-the-wild-final-small/SAFE/1/frame_13480.jpg,SAFE,UNSAFE,0.6121585369110107,full_system,in_the_wild
/Users/ahooker/Documents/Dissertation/virtushield/final-datasets/in-the-wild-final-small/SAFE/1/frame_13480__1.jpg,SAFE,SAFE,0.28991755843162537,full_system,in_the_wild
/Users/ahooker/Documents/Dissertation/virtushield/final-datasets/in-the-wild-final-small/SAFE/1/frame_13520.jpg,SAFE,SAFE,0.3760313093662262,full_system,in_the_wild
/Users/ahooker/Documents/Dissertation/virtushield/final-datasets/in-the-wild-final-small/SAFE/1/frame_13580.jpg,SAFE,SAFE,0.11272595077753067,full_system,in_the_wild
/Users/ahooker/Documents/Dissertation/virtushield/final-datasets/in-the-wild-final-small/SAFE/1/frame_13580__1.jpg,SAFE,SAFE,0.3987928032875061,full_system,in_the_wild
/Users/ahooker/Documents/Dissertation/virtushield/final-datasets/in-the-wild-final-small/SAFE/1/frame_13640.jpg,SAFE,SAFE,0.13461141288280487,full_system,in_the_wild
/Users/ahooker/Documents/Dissertation/virtushield/final-datasets/in-the-wild-final-small/SAFE/1/frame_13660.jpg,SAFE,SAFE,0.23768582940101624,full_system,in_the_wild
/Users/ahooker/Documents/Dissertation/virtushield/final-datasets/in-the-wild-final-small/SAFE/1/frame_13700.jpg,SAFE,SAFE,0.33309465646743774,full_system,in_the_wild
/Users/ahooker/Documents/Dissertation/virtushield/final-datasets/in-the-wild-final-small/SAFE/1/frame_13720.jpg,SAFE,SAFE,0.21006914973258972,full_system,in_the_wild
/Users/ahooker/Documents/Dissertation/virtushield/final-datasets/in-the-wild-final-small/SAFE/1/frame_1380.jpg,SAFE,SAFE,0.09209439158439636,full_system,in_the_wild
/Users/ahooker/Documents/Dissertation/virtushield/final-datasets/in-the-wild-final-small/SAFE/1/frame_13840.jpg,SAFE,SAFE,0.2271527647972107,full_system,in_the_wild
/Users/ahooker/Documents/Dissertation/virtushield/final-datasets/in-the-wild-final-small/SAFE/1/frame_13860.jpg,SAFE,SAFE,0.33884790539741516,full_system,in_the_wild
/Users/ahooker/Documents/Dissertation/virtushield/final-datasets/in-the-wild-final-small/SAFE/1/frame_13880.jpg,SAFE,SAFE,0.20291726291179657,full_system,in_the_wild
/Users/ahooker/Documents/Dissertation/virtushield/final-datasets/in-the-wild-final-small/SAFE/1/frame_13900.jpg,SAFE,SAFE,0.34581950306892395,full_system,in_the_wild
/Users/ahooker/Documents/Dissertation/virtushield/final-datasets/in-the-wild-final-small/SAFE/1/frame_13940.jpg,SAFE,SAFE,0.19459611177444458,full_system,in_the_wild
/Users/ahooker/Documents/Dissertation/virtushield/final-datasets/in-the-wild-final-small/SAFE/1/frame_13960.jpg,SAFE,SAFE,0.34543341398239136,full_system,in_the_wild
/Users/ahooker/Documents/Dissertation/virtushield/final-datasets/in-the-wild-final-small/SAFE/1/frame_13960__1.jpg,SAFE,SAFE,0.3588833212852478,full_system,in_the_wild
/Users/ahooker/Documents/Dissertation/virtushield/final-datasets/in-the-wild-final-small/SAFE/1/frame_13960__2.jpg,SAFE,UNSAFE,0.7269987463951111,full_system,in_the_wild
/Users/ahooker/Documents/Dissertation/virtushield/final-datasets/in-the-wild-final-small/SAFE/1/frame_13980.jpg,SAFE,SAFE,0.2874794006347656,full_system,in_the_wild
/Users/ahooker/Documents/Dissertation/virtushield/final-datasets/in-the-wild-final-small/SAFE/1/frame_13980__1.jpg,SAFE,SAFE,0.33563360571861267,full_system,in_the_wild
/Users/ahooker/Documents/Dissertation/virtushield/final-datasets/in-the-wild-final-small/SAFE/1/frame_13980__2.jpg,SAFE,SAFE,0.295306921005249,full_system,in_the_wild
/Users/ahooker/Documents/Dissertation/virtushield/final-datasets/in-the-wild-final-small/SAFE/1/frame_14040.jpg,SAFE,SAFE,0.2892967760562897,full_system,in_the_wild
/Users/ahooker/Documents/Dissertation/virtushield/final-datasets/in-the-wild-final-small/SAFE/1/frame_14040__1.jpg,SAFE,SAFE,0.37885579466819763,full_system,in_the_wild
/Users/ahooker/Documents/Dissertation/virtushield/final-datasets/in-the-wild-final-small/SAFE/1/frame_14060.jpg,SAFE,SAFE,0.33842164278030396,full_system,in_the_wild
/Users/ahooker/Documents/Dissertation/virtushield/final-datasets/in-the-wild-final-small/SAFE/1/frame_14080.jpg,SAFE,SAFE,0.3857569396495819,full_system,in_the_wild
/Users/ahooker/Documents/Dissertation/virtushield/final-datasets/in-the-wild-final-small/SAFE/1/frame_14120.jpg,SAFE,UNSAFE,0.7197867035865784,full_system,in_the_wild
/Users/ahooker/Documents/Dissertation/virtushield/final-datasets/in-the-wild-final-small/SAFE/1/frame_14200.jpg,SAFE,SAFE,0.36592912673950195,full_system,in_the_wild
/Users/ahooker/Documents/Dissertation/virtushield/final-datasets/in-the-wild-final-small/SAFE/1/frame_14200__1.jpg,SAFE,SAFE,0.29776573181152344,full_system,in_the_wild
/Users/ahooker/Documents/Dissertation/virtushield/final-datasets/in-the-wild-final-small/SAFE/1/frame_14200__2.jpg,SAFE,SAFE,0.2758275270462036,full_system,in_the_wild
/Users/ahooker/Documents/Dissertation/virtushield/final-datasets/in-the-wild-final-small/SAFE/1/frame_14240.jpg,SAFE,SAFE,0.16681984066963196,full_system,in_the_wild
/Users/ahooker/Documents/Dissertation/virtushield/final-datasets/in-the-wild-final-small/SAFE/1/frame_14300.jpg,SAFE,SAFE,0.31346532702445984,full_system,in_the_wild
/Users/ahooker/Documents/Dissertation/virtushield/final-datasets/in-the-wild-final-small/SAFE/1/frame_14300__1.jpg,SAFE,UNSAFE,0.5157320499420166,full_system,in_the_wild
/Users/ahooker/Documents/Dissertation/virtushield/final-datasets/in-the-wild-final-small/SAFE/1/frame_14300__2.jpg,SAFE,SAFE,0.31346532702445984,full_system,in_the_wild
/Users/ahooker/Documents/Dissertation/virtushield/final-datasets/in-the-wild-final-small/SAFE/1/frame_14400.jpg,SAFE,SAFE,0.28960317373275757,full_system,in_the_wild
/Users/ahooker/Documents/Dissertation/virtushield/final-datasets/in-the-wild-final-small/SAFE/1/frame_14400__1.jpg,SAFE,UNSAFE,0.6388297080993652,full_system,in_the_wild
/Users/ahooker/Documents/Dissertation/virtushield/final-datasets/in-the-wild-final-small/SAFE/1/frame_14400__2.jpg,SAFE,SAFE,0.3759118318557739,full_system,in_the_wild
/Users/ahooker/Documents/Dissertation/virtushield/final-datasets/in-the-wild-final-small/SAFE/1/frame_14460.jpg,SAFE,SAFE,0.2964775860309601,full_system,in_the_wild
/Users/ahooker/Documents/Dissertation/virtushield/final-datasets/in-the-wild-final-small/SAFE/1/frame_14500.jpg,SAFE,SAFE,0.3960772752761841,full_system,in_the_wild
/Users/ahooker/Documents/Dissertation/virtushield/final-datasets/in-the-wild-final-small/SAFE/1/frame_14580.jpg,SAFE,SAFE,0.28530585765838623,full_system,in_the_wild
/Users/ahooker/Documents/Dissertation/virtushield/final-datasets/in-the-wild-final-small/SAFE/1/frame_14840.jpg,SAFE,UNSAFE,0.7792701721191406,full_system,in_the_wild
/Users/ahooker/Documents/Dissertation/virtushield/final-datasets/in-the-wild-final-small/SAFE/1/frame_14840__1.jpg,SAFE,SAFE,0.20786155760288239,full_system,in_the_wild
/Users/ahooker/Documents/Dissertation/virtushield/final-datasets/in-the-wild-final-small/SAFE/1/frame_14900.jpg,SAFE,UNSAFE,0.6462198495864868,full_system,in_the_wild
/Users/ahooker/Documents/Dissertation/virtushield/final-datasets/in-the-wild-final-small/SAFE/1/frame_14920.jpg,SAFE,SAFE,0.2520563304424286,full_system,in_the_wild
/Users/ahooker/Documents/Dissertation/virtushield/final-datasets/in-the-wild-final-small/SAFE/1/frame_14940.jpg,SAFE,SAFE,0.2158123254776001,full_system,in_the_wild
/Users/ahooker/Documents/Dissertation/virtushield/final-datasets/in-the-wild-final-small/SAFE/1/frame_14980.jpg,SAFE,UNSAFE,0.7059465646743774,full_system,in_the_wild
/Users/ahooker/Documents/Dissertation/virtushield/final-datasets/in-the-wild-final-small/SAFE/1/frame_1500.jpg,SAFE,SAFE,0.42182084918022156,full_system,in_the_wild
/Users/ahooker/Documents/Dissertation/virtushield/final-datasets/in-the-wild-final-small/SAFE/1/frame_15040.jpg,SAFE,SAFE,0.09510082751512527,full_system,in_the_wild
/Users/ahooker/Documents/Dissertation/virtushield/final-datasets/in-the-wild-final-small/SAFE/1/frame_15040__1.jpg,SAFE,SAFE,0.2810331881046295,full_system,in_the_wild
/Users/ahooker/Documents/Dissertation/virtushield/final-datasets/in-the-wild-final-small/SAFE/1/frame_15060.jpg,SAFE,SAFE,0.30479371547698975,full_system,in_the_wild
/Users/ahooker/Documents/Dissertation/virtushield/final-datasets/in-the-wild-final-small/SAFE/1/frame_15080.jpg,SAFE,SAFE,0.2970830202102661,full_system,in_the_wild
/Users/ahooker/Documents/Dissertation/virtushield/final-datasets/in-the-wild-final-small/SAFE/1/frame_15140.jpg,SAFE,SAFE,0.32250723242759705,full_system,in_the_wild
/Users/ahooker/Documents/Dissertation/virtushield/final-datasets/in-the-wild-final-small/SAFE/1/frame_15160.jpg,SAFE,UNSAFE,0.6886429190635681,full_system,in_the_wild
/Users/ahooker/Documents/Dissertation/virtushield/final-datasets/in-the-wild-final-small/SAFE/1/frame_15300.jpg,SAFE,SAFE,0.32613298296928406,full_system,in_the_wild
/Users/ahooker/Documents/Dissertation/virtushield/final-datasets/in-the-wild-final-small/SAFE/1/frame_15320.jpg,SAFE,SAFE,0.36676546931266785,full_system,in_the_wild
/Users/ahooker/Documents/Dissertation/virtushield/final-datasets/in-the-wild-final-small/SAFE/1/frame_15320__1.jpg,SAFE,SAFE,0.4469590485095978,full_system,in_the_wild
/Users/ahooker/Documents/Dissertation/virtushield/final-datasets/in-the-wild-final-small/SAFE/1/frame_15340.jpg,SAFE,SAFE,0.2471255213022232,full_system,in_the_wild
/Users/ahooker/Documents/Dissertation/virtushield/final-datasets/in-the-wild-final-small/SAFE/1/frame_15360.jpg,SAFE,UNSAFE,0.5125354528427124,full_system,in_the_wild
/Users/ahooker/Documents/Dissertation/virtushield/final-datasets/in-the-wild-final-small/SAFE/1/frame_1540.jpg,SAFE,UNSAFE,0.6156682968139648,full_system,in_the_wild
/Users/ahooker/Documents/Dissertation/virtushield/final-datasets/in-the-wild-final-small/SAFE/1/frame_15420.jpg,SAFE,UNSAFE,0.6419042944908142,full_system,in_the_wild
/Users/ahooker/Documents/Dissertation/virtushield/final-datasets/in-the-wild-final-small/SAFE/1/frame_15440.jpg,SAFE,UNSAFE,0.6884011030197144,full_system,in_the_wild
/Users/ahooker/Documents/Dissertation/virtushield/final-datasets/in-the-wild-final-small/SAFE/1/frame_15480.jpg,SAFE,UNSAFE,0.7423235774040222,full_system,in_the_wild
/Users/ahooker/Documents/Dissertation/virtushield/final-datasets/in-the-wild-final-small/SAFE/1/frame_15560.jpg,SAFE,SAFE,0.10436120629310608,full_system,in_the_wild
/Users/ahooker/Documents/Dissertation/virtushield/final-datasets/in-the-wild-final-small/SAFE/1/frame_15640.jpg,SAFE,UNSAFE,0.5412663817405701,full_system,in_the_wild
/Users/ahooker/Documents/Dissertation/virtushield/final-datasets/in-the-wild-final-small/SAFE/1/frame_15660.jpg,SAFE,SAFE,0.39371874928474426,full_system,in_the_wild
/Users/ahooker/Documents/Dissertation/virtushield/final-datasets/in-the-wild-final-small/SAFE/1/frame_15680.jpg,SAFE,SAFE,0.33607950806617737,full_system,in_the_wild
/Users/ahooker/Documents/Dissertation/virtushield/final-datasets/in-the-wild-final-small/SAFE/1/frame_15700.jpg,SAFE,UNSAFE,0.7450766563415527,full_system,in_the_wild
/Users/ahooker/Documents/Dissertation/virtushield/final-datasets/in-the-wild-final-small/SAFE/1/frame_15760.jpg,SAFE,SAFE,0.20149420201778412,full_system,in_the_wild
/Users/ahooker/Documents/Dissertation/virtushield/final-datasets/in-the-wild-final-small/SAFE/1/frame_15780.jpg,SAFE,SAFE,0.2727798819541931,full_system,in_the_wild
/Users/ahooker/Documents/Dissertation/virtushield/final-datasets/in-the-wild-final-small/SAFE/1/frame_15860.jpg,SAFE,SAFE,0.31694748997688293,full_system,in_the_wild
/Users/ahooker/Documents/Dissertation/virtushield/final-datasets/in-the-wild-final-small/SAFE/1/frame_15860__1.jpg,SAFE,SAFE,0.34702345728874207,full_system,in_the_wild
/Users/ahooker/Documents/Dissertation/virtushield/final-datasets/in-the-wild-final-small/SAFE/1/frame_15860__2.jpg,SAFE,SAFE,0.23287121951580048,full_system,in_the_wild
/Users/ahooker/Documents/Dissertation/virtushield/final-datasets/in-the-wild-final-small/SAFE/1/frame_15960.jpg,SAFE,SAFE,0.34646615386009216,full_system,in_the_wild
/Users/ahooker/Documents/Dissertation/virtushield/final-datasets/in-the-wild-final-small/SAFE/1/frame_160.jpg,SAFE,SAFE,0.22435536980628967,full_system,in_the_wild
/Users/ahooker/Documents/Dissertation/virtushield/final-datasets/in-the-wild-final-small/SAFE/1/frame_16200.jpg,SAFE,UNSAFE,0.7177756428718567,full_system,in_the_wild
/Users/ahooker/Documents/Dissertation/virtushield/final-datasets/in-the-wild-final-small/SAFE/1/frame_16340.jpg,SAFE,SAFE,0.23725652694702148,full_system,in_the_wild
/Users/ahooker/Documents/Dissertation/virtushield/final-datasets/in-the-wild-final-small/SAFE/1/frame_16340__1.jpg,SAFE,SAFE,0.30588075518608093,full_system,in_the_wild
/Users/ahooker/Documents/Dissertation/virtushield/final-datasets/in-the-wild-final-small/SAFE/1/frame_16360.jpg,SAFE,SAFE,0.4564712941646576,full_system,in_the_wild
/Users/ahooker/Documents/Dissertation/virtushield/final-datasets/in-the-wild-final-small/SAFE/1/frame_16420.jpg,SAFE,UNSAFE,0.6137821674346924,full_system,in_the_wild
/Users/ahooker/Documents/Dissertation/virtushield/final-datasets/in-the-wild-final-small/SAFE/1/frame_16440.jpg,SAFE,UNSAFE,0.7249194979667664,full_system,in_the_wild
/Users/ahooker/Documents/Dissertation/virtushield/final-datasets/in-the-wild-final-small/SAFE/1/frame_16460.jpg,SAFE,SAFE,0.26965904235839844,full_system,in_the_wild
/Users/ahooker/Documents/Dissertation/virtushield/final-datasets/in-the-wild-final-small/SAFE/1/frame_16560.jpg,SAFE,SAFE,0.3973556160926819,full_system,in_the_wild
/Users/ahooker/Documents/Dissertation/virtushield/final-datasets/in-the-wild-final-small/SAFE/1/frame_16660.jpg,SAFE,SAFE,0.35353586077690125,full_system,in_the_wild
/Users/ahooker/Documents/Dissertation/virtushield/final-datasets/in-the-wild-final-small/SAFE/1/frame_16660__1.jpg,SAFE,SAFE,0.26412835717201233,full_system,in_the_wild
/Users/ahooker/Documents/Dissertation/virtushield/final-datasets/in-the-wild-final-small/SAFE/1/frame_16720.jpg,SAFE,SAFE,0.362516850233078,full_system,in_the_wild
/Users/ahooker/Documents/Dissertation/virtushield/final-datasets/in-the-wild-final-small/SAFE/1/frame_16780.jpg,SAFE,SAFE,0.2466336339712143,full_system,in_the_wild
/Users/ahooker/Documents/Dissertation/virtushield/final-datasets/in-the-wild-final-small/SAFE/1/frame_16780__1.jpg,SAFE,SAFE,0.19306951761245728,full_system,in_the_wild
/Users/ahooker/Documents/Dissertation/virtushield/final-datasets/in-the-wild-final-small/SAFE/1/frame_16860.jpg,SAFE,UNSAFE,0.7035033106803894,full_system,in_the_wild
/Users/ahooker/Documents/Dissertation/virtushield/final-datasets/in-the-wild-final-small/SAFE/1/frame_16900.jpg,SAFE,UNSAFE,0.7048712968826294,full_system,in_the_wild
/Users/ahooker/Documents/Dissertation/virtushield/final-datasets/in-the-wild-final-small/SAFE/1/frame_16920.jpg,SAFE,SAFE,0.3679462671279907,full_system,in_the_wild
/Users/ahooker/Documents/Dissertation/virtushield/final-datasets/in-the-wild-final-small/SAFE/1/frame_1700.jpg,SAFE,SAFE,0.4688275456428528,full_system,in_the_wild
/Users/ahooker/Documents/Dissertation/virtushield/final-datasets/in-the-wild-final-small/SAFE/1/frame_17040.jpg,SAFE,SAFE,0.45955604314804077,full_system,in_the_wild
/Users/ahooker/Documents/Dissertation/virtushield/final-datasets/in-the-wild-final-small/SAFE/1/frame_17040__1.jpg,SAFE,SAFE,0.14862236380577087,full_system,in_the_wild
/Users/ahooker/Documents/Dissertation/virtushield/final-datasets/in-the-wild-final-small/SAFE/1/frame_17080.jpg,SAFE,SAFE,0.03861801326274872,full_system,in_the_wild
/Users/ahooker/Documents/Dissertation/virtushield/final-datasets/in-the-wild-final-small/SAFE/1/frame_17200.jpg,SAFE,SAFE,0.29755085706710815,full_system,in_the_wild
/Users/ahooker/Documents/Dissertation/virtushield/final-datasets/in-the-wild-final-small/SAFE/1/frame_17300.jpg,SAFE,SAFE,0.24870307743549347,full_system,in_the_wild
/Users/ahooker/Documents/Dissertation/virtushield/final-datasets/in-the-wild-final-small/SAFE/1/frame_17320.jpg,SAFE,UNSAFE,0.5881015062332153,full_system,in_the_wild
/Users/ahooker/Documents/Dissertation/virtushield/final-datasets/in-the-wild-final-small/SAFE/1/frame_17360.jpg,SAFE,SAFE,0.1560983508825302,full_system,in_the_wild
/Users/ahooker/Documents/Dissertation/virtushield/final-datasets/in-the-wild-final-small/SAFE/1/frame_1740.jpg,SAFE,SAFE,0.1489117294549942,full_system,in_the_wild
/Users/ahooker/Documents/Dissertation/virtushield/final-datasets/in-the-wild-final-small/SAFE/1/frame_17420.jpg,SAFE,SAFE,0.3647855222225189,full_system,in_the_wild
/Users/ahooker/Documents/Dissertation/virtushield/final-datasets/in-the-wild-final-small/SAFE/1/frame_17500.jpg,SAFE,SAFE,0.37543898820877075,full_system,in_the_wild
/Users/ahooker/Documents/Dissertation/virtushield/final-datasets/in-the-wild-final-small/SAFE/1/frame_17520.jpg,SAFE,UNSAFE,0.7385504841804504,full_system,in_the_wild
/Users/ahooker/Documents/Dissertation/virtushield/final-datasets/in-the-wild-final-small/SAFE/1/frame_17620.jpg,SAFE,SAFE,0.2985544800758362,full_system,in_the_wild
/Users/ahooker/Documents/Dissertation/virtushield/final-datasets/in-the-wild-final-small/SAFE/1/frame_17740.jpg,SAFE,SAFE,0.34903597831726074,full_system,in_the_wild
/Users/ahooker/Documents/Dissertation/virtushield/final-datasets/in-the-wild-final-small/SAFE/1/frame_17860.jpg,SAFE,SAFE,0.12197226285934448,full_system,in_the_wild
/Users/ahooker/Documents/Dissertation/virtushield/final-datasets/in-the-wild-final-small/SAFE/1/frame_17860__1.jpg,SAFE,UNSAFE,0.7493178844451904,full_system,in_the_wild
/Users/ahooker/Documents/Dissertation/virtushield/final-datasets/in-the-wild-final-small/SAFE/1/frame_17880.jpg,SAFE,SAFE,0.32942333817481995,full_system,in_the_wild
/Users/ahooker/Documents/Dissertation/virtushield/final-datasets/in-the-wild-final-small/SAFE/1/frame_180.jpg,SAFE,SAFE,0.31518736481666565,full_system,in_the_wild
/Users/ahooker/Documents/Dissertation/virtushield/final-datasets/in-the-wild-final-small/SAFE/1/frame_1800.jpg,SAFE,SAFE,0.355202853679657,full_system,in_the_wild
/Users/ahooker/Documents/Dissertation/virtushield/final-datasets/in-the-wild-final-small/SAFE/1/frame_18180.jpg,SAFE,SAFE,0.37639474868774414,full_system,in_the_wild
/Users/ahooker/Documents/Dissertation/virtushield/final-datasets/in-the-wild-final-small/SAFE/1/frame_18280.jpg,SAFE,SAFE,0.3582131862640381,full_system,in_the_wild
/Users/ahooker/Documents/Dissertation/virtushield/final-datasets/in-the-wild-final-small/SAFE/1/frame_18280__1.jpg,SAFE,SAFE,0.2326304018497467,full_system,in_the_wild
/Users/ahooker/Documents/Dissertation/virtushield/final-datasets/in-the-wild-final-small/SAFE/1/frame_18340.jpg,SAFE,UNSAFE,0.7114840149879456,full_system,in_the_wild
/Users/ahooker/Documents/Dissertation/virtushield/final-datasets/in-the-wild-final-small/SAFE/1/frame_18360.jpg,SAFE,SAFE,0.3663244843482971,full_system,in_the_wild
/Users/ahooker/Documents/Dissertation/virtushield/final-datasets/in-the-wild-final-small/SAFE/1/frame_18440.jpg,SAFE,SAFE,0.2759033441543579,full_system,in_the_wild
/Users/ahooker/Documents/Dissertation/virtushield/final-datasets/in-the-wild-final-small/SAFE/1/frame_18500.jpg,SAFE,SAFE,0.23839916288852692,full_system,in_the_wild
/Users/ahooker/Documents/Dissertation/virtushield/final-datasets/in-the-wild-final-small/SAFE/1/frame_18500__1.jpg,SAFE,SAFE,0.3021569848060608,full_system,in_the_wild
/Users/ahooker/Documents/Dissertation/virtushield/final-datasets/in-the-wild-final-small/SAFE/1/frame_18540.jpg,SAFE,SAFE,0.3620288670063019,full_system,in_the_wild
/Users/ahooker/Documents/Dissertation/virtushield/final-datasets/in-the-wild-final-small/SAFE/1/frame_18580.jpg,SAFE,SAFE,0.3723340332508087,full_system,in_the_wild
/Users/ahooker/Documents/Dissertation/virtushield/final-datasets/in-the-wild-final-small/SAFE/1/frame_1860.jpg,SAFE,UNSAFE,0.5405319929122925,full_system,in_the_wild
/Users/ahooker/Documents/Dissertation/virtushield/final-datasets/in-the-wild-final-small/SAFE/1/frame_18620.jpg,SAFE,SAFE,0.25570976734161377,full_system,in_the_wild
/Users/ahooker/Documents/Dissertation/virtushield/final-datasets/in-the-wild-final-small/SAFE/1/frame_18660.jpg,SAFE,SAFE,0.36688876152038574,full_system,in_the_wild
/Users/ahooker/Documents/Dissertation/virtushield/final-datasets/in-the-wild-final-small/SAFE/1/frame_18680.jpg,SAFE,UNSAFE,0.6447733044624329,full_system,in_the_wild
/Users/ahooker/Documents/Dissertation/virtushield/final-datasets/in-the-wild-final-small/SAFE/1/frame_18760.jpg,SAFE,SAFE,0.20815788209438324,full_system,in_the_wild
/Users/ahooker/Documents/Dissertation/virtushield/final-datasets/in-the-wild-final-small/SAFE/1/frame_18800.jpg,SAFE,SAFE,0.366814523935318,full_system,in_the_wild
/Users/ahooker/Documents/Dissertation/virtushield/final-datasets/in-the-wild-final-small/SAFE/1/frame_18840.jpg,SAFE,SAFE,0.4411616921424866,full_system,in_the_wild
/Users/ahooker/Documents/Dissertation/virtushield/final-datasets/in-the-wild-final-small/SAFE/1/frame_18860.jpg,SAFE,UNSAFE,0.8119819164276123,full_system,in_the_wild
/Users/ahooker/Documents/Dissertation/virtushield/final-datasets/in-the-wild-final-small/SAFE/1/frame_18880.jpg,SAFE,SAFE,0.3371502459049225,full_system,in_the_wild
/Users/ahooker/Documents/Dissertation/virtushield/final-datasets/in-the-wild-final-small/SAFE/1/frame_18900.jpg,SAFE,SAFE,0.3664086163043976,full_system,in_the_wild
/Users/ahooker/Documents/Dissertation/virtushield/final-datasets/in-the-wild-final-small/SAFE/1/frame_1900.jpg,SAFE,SAFE,0.1846979856491089,full_system,in_the_wild
/Users/ahooker/Documents/Dissertation/virtushield/final-datasets/in-the-wild-final-small/SAFE/1/frame_19080.jpg,SAFE,SAFE,0.23655930161476135,full_system,in_the_wild
/Users/ahooker/Documents/Dissertation/virtushield/final-datasets/in-the-wild-final-small/SAFE/1/frame_19100.jpg,SAFE,SAFE,0.3967997133731842,full_system,in_the_wild
/Users/ahooker/Documents/Dissertation/virtushield/final-datasets/in-the-wild-final-small/SAFE/1/frame_19140.jpg,SAFE,SAFE,0.3319351375102997,full_system,in_the_wild
/Users/ahooker/Documents/Dissertation/virtushield/final-datasets/in-the-wild-final-small/SAFE/1/frame_19140__1.jpg,SAFE,SAFE,0.4761255979537964,full_system,in_the_wild
/Users/ahooker/Documents/Dissertation/virtushield/final-datasets/in-the-wild-final-small/SAFE/1/frame_19180.jpg,SAFE,SAFE,0.2855610251426697,full_system,in_the_wild
/Users/ahooker/Documents/Dissertation/virtushield/final-datasets/in-the-wild-final-small/SAFE/1/frame_19220.jpg,SAFE,SAFE,0.3308616578578949,full_system,in_the_wild
/Users/ahooker/Documents/Dissertation/virtushield/final-datasets/in-the-wild-final-small/SAFE/1/frame_19240.jpg,SAFE,SAFE,0.24031710624694824,full_system,in_the_wild
/Users/ahooker/Documents/Dissertation/virtushield/final-datasets/in-the-wild-final-small/SAFE/1/frame_1940.jpg,SAFE,UNSAFE,0.7195357084274292,full_system,in_the_wild
/Users/ahooker/Documents/Dissertation/virtushield/final-datasets/in-the-wild-final-small/SAFE/1/frame_19420.jpg,SAFE,SAFE,0.267516165971756,full_system,in_the_wild
/Users/ahooker/Documents/Dissertation/virtushield/final-datasets/in-the-wild-final-small/SAFE/1/frame_19540.jpg,SAFE,SAFE,0.32786473631858826,full_system,in_the_wild
/Users/ahooker/Documents/Dissertation/virtushield/final-datasets/in-the-wild-final-small/SAFE/1/frame_19620.jpg,SAFE,SAFE,0.30500754714012146,full_system,in_the_wild
/Users/ahooker/Documents/Dissertation/virtushield/final-datasets/in-the-wild-final-small/SAFE/1/frame_19780.jpg,SAFE,UNSAFE,0.7794579863548279,full_system,in_the_wild
/Users/ahooker/Documents/Dissertation/virtushield/final-datasets/in-the-wild-final-small/SAFE/1/frame_19860.jpg,SAFE,SAFE,0.21140508353710175,full_system,in_the_wild
/Users/ahooker/Documents/Dissertation/virtushield/final-datasets/in-the-wild-final-small/SAFE/1/frame_19880.jpg,SAFE,SAFE,0.32624250650405884,full_system,in_the_wild
/Users/ahooker/Documents/Dissertation/virtushield/final-datasets/in-the-wild-final-small/SAFE/1/frame_19880__1.jpg,SAFE,SAFE,0.29817357659339905,full_system,in_the_wild
/Users/ahooker/Documents/Dissertation/virtushield/final-datasets/in-the-wild-final-small/SAFE/1/frame_19900.jpg,SAFE,SAFE,0.11360801011323929,full_system,in_the_wild
/Users/ahooker/Documents/Dissertation/virtushield/final-datasets/in-the-wild-final-small/SAFE/1/frame_19960.jpg,SAFE,SAFE,0.3335425853729248,full_system,in_the_wild
/Users/ahooker/Documents/Dissertation/virtushield/final-datasets/in-the-wild-final-small/SAFE/1/frame_2000.jpg,SAFE,SAFE,0.28982293605804443,full_system,in_the_wild
/Users/ahooker/Documents/Dissertation/virtushield/final-datasets/in-the-wild-final-small/SAFE/1/frame_2000__1.jpg,SAFE,SAFE,0.3305079936981201,full_system,in_the_wild
/Users/ahooker/Documents/Dissertation/virtushield/final-datasets/in-the-wild-final-small/SAFE/1/frame_20060.jpg,SAFE,UNSAFE,0.5651291608810425,full_system,in_the_wild
/Users/ahooker/Documents/Dissertation/virtushield/final-datasets/in-the-wild-final-small/SAFE/1/frame_20120.jpg,SAFE,SAFE,0.2526460289955139,full_system,in_the_wild
/Users/ahooker/Documents/Dissertation/virtushield/final-datasets/in-the-wild-final-small/SAFE/1/frame_20180.jpg,SAFE,UNSAFE,0.7273337244987488,full_system,in_the_wild
/Users/ahooker/Documents/Dissertation/virtushield/final-datasets/in-the-wild-final-small/SAFE/1/frame_20360.jpg,SAFE,SAFE,0.22317297756671906,full_system,in_the_wild
/Users/ahooker/Documents/Dissertation/virtushield/final-datasets/in-the-wild-final-small/SAFE/1/frame_20440.jpg,SAFE,SAFE,0.18340416252613068,full_system,in_the_wild
/Users/ahooker/Documents/Dissertation/virtushield/final-datasets/in-the-wild-final-small/SAFE/1/frame_20480.jpg,SAFE,UNSAFE,0.6934190988540649,full_system,in_the_wild
/Users/ahooker/Documents/Dissertation/virtushield/final-datasets/in-the-wild-final-small/SAFE/1/frame_20480__1.jpg,SAFE,SAFE,0.39348286390304565,full_system,in_the_wild
/Users/ahooker/Documents/Dissertation/virtushield/final-datasets/in-the-wild-final-small/SAFE/1/frame_20520.jpg,SAFE,SAFE,0.11945568770170212,full_system,in_the_wild
/Users/ahooker/Documents/Dissertation/virtushield/final-datasets/in-the-wild-final-small/SAFE/1/frame_20560.jpg,SAFE,UNSAFE,0.5828275680541992,full_system,in_the_wild
/Users/ahooker/Documents/Dissertation/virtushield/final-datasets/in-the-wild-final-small/SAFE/1/frame_2060.jpg,SAFE,SAFE,0.36497291922569275,full_system,in_the_wild
/Users/ahooker/Documents/Dissertation/virtushield/final-datasets/in-the-wild-final-small/SAFE/1/frame_20700.jpg,SAFE,SAFE,0.3316708207130432,full_system,in_the_wild
/Users/ahooker/Documents/Dissertation/virtushield/final-datasets/in-the-wild-final-small/SAFE/1/frame_20820.jpg,SAFE,SAFE,0.3757641911506653,full_system,in_the_wild
/Users/ahooker/Documents/Dissertation/virtushield/final-datasets/in-the-wild-final-small/SAFE/1/frame_20940.jpg,SAFE,SAFE,0.35913628339767456,full_system,in_the_wild
/Users/ahooker/Documents/Dissertation/virtushield/final-datasets/in-the-wild-final-small/SAFE/1/frame_2100.jpg,SAFE,SAFE,0.290947824716568,full_system,in_the_wild
/Users/ahooker/Documents/Dissertation/virtushield/final-datasets/in-the-wild-final-small/SAFE/1/frame_21080.jpg,SAFE,SAFE,0.33630338311195374,full_system,in_the_wild
/Users/ahooker/Documents/Dissertation/virtushield/final-datasets/in-the-wild-final-small/SAFE/1/frame_21120.jpg,SAFE,SAFE,0.2538086175918579,full_system,in_the_wild
/Users/ahooker/Documents/Dissertation/virtushield/final-datasets/in-the-wild-final-small/SAFE/1/frame_21240.jpg,SAFE,SAFE,0.36205631494522095,full_system,in_the_wild
/Users/ahooker/Documents/Dissertation/virtushield/final-datasets/in-the-wild-final-small/SAFE/1/frame_21240__1.jpg,SAFE,SAFE,0.44380393624305725,full_system,in_the_wild
/Users/ahooker/Documents/Dissertation/virtushield/final-datasets/in-the-wild-final-small/SAFE/1/frame_21360.jpg,SAFE,SAFE,0.3064937889575958,full_system,in_the_wild
/Users/ahooker/Documents/Dissertation/virtushield/final-datasets/in-the-wild-final-small/SAFE/1/frame_21420.jpg,SAFE,UNSAFE,0.6218795776367188,full_system,in_the_wild
/Users/ahooker/Documents/Dissertation/virtushield/final-datasets/in-the-wild-final-small/SAFE/1/frame_21480.jpg,SAFE,SAFE,0.3323214054107666,full_system,in_the_wild
/Users/ahooker/Documents/Dissertation/virtushield/final-datasets/in-the-wild-final-small/SAFE/1/frame_21520.jpg,SAFE,SAFE,0.2387106567621231,full_system,in_the_wild
/Users/ahooker/Documents/Dissertation/virtushield/final-datasets/in-the-wild-final-small/SAFE/1/frame_21620.jpg,SAFE,SAFE,0.2740636467933655,full_system,in_the_wild
/Users/ahooker/Documents/Dissertation/virtushield/final-datasets/in-the-wild-final-small/SAFE/1/frame_21660.jpg,SAFE,UNSAFE,0.7090015411376953,full_system,in_the_wild
/Users/ahooker/Documents/Dissertation/virtushield/final-datasets/in-the-wild-final-small/SAFE/1/frame_21700.jpg,SAFE,SAFE,0.2580450773239136,full_system,in_the_wild
/Users/ahooker/Documents/Dissertation/virtushield/final-datasets/in-the-wild-final-small/SAFE/1/frame_21720.jpg,SAFE,SAFE,0.3938225209712982,full_system,in_the_wild
/Users/ahooker/Documents/Dissertation/virtushield/final-datasets/in-the-wild-final-small/SAFE/1/frame_21860.jpg,SAFE,UNSAFE,0.6406762599945068,full_system,in_the_wild
/Users/ahooker/Documents/Dissertation/virtushield/final-datasets/in-the-wild-final-small/SAFE/1/frame_21880.jpg,SAFE,SAFE,0.35442525148391724,full_system,in_the_wild
/Users/ahooker/Documents/Dissertation/virtushield/final-datasets/in-the-wild-final-small/SAFE/1/frame_220.jpg,SAFE,UNSAFE,0.7694402933120728,full_system,in_the_wild
/Users/ahooker/Documents/Dissertation/virtushield/final-datasets/in-the-wild-final-small/SAFE/1/frame_22000.jpg,SAFE,SAFE,0.2747948467731476,full_system,in_the_wild
/Users/ahooker/Documents/Dissertation/virtushield/final-datasets/in-the-wild-final-small/SAFE/1/frame_22060.jpg,SAFE,UNSAFE,0.5398178100585938,full_system,in_the_wild
/Users/ahooker/Documents/Dissertation/virtushield/final-datasets/in-the-wild-final-small/SAFE/1/frame_22080.jpg,SAFE,SAFE,0.3462027311325073,full_system,in_the_wild
/Users/ahooker/Documents/Dissertation/virtushield/final-datasets/in-the-wild-final-small/SAFE/1/frame_22100.jpg,SAFE,SAFE,0.3440236449241638,full_system,in_the_wild
/Users/ahooker/Documents/Dissertation/virtushield/final-datasets/in-the-wild-final-small/SAFE/1/frame_22200.jpg,SAFE,SAFE,0.22775301337242126,full_system,in_the_wild
/Users/ahooker/Documents/Dissertation/virtushield/final-datasets/in-the-wild-final-small/SAFE/1/frame_22400.jpg,SAFE,UNSAFE,0.6339033842086792,full_system,in_the_wild
/Users/ahooker/Documents/Dissertation/virtushield/final-datasets/in-the-wild-final-small/SAFE/1/frame_22460.jpg,SAFE,SAFE,0.3896871507167816,full_system,in_the_wild
/Users/ahooker/Documents/Dissertation/virtushield/final-datasets/in-the-wild-final-small/SAFE/1/frame_22620.jpg,SAFE,SAFE,0.3296217918395996,full_system,in_the_wild
/Users/ahooker/Documents/Dissertation/virtushield/final-datasets/in-the-wild-final-small/SAFE/1/frame_22680.jpg,SAFE,UNSAFE,0.7197338342666626,full_system,in_the_wild
/Users/ahooker/Documents/Dissertation/virtushield/final-datasets/in-the-wild-final-small/SAFE/1/frame_22900.jpg,SAFE,SAFE,0.33536043763160706,full_system,in_the_wild
/Users/ahooker/Documents/Dissertation/virtushield/final-datasets/in-the-wild-final-small/SAFE/1/frame_22940.jpg,SAFE,SAFE,0.24938833713531494,full_system,in_the_wild
/Users/ahooker/Documents/Dissertation/virtushield/final-datasets/in-the-wild-final-small/SAFE/1/frame_23140.jpg,SAFE,SAFE,0.2172999083995819,full_system,in_the_wild
/Users/ahooker/Documents/Dissertation/virtushield/final-datasets/in-the-wild-final-small/SAFE/1/frame_23480.jpg,SAFE,SAFE,0.2509869933128357,full_system,in_the_wild
/Users/ahooker/Documents/Dissertation/virtushield/final-datasets/in-the-wild-final-small/SAFE/1/frame_2420.jpg,SAFE,SAFE,0.352349191904068,full_system,in_the_wild
/Users/ahooker/Documents/Dissertation/virtushield/final-datasets/in-the-wild-final-small/SAFE/1/frame_2440.jpg,SAFE,SAFE,0.20584538578987122,full_system,in_the_wild
/Users/ahooker/Documents/Dissertation/virtushield/final-datasets/in-the-wild-final-small/SAFE/1/frame_2440__1.jpg,SAFE,SAFE,0.17886707186698914,full_system,in_the_wild
/Users/ahooker/Documents/Dissertation/virtushield/final-datasets/in-the-wild-final-small/SAFE/1/frame_2440__2.jpg,SAFE,SAFE,0.2811545729637146,full_system,in_the_wild
/Users/ahooker/Documents/Dissertation/virtushield/final-datasets/in-the-wild-final-small/SAFE/1/frame_2460.jpg,SAFE,UNSAFE,0.6769905686378479,full_system,in_the_wild
/Users/ahooker/Documents/Dissertation/virtushield/final-datasets/in-the-wild-final-small/SAFE/1/frame_2460__1.jpg,SAFE,SAFE,0.27594488859176636,full_system,in_the_wild
/Users/ahooker/Documents/Dissertation/virtushield/final-datasets/in-the-wild-final-small/SAFE/1/frame_24920.jpg,SAFE,SAFE,0.2573966681957245,full_system,in_the_wild
/Users/ahooker/Documents/Dissertation/virtushield/final-datasets/in-the-wild-final-small/SAFE/1/frame_2500.jpg,SAFE,SAFE,0.2074422985315323,full_system,in_the_wild
/Users/ahooker/Documents/Dissertation/virtushield/final-datasets/in-the-wild-final-small/SAFE/1/frame_2500__1.jpg,SAFE,SAFE,0.32052987813949585,full_system,in_the_wild
/Users/ahooker/Documents/Dissertation/virtushield/final-datasets/in-the-wild-final-small/SAFE/1/frame_25160.jpg,SAFE,SAFE,0.3463055193424225,full_system,in_the_wild
/Users/ahooker/Documents/Dissertation/virtushield/final-datasets/in-the-wild-final-small/SAFE/1/frame_2580.jpg,SAFE,SAFE,0.27572697401046753,full_system,in_the_wild
/Users/ahooker/Documents/Dissertation/virtushield/final-datasets/in-the-wild-final-small/SAFE/1/frame_2600.jpg,SAFE,SAFE,0.19475218653678894,full_system,in_the_wild
/Users/ahooker/Documents/Dissertation/virtushield/final-datasets/in-the-wild-final-small/SAFE/1/frame_2600__1.jpg,SAFE,SAFE,0.2709403932094574,full_system,in_the_wild
/Users/ahooker/Documents/Dissertation/virtushield/final-datasets/in-the-wild-final-small/SAFE/1/frame_2620.jpg,SAFE,SAFE,0.3550049960613251,full_system,in_the_wild
/Users/ahooker/Documents/Dissertation/virtushield/final-datasets/in-the-wild-final-small/SAFE/1/frame_26540.jpg,SAFE,SAFE,0.3542947471141815,full_system,in_the_wild
/Users/ahooker/Documents/Dissertation/virtushield/final-datasets/in-the-wild-final-small/SAFE/1/frame_2660.jpg,SAFE,UNSAFE,0.6199825406074524,full_system,in_the_wild
/Users/ahooker/Documents/Dissertation/virtushield/final-datasets/in-the-wild-final-small/SAFE/1/frame_2700.jpg,SAFE,SAFE,0.11408080160617828,full_system,in_the_wild
/Users/ahooker/Documents/Dissertation/virtushield/final-datasets/in-the-wild-final-small/SAFE/1/frame_2720.jpg,SAFE,SAFE,0.30462881922721863,full_system,in_the_wild
/Users/ahooker/Documents/Dissertation/virtushield/final-datasets/in-the-wild-final-small/SAFE/1/frame_27300.jpg,SAFE,SAFE,0.3397326171398163,full_system,in_the_wild
/Users/ahooker/Documents/Dissertation/virtushield/final-datasets/in-the-wild-final-small/SAFE/1/frame_27640.jpg,SAFE,SAFE,0.3638022243976593,full_system,in_the_wild
/Users/ahooker/Documents/Dissertation/virtushield/final-datasets/in-the-wild-final-small/SAFE/1/frame_27760.jpg,SAFE,SAFE,0.47353214025497437,full_system,in_the_wild
/Users/ahooker/Documents/Dissertation/virtushield/final-datasets/in-the-wild-final-small/SAFE/1/frame_2780.jpg,SAFE,SAFE,0.10754122585058212,full_system,in_the_wild
/Users/ahooker/Documents/Dissertation/virtushield/final-datasets/in-the-wild-final-small/SAFE/1/frame_27860.jpg,SAFE,SAFE,0.3055932819843292,full_system,in_the_wild
/Users/ahooker/Documents/Dissertation/virtushield/final-datasets/in-the-wild-final-small/SAFE/1/frame_28160.jpg,SAFE,SAFE,0.38653677701950073,full_system,in_the_wild
/Users/ahooker/Documents/Dissertation/virtushield/final-datasets/in-the-wild-final-small/SAFE/1/frame_2820.jpg,SAFE,SAFE,0.15078535676002502,full_system,in_the_wild
/Users/ahooker/Documents/Dissertation/virtushield/final-datasets/in-the-wild-final-small/SAFE/1/frame_2840.jpg,SAFE,SAFE,0.2766733765602112,full_system,in_the_wild
/Users/ahooker/Documents/Dissertation/virtushield/final-datasets/in-the-wild-final-small/SAFE/1/frame_28400.jpg,SAFE,SAFE,0.23883439600467682,full_system,in_the_wild
/Users/ahooker/Documents/Dissertation/virtushield/final-datasets/in-the-wild-final-small/SAFE/1/frame_2900.jpg,SAFE,SAFE,0.47812309861183167,full_system,in_the_wild
/Users/ahooker/Documents/Dissertation/virtushield/final-datasets/in-the-wild-final-small/SAFE/1/frame_2920.jpg,SAFE,SAFE,0.27752384543418884,full_system,in_the_wild
/Users/ahooker/Documents/Dissertation/virtushield/final-datasets/in-the-wild-final-small/SAFE/1/frame_2940.jpg,SAFE,SAFE,0.3185712695121765,full_system,in_the_wild
/Users/ahooker/Documents/Dissertation/virtushield/final-datasets/in-the-wild-final-small/SAFE/1/frame_2960.jpg,SAFE,SAFE,0.3729192018508911,full_system,in_the_wild
/Users/ahooker/Documents/Dissertation/virtushield/final-datasets/in-the-wild-final-small/SAFE/1/frame_3020.jpg,SAFE,SAFE,0.20155280828475952,full_system,in_the_wild
/Users/ahooker/Documents/Dissertation/virtushield/final-datasets/in-the-wild-final-small/SAFE/1/frame_3040.jpg,SAFE,SAFE,0.2907424569129944,full_system,in_the_wild
/Users/ahooker/Documents/Dissertation/virtushield/final-datasets/in-the-wild-final-small/SAFE/1/frame_3100.jpg,SAFE,SAFE,0.29260045289993286,full_system,in_the_wild
/Users/ahooker/Documents/Dissertation/virtushield/final-datasets/in-the-wild-final-small/SAFE/1/frame_3200.jpg,SAFE,SAFE,0.33478352427482605,full_system,in_the_wild
/Users/ahooker/Documents/Dissertation/virtushield/final-datasets/in-the-wild-final-small/SAFE/1/frame_3220.jpg,SAFE,SAFE,0.3992465138435364,full_system,in_the_wild
/Users/ahooker/Documents/Dissertation/virtushield/final-datasets/in-the-wild-final-small/SAFE/1/frame_3220__1.jpg,SAFE,SAFE,0.39251235127449036,full_system,in_the_wild
/Users/ahooker/Documents/Dissertation/virtushield/final-datasets/in-the-wild-final-small/SAFE/1/frame_3240.jpg,SAFE,UNSAFE,0.6229894161224365,full_system,in_the_wild
/Users/ahooker/Documents/Dissertation/virtushield/final-datasets/in-the-wild-final-small/SAFE/1/frame_3300.jpg,SAFE,SAFE,0.34774482250213623,full_system,in_the_wild
/Users/ahooker/Documents/Dissertation/virtushield/final-datasets/in-the-wild-final-small/SAFE/1/frame_3320.jpg,SAFE,SAFE,0.14046147465705872,full_system,in_the_wild
/Users/ahooker/Documents/Dissertation/virtushield/final-datasets/in-the-wild-final-small/SAFE/1/frame_3360.jpg,SAFE,SAFE,0.3403310179710388,full_system,in_the_wild
/Users/ahooker/Documents/Dissertation/virtushield/final-datasets/in-the-wild-final-small/SAFE/1/frame_3380.jpg,SAFE,SAFE,0.3201405107975006,full_system,in_the_wild
/Users/ahooker/Documents/Dissertation/virtushield/final-datasets/in-the-wild-final-small/SAFE/1/frame_3480.jpg,SAFE,SAFE,0.2869151830673218,full_system,in_the_wild
/Users/ahooker/Documents/Dissertation/virtushield/final-datasets/in-the-wild-final-small/SAFE/1/frame_3480__1.jpg,SAFE,UNSAFE,0.7802809476852417,full_system,in_the_wild
/Users/ahooker/Documents/Dissertation/virtushield/final-datasets/in-the-wild-final-small/SAFE/1/frame_3500.jpg,SAFE,UNSAFE,0.7195857763290405,full_system,in_the_wild
/Users/ahooker/Documents/Dissertation/virtushield/final-datasets/in-the-wild-final-small/SAFE/1/frame_3540.jpg,SAFE,SAFE,0.3992598056793213,full_system,in_the_wild
/Users/ahooker/Documents/Dissertation/virtushield/final-datasets/in-the-wild-final-small/SAFE/1/frame_3660.jpg,SAFE,SAFE,0.16237899661064148,full_system,in_the_wild
/Users/ahooker/Documents/Dissertation/virtushield/final-datasets/in-the-wild-final-small/SAFE/1/frame_3680.jpg,SAFE,SAFE,0.2640043795108795,full_system,in_the_wild
/Users/ahooker/Documents/Dissertation/virtushield/final-datasets/in-the-wild-final-small/SAFE/1/frame_3700.jpg,SAFE,SAFE,0.3173797130584717,full_system,in_the_wild
/Users/ahooker/Documents/Dissertation/virtushield/final-datasets/in-the-wild-final-small/SAFE/1/frame_3720.jpg,SAFE,SAFE,0.1603589802980423,full_system,in_the_wild
/Users/ahooker/Documents/Dissertation/virtushield/final-datasets/in-the-wild-final-small/SAFE/1/frame_3740.jpg,SAFE,SAFE,0.2601691484451294,full_system,in_the_wild
/Users/ahooker/Documents/Dissertation/virtushield/final-datasets/in-the-wild-final-small/SAFE/1/frame_3740__1.jpg,SAFE,SAFE,0.3189983069896698,full_system,in_the_wild
/Users/ahooker/Documents/Dissertation/virtushield/final-datasets/in-the-wild-final-small/SAFE/1/frame_3780.jpg,SAFE,SAFE,0.19285626709461212,full_system,in_the_wild
/Users/ahooker/Documents/Dissertation/virtushield/final-datasets/in-the-wild-final-small/SAFE/1/frame_3820.jpg,SAFE,SAFE,0.32213354110717773,full_system,in_the_wild
/Users/ahooker/Documents/Dissertation/virtushield/final-datasets/in-the-wild-final-small/SAFE/1/frame_3840.jpg,SAFE,SAFE,0.37385573983192444,full_system,in_the_wild
/Users/ahooker/Documents/Dissertation/virtushield/final-datasets/in-the-wild-final-small/SAFE/1/frame_3940.jpg,SAFE,SAFE,0.36346951127052307,full_system,in_the_wild
/Users/ahooker/Documents/Dissertation/virtushield/final-datasets/in-the-wild-final-small/SAFE/1/frame_40.jpg,SAFE,SAFE,0.23675741255283356,full_system,in_the_wild
/Users/ahooker/Documents/Dissertation/virtushield/final-datasets/in-the-wild-final-small/SAFE/1/frame_4020.jpg,SAFE,SAFE,0.38720768690109253,full_system,in_the_wild
/Users/ahooker/Documents/Dissertation/virtushield/final-datasets/in-the-wild-final-small/SAFE/1/frame_4020__1.jpg,SAFE,SAFE,0.24888721108436584,full_system,in_the_wild
/Users/ahooker/Documents/Dissertation/virtushield/final-datasets/in-the-wild-final-small/SAFE/1/frame_4060.jpg,SAFE,SAFE,0.23388199508190155,full_system,in_the_wild
/Users/ahooker/Documents/Dissertation/virtushield/final-datasets/in-the-wild-final-small/SAFE/1/frame_4120.jpg,SAFE,SAFE,0.29924115538597107,full_system,in_the_wild
/Users/ahooker/Documents/Dissertation/virtushield/final-datasets/in-the-wild-final-small/SAFE/1/frame_4200.jpg,SAFE,SAFE,0.06744921207427979,full_system,in_the_wild
/Users/ahooker/Documents/Dissertation/virtushield/final-datasets/in-the-wild-final-small/SAFE/1/frame_4200__1.jpg,SAFE,SAFE,0.23649831116199493,full_system,in_the_wild
/Users/ahooker/Documents/Dissertation/virtushield/final-datasets/in-the-wild-final-small/SAFE/1/frame_4240.jpg,SAFE,SAFE,0.36003315448760986,full_system,in_the_wild
/Users/ahooker/Documents/Dissertation/virtushield/final-datasets/in-the-wild-final-small/SAFE/1/frame_4300.jpg,SAFE,SAFE,0.21467211842536926,full_system,in_the_wild
/Users/ahooker/Documents/Dissertation/virtushield/final-datasets/in-the-wild-final-small/SAFE/1/frame_4300__1.jpg,SAFE,SAFE,0.23328818380832672,full_system,in_the_wild
/Users/ahooker/Documents/Dissertation/virtushield/final-datasets/in-the-wild-final-small/SAFE/1/frame_4320.jpg,SAFE,SAFE,0.34173783659935,full_system,in_the_wild
/Users/ahooker/Documents/Dissertation/virtushield/final-datasets/in-the-wild-final-small/SAFE/1/frame_4340.jpg,SAFE,SAFE,0.40364620089530945,full_system,in_the_wild
/Users/ahooker/Documents/Dissertation/virtushield/final-datasets/in-the-wild-final-small/SAFE/1/frame_4360.jpg,SAFE,UNSAFE,0.5956411361694336,full_system,in_the_wild
/Users/ahooker/Documents/Dissertation/virtushield/final-datasets/in-the-wild-final-small/SAFE/1/frame_4420.jpg,SAFE,SAFE,0.2543092668056488,full_system,in_the_wild
/Users/ahooker/Documents/Dissertation/virtushield/final-datasets/in-the-wild-final-small/SAFE/1/frame_4420__1.jpg,SAFE,SAFE,0.2954452633857727,full_system,in_the_wild
/Users/ahooker/Documents/Dissertation/virtushield/final-datasets/in-the-wild-final-small/SAFE/1/frame_4480.jpg,SAFE,SAFE,0.19884422421455383,full_system,in_the_wild
/Users/ahooker/Documents/Dissertation/virtushield/final-datasets/in-the-wild-final-small/SAFE/1/frame_4520.jpg,SAFE,SAFE,0.23487044870853424,full_system,in_the_wild
/Users/ahooker/Documents/Dissertation/virtushield/final-datasets/in-the-wild-final-small/SAFE/1/frame_4520__1.jpg,SAFE,SAFE,0.373325914144516,full_system,in_the_wild
/Users/ahooker/Documents/Dissertation/virtushield/final-datasets/in-the-wild-final-small/SAFE/1/frame_4560.jpg,SAFE,SAFE,0.26651236414909363,full_system,in_the_wild
/Users/ahooker/Documents/Dissertation/virtushield/final-datasets/in-the-wild-final-small/SAFE/1/frame_4580.jpg,SAFE,SAFE,0.323436439037323,full_system,in_the_wild
/Users/ahooker/Documents/Dissertation/virtushield/final-datasets/in-the-wild-final-small/SAFE/1/frame_4580__1.jpg,SAFE,SAFE,0.3557327389717102,full_system,in_the_wild
/Users/ahooker/Documents/Dissertation/virtushield/final-datasets/in-the-wild-final-small/SAFE/1/frame_4580__2.jpg,SAFE,UNSAFE,0.6938782930374146,full_system,in_the_wild
/Users/ahooker/Documents/Dissertation/virtushield/final-datasets/in-the-wild-final-small/SAFE/1/frame_4580__3.jpg,SAFE,SAFE,0.10663916170597076,full_system,in_the_wild
/Users/ahooker/Documents/Dissertation/virtushield/final-datasets/in-the-wild-final-small/SAFE/1/frame_460.jpg,SAFE,SAFE,0.37514162063598633,full_system,in_the_wild
/Users/ahooker/Documents/Dissertation/virtushield/final-datasets/in-the-wild-final-small/SAFE/1/frame_4600.jpg,SAFE,SAFE,0.19167734682559967,full_system,in_the_wild
/Users/ahooker/Documents/Dissertation/virtushield/final-datasets/in-the-wild-final-small/SAFE/1/frame_4620.jpg,SAFE,SAFE,0.3770693242549896,full_system,in_the_wild
/Users/ahooker/Documents/Dissertation/virtushield/final-datasets/in-the-wild-final-small/SAFE/1/frame_4640.jpg,SAFE,SAFE,0.37419524788856506,full_system,in_the_wild
/Users/ahooker/Documents/Dissertation/virtushield/final-datasets/in-the-wild-final-small/SAFE/1/frame_4640__1.jpg,SAFE,SAFE,0.2832161486148834,full_system,in_the_wild
/Users/ahooker/Documents/Dissertation/virtushield/final-datasets/in-the-wild-final-small/SAFE/1/frame_4660.jpg,SAFE,SAFE,0.21367989480495453,full_system,in_the_wild
/Users/ahooker/Documents/Dissertation/virtushield/final-datasets/in-the-wild-final-small/SAFE/1/frame_4700.jpg,SAFE,UNSAFE,0.7642213106155396,full_system,in_the_wild
/Users/ahooker/Documents/Dissertation/virtushield/final-datasets/in-the-wild-final-small/SAFE/1/frame_4700__1.jpg,SAFE,SAFE,0.3018670678138733,full_system,in_the_wild
/Users/ahooker/Documents/Dissertation/virtushield/final-datasets/in-the-wild-final-small/SAFE/1/frame_4740.jpg,SAFE,SAFE,0.16439460217952728,full_system,in_the_wild
/Users/ahooker/Documents/Dissertation/virtushield/final-datasets/in-the-wild-final-small/SAFE/1/frame_4740__1.jpg,SAFE,SAFE,0.16439460217952728,full_system,in_the_wild
/Users/ahooker/Documents/Dissertation/virtushield/final-datasets/in-the-wild-final-small/SAFE/1/frame_4760.jpg,SAFE,SAFE,0.3202700614929199,full_system,in_the_wild
/Users/ahooker/Documents/Dissertation/virtushield/final-datasets/in-the-wild-final-small/SAFE/1/frame_4820.jpg,SAFE,UNSAFE,0.5693721771240234,full_system,in_the_wild
/Users/ahooker/Documents/Dissertation/virtushield/final-datasets/in-the-wild-final-small/SAFE/1/frame_4820__1.jpg,SAFE,SAFE,0.20139600336551666,full_system,in_the_wild
/Users/ahooker/Documents/Dissertation/virtushield/final-datasets/in-the-wild-final-small/SAFE/1/frame_4900.jpg,SAFE,SAFE,0.1415250301361084,full_system,in_the_wild
/Users/ahooker/Documents/Dissertation/virtushield/final-datasets/in-the-wild-final-small/SAFE/1/frame_4900__1.jpg,SAFE,SAFE,0.2388642132282257,full_system,in_the_wild
/Users/ahooker/Documents/Dissertation/virtushield/final-datasets/in-the-wild-final-small/SAFE/1/frame_4960.jpg,SAFE,SAFE,0.22833624482154846,full_system,in_the_wild
/Users/ahooker/Documents/Dissertation/virtushield/final-datasets/in-the-wild-final-small/SAFE/1/frame_500.jpg,SAFE,SAFE,0.38982099294662476,full_system,in_the_wild
/Users/ahooker/Documents/Dissertation/virtushield/final-datasets/in-the-wild-final-small/SAFE/1/frame_500__1.jpg,SAFE,SAFE,0.38982099294662476,full_system,in_the_wild
/Users/ahooker/Documents/Dissertation/virtushield/final-datasets/in-the-wild-final-small/SAFE/1/frame_5020.jpg,SAFE,UNSAFE,0.7026408910751343,full_system,in_the_wild
/Users/ahooker/Documents/Dissertation/virtushield/final-datasets/in-the-wild-final-small/SAFE/1/frame_5020__1.jpg,SAFE,SAFE,0.4166216552257538,full_system,in_the_wild
/Users/ahooker/Documents/Dissertation/virtushield/final-datasets/in-the-wild-final-small/SAFE/1/frame_5060.jpg,SAFE,SAFE,0.33771783113479614,full_system,in_the_wild
/Users/ahooker/Documents/Dissertation/virtushield/final-datasets/in-the-wild-final-small/SAFE/1/frame_5060__1.jpg,SAFE,UNSAFE,0.7567695379257202,full_system,in_the_wild
/Users/ahooker/Documents/Dissertation/virtushield/final-datasets/in-the-wild-final-small/SAFE/1/frame_5100.jpg,SAFE,SAFE,0.2093326449394226,full_system,in_the_wild
/Users/ahooker/Documents/Dissertation/virtushield/final-datasets/in-the-wild-final-small/SAFE/1/frame_5120.jpg,SAFE,SAFE,0.22284840047359467,full_system,in_the_wild
/Users/ahooker/Documents/Dissertation/virtushield/final-datasets/in-the-wild-final-small/SAFE/1/frame_5200.jpg,SAFE,SAFE,0.35056641697883606,full_system,in_the_wild
/Users/ahooker/Documents/Dissertation/virtushield/final-datasets/in-the-wild-final-small/SAFE/1/frame_5220.jpg,SAFE,SAFE,0.14276118576526642,full_system,in_the_wild
/Users/ahooker/Documents/Dissertation/virtushield/final-datasets/in-the-wild-final-small/SAFE/1/frame_5300.jpg,SAFE,SAFE,0.3503553867340088,full_system,in_the_wild
/Users/ahooker/Documents/Dissertation/virtushield/final-datasets/in-the-wild-final-small/SAFE/1/frame_5360.jpg,SAFE,SAFE,0.11627491563558578,full_system,in_the_wild
/Users/ahooker/Documents/Dissertation/virtushield/final-datasets/in-the-wild-final-small/SAFE/1/frame_5400.jpg,SAFE,SAFE,0.25776684284210205,full_system,in_the_wild
/Users/ahooker/Documents/Dissertation/virtushield/final-datasets/in-the-wild-final-small/SAFE/1/frame_5460.jpg,SAFE,SAFE,0.44650277495384216,full_system,in_the_wild
/Users/ahooker/Documents/Dissertation/virtushield/final-datasets/in-the-wild-final-small/SAFE/1/frame_5480.jpg,SAFE,SAFE,0.2745163142681122,full_system,in_the_wild
/Users/ahooker/Documents/Dissertation/virtushield/final-datasets/in-the-wild-final-small/SAFE/1/frame_5500.jpg,SAFE,SAFE,0.19945810735225677,full_system,in_the_wild
/Users/ahooker/Documents/Dissertation/virtushield/final-datasets/in-the-wild-final-small/SAFE/1/frame_5580.jpg,SAFE,SAFE,0.36010831594467163,full_system,in_the_wild
/Users/ahooker/Documents/Dissertation/virtushield/final-datasets/in-the-wild-final-small/SAFE/1/frame_560.jpg,SAFE,SAFE,0.4853965938091278,full_system,in_the_wild
/Users/ahooker/Documents/Dissertation/virtushield/final-datasets/in-the-wild-final-small/SAFE/1/frame_5600.jpg,SAFE,SAFE,0.309538334608078,full_system,in_the_wild
/Users/ahooker/Documents/Dissertation/virtushield/final-datasets/in-the-wild-final-small/SAFE/1/frame_5660.jpg,SAFE,SAFE,0.11650266498327255,full_system,in_the_wild
/Users/ahooker/Documents/Dissertation/virtushield/final-datasets/in-the-wild-final-small/SAFE/1/frame_5760.jpg,SAFE,SAFE,0.3088304400444031,full_system,in_the_wild
/Users/ahooker/Documents/Dissertation/virtushield/final-datasets/in-the-wild-final-small/SAFE/1/frame_5820.jpg,SAFE,UNSAFE,0.6169703006744385,full_system,in_the_wild
/Users/ahooker/Documents/Dissertation/virtushield/final-datasets/in-the-wild-final-small/SAFE/1/frame_5840.jpg,SAFE,SAFE,0.2472987025976181,full_system,in_the_wild
/Users/ahooker/Documents/Dissertation/virtushield/final-datasets/in-the-wild-final-small/SAFE/1/frame_5860.jpg,SAFE,SAFE,0.38539761304855347,full_system,in_the_wild
/Users/ahooker/Documents/Dissertation/virtushield/final-datasets/in-the-wild-final-small/SAFE/1/frame_5920.jpg,SAFE,SAFE,0.3683919608592987,full_system,in_the_wild
/Users/ahooker/Documents/Dissertation/virtushield/final-datasets/in-the-wild-final-small/SAFE/1/frame_5940.jpg,SAFE,SAFE,0.32461875677108765,full_system,in_the_wild
/Users/ahooker/Documents/Dissertation/virtushield/final-datasets/in-the-wild-final-small/SAFE/1/frame_6080.jpg,SAFE,SAFE,0.264249324798584,full_system,in_the_wild
/Users/ahooker/Documents/Dissertation/virtushield/final-datasets/in-the-wild-final-small/SAFE/1/frame_6220.jpg,SAFE,SAFE,0.38828638195991516,full_system,in_the_wild
/Users/ahooker/Documents/Dissertation/virtushield/final-datasets/in-the-wild-final-small/SAFE/1/frame_6340.jpg,SAFE,UNSAFE,0.6062310934066772,full_system,in_the_wild
/Users/ahooker/Documents/Dissertation/virtushield/final-datasets/in-the-wild-final-small/SAFE/1/frame_6340__1.jpg,SAFE,SAFE,0.3639453053474426,full_system,in_the_wild
/Users/ahooker/Documents/Dissertation/virtushield/final-datasets/in-the-wild-final-small/SAFE/1/frame_6380.jpg,SAFE,SAFE,0.3999590277671814,full_system,in_the_wild
/Users/ahooker/Documents/Dissertation/virtushield/final-datasets/in-the-wild-final-small/SAFE/1/frame_640.jpg,SAFE,SAFE,0.34526634216308594,full_system,in_the_wild
/Users/ahooker/Documents/Dissertation/virtushield/final-datasets/in-the-wild-final-small/SAFE/1/frame_6440.jpg,SAFE,UNSAFE,0.615889310836792,full_system,in_the_wild
/Users/ahooker/Documents/Dissertation/virtushield/final-datasets/in-the-wild-final-small/SAFE/1/frame_6480.jpg,SAFE,SAFE,0.10488920658826828,full_system,in_the_wild
/Users/ahooker/Documents/Dissertation/virtushield/final-datasets/in-the-wild-final-small/SAFE/1/frame_6500.jpg,SAFE,SAFE,0.3617789149284363,full_system,in_the_wild
/Users/ahooker/Documents/Dissertation/virtushield/final-datasets/in-the-wild-final-small/SAFE/1/frame_6520.jpg,SAFE,SAFE,0.2784736752510071,full_system,in_the_wild
/Users/ahooker/Documents/Dissertation/virtushield/final-datasets/in-the-wild-final-small/SAFE/1/frame_6720.jpg,SAFE,SAFE,0.13125519454479218,full_system,in_the_wild
/Users/ahooker/Documents/Dissertation/virtushield/final-datasets/in-the-wild-final-small/SAFE/1/frame_6740.jpg,SAFE,SAFE,0.06272078305482864,full_system,in_the_wild
/Users/ahooker/Documents/Dissertation/virtushield/final-datasets/in-the-wild-final-small/SAFE/1/frame_6880.jpg,SAFE,SAFE,0.3525761365890503,full_system,in_the_wild
/Users/ahooker/Documents/Dissertation/virtushield/final-datasets/in-the-wild-final-small/SAFE/1/frame_6920.jpg,SAFE,SAFE,0.25800931453704834,full_system,in_the_wild
/Users/ahooker/Documents/Dissertation/virtushield/final-datasets/in-the-wild-final-small/SAFE/1/frame_6940.jpg,SAFE,SAFE,0.3815982937812805,full_system,in_the_wild
/Users/ahooker/Documents/Dissertation/virtushield/final-datasets/in-the-wild-final-small/SAFE/1/frame_6980.jpg,SAFE,SAFE,0.17552566528320312,full_system,in_the_wild
/Users/ahooker/Documents/Dissertation/virtushield/final-datasets/in-the-wild-final-small/SAFE/1/frame_700.jpg,SAFE,SAFE,0.196875661611557,full_system,in_the_wild
/Users/ahooker/Documents/Dissertation/virtushield/final-datasets/in-the-wild-final-small/SAFE/1/frame_7000.jpg,SAFE,UNSAFE,0.7128356099128723,full_system,in_the_wild
/Users/ahooker/Documents/Dissertation/virtushield/final-datasets/in-the-wild-final-small/SAFE/1/frame_7080.jpg,SAFE,SAFE,0.35709714889526367,full_system,in_the_wild
/Users/ahooker/Documents/Dissertation/virtushield/final-datasets/in-the-wild-final-small/SAFE/1/frame_7080__1.jpg,SAFE,SAFE,0.34010154008865356,full_system,in_the_wild
/Users/ahooker/Documents/Dissertation/virtushield/final-datasets/in-the-wild-final-small/SAFE/1/frame_7160.jpg,SAFE,UNSAFE,0.6867042183876038,full_system,in_the_wild
/Users/ahooker/Documents/Dissertation/virtushield/final-datasets/in-the-wild-final-small/SAFE/1/frame_7220.jpg,SAFE,SAFE,0.33717069029808044,full_system,in_the_wild
/Users/ahooker/Documents/Dissertation/virtushield/final-datasets/in-the-wild-final-small/SAFE/1/frame_7240.jpg,SAFE,SAFE,0.49775224924087524,full_system,in_the_wild
/Users/ahooker/Documents/Dissertation/virtushield/final-datasets/in-the-wild-final-small/SAFE/1/frame_7260.jpg,SAFE,SAFE,0.3462972939014435,full_system,in_the_wild
/Users/ahooker/Documents/Dissertation/virtushield/final-datasets/in-the-wild-final-small/SAFE/1/frame_7260__1.jpg,SAFE,SAFE,0.169980987906456,full_system,in_the_wild
/Users/ahooker/Documents/Dissertation/virtushield/final-datasets/in-the-wild-final-small/SAFE/1/frame_7380.jpg,SAFE,SAFE,0.28851428627967834,full_system,in_the_wild
/Users/ahooker/Documents/Dissertation/virtushield/final-datasets/in-the-wild-final-small/SAFE/1/frame_7480.jpg,SAFE,SAFE,0.44233930110931396,full_system,in_the_wild
/Users/ahooker/Documents/Dissertation/virtushield/final-datasets/in-the-wild-final-small/SAFE/1/frame_7520.jpg,SAFE,SAFE,0.3051288425922394,full_system,in_the_wild
/Users/ahooker/Documents/Dissertation/virtushield/final-datasets/in-the-wild-final-small/SAFE/1/frame_780.jpg,SAFE,SAFE,0.314102441072464,full_system,in_the_wild
/Users/ahooker/Documents/Dissertation/virtushield/final-datasets/in-the-wild-final-small/SAFE/1/frame_7820.jpg,SAFE,SAFE,0.22414833307266235,full_system,in_the_wild
/Users/ahooker/Documents/Dissertation/virtushield/final-datasets/in-the-wild-final-small/SAFE/1/frame_7840.jpg,SAFE,UNSAFE,0.5109603404998779,full_system,in_the_wild
/Users/ahooker/Documents/Dissertation/virtushield/final-datasets/in-the-wild-final-small/SAFE/1/frame_7880.jpg,SAFE,SAFE,0.3421992063522339,full_system,in_the_wild
/Users/ahooker/Documents/Dissertation/virtushield/final-datasets/in-the-wild-final-small/SAFE/1/frame_7920.jpg,SAFE,SAFE,0.3099188208580017,full_system,in_the_wild
/Users/ahooker/Documents/Dissertation/virtushield/final-datasets/in-the-wild-final-small/SAFE/1/frame_7940.jpg,SAFE,SAFE,0.37547072768211365,full_system,in_the_wild
/Users/ahooker/Documents/Dissertation/virtushield/final-datasets/in-the-wild-final-small/SAFE/1/frame_7980.jpg,SAFE,SAFE,0.3615723252296448,full_system,in_the_wild
/Users/ahooker/Documents/Dissertation/virtushield/final-datasets/in-the-wild-final-small/SAFE/1/frame_8000.jpg,SAFE,SAFE,0.2920973300933838,full_system,in_the_wild
/Users/ahooker/Documents/Dissertation/virtushield/final-datasets/in-the-wild-final-small/SAFE/1/frame_8040.jpg,SAFE,SAFE,0.35910290479660034,full_system,in_the_wild
/Users/ahooker/Documents/Dissertation/virtushield/final-datasets/in-the-wild-final-small/SAFE/1/frame_8040__1.jpg,SAFE,UNSAFE,0.685539960861206,full_system,in_the_wild
/Users/ahooker/Documents/Dissertation/virtushield/final-datasets/in-the-wild-final-small/SAFE/1/frame_8160.jpg,SAFE,UNSAFE,0.6353693008422852,full_system,in_the_wild
/Users/ahooker/Documents/Dissertation/virtushield/final-datasets/in-the-wild-final-small/SAFE/1/frame_8320.jpg,SAFE,SAFE,0.34312158823013306,full_system,in_the_wild
/Users/ahooker/Documents/Dissertation/virtushield/final-datasets/in-the-wild-final-small/SAFE/1/frame_8340.jpg,SAFE,UNSAFE,0.7863888144493103,full_system,in_the_wild
/Users/ahooker/Documents/Dissertation/virtushield/final-datasets/in-the-wild-final-small/SAFE/1/frame_8360.jpg,SAFE,SAFE,0.1661914438009262,full_system,in_the_wild
/Users/ahooker/Documents/Dissertation/virtushield/final-datasets/in-the-wild-final-small/SAFE/1/frame_8420.jpg,SAFE,SAFE,0.29840150475502014,full_system,in_the_wild
/Users/ahooker/Documents/Dissertation/virtushield/final-datasets/in-the-wild-final-small/SAFE/1/frame_8440.jpg,SAFE,UNSAFE,0.8061832189559937,full_system,in_the_wild
/Users/ahooker/Documents/Dissertation/virtushield/final-datasets/in-the-wild-final-small/SAFE/1/frame_8520.jpg,SAFE,UNSAFE,0.7230958342552185,full_system,in_the_wild
/Users/ahooker/Documents/Dissertation/virtushield/final-datasets/in-the-wild-final-small/SAFE/1/frame_860.jpg,SAFE,SAFE,0.04575144872069359,full_system,in_the_wild
/Users/ahooker/Documents/Dissertation/virtushield/final-datasets/in-the-wild-final-small/SAFE/1/frame_8600.jpg,SAFE,SAFE,0.4276192784309387,full_system,in_the_wild
/Users/ahooker/Documents/Dissertation/virtushield/final-datasets/in-the-wild-final-small/SAFE/1/frame_8700.jpg,SAFE,UNSAFE,0.6397936344146729,full_system,in_the_wild
/Users/ahooker/Documents/Dissertation/virtushield/final-datasets/in-the-wild-final-small/SAFE/1/frame_8720.jpg,SAFE,SAFE,0.3907841444015503,full_system,in_the_wild
/Users/ahooker/Documents/Dissertation/virtushield/final-datasets/in-the-wild-final-small/SAFE/1/frame_8720__1.jpg,SAFE,SAFE,0.33982717990875244,full_system,in_the_wild
/Users/ahooker/Documents/Dissertation/virtushield/final-datasets/in-the-wild-final-small/SAFE/1/frame_8760.jpg,SAFE,SAFE,0.35706353187561035,full_system,in_the_wild
/Users/ahooker/Documents/Dissertation/virtushield/final-datasets/in-the-wild-final-small/SAFE/1/frame_8900.jpg,SAFE,SAFE,0.3926706910133362,full_system,in_the_wild
/Users/ahooker/Documents/Dissertation/virtushield/final-datasets/in-the-wild-final-small/SAFE/1/frame_8960.jpg,SAFE,SAFE,0.2195652425289154,full_system,in_the_wild
/Users/ahooker/Documents/Dissertation/virtushield/final-datasets/in-the-wild-final-small/SAFE/1/frame_900.jpg,SAFE,SAFE,0.22487424314022064,full_system,in_the_wild
/Users/ahooker/Documents/Dissertation/virtushield/final-datasets/in-the-wild-final-small/SAFE/1/frame_9000.jpg,SAFE,SAFE,0.2886897325515747,full_system,in_the_wild
/Users/ahooker/Documents/Dissertation/virtushield/final-datasets/in-the-wild-final-small/SAFE/1/frame_9040.jpg,SAFE,SAFE,0.3631063997745514,full_system,in_the_wild
/Users/ahooker/Documents/Dissertation/virtushield/final-datasets/in-the-wild-final-small/SAFE/1/frame_9080.jpg,SAFE,UNSAFE,0.8265508413314819,full_system,in_the_wild
/Users/ahooker/Documents/Dissertation/virtushield/final-datasets/in-the-wild-final-small/SAFE/1/frame_9120.jpg,SAFE,UNSAFE,0.7232387661933899,full_system,in_the_wild
/Users/ahooker/Documents/Dissertation/virtushield/final-datasets/in-the-wild-final-small/SAFE/1/frame_9140.jpg,SAFE,SAFE,0.19375388324260712,full_system,in_the_wild
/Users/ahooker/Documents/Dissertation/virtushield/final-datasets/in-the-wild-final-small/SAFE/1/frame_9160.jpg,SAFE,SAFE,0.07875508815050125,full_system,in_the_wild
/Users/ahooker/Documents/Dissertation/virtushield/final-datasets/in-the-wild-final-small/SAFE/1/frame_9160__1.jpg,SAFE,SAFE,0.07875508815050125,full_system,in_the_wild
/Users/ahooker/Documents/Dissertation/virtushield/final-datasets/in-the-wild-final-small/SAFE/1/frame_9180.jpg,SAFE,SAFE,0.3707961440086365,full_system,in_the_wild
/Users/ahooker/Documents/Dissertation/virtushield/final-datasets/in-the-wild-final-small/SAFE/1/frame_9220.jpg,SAFE,SAFE,0.39053571224212646,full_system,in_the_wild
/Users/ahooker/Documents/Dissertation/virtushield/final-datasets/in-the-wild-final-small/SAFE/1/frame_9220__1.jpg,SAFE,SAFE,0.3466186225414276,full_system,in_the_wild
/Users/ahooker/Documents/Dissertation/virtushield/final-datasets/in-the-wild-final-small/SAFE/1/frame_9280.jpg,SAFE,SAFE,0.19777683913707733,full_system,in_the_wild
/Users/ahooker/Documents/Dissertation/virtushield/final-datasets/in-the-wild-final-small/SAFE/1/frame_9300.jpg,SAFE,SAFE,0.19674570858478546,full_system,in_the_wild
/Users/ahooker/Documents/Dissertation/virtushield/final-datasets/in-the-wild-final-small/SAFE/1/frame_9300__1.jpg,SAFE,SAFE,0.3323548436164856,full_system,in_the_wild
/Users/ahooker/Documents/Dissertation/virtushield/final-datasets/in-the-wild-final-small/SAFE/1/frame_9340.jpg,SAFE,SAFE,0.3536243736743927,full_system,in_the_wild
/Users/ahooker/Documents/Dissertation/virtushield/final-datasets/in-the-wild-final-small/SAFE/1/frame_9340__1.jpg,SAFE,SAFE,0.4625917077064514,full_system,in_the_wild
/Users/ahooker/Documents/Dissertation/virtushield/final-datasets/in-the-wild-final-small/SAFE/1/frame_9380.jpg,SAFE,SAFE,0.339478999376297,full_system,in_the_wild
/Users/ahooker/Documents/Dissertation/virtushield/final-datasets/in-the-wild-final-small/SAFE/1/frame_9460.jpg,SAFE,SAFE,0.2882469594478607,full_system,in_the_wild
/Users/ahooker/Documents/Dissertation/virtushield/final-datasets/in-the-wild-final-small/SAFE/1/frame_9600.jpg,SAFE,SAFE,0.17130853235721588,full_system,in_the_wild
/Users/ahooker/Documents/Dissertation/virtushield/final-datasets/in-the-wild-final-small/SAFE/1/frame_9660.jpg,SAFE,UNSAFE,0.5276926159858704,full_system,in_the_wild
/Users/ahooker/Documents/Dissertation/virtushield/final-datasets/in-the-wild-final-small/SAFE/1/frame_9740.jpg,SAFE,SAFE,0.37783071398735046,full_system,in_the_wild
/Users/ahooker/Documents/Dissertation/virtushield/final-datasets/in-the-wild-final-small/SAFE/1/frame_9780.jpg,SAFE,SAFE,0.3835619390010834,full_system,in_the_wild
/Users/ahooker/Documents/Dissertation/virtushield/final-datasets/in-the-wild-final-small/SAFE/1/frame_980.jpg,SAFE,SAFE,0.21014638245105743,full_system,in_the_wild
/Users/ahooker/Documents/Dissertation/virtushield/final-datasets/in-the-wild-final-small/SAFE/1/frame_9800.jpg,SAFE,UNSAFE,0.6207771301269531,full_system,in_the_wild
/Users/ahooker/Documents/Dissertation/virtushield/final-datasets/in-the-wild-final-small/SAFE/1/frame_9840.jpg,SAFE,SAFE,0.29777058959007263,full_system,in_the_wild
/Users/ahooker/Documents/Dissertation/virtushield/final-datasets/in-the-wild-final-small/SAFE/1/frame_9860.jpg,SAFE,SAFE,0.2908612787723541,full_system,in_the_wild
/Users/ahooker/Documents/Dissertation/virtushield/final-datasets/in-the-wild-final-small/SAFE/1/frame_9900.jpg,SAFE,SAFE,0.2469073385000229,full_system,in_the_wild
/Users/ahooker/Documents/Dissertation/virtushield/final-datasets/in-the-wild-final-small/SAFE/1/frame_9920.jpg,SAFE,UNSAFE,0.604838490486145,full_system,in_the_wild
/Users/ahooker/Documents/Dissertation/virtushield/final-datasets/in-the-wild-final-small/SAFE/1/frame_9940.jpg,SAFE,SAFE,0.27358993887901306,full_system,in_the_wild
/Users/ahooker/Documents/Dissertation/virtushield/final-datasets/in-the-wild-final-small/SAFE/1/frame_9960.jpg,SAFE,UNSAFE,0.7004431486129761,full_system,in_the_wild
/Users/ahooker/Documents/Dissertation/virtushield/final-datasets/in-the-wild-final-small/SAFE/1/frame_9960__1.jpg,SAFE,SAFE,0.27773919701576233,full_system,in_the_wild
/Users/ahooker/Documents/Dissertation/virtushield/final-datasets/in-the-wild-final-small/SAFE/1/frame_9980.jpg,SAFE,SAFE,0.045204002410173416,full_system,in_the_wild
