image_path,ground_truth,prediction,nsfw_prob,config,dataset
/Users/ahooker/Documents/Dissertation/virtushield/final-datasets/in-the-wild-final-small/UNSAFE/0/frame_100.jpg,UNSAFE,UNSAFE,0.9607642889022827,reflection_only,in_the_wild
/Users/ahooker/Documents/Dissertation/virtushield/final-datasets/in-the-wild-final-small/UNSAFE/0/frame_1000.jpg,UNSAFE,UNSAFE,0.9151697754859924,reflection_only,in_the_wild
/Users/ahooker/Documents/Dissertation/virtushield/final-datasets/in-the-wild-final-small/UNSAFE/0/frame_100__1.jpg,UNSAFE,UNSAFE,0.8951659202575684,reflection_only,in_the_wild
/Users/ahooker/Documents/Dissertation/virtushield/final-datasets/in-the-wild-final-small/UNSAFE/0/frame_101.jpg,UNSAFE,UNSAFE,0.8780072927474976,reflection_only,in_the_wild
/Users/ahooker/Documents/Dissertation/virtushield/final-datasets/in-the-wild-final-small/UNSAFE/0/frame_1011.jpg,UNSAFE,UNSAFE,0.9560521245002747,reflection_only,in_the_wild
/Users/ahooker/Documents/Dissertation/virtushield/final-datasets/in-the-wild-final-small/UNSAFE/0/frame_1012.jpg,UNSAFE,UNSAFE,0.7797430157661438,reflection_only,in_the_wild
/Users/ahooker/Documents/Dissertation/virtushield/final-datasets/in-the-wild-final-small/UNSAFE/0/frame_1013.jpg,UNSAFE,UNSAFE,0.9306790828704834,reflection_only,in_the_wild
/Users/ahooker/Documents/Dissertation/virtushield/final-datasets/in-the-wild-final-small/UNSAFE/0/frame_1018.jpg,UNSAFE,UNSAFE,0.9459827542304993,reflection_only,in_the_wild
/Users/ahooker/Documents/Dissertation/virtushield/final-datasets/in-the-wild-final-small/UNSAFE/0/frame_1019.jpg,UNSAFE,UNSAFE,0.9242890477180481,reflection_only,in_the_wild
/Users/ahooker/Documents/Dissertation/virtushield/final-datasets/in-the-wild-final-small/UNSAFE/0/frame_102.jpg,UNSAFE,SAFE,0.4104119539260864,reflection_only,in_the_wild
/Users/ahooker/Documents/Dissertation/virtushield/final-datasets/in-the-wild-final-small/UNSAFE/0/frame_1022.jpg,UNSAFE,UNSAFE,0.8635636568069458,reflection_only,in_the_wild
/Users/ahooker/Documents/Dissertation/virtushield/final-datasets/in-the-wild-final-small/UNSAFE/0/frame_102__1.jpg,UNSAFE,UNSAFE,0.9378042221069336,reflection_only,in_the_wild
/Users/ahooker/Documents/Dissertation/virtushield/final-datasets/in-the-wild-final-small/UNSAFE/0/frame_103.jpg,UNSAFE,UNSAFE,0.9347895383834839,reflection_only,in_the_wild
/Users/ahooker/Documents/Dissertation/virtushield/final-datasets/in-the-wild-final-small/UNSAFE/0/frame_1030.jpg,UNSAFE,UNSAFE,0.9439592361450195,reflection_only,in_the_wild
/Users/ahooker/Documents/Dissertation/virtushield/final-datasets/in-the-wild-final-small/UNSAFE/0/frame_1054.jpg,UNSAFE,UNSAFE,0.8933577537536621,reflection_only,in_the_wild
/Users/ahooker/Documents/Dissertation/virtushield/final-datasets/in-the-wild-final-small/UNSAFE/0/frame_106.jpg,UNSAFE,UNSAFE,0.9277138710021973,reflection_only,in_the_wild
/Users/ahooker/Documents/Dissertation/virtushield/final-datasets/in-the-wild-final-small/UNSAFE/0/frame_107.jpg,UNSAFE,UNSAFE,0.8188199996948242,reflection_only,in_the_wild
/Users/ahooker/Documents/Dissertation/virtushield/final-datasets/in-the-wild-final-small/UNSAFE/0/frame_108.jpg,UNSAFE,UNSAFE,0.9268383383750916,reflection_only,in_the_wild
/Users/ahooker/Documents/Dissertation/virtushield/final-datasets/in-the-wild-final-small/UNSAFE/0/frame_108__1.jpg,UNSAFE,UNSAFE,0.900018572807312,reflection_only,in_the_wild
/Users/ahooker/Documents/Dissertation/virtushield/final-datasets/in-the-wild-final-small/UNSAFE/0/frame_11.jpg,UNSAFE,UNSAFE,0.9560672044754028,reflection_only,in_the_wild
/Users/ahooker/Documents/Dissertation/virtushield/final-datasets/in-the-wild-final-small/UNSAFE/0/frame_110.jpg,UNSAFE,UNSAFE,0.9808347821235657,reflection_only,in_the_wild
/Users/ahooker/Documents/Dissertation/virtushield/final-datasets/in-the-wild-final-small/UNSAFE/0/frame_111.jpg,UNSAFE,UNSAFE,0.9196801781654358,reflection_only,in_the_wild
/Users/ahooker/Documents/Dissertation/virtushield/final-datasets/in-the-wild-final-small/UNSAFE/0/frame_112.jpg,UNSAFE,UNSAFE,0.8466292023658752,reflection_only,in_the_wild
/Users/ahooker/Documents/Dissertation/virtushield/final-datasets/in-the-wild-final-small/UNSAFE/0/frame_112__1.jpg,UNSAFE,UNSAFE,0.9245582818984985,reflection_only,in_the_wild
/Users/ahooker/Documents/Dissertation/virtushield/final-datasets/in-the-wild-final-small/UNSAFE/0/frame_113.jpg,UNSAFE,UNSAFE,0.9644764065742493,reflection_only,in_the_wild
/Users/ahooker/Documents/Dissertation/virtushield/final-datasets/in-the-wild-final-small/UNSAFE/0/frame_113__1.jpg,UNSAFE,UNSAFE,0.9666732549667358,reflection_only,in_the_wild
/Users/ahooker/Documents/Dissertation/virtushield/final-datasets/in-the-wild-final-small/UNSAFE/0/frame_113__2.jpg,UNSAFE,UNSAFE,0.982466995716095,reflection_only,in_the_wild
/Users/ahooker/Documents/Dissertation/virtushield/final-datasets/in-the-wild-final-small/UNSAFE/0/frame_115.jpg,UNSAFE,UNSAFE,0.9441824555397034,reflection_only,in_the_wild
/Users/ahooker/Documents/Dissertation/virtushield/final-datasets/in-the-wild-final-small/UNSAFE/0/frame_115__1.jpg,UNSAFE,UNSAFE,0.9192014932632446,reflection_only,in_the_wild
/Users/ahooker/Documents/Dissertation/virtushield/final-datasets/in-the-wild-final-small/UNSAFE/0/frame_115__2.jpg,UNSAFE,UNSAFE,0.949208676815033,reflection_only,in_the_wild
/Users/ahooker/Documents/Dissertation/virtushield/final-datasets/in-the-wild-final-small/UNSAFE/0/frame_116.jpg,UNSAFE,UNSAFE,0.8905484080314636,reflection_only,in_the_wild
/Users/ahooker/Documents/Dissertation/virtushield/final-datasets/in-the-wild-final-small/UNSAFE/0/frame_117.jpg,UNSAFE,UNSAFE,0.9463733434677124,reflection_only,in_the_wild
/Users/ahooker/Documents/Dissertation/virtushield/final-datasets/in-the-wild-final-small/UNSAFE/0/frame_118.jpg,UNSAFE,UNSAFE,0.9732120633125305,reflection_only,in_the_wild
/Users/ahooker/Documents/Dissertation/virtushield/final-datasets/in-the-wild-final-small/UNSAFE/0/frame_118__1.jpg,UNSAFE,UNSAFE,0.974440336227417,reflection_only,in_the_wild
/Users/ahooker/Documents/Dissertation/virtushield/final-datasets/in-the-wild-final-small/UNSAFE/0/frame_119.jpg,UNSAFE,UNSAFE,0.9348910450935364,reflection_only,in_the_wild
/Users/ahooker/Documents/Dissertation/virtushield/final-datasets/in-the-wild-final-small/UNSAFE/0/frame_119__1.jpg,UNSAFE,UNSAFE,0.9750867486000061,reflection_only,in_the_wild
/Users/ahooker/Documents/Dissertation/virtushield/final-datasets/in-the-wild-final-small/UNSAFE/0/frame_119__2.jpg,UNSAFE,UNSAFE,0.8877290487289429,reflection_only,in_the_wild
/Users/ahooker/Documents/Dissertation/virtushield/final-datasets/in-the-wild-final-small/UNSAFE/0/frame_12.jpg,UNSAFE,UNSAFE,0.9510946273803711,reflection_only,in_the_wild
/Users/ahooker/Documents/Dissertation/virtushield/final-datasets/in-the-wild-final-small/UNSAFE/0/frame_120.jpg,UNSAFE,UNSAFE,0.8816754221916199,reflection_only,in_the_wild
/Users/ahooker/Documents/Dissertation/virtushield/final-datasets/in-the-wild-final-small/UNSAFE/0/frame_120__1.jpg,UNSAFE,UNSAFE,0.9504983425140381,reflection_only,in_the_wild
/Users/ahooker/Documents/Dissertation/virtushield/final-datasets/in-the-wild-final-small/UNSAFE/0/frame_122.jpg,UNSAFE,UNSAFE,0.9037589430809021,reflection_only,in_the_wild
/Users/ahooker/Documents/Dissertation/virtushield/final-datasets/in-the-wild-final-small/UNSAFE/0/frame_122__1.jpg,UNSAFE,UNSAFE,0.9243730902671814,reflection_only,in_the_wild
/Users/ahooker/Documents/Dissertation/virtushield/final-datasets/in-the-wild-final-small/UNSAFE/0/frame_122__2.jpg,UNSAFE,UNSAFE,0.9447216987609863,reflection_only,in_the_wild
/Users/ahooker/Documents/Dissertation/virtushield/final-datasets/in-the-wild-final-small/UNSAFE/0/frame_122__3.jpg,UNSAFE,UNSAFE,0.9617079496383667,reflection_only,in_the_wild
/Users/ahooker/Documents/Dissertation/virtushield/final-datasets/in-the-wild-final-small/UNSAFE/0/frame_123.jpg,UNSAFE,UNSAFE,0.9833873510360718,reflection_only,in_the_wild
/Users/ahooker/Documents/Dissertation/virtushield/final-datasets/in-the-wild-final-small/UNSAFE/0/frame_125.jpg,UNSAFE,UNSAFE,0.8363922834396362,reflection_only,in_the_wild
/Users/ahooker/Documents/Dissertation/virtushield/final-datasets/in-the-wild-final-small/UNSAFE/0/frame_130.jpg,UNSAFE,UNSAFE,0.9008917212486267,reflection_only,in_the_wild
/Users/ahooker/Documents/Dissertation/virtushield/final-datasets/in-the-wild-final-small/UNSAFE/0/frame_131.jpg,UNSAFE,UNSAFE,0.8988822102546692,reflection_only,in_the_wild
/Users/ahooker/Documents/Dissertation/virtushield/final-datasets/in-the-wild-final-small/UNSAFE/0/frame_131__1.jpg,UNSAFE,UNSAFE,0.9621362090110779,reflection_only,in_the_wild
/Users/ahooker/Documents/Dissertation/virtushield/final-datasets/in-the-wild-final-small/UNSAFE/0/frame_131__2.jpg,UNSAFE,UNSAFE,0.8988822102546692,reflection_only,in_the_wild
/Users/ahooker/Documents/Dissertation/virtushield/final-datasets/in-the-wild-final-small/UNSAFE/0/frame_132.jpg,UNSAFE,UNSAFE,0.7084769606590271,reflection_only,in_the_wild
/Users/ahooker/Documents/Dissertation/virtushield/final-datasets/in-the-wild-final-small/UNSAFE/0/frame_133.jpg,UNSAFE,UNSAFE,0.9151363372802734,reflection_only,in_the_wild
/Users/ahooker/Documents/Dissertation/virtushield/final-datasets/in-the-wild-final-small/UNSAFE/0/frame_134.jpg,UNSAFE,UNSAFE,0.8978003263473511,reflection_only,in_the_wild
/Users/ahooker/Documents/Dissertation/virtushield/final-datasets/in-the-wild-final-small/UNSAFE/0/frame_134__1.jpg,UNSAFE,UNSAFE,0.8584072589874268,reflection_only,in_the_wild
/Users/ahooker/Documents/Dissertation/virtushield/final-datasets/in-the-wild-final-small/UNSAFE/0/frame_134__2.jpg,UNSAFE,UNSAFE,0.7814332842826843,reflection_only,in_the_wild
/Users/ahooker/Documents/Dissertation/virtushield/final-datasets/in-the-wild-final-small/UNSAFE/0/frame_135.jpg,UNSAFE,UNSAFE,0.9016347527503967,reflection_only,in_the_wild
/Users/ahooker/Documents/Dissertation/virtushield/final-datasets/in-the-wild-final-small/UNSAFE/0/frame_137.jpg,UNSAFE,UNSAFE,0.8941969275474548,reflection_only,in_the_wild
/Users/ahooker/Documents/Dissertation/virtushield/final-datasets/in-the-wild-final-small/UNSAFE/0/frame_138.jpg,UNSAFE,UNSAFE,0.9712726473808289,reflection_only,in_the_wild
/Users/ahooker/Documents/Dissertation/virtushield/final-datasets/in-the-wild-final-small/UNSAFE/0/frame_138__1.jpg,UNSAFE,UNSAFE,0.9712726473808289,reflection_only,in_the_wild
/Users/ahooker/Documents/Dissertation/virtushield/final-datasets/in-the-wild-final-small/UNSAFE/0/frame_139.jpg,UNSAFE,UNSAFE,0.9010412096977234,reflection_only,in_the_wild
/Users/ahooker/Documents/Dissertation/virtushield/final-datasets/in-the-wild-final-small/UNSAFE/0/frame_139__1.jpg,UNSAFE,UNSAFE,0.9722464084625244,reflection_only,in_the_wild
/Users/ahooker/Documents/Dissertation/virtushield/final-datasets/in-the-wild-final-small/UNSAFE/0/frame_140.jpg,UNSAFE,UNSAFE,0.9842526316642761,reflection_only,in_the_wild
/Users/ahooker/Documents/Dissertation/virtushield/final-datasets/in-the-wild-final-small/UNSAFE/0/frame_140__1.jpg,UNSAFE,UNSAFE,0.9207270741462708,reflection_only,in_the_wild
/Users/ahooker/Documents/Dissertation/virtushield/final-datasets/in-the-wild-final-small/UNSAFE/0/frame_141.jpg,UNSAFE,UNSAFE,0.8951473236083984,reflection_only,in_the_wild
/Users/ahooker/Documents/Dissertation/virtushield/final-datasets/in-the-wild-final-small/UNSAFE/0/frame_142.jpg,UNSAFE,UNSAFE,0.8828652501106262,reflection_only,in_the_wild
/Users/ahooker/Documents/Dissertation/virtushield/final-datasets/in-the-wild-final-small/UNSAFE/0/frame_143.jpg,UNSAFE,UNSAFE,0.984350323677063,reflection_only,in_the_wild
/Users/ahooker/Documents/Dissertation/virtushield/final-datasets/in-the-wild-final-small/UNSAFE/0/frame_143__1.jpg,UNSAFE,UNSAFE,0.8249910473823547,reflection_only,in_the_wild
/Users/ahooker/Documents/Dissertation/virtushield/final-datasets/in-the-wild-final-small/UNSAFE/0/frame_144.jpg,UNSAFE,UNSAFE,0.8778308629989624,reflection_only,in_the_wild
/Users/ahooker/Documents/Dissertation/virtushield/final-datasets/in-the-wild-final-small/UNSAFE/0/frame_145.jpg,UNSAFE,UNSAFE,0.8184685707092285,reflection_only,in_the_wild
/Users/ahooker/Documents/Dissertation/virtushield/final-datasets/in-the-wild-final-small/UNSAFE/0/frame_149.jpg,UNSAFE,UNSAFE,0.8558972477912903,reflection_only,in_the_wild
/Users/ahooker/Documents/Dissertation/virtushield/final-datasets/in-the-wild-final-small/UNSAFE/0/frame_150.jpg,UNSAFE,UNSAFE,0.9512215852737427,reflection_only,in_the_wild
/Users/ahooker/Documents/Dissertation/virtushield/final-datasets/in-the-wild-final-small/UNSAFE/0/frame_151.jpg,UNSAFE,UNSAFE,0.7999613881111145,reflection_only,in_the_wild
/Users/ahooker/Documents/Dissertation/virtushield/final-datasets/in-the-wild-final-small/UNSAFE/0/frame_151__1.jpg,UNSAFE,UNSAFE,0.9603197574615479,reflection_only,in_the_wild
/Users/ahooker/Documents/Dissertation/virtushield/final-datasets/in-the-wild-final-small/UNSAFE/0/frame_152.jpg,UNSAFE,UNSAFE,0.9395437240600586,reflection_only,in_the_wild
/Users/ahooker/Documents/Dissertation/virtushield/final-datasets/in-the-wild-final-small/UNSAFE/0/frame_153.jpg,UNSAFE,UNSAFE,0.9197946190834045,reflection_only,in_the_wild
/Users/ahooker/Documents/Dissertation/virtushield/final-datasets/in-the-wild-final-small/UNSAFE/0/frame_153__1.jpg,UNSAFE,SAFE,0.3568536639213562,reflection_only,in_the_wild
/Users/ahooker/Documents/Dissertation/virtushield/final-datasets/in-the-wild-final-small/UNSAFE/0/frame_155.jpg,UNSAFE,UNSAFE,0.8372673392295837,reflection_only,in_the_wild
/Users/ahooker/Documents/Dissertation/virtushield/final-datasets/in-the-wild-final-small/UNSAFE/0/frame_156.jpg,UNSAFE,UNSAFE,0.9098513126373291,reflection_only,in_the_wild
/Users/ahooker/Documents/Dissertation/virtushield/final-datasets/in-the-wild-final-small/UNSAFE/0/frame_156__1.jpg,UNSAFE,UNSAFE,0.7873349189758301,reflection_only,in_the_wild
/Users/ahooker/Documents/Dissertation/virtushield/final-datasets/in-the-wild-final-small/UNSAFE/0/frame_156__2.jpg,UNSAFE,UNSAFE,0.7930662035942078,reflection_only,in_the_wild
/Users/ahooker/Documents/Dissertation/virtushield/final-datasets/in-the-wild-final-small/UNSAFE/0/frame_161.jpg,UNSAFE,UNSAFE,0.8049436807632446,reflection_only,in_the_wild
/Users/ahooker/Documents/Dissertation/virtushield/final-datasets/in-the-wild-final-small/UNSAFE/0/frame_161__1.jpg,UNSAFE,UNSAFE,0.9546558856964111,reflection_only,in_the_wild
/Users/ahooker/Documents/Dissertation/virtushield/final-datasets/in-the-wild-final-small/UNSAFE/0/frame_162.jpg,UNSAFE,UNSAFE,0.837255597114563,reflection_only,in_the_wild
/Users/ahooker/Documents/Dissertation/virtushield/final-datasets/in-the-wild-final-small/UNSAFE/0/frame_162__1.jpg,UNSAFE,UNSAFE,0.9243686199188232,reflection_only,in_the_wild
/Users/ahooker/Documents/Dissertation/virtushield/final-datasets/in-the-wild-final-small/UNSAFE/0/frame_163.jpg,UNSAFE,UNSAFE,0.9177562594413757,reflection_only,in_the_wild
/Users/ahooker/Documents/Dissertation/virtushield/final-datasets/in-the-wild-final-small/UNSAFE/0/frame_163__1.jpg,UNSAFE,UNSAFE,0.9888112545013428,reflection_only,in_the_wild
/Users/ahooker/Documents/Dissertation/virtushield/final-datasets/in-the-wild-final-small/UNSAFE/0/frame_164.jpg,UNSAFE,UNSAFE,0.9739760160446167,reflection_only,in_the_wild
/Users/ahooker/Documents/Dissertation/virtushield/final-datasets/in-the-wild-final-small/UNSAFE/0/frame_166.jpg,UNSAFE,UNSAFE,0.8869873881340027,reflection_only,in_the_wild
/Users/ahooker/Documents/Dissertation/virtushield/final-datasets/in-the-wild-final-small/UNSAFE/0/frame_166__1.jpg,UNSAFE,UNSAFE,0.9189789295196533,reflection_only,in_the_wild
/Users/ahooker/Documents/Dissertation/virtushield/final-datasets/in-the-wild-final-small/UNSAFE/0/frame_166__2.jpg,UNSAFE,UNSAFE,0.9756845831871033,reflection_only,in_the_wild
/Users/ahooker/Documents/Dissertation/virtushield/final-datasets/in-the-wild-final-small/UNSAFE/0/frame_167.jpg,UNSAFE,UNSAFE,0.8374232053756714,reflection_only,in_the_wild
/Users/ahooker/Documents/Dissertation/virtushield/final-datasets/in-the-wild-final-small/UNSAFE/0/frame_167__1.jpg,UNSAFE,UNSAFE,0.7827555537223816,reflection_only,in_the_wild
/Users/ahooker/Documents/Dissertation/virtushield/final-datasets/in-the-wild-final-small/UNSAFE/0/frame_168.jpg,UNSAFE,UNSAFE,0.957038402557373,reflection_only,in_the_wild
/Users/ahooker/Documents/Dissertation/virtushield/final-datasets/in-the-wild-final-small/UNSAFE/0/frame_168__1.jpg,UNSAFE,UNSAFE,0.9745117425918579,reflection_only,in_the_wild
/Users/ahooker/Documents/Dissertation/virtushield/final-datasets/in-the-wild-final-small/UNSAFE/0/frame_170.jpg,UNSAFE,UNSAFE,0.9408669471740723,reflection_only,in_the_wild
/Users/ahooker/Documents/Dissertation/virtushield/final-datasets/in-the-wild-final-small/UNSAFE/0/frame_173.jpg,UNSAFE,UNSAFE,0.9379297494888306,reflection_only,in_the_wild
/Users/ahooker/Documents/Dissertation/virtushield/final-datasets/in-the-wild-final-small/UNSAFE/0/frame_174.jpg,UNSAFE,UNSAFE,0.8651488423347473,reflection_only,in_the_wild
/Users/ahooker/Documents/Dissertation/virtushield/final-datasets/in-the-wild-final-small/UNSAFE/0/frame_175.jpg,UNSAFE,UNSAFE,0.9669752717018127,reflection_only,in_the_wild
/Users/ahooker/Documents/Dissertation/virtushield/final-datasets/in-the-wild-final-small/UNSAFE/0/frame_175__1.jpg,UNSAFE,UNSAFE,0.8116647005081177,reflection_only,in_the_wild
/Users/ahooker/Documents/Dissertation/virtushield/final-datasets/in-the-wild-final-small/UNSAFE/0/frame_177.jpg,UNSAFE,UNSAFE,0.925844132900238,reflection_only,in_the_wild
/Users/ahooker/Documents/Dissertation/virtushield/final-datasets/in-the-wild-final-small/UNSAFE/0/frame_178.jpg,UNSAFE,UNSAFE,0.8254045248031616,reflection_only,in_the_wild
/Users/ahooker/Documents/Dissertation/virtushield/final-datasets/in-the-wild-final-small/UNSAFE/0/frame_179.jpg,UNSAFE,UNSAFE,0.8313089609146118,reflection_only,in_the_wild
/Users/ahooker/Documents/Dissertation/virtushield/final-datasets/in-the-wild-final-small/UNSAFE/0/frame_18.jpg,UNSAFE,UNSAFE,0.9043049812316895,reflection_only,in_the_wild
/Users/ahooker/Documents/Dissertation/virtushield/final-datasets/in-the-wild-final-small/UNSAFE/0/frame_180.jpg,UNSAFE,UNSAFE,0.8888041973114014,reflection_only,in_the_wild
/Users/ahooker/Documents/Dissertation/virtushield/final-datasets/in-the-wild-final-small/UNSAFE/0/frame_180__1.jpg,UNSAFE,UNSAFE,0.9517228603363037,reflection_only,in_the_wild
/Users/ahooker/Documents/Dissertation/virtushield/final-datasets/in-the-wild-final-small/UNSAFE/0/frame_181.jpg,UNSAFE,UNSAFE,0.892264723777771,reflection_only,in_the_wild
/Users/ahooker/Documents/Dissertation/virtushield/final-datasets/in-the-wild-final-small/UNSAFE/0/frame_181__1.jpg,UNSAFE,UNSAFE,0.892264723777771,reflection_only,in_the_wild
/Users/ahooker/Documents/Dissertation/virtushield/final-datasets/in-the-wild-final-small/UNSAFE/0/frame_183.jpg,UNSAFE,UNSAFE,0.8747205138206482,reflection_only,in_the_wild
/Users/ahooker/Documents/Dissertation/virtushield/final-datasets/in-the-wild-final-small/UNSAFE/0/frame_184.jpg,UNSAFE,UNSAFE,0.8980157971382141,reflection_only,in_the_wild
/Users/ahooker/Documents/Dissertation/virtushield/final-datasets/in-the-wild-final-small/UNSAFE/0/frame_185.jpg,UNSAFE,UNSAFE,0.9530808925628662,reflection_only,in_the_wild
/Users/ahooker/Documents/Dissertation/virtushield/final-datasets/in-the-wild-final-small/UNSAFE/0/frame_186.jpg,UNSAFE,UNSAFE,0.9013572335243225,reflection_only,in_the_wild
/Users/ahooker/Documents/Dissertation/virtushield/final-datasets/in-the-wild-final-small/UNSAFE/0/frame_187.jpg,UNSAFE,UNSAFE,0.9422551393508911,reflection_only,in_the_wild
/Users/ahooker/Documents/Dissertation/virtushield/final-datasets/in-the-wild-final-small/UNSAFE/0/frame_187__1.jpg,UNSAFE,UNSAFE,0.9075517654418945,reflection_only,in_the_wild
/Users/ahooker/Documents/Dissertation/virtushield/final-datasets/in-the-wild-final-small/UNSAFE/0/frame_188.jpg,UNSAFE,UNSAFE,0.8995205163955688,reflection_only,in_the_wild
/Users/ahooker/Documents/Dissertation/virtushield/final-datasets/in-the-wild-final-small/UNSAFE/0/frame_189.jpg,UNSAFE,UNSAFE,0.9006834626197815,reflection_only,in_the_wild
/Users/ahooker/Documents/Dissertation/virtushield/final-datasets/in-the-wild-final-small/UNSAFE/0/frame_190.jpg,UNSAFE,UNSAFE,0.8016705513000488,reflection_only,in_the_wild
/Users/ahooker/Documents/Dissertation/virtushield/final-datasets/in-the-wild-final-small/UNSAFE/0/frame_191.jpg,UNSAFE,UNSAFE,0.9576200246810913,reflection_only,in_the_wild
/Users/ahooker/Documents/Dissertation/virtushield/final-datasets/in-the-wild-final-small/UNSAFE/0/frame_191__1.jpg,UNSAFE,UNSAFE,0.8699061870574951,reflection_only,in_the_wild
/Users/ahooker/Documents/Dissertation/virtushield/final-datasets/in-the-wild-final-small/UNSAFE/0/frame_192.jpg,UNSAFE,UNSAFE,0.7337373495101929,reflection_only,in_the_wild
/Users/ahooker/Documents/Dissertation/virtushield/final-datasets/in-the-wild-final-small/UNSAFE/0/frame_192__1.jpg,UNSAFE,UNSAFE,0.9432709813117981,reflection_only,in_the_wild
/Users/ahooker/Documents/Dissertation/virtushield/final-datasets/in-the-wild-final-small/UNSAFE/0/frame_192__2.jpg,UNSAFE,UNSAFE,0.8954494595527649,reflection_only,in_the_wild
/Users/ahooker/Documents/Dissertation/virtushield/final-datasets/in-the-wild-final-small/UNSAFE/0/frame_193.jpg,UNSAFE,UNSAFE,0.9523695111274719,reflection_only,in_the_wild
/Users/ahooker/Documents/Dissertation/virtushield/final-datasets/in-the-wild-final-small/UNSAFE/0/frame_193__1.jpg,UNSAFE,UNSAFE,0.9150326251983643,reflection_only,in_the_wild
/Users/ahooker/Documents/Dissertation/virtushield/final-datasets/in-the-wild-final-small/UNSAFE/0/frame_194.jpg,UNSAFE,UNSAFE,0.8253146409988403,reflection_only,in_the_wild
/Users/ahooker/Documents/Dissertation/virtushield/final-datasets/in-the-wild-final-small/UNSAFE/0/frame_194__1.jpg,UNSAFE,UNSAFE,0.8253146409988403,reflection_only,in_the_wild
/Users/ahooker/Documents/Dissertation/virtushield/final-datasets/in-the-wild-final-small/UNSAFE/0/frame_194__2.jpg,UNSAFE,UNSAFE,0.8554949760437012,reflection_only,in_the_wild
/Users/ahooker/Documents/Dissertation/virtushield/final-datasets/in-the-wild-final-small/UNSAFE/0/frame_195.jpg,UNSAFE,UNSAFE,0.9664919376373291,reflection_only,in_the_wild
/Users/ahooker/Documents/Dissertation/virtushield/final-datasets/in-the-wild-final-small/UNSAFE/0/frame_197.jpg,UNSAFE,UNSAFE,0.9642043709754944,reflection_only,in_the_wild
/Users/ahooker/Documents/Dissertation/virtushield/final-datasets/in-the-wild-final-small/UNSAFE/0/frame_197__1.jpg,UNSAFE,UNSAFE,0.9712158441543579,reflection_only,in_the_wild
/Users/ahooker/Documents/Dissertation/virtushield/final-datasets/in-the-wild-final-small/UNSAFE/0/frame_198.jpg,UNSAFE,UNSAFE,0.9759773015975952,reflection_only,in_the_wild
/Users/ahooker/Documents/Dissertation/virtushield/final-datasets/in-the-wild-final-small/UNSAFE/0/frame_199.jpg,UNSAFE,UNSAFE,0.975135862827301,reflection_only,in_the_wild
/Users/ahooker/Documents/Dissertation/virtushield/final-datasets/in-the-wild-final-small/UNSAFE/0/frame_200.jpg,UNSAFE,UNSAFE,0.8547125458717346,reflection_only,in_the_wild
/Users/ahooker/Documents/Dissertation/virtushield/final-datasets/in-the-wild-final-small/UNSAFE/0/frame_201.jpg,UNSAFE,UNSAFE,0.9370327591896057,reflection_only,in_the_wild
/Users/ahooker/Documents/Dissertation/virtushield/final-datasets/in-the-wild-final-small/UNSAFE/0/frame_201__1.jpg,UNSAFE,UNSAFE,0.9142783284187317,reflection_only,in_the_wild
/Users/ahooker/Documents/Dissertation/virtushield/final-datasets/in-the-wild-final-small/UNSAFE/0/frame_205.jpg,UNSAFE,UNSAFE,0.9750239849090576,reflection_only,in_the_wild
/Users/ahooker/Documents/Dissertation/virtushield/final-datasets/in-the-wild-final-small/UNSAFE/0/frame_206.jpg,UNSAFE,UNSAFE,0.9625380635261536,reflection_only,in_the_wild
/Users/ahooker/Documents/Dissertation/virtushield/final-datasets/in-the-wild-final-small/UNSAFE/0/frame_207.jpg,UNSAFE,UNSAFE,0.932646632194519,reflection_only,in_the_wild
/Users/ahooker/Documents/Dissertation/virtushield/final-datasets/in-the-wild-final-small/UNSAFE/0/frame_210.jpg,UNSAFE,UNSAFE,0.9679471254348755,reflection_only,in_the_wild
/Users/ahooker/Documents/Dissertation/virtushield/final-datasets/in-the-wild-final-small/UNSAFE/0/frame_216.jpg,UNSAFE,UNSAFE,0.9239131212234497,reflection_only,in_the_wild
/Users/ahooker/Documents/Dissertation/virtushield/final-datasets/in-the-wild-final-small/UNSAFE/0/frame_216__1.jpg,UNSAFE,UNSAFE,0.9239131212234497,reflection_only,in_the_wild
/Users/ahooker/Documents/Dissertation/virtushield/final-datasets/in-the-wild-final-small/UNSAFE/0/frame_216__2.jpg,UNSAFE,UNSAFE,0.9753099679946899,reflection_only,in_the_wild
/Users/ahooker/Documents/Dissertation/virtushield/final-datasets/in-the-wild-final-small/UNSAFE/0/frame_217.jpg,UNSAFE,UNSAFE,0.9510318636894226,reflection_only,in_the_wild
/Users/ahooker/Documents/Dissertation/virtushield/final-datasets/in-the-wild-final-small/UNSAFE/0/frame_217__1.jpg,UNSAFE,UNSAFE,0.9869376420974731,reflection_only,in_the_wild
/Users/ahooker/Documents/Dissertation/virtushield/final-datasets/in-the-wild-final-small/UNSAFE/0/frame_218.jpg,UNSAFE,UNSAFE,0.9931045174598694,reflection_only,in_the_wild
/Users/ahooker/Documents/Dissertation/virtushield/final-datasets/in-the-wild-final-small/UNSAFE/0/frame_218__1.jpg,UNSAFE,UNSAFE,0.9569950699806213,reflection_only,in_the_wild
/Users/ahooker/Documents/Dissertation/virtushield/final-datasets/in-the-wild-final-small/UNSAFE/0/frame_220.jpg,UNSAFE,UNSAFE,0.7787689566612244,reflection_only,in_the_wild
/Users/ahooker/Documents/Dissertation/virtushield/final-datasets/in-the-wild-final-small/UNSAFE/0/frame_221.jpg,UNSAFE,UNSAFE,0.9263726472854614,reflection_only,in_the_wild
/Users/ahooker/Documents/Dissertation/virtushield/final-datasets/in-the-wild-final-small/UNSAFE/0/frame_222.jpg,UNSAFE,UNSAFE,0.8419457077980042,reflection_only,in_the_wild
/Users/ahooker/Documents/Dissertation/virtushield/final-datasets/in-the-wild-final-small/UNSAFE/0/frame_223.jpg,UNSAFE,UNSAFE,0.9651092290878296,reflection_only,in_the_wild
/Users/ahooker/Documents/Dissertation/virtushield/final-datasets/in-the-wild-final-small/UNSAFE/0/frame_223__1.jpg,UNSAFE,UNSAFE,0.952980637550354,reflection_only,in_the_wild
/Users/ahooker/Documents/Dissertation/virtushield/final-datasets/in-the-wild-final-small/UNSAFE/0/frame_224.jpg,UNSAFE,UNSAFE,0.9797844886779785,reflection_only,in_the_wild
/Users/ahooker/Documents/Dissertation/virtushield/final-datasets/in-the-wild-final-small/UNSAFE/0/frame_225.jpg,UNSAFE,UNSAFE,0.9637776613235474,reflection_only,in_the_wild
/Users/ahooker/Documents/Dissertation/virtushield/final-datasets/in-the-wild-final-small/UNSAFE/0/frame_225__1.jpg,UNSAFE,UNSAFE,0.9637776613235474,reflection_only,in_the_wild
/Users/ahooker/Documents/Dissertation/virtushield/final-datasets/in-the-wild-final-small/UNSAFE/0/frame_226.jpg,UNSAFE,UNSAFE,0.9135974645614624,reflection_only,in_the_wild
/Users/ahooker/Documents/Dissertation/virtushield/final-datasets/in-the-wild-final-small/UNSAFE/0/frame_23.jpg,UNSAFE,UNSAFE,0.940828263759613,reflection_only,in_the_wild
/Users/ahooker/Documents/Dissertation/virtushield/final-datasets/in-the-wild-final-small/UNSAFE/0/frame_230.jpg,UNSAFE,UNSAFE,0.7134242057800293,reflection_only,in_the_wild
/Users/ahooker/Documents/Dissertation/virtushield/final-datasets/in-the-wild-final-small/UNSAFE/0/frame_230__1.jpg,UNSAFE,UNSAFE,0.9255667924880981,reflection_only,in_the_wild
/Users/ahooker/Documents/Dissertation/virtushield/final-datasets/in-the-wild-final-small/UNSAFE/0/frame_231.jpg,UNSAFE,UNSAFE,0.8117856383323669,reflection_only,in_the_wild
/Users/ahooker/Documents/Dissertation/virtushield/final-datasets/in-the-wild-final-small/UNSAFE/0/frame_233.jpg,UNSAFE,UNSAFE,0.9529973864555359,reflection_only,in_the_wild
/Users/ahooker/Documents/Dissertation/virtushield/final-datasets/in-the-wild-final-small/UNSAFE/0/frame_233__1.jpg,UNSAFE,UNSAFE,0.9700905680656433,reflection_only,in_the_wild
/Users/ahooker/Documents/Dissertation/virtushield/final-datasets/in-the-wild-final-small/UNSAFE/0/frame_234.jpg,UNSAFE,UNSAFE,0.9415112137794495,reflection_only,in_the_wild
/Users/ahooker/Documents/Dissertation/virtushield/final-datasets/in-the-wild-final-small/UNSAFE/0/frame_235.jpg,UNSAFE,UNSAFE,0.9006832242012024,reflection_only,in_the_wild
/Users/ahooker/Documents/Dissertation/virtushield/final-datasets/in-the-wild-final-small/UNSAFE/0/frame_236.jpg,UNSAFE,UNSAFE,0.960004985332489,reflection_only,in_the_wild
/Users/ahooker/Documents/Dissertation/virtushield/final-datasets/in-the-wild-final-small/UNSAFE/0/frame_236__1.jpg,UNSAFE,UNSAFE,0.9847174286842346,reflection_only,in_the_wild
/Users/ahooker/Documents/Dissertation/virtushield/final-datasets/in-the-wild-final-small/UNSAFE/0/frame_237.jpg,UNSAFE,UNSAFE,0.9353719353675842,reflection_only,in_the_wild
/Users/ahooker/Documents/Dissertation/virtushield/final-datasets/in-the-wild-final-small/UNSAFE/0/frame_237__1.jpg,UNSAFE,UNSAFE,0.8885841965675354,reflection_only,in_the_wild
/Users/ahooker/Documents/Dissertation/virtushield/final-datasets/in-the-wild-final-small/UNSAFE/0/frame_239.jpg,UNSAFE,UNSAFE,0.9499636292457581,reflection_only,in_the_wild
/Users/ahooker/Documents/Dissertation/virtushield/final-datasets/in-the-wild-final-small/UNSAFE/0/frame_24.jpg,UNSAFE,UNSAFE,0.9489089250564575,reflection_only,in_the_wild
/Users/ahooker/Documents/Dissertation/virtushield/final-datasets/in-the-wild-final-small/UNSAFE/0/frame_240.jpg,UNSAFE,UNSAFE,0.8857417106628418,reflection_only,in_the_wild
/Users/ahooker/Documents/Dissertation/virtushield/final-datasets/in-the-wild-final-small/UNSAFE/0/frame_240__1.jpg,UNSAFE,UNSAFE,0.9784584641456604,reflection_only,in_the_wild
/Users/ahooker/Documents/Dissertation/virtushield/final-datasets/in-the-wild-final-small/UNSAFE/0/frame_240__2.jpg,UNSAFE,UNSAFE,0.9713994264602661,reflection_only,in_the_wild
/Users/ahooker/Documents/Dissertation/virtushield/final-datasets/in-the-wild-final-small/UNSAFE/0/frame_242.jpg,UNSAFE,UNSAFE,0.8319344520568848,reflection_only,in_the_wild
/Users/ahooker/Documents/Dissertation/virtushield/final-datasets/in-the-wild-final-small/UNSAFE/0/frame_244.jpg,UNSAFE,UNSAFE,0.9226763248443604,reflection_only,in_the_wild
/Users/ahooker/Documents/Dissertation/virtushield/final-datasets/in-the-wild-final-small/UNSAFE/0/frame_245.jpg,UNSAFE,UNSAFE,0.901222825050354,reflection_only,in_the_wild
/Users/ahooker/Documents/Dissertation/virtushield/final-datasets/in-the-wild-final-small/UNSAFE/0/frame_245__1.jpg,UNSAFE,UNSAFE,0.9835705757141113,reflection_only,in_the_wild
/Users/ahooker/Documents/Dissertation/virtushield/final-datasets/in-the-wild-final-small/UNSAFE/0/frame_245__2.jpg,UNSAFE,UNSAFE,0.9835705757141113,reflection_only,in_the_wild
/Users/ahooker/Documents/Dissertation/virtushield/final-datasets/in-the-wild-final-small/UNSAFE/0/frame_245__3.jpg,UNSAFE,UNSAFE,0.9819938540458679,reflection_only,in_the_wild
/Users/ahooker/Documents/Dissertation/virtushield/final-datasets/in-the-wild-final-small/UNSAFE/0/frame_246.jpg,UNSAFE,UNSAFE,0.8185778856277466,reflection_only,in_the_wild
/Users/ahooker/Documents/Dissertation/virtushield/final-datasets/in-the-wild-final-small/UNSAFE/0/frame_246__1.jpg,UNSAFE,UNSAFE,0.9685829281806946,reflection_only,in_the_wild
/Users/ahooker/Documents/Dissertation/virtushield/final-datasets/in-the-wild-final-small/UNSAFE/0/frame_247.jpg,UNSAFE,UNSAFE,0.9542595148086548,reflection_only,in_the_wild
/Users/ahooker/Documents/Dissertation/virtushield/final-datasets/in-the-wild-final-small/UNSAFE/0/frame_248.jpg,UNSAFE,UNSAFE,0.9853783845901489,reflection_only,in_the_wild
/Users/ahooker/Documents/Dissertation/virtushield/final-datasets/in-the-wild-final-small/UNSAFE/0/frame_249.jpg,UNSAFE,UNSAFE,0.9738302826881409,reflection_only,in_the_wild
/Users/ahooker/Documents/Dissertation/virtushield/final-datasets/in-the-wild-final-small/UNSAFE/0/frame_25.jpg,UNSAFE,UNSAFE,0.9187411069869995,reflection_only,in_the_wild
/Users/ahooker/Documents/Dissertation/virtushield/final-datasets/in-the-wild-final-small/UNSAFE/0/frame_250.jpg,UNSAFE,UNSAFE,0.9586166739463806,reflection_only,in_the_wild
/Users/ahooker/Documents/Dissertation/virtushield/final-datasets/in-the-wild-final-small/UNSAFE/0/frame_250__1.jpg,UNSAFE,UNSAFE,0.9615702629089355,reflection_only,in_the_wild
/Users/ahooker/Documents/Dissertation/virtushield/final-datasets/in-the-wild-final-small/UNSAFE/0/frame_251.jpg,UNSAFE,UNSAFE,0.9328595399856567,reflection_only,in_the_wild
/Users/ahooker/Documents/Dissertation/virtushield/final-datasets/in-the-wild-final-small/UNSAFE/0/frame_251__1.jpg,UNSAFE,UNSAFE,0.925545334815979,reflection_only,in_the_wild
/Users/ahooker/Documents/Dissertation/virtushield/final-datasets/in-the-wild-final-small/UNSAFE/0/frame_251__2.jpg,UNSAFE,UNSAFE,0.925545334815979,reflection_only,in_the_wild
/Users/ahooker/Documents/Dissertation/virtushield/final-datasets/in-the-wild-final-small/UNSAFE/0/frame_252.jpg,UNSAFE,UNSAFE,0.9654175639152527,reflection_only,in_the_wild
/Users/ahooker/Documents/Dissertation/virtushield/final-datasets/in-the-wild-final-small/UNSAFE/0/frame_252__1.jpg,UNSAFE,UNSAFE,0.9654175639152527,reflection_only,in_the_wild
/Users/ahooker/Documents/Dissertation/virtushield/final-datasets/in-the-wild-final-small/UNSAFE/0/frame_253.jpg,UNSAFE,UNSAFE,0.9237847924232483,reflection_only,in_the_wild
/Users/ahooker/Documents/Dissertation/virtushield/final-datasets/in-the-wild-final-small/UNSAFE/0/frame_255.jpg,UNSAFE,UNSAFE,0.7106717824935913,reflection_only,in_the_wild
/Users/ahooker/Documents/Dissertation/virtushield/final-datasets/in-the-wild-final-small/UNSAFE/0/frame_256.jpg,UNSAFE,UNSAFE,0.9258783459663391,reflection_only,in_the_wild
/Users/ahooker/Documents/Dissertation/virtushield/final-datasets/in-the-wild-final-small/UNSAFE/0/frame_258.jpg,UNSAFE,UNSAFE,0.8562211394309998,reflection_only,in_the_wild
/Users/ahooker/Documents/Dissertation/virtushield/final-datasets/in-the-wild-final-small/UNSAFE/0/frame_258__1.jpg,UNSAFE,UNSAFE,0.9657679200172424,reflection_only,in_the_wild
/Users/ahooker/Documents/Dissertation/virtushield/final-datasets/in-the-wild-final-small/UNSAFE/0/frame_259.jpg,UNSAFE,UNSAFE,0.9744706749916077,reflection_only,in_the_wild
/Users/ahooker/Documents/Dissertation/virtushield/final-datasets/in-the-wild-final-small/UNSAFE/0/frame_259__1.jpg,UNSAFE,UNSAFE,0.9785066246986389,reflection_only,in_the_wild
/Users/ahooker/Documents/Dissertation/virtushield/final-datasets/in-the-wild-final-small/UNSAFE/0/frame_25__1.jpg,UNSAFE,UNSAFE,0.935509204864502,reflection_only,in_the_wild
/Users/ahooker/Documents/Dissertation/virtushield/final-datasets/in-the-wild-final-small/UNSAFE/0/frame_260.jpg,UNSAFE,UNSAFE,0.954651951789856,reflection_only,in_the_wild
/Users/ahooker/Documents/Dissertation/virtushield/final-datasets/in-the-wild-final-small/UNSAFE/0/frame_260__1.jpg,UNSAFE,UNSAFE,0.959923267364502,reflection_only,in_the_wild
/Users/ahooker/Documents/Dissertation/virtushield/final-datasets/in-the-wild-final-small/UNSAFE/0/frame_262.jpg,UNSAFE,UNSAFE,0.9562371969223022,reflection_only,in_the_wild
/Users/ahooker/Documents/Dissertation/virtushield/final-datasets/in-the-wild-final-small/UNSAFE/0/frame_262__1.jpg,UNSAFE,UNSAFE,0.8497166037559509,reflection_only,in_the_wild
/Users/ahooker/Documents/Dissertation/virtushield/final-datasets/in-the-wild-final-small/UNSAFE/0/frame_264.jpg,UNSAFE,UNSAFE,0.9583487510681152,reflection_only,in_the_wild
/Users/ahooker/Documents/Dissertation/virtushield/final-datasets/in-the-wild-final-small/UNSAFE/0/frame_265.jpg,UNSAFE,UNSAFE,0.9203977584838867,reflection_only,in_the_wild
/Users/ahooker/Documents/Dissertation/virtushield/final-datasets/in-the-wild-final-small/UNSAFE/0/frame_265__1.jpg,UNSAFE,UNSAFE,0.9203977584838867,reflection_only,in_the_wild
/Users/ahooker/Documents/Dissertation/virtushield/final-datasets/in-the-wild-final-small/UNSAFE/0/frame_267.jpg,UNSAFE,UNSAFE,0.9340683221817017,reflection_only,in_the_wild
/Users/ahooker/Documents/Dissertation/virtushield/final-datasets/in-the-wild-final-small/UNSAFE/0/frame_268.jpg,UNSAFE,UNSAFE,0.9123273491859436,reflection_only,in_the_wild
/Users/ahooker/Documents/Dissertation/virtushield/final-datasets/in-the-wild-final-small/UNSAFE/0/frame_268__1.jpg,UNSAFE,UNSAFE,0.9151146411895752,reflection_only,in_the_wild
/Users/ahooker/Documents/Dissertation/virtushield/final-datasets/in-the-wild-final-small/UNSAFE/0/frame_269.jpg,UNSAFE,UNSAFE,0.9386322498321533,reflection_only,in_the_wild
/Users/ahooker/Documents/Dissertation/virtushield/final-datasets/in-the-wild-final-small/UNSAFE/0/frame_269__1.jpg,UNSAFE,UNSAFE,0.9126834869384766,reflection_only,in_the_wild
/Users/ahooker/Documents/Dissertation/virtushield/final-datasets/in-the-wild-final-small/UNSAFE/0/frame_269__2.jpg,UNSAFE,UNSAFE,0.9522590637207031,reflection_only,in_the_wild
/Users/ahooker/Documents/Dissertation/virtushield/final-datasets/in-the-wild-final-small/UNSAFE/0/frame_269__3.jpg,UNSAFE,UNSAFE,0.8906409740447998,reflection_only,in_the_wild
/Users/ahooker/Documents/Dissertation/virtushield/final-datasets/in-the-wild-final-small/UNSAFE/0/frame_270.jpg,UNSAFE,UNSAFE,0.8599615097045898,reflection_only,in_the_wild
/Users/ahooker/Documents/Dissertation/virtushield/final-datasets/in-the-wild-final-small/UNSAFE/0/frame_270__1.jpg,UNSAFE,UNSAFE,0.9794360399246216,reflection_only,in_the_wild
/Users/ahooker/Documents/Dissertation/virtushield/final-datasets/in-the-wild-final-small/UNSAFE/0/frame_270__2.jpg,UNSAFE,SAFE,0.47834503650665283,reflection_only,in_the_wild
/Users/ahooker/Documents/Dissertation/virtushield/final-datasets/in-the-wild-final-small/UNSAFE/0/frame_271.jpg,UNSAFE,UNSAFE,0.857136607170105,reflection_only,in_the_wild
/Users/ahooker/Documents/Dissertation/virtushield/final-datasets/in-the-wild-final-small/UNSAFE/0/frame_275.jpg,UNSAFE,UNSAFE,0.9676200747489929,reflection_only,in_the_wild
/Users/ahooker/Documents/Dissertation/virtushield/final-datasets/in-the-wild-final-small/UNSAFE/0/frame_276.jpg,UNSAFE,UNSAFE,0.8844258785247803,reflection_only,in_the_wild
/Users/ahooker/Documents/Dissertation/virtushield/final-datasets/in-the-wild-final-small/UNSAFE/0/frame_279.jpg,UNSAFE,UNSAFE,0.963074803352356,reflection_only,in_the_wild
/Users/ahooker/Documents/Dissertation/virtushield/final-datasets/in-the-wild-final-small/UNSAFE/0/frame_280.jpg,UNSAFE,UNSAFE,0.8836055397987366,reflection_only,in_the_wild
/Users/ahooker/Documents/Dissertation/virtushield/final-datasets/in-the-wild-final-small/UNSAFE/0/frame_281.jpg,UNSAFE,UNSAFE,0.866854190826416,reflection_only,in_the_wild
/Users/ahooker/Documents/Dissertation/virtushield/final-datasets/in-the-wild-final-small/UNSAFE/0/frame_282.jpg,UNSAFE,UNSAFE,0.8603696227073669,reflection_only,in_the_wild
/Users/ahooker/Documents/Dissertation/virtushield/final-datasets/in-the-wild-final-small/UNSAFE/0/frame_282__1.jpg,UNSAFE,UNSAFE,0.7058788537979126,reflection_only,in_the_wild
/Users/ahooker/Documents/Dissertation/virtushield/final-datasets/in-the-wild-final-small/UNSAFE/0/frame_283.jpg,UNSAFE,UNSAFE,0.903525710105896,reflection_only,in_the_wild
/Users/ahooker/Documents/Dissertation/virtushield/final-datasets/in-the-wild-final-small/UNSAFE/0/frame_285.jpg,UNSAFE,UNSAFE,0.9439063668251038,reflection_only,in_the_wild
/Users/ahooker/Documents/Dissertation/virtushield/final-datasets/in-the-wild-final-small/UNSAFE/0/frame_288.jpg,UNSAFE,UNSAFE,0.9446417689323425,reflection_only,in_the_wild
/Users/ahooker/Documents/Dissertation/virtushield/final-datasets/in-the-wild-final-small/UNSAFE/0/frame_291.jpg,UNSAFE,UNSAFE,0.8070122003555298,reflection_only,in_the_wild
/Users/ahooker/Documents/Dissertation/virtushield/final-datasets/in-the-wild-final-small/UNSAFE/0/frame_291__1.jpg,UNSAFE,UNSAFE,0.9180959463119507,reflection_only,in_the_wild
/Users/ahooker/Documents/Dissertation/virtushield/final-datasets/in-the-wild-final-small/UNSAFE/0/frame_291__2.jpg,UNSAFE,UNSAFE,0.9467732310295105,reflection_only,in_the_wild
/Users/ahooker/Documents/Dissertation/virtushield/final-datasets/in-the-wild-final-small/UNSAFE/0/frame_292.jpg,UNSAFE,UNSAFE,0.9053466320037842,reflection_only,in_the_wild
/Users/ahooker/Documents/Dissertation/virtushield/final-datasets/in-the-wild-final-small/UNSAFE/0/frame_292__1.jpg,UNSAFE,UNSAFE,0.9099235534667969,reflection_only,in_the_wild
/Users/ahooker/Documents/Dissertation/virtushield/final-datasets/in-the-wild-final-small/UNSAFE/0/frame_295.jpg,UNSAFE,UNSAFE,0.9363225102424622,reflection_only,in_the_wild
/Users/ahooker/Documents/Dissertation/virtushield/final-datasets/in-the-wild-final-small/UNSAFE/0/frame_297.jpg,UNSAFE,UNSAFE,0.973365068435669,reflection_only,in_the_wild
/Users/ahooker/Documents/Dissertation/virtushield/final-datasets/in-the-wild-final-small/UNSAFE/0/frame_30.jpg,UNSAFE,UNSAFE,0.9701209664344788,reflection_only,in_the_wild
/Users/ahooker/Documents/Dissertation/virtushield/final-datasets/in-the-wild-final-small/UNSAFE/0/frame_300.jpg,UNSAFE,UNSAFE,0.9433120489120483,reflection_only,in_the_wild
/Users/ahooker/Documents/Dissertation/virtushield/final-datasets/in-the-wild-final-small/UNSAFE/0/frame_300__1.jpg,UNSAFE,UNSAFE,0.9666027426719666,reflection_only,in_the_wild
/Users/ahooker/Documents/Dissertation/virtushield/final-datasets/in-the-wild-final-small/UNSAFE/0/frame_301.jpg,UNSAFE,UNSAFE,0.8739550113677979,reflection_only,in_the_wild
/Users/ahooker/Documents/Dissertation/virtushield/final-datasets/in-the-wild-final-small/UNSAFE/0/frame_302.jpg,UNSAFE,UNSAFE,0.9532356262207031,reflection_only,in_the_wild
/Users/ahooker/Documents/Dissertation/virtushield/final-datasets/in-the-wild-final-small/UNSAFE/0/frame_304.jpg,UNSAFE,UNSAFE,0.9244771599769592,reflection_only,in_the_wild
/Users/ahooker/Documents/Dissertation/virtushield/final-datasets/in-the-wild-final-small/UNSAFE/0/frame_305.jpg,UNSAFE,UNSAFE,0.5549396276473999,reflection_only,in_the_wild
/Users/ahooker/Documents/Dissertation/virtushield/final-datasets/in-the-wild-final-small/UNSAFE/0/frame_306.jpg,UNSAFE,UNSAFE,0.9367557168006897,reflection_only,in_the_wild
/Users/ahooker/Documents/Dissertation/virtushield/final-datasets/in-the-wild-final-small/UNSAFE/0/frame_307.jpg,UNSAFE,UNSAFE,0.9741920232772827,reflection_only,in_the_wild
/Users/ahooker/Documents/Dissertation/virtushield/final-datasets/in-the-wild-final-small/UNSAFE/0/frame_308.jpg,UNSAFE,UNSAFE,0.9216048717498779,reflection_only,in_the_wild
/Users/ahooker/Documents/Dissertation/virtushield/final-datasets/in-the-wild-final-small/UNSAFE/0/frame_31.jpg,UNSAFE,UNSAFE,0.8255658149719238,reflection_only,in_the_wild
/Users/ahooker/Documents/Dissertation/virtushield/final-datasets/in-the-wild-final-small/UNSAFE/0/frame_311.jpg,UNSAFE,UNSAFE,0.9795722365379333,reflection_only,in_the_wild
/Users/ahooker/Documents/Dissertation/virtushield/final-datasets/in-the-wild-final-small/UNSAFE/0/frame_311__1.jpg,UNSAFE,UNSAFE,0.9354689121246338,reflection_only,in_the_wild
/Users/ahooker/Documents/Dissertation/virtushield/final-datasets/in-the-wild-final-small/UNSAFE/0/frame_312.jpg,UNSAFE,UNSAFE,0.9018222689628601,reflection_only,in_the_wild
/Users/ahooker/Documents/Dissertation/virtushield/final-datasets/in-the-wild-final-small/UNSAFE/0/frame_315.jpg,UNSAFE,UNSAFE,0.9186187982559204,reflection_only,in_the_wild
/Users/ahooker/Documents/Dissertation/virtushield/final-datasets/in-the-wild-final-small/UNSAFE/0/frame_317.jpg,UNSAFE,UNSAFE,0.9220400452613831,reflection_only,in_the_wild
/Users/ahooker/Documents/Dissertation/virtushield/final-datasets/in-the-wild-final-small/UNSAFE/0/frame_318.jpg,UNSAFE,UNSAFE,0.9676511883735657,reflection_only,in_the_wild
/Users/ahooker/Documents/Dissertation/virtushield/final-datasets/in-the-wild-final-small/UNSAFE/0/frame_319.jpg,UNSAFE,UNSAFE,0.9222597479820251,reflection_only,in_the_wild
/Users/ahooker/Documents/Dissertation/virtushield/final-datasets/in-the-wild-final-small/UNSAFE/0/frame_32.jpg,UNSAFE,UNSAFE,0.9464626312255859,reflection_only,in_the_wild
/Users/ahooker/Documents/Dissertation/virtushield/final-datasets/in-the-wild-final-small/UNSAFE/0/frame_321.jpg,UNSAFE,UNSAFE,0.8282629251480103,reflection_only,in_the_wild
/Users/ahooker/Documents/Dissertation/virtushield/final-datasets/in-the-wild-final-small/UNSAFE/0/frame_321__1.jpg,UNSAFE,UNSAFE,0.8886329531669617,reflection_only,in_the_wild
/Users/ahooker/Documents/Dissertation/virtushield/final-datasets/in-the-wild-final-small/UNSAFE/0/frame_324.jpg,UNSAFE,UNSAFE,0.9183077216148376,reflection_only,in_the_wild
/Users/ahooker/Documents/Dissertation/virtushield/final-datasets/in-the-wild-final-small/UNSAFE/0/frame_325.jpg,UNSAFE,UNSAFE,0.8877054452896118,reflection_only,in_the_wild
/Users/ahooker/Documents/Dissertation/virtushield/final-datasets/in-the-wild-final-small/UNSAFE/0/frame_325__1.jpg,UNSAFE,UNSAFE,0.8877054452896118,reflection_only,in_the_wild
/Users/ahooker/Documents/Dissertation/virtushield/final-datasets/in-the-wild-final-small/UNSAFE/0/frame_328.jpg,UNSAFE,UNSAFE,0.9890831708908081,reflection_only,in_the_wild
/Users/ahooker/Documents/Dissertation/virtushield/final-datasets/in-the-wild-final-small/UNSAFE/0/frame_329.jpg,UNSAFE,UNSAFE,0.9758433699607849,reflection_only,in_the_wild
/Users/ahooker/Documents/Dissertation/virtushield/final-datasets/in-the-wild-final-small/UNSAFE/0/frame_32__1.jpg,UNSAFE,UNSAFE,0.9003337621688843,reflection_only,in_the_wild
/Users/ahooker/Documents/Dissertation/virtushield/final-datasets/in-the-wild-final-small/UNSAFE/0/frame_330.jpg,UNSAFE,UNSAFE,0.9064925909042358,reflection_only,in_the_wild
/Users/ahooker/Documents/Dissertation/virtushield/final-datasets/in-the-wild-final-small/UNSAFE/0/frame_331.jpg,UNSAFE,UNSAFE,0.9438456892967224,reflection_only,in_the_wild
/Users/ahooker/Documents/Dissertation/virtushield/final-datasets/in-the-wild-final-small/UNSAFE/0/frame_333.jpg,UNSAFE,UNSAFE,0.913776695728302,reflection_only,in_the_wild
/Users/ahooker/Documents/Dissertation/virtushield/final-datasets/in-the-wild-final-small/UNSAFE/0/frame_334.jpg,UNSAFE,UNSAFE,0.9319812059402466,reflection_only,in_the_wild
/Users/ahooker/Documents/Dissertation/virtushield/final-datasets/in-the-wild-final-small/UNSAFE/0/frame_334__1.jpg,UNSAFE,UNSAFE,0.9439046382904053,reflection_only,in_the_wild
/Users/ahooker/Documents/Dissertation/virtushield/final-datasets/in-the-wild-final-small/UNSAFE/0/frame_336.jpg,UNSAFE,UNSAFE,0.979176938533783,reflection_only,in_the_wild
/Users/ahooker/Documents/Dissertation/virtushield/final-datasets/in-the-wild-final-small/UNSAFE/0/frame_339.jpg,UNSAFE,UNSAFE,0.9588844776153564,reflection_only,in_the_wild
/Users/ahooker/Documents/Dissertation/virtushield/final-datasets/in-the-wild-final-small/UNSAFE/0/frame_343.jpg,UNSAFE,UNSAFE,0.86690354347229,reflection_only,in_the_wild
/Users/ahooker/Documents/Dissertation/virtushield/final-datasets/in-the-wild-final-small/UNSAFE/0/frame_344.jpg,UNSAFE,UNSAFE,0.9478748440742493,reflection_only,in_the_wild
/Users/ahooker/Documents/Dissertation/virtushield/final-datasets/in-the-wild-final-small/UNSAFE/0/frame_344__1.jpg,UNSAFE,UNSAFE,0.8516011834144592,reflection_only,in_the_wild
/Users/ahooker/Documents/Dissertation/virtushield/final-datasets/in-the-wild-final-small/UNSAFE/0/frame_345.jpg,UNSAFE,UNSAFE,0.9099312424659729,reflection_only,in_the_wild
/Users/ahooker/Documents/Dissertation/virtushield/final-datasets/in-the-wild-final-small/UNSAFE/0/frame_347.jpg,UNSAFE,UNSAFE,0.9468960762023926,reflection_only,in_the_wild
/Users/ahooker/Documents/Dissertation/virtushield/final-datasets/in-the-wild-final-small/UNSAFE/0/frame_347__1.jpg,UNSAFE,UNSAFE,0.9862189888954163,reflection_only,in_the_wild
/Users/ahooker/Documents/Dissertation/virtushield/final-datasets/in-the-wild-final-small/UNSAFE/0/frame_348.jpg,UNSAFE,UNSAFE,0.8904070854187012,reflection_only,in_the_wild
/Users/ahooker/Documents/Dissertation/virtushield/final-datasets/in-the-wild-final-small/UNSAFE/0/frame_349.jpg,UNSAFE,UNSAFE,0.9075713753700256,reflection_only,in_the_wild
/Users/ahooker/Documents/Dissertation/virtushield/final-datasets/in-the-wild-final-small/UNSAFE/0/frame_350.jpg,UNSAFE,UNSAFE,0.8924366235733032,reflection_only,in_the_wild
/Users/ahooker/Documents/Dissertation/virtushield/final-datasets/in-the-wild-final-small/UNSAFE/0/frame_351.jpg,UNSAFE,UNSAFE,0.9670112729072571,reflection_only,in_the_wild
/Users/ahooker/Documents/Dissertation/virtushield/final-datasets/in-the-wild-final-small/UNSAFE/0/frame_352.jpg,UNSAFE,UNSAFE,0.9838643074035645,reflection_only,in_the_wild
/Users/ahooker/Documents/Dissertation/virtushield/final-datasets/in-the-wild-final-small/UNSAFE/0/frame_352__1.jpg,UNSAFE,UNSAFE,0.966278076171875,reflection_only,in_the_wild
/Users/ahooker/Documents/Dissertation/virtushield/final-datasets/in-the-wild-final-small/UNSAFE/0/frame_355.jpg,UNSAFE,UNSAFE,0.9163359999656677,reflection_only,in_the_wild
/Users/ahooker/Documents/Dissertation/virtushield/final-datasets/in-the-wild-final-small/UNSAFE/0/frame_355__1.jpg,UNSAFE,UNSAFE,0.9407944679260254,reflection_only,in_the_wild
/Users/ahooker/Documents/Dissertation/virtushield/final-datasets/in-the-wild-final-small/UNSAFE/0/frame_355__2.jpg,UNSAFE,UNSAFE,0.9163359999656677,reflection_only,in_the_wild
/Users/ahooker/Documents/Dissertation/virtushield/final-datasets/in-the-wild-final-small/UNSAFE/0/frame_355__3.jpg,UNSAFE,UNSAFE,0.9523704051971436,reflection_only,in_the_wild
/Users/ahooker/Documents/Dissertation/virtushield/final-datasets/in-the-wild-final-small/UNSAFE/0/frame_359.jpg,UNSAFE,UNSAFE,0.9191576838493347,reflection_only,in_the_wild
/Users/ahooker/Documents/Dissertation/virtushield/final-datasets/in-the-wild-final-small/UNSAFE/0/frame_36.jpg,UNSAFE,UNSAFE,0.5528140068054199,reflection_only,in_the_wild
/Users/ahooker/Documents/Dissertation/virtushield/final-datasets/in-the-wild-final-small/UNSAFE/0/frame_362.jpg,UNSAFE,UNSAFE,0.9356578588485718,reflection_only,in_the_wild
/Users/ahooker/Documents/Dissertation/virtushield/final-datasets/in-the-wild-final-small/UNSAFE/0/frame_363.jpg,UNSAFE,UNSAFE,0.946985125541687,reflection_only,in_the_wild
/Users/ahooker/Documents/Dissertation/virtushield/final-datasets/in-the-wild-final-small/UNSAFE/0/frame_364.jpg,UNSAFE,UNSAFE,0.9815424084663391,reflection_only,in_the_wild
/Users/ahooker/Documents/Dissertation/virtushield/final-datasets/in-the-wild-final-small/UNSAFE/0/frame_364__1.jpg,UNSAFE,UNSAFE,0.962405800819397,reflection_only,in_the_wild
/Users/ahooker/Documents/Dissertation/virtushield/final-datasets/in-the-wild-final-small/UNSAFE/0/frame_364__2.jpg,UNSAFE,UNSAFE,0.804067850112915,reflection_only,in_the_wild
/Users/ahooker/Documents/Dissertation/virtushield/final-datasets/in-the-wild-final-small/UNSAFE/0/frame_365.jpg,UNSAFE,UNSAFE,0.9618026614189148,reflection_only,in_the_wild
/Users/ahooker/Documents/Dissertation/virtushield/final-datasets/in-the-wild-final-small/UNSAFE/0/frame_366.jpg,UNSAFE,UNSAFE,0.9205218553543091,reflection_only,in_the_wild
/Users/ahooker/Documents/Dissertation/virtushield/final-datasets/in-the-wild-final-small/UNSAFE/0/frame_369.jpg,UNSAFE,UNSAFE,0.9755799174308777,reflection_only,in_the_wild
/Users/ahooker/Documents/Dissertation/virtushield/final-datasets/in-the-wild-final-small/UNSAFE/0/frame_369__1.jpg,UNSAFE,UNSAFE,0.8000712394714355,reflection_only,in_the_wild
/Users/ahooker/Documents/Dissertation/virtushield/final-datasets/in-the-wild-final-small/UNSAFE/0/frame_370.jpg,UNSAFE,UNSAFE,0.9408077597618103,reflection_only,in_the_wild
/Users/ahooker/Documents/Dissertation/virtushield/final-datasets/in-the-wild-final-small/UNSAFE/0/frame_370__1.jpg,UNSAFE,UNSAFE,0.9412336945533752,reflection_only,in_the_wild
/Users/ahooker/Documents/Dissertation/virtushield/final-datasets/in-the-wild-final-small/UNSAFE/0/frame_370__2.jpg,UNSAFE,UNSAFE,0.9412336945533752,reflection_only,in_the_wild
/Users/ahooker/Documents/Dissertation/virtushield/final-datasets/in-the-wild-final-small/UNSAFE/0/frame_370__3.jpg,UNSAFE,UNSAFE,0.7844619750976562,reflection_only,in_the_wild
/Users/ahooker/Documents/Dissertation/virtushield/final-datasets/in-the-wild-final-small/UNSAFE/0/frame_372.jpg,UNSAFE,UNSAFE,0.9386995434761047,reflection_only,in_the_wild
/Users/ahooker/Documents/Dissertation/virtushield/final-datasets/in-the-wild-final-small/UNSAFE/0/frame_374.jpg,UNSAFE,UNSAFE,0.8942408561706543,reflection_only,in_the_wild
/Users/ahooker/Documents/Dissertation/virtushield/final-datasets/in-the-wild-final-small/UNSAFE/0/frame_377.jpg,UNSAFE,UNSAFE,0.951444685459137,reflection_only,in_the_wild
/Users/ahooker/Documents/Dissertation/virtushield/final-datasets/in-the-wild-final-small/UNSAFE/0/frame_377__1.jpg,UNSAFE,UNSAFE,0.9590488076210022,reflection_only,in_the_wild
/Users/ahooker/Documents/Dissertation/virtushield/final-datasets/in-the-wild-final-small/UNSAFE/0/frame_378.jpg,UNSAFE,UNSAFE,0.9264624714851379,reflection_only,in_the_wild
/Users/ahooker/Documents/Dissertation/virtushield/final-datasets/in-the-wild-final-small/UNSAFE/0/frame_379.jpg,UNSAFE,UNSAFE,0.9551127552986145,reflection_only,in_the_wild
/Users/ahooker/Documents/Dissertation/virtushield/final-datasets/in-the-wild-final-small/UNSAFE/0/frame_380.jpg,UNSAFE,UNSAFE,0.9063432216644287,reflection_only,in_the_wild
/Users/ahooker/Documents/Dissertation/virtushield/final-datasets/in-the-wild-final-small/UNSAFE/0/frame_382.jpg,UNSAFE,UNSAFE,0.9911024570465088,reflection_only,in_the_wild
/Users/ahooker/Documents/Dissertation/virtushield/final-datasets/in-the-wild-final-small/UNSAFE/0/frame_383.jpg,UNSAFE,UNSAFE,0.708716869354248,reflection_only,in_the_wild
/Users/ahooker/Documents/Dissertation/virtushield/final-datasets/in-the-wild-final-small/UNSAFE/0/frame_385.jpg,UNSAFE,UNSAFE,0.9566450715065002,reflection_only,in_the_wild
/Users/ahooker/Documents/Dissertation/virtushield/final-datasets/in-the-wild-final-small/UNSAFE/0/frame_386.jpg,UNSAFE,UNSAFE,0.9660295248031616,reflection_only,in_the_wild
/Users/ahooker/Documents/Dissertation/virtushield/final-datasets/in-the-wild-final-small/UNSAFE/0/frame_388.jpg,UNSAFE,UNSAFE,0.9488230347633362,reflection_only,in_the_wild
/Users/ahooker/Documents/Dissertation/virtushield/final-datasets/in-the-wild-final-small/UNSAFE/0/frame_389.jpg,UNSAFE,UNSAFE,0.9521989226341248,reflection_only,in_the_wild
/Users/ahooker/Documents/Dissertation/virtushield/final-datasets/in-the-wild-final-small/UNSAFE/0/frame_391.jpg,UNSAFE,UNSAFE,0.9827631711959839,reflection_only,in_the_wild
/Users/ahooker/Documents/Dissertation/virtushield/final-datasets/in-the-wild-final-small/UNSAFE/0/frame_393.jpg,UNSAFE,UNSAFE,0.7682764530181885,reflection_only,in_the_wild
/Users/ahooker/Documents/Dissertation/virtushield/final-datasets/in-the-wild-final-small/UNSAFE/0/frame_394.jpg,UNSAFE,UNSAFE,0.9594936966896057,reflection_only,in_the_wild
/Users/ahooker/Documents/Dissertation/virtushield/final-datasets/in-the-wild-final-small/UNSAFE/0/frame_395.jpg,UNSAFE,UNSAFE,0.9685726165771484,reflection_only,in_the_wild
/Users/ahooker/Documents/Dissertation/virtushield/final-datasets/in-the-wild-final-small/UNSAFE/0/frame_395__1.jpg,UNSAFE,UNSAFE,0.9855696558952332,reflection_only,in_the_wild
/Users/ahooker/Documents/Dissertation/virtushield/final-datasets/in-the-wild-final-small/UNSAFE/0/frame_398.jpg,UNSAFE,UNSAFE,0.9122321009635925,reflection_only,in_the_wild
/Users/ahooker/Documents/Dissertation/virtushield/final-datasets/in-the-wild-final-small/UNSAFE/0/frame_403.jpg,UNSAFE,UNSAFE,0.9818164110183716,reflection_only,in_the_wild
/Users/ahooker/Documents/Dissertation/virtushield/final-datasets/in-the-wild-final-small/UNSAFE/0/frame_406.jpg,UNSAFE,UNSAFE,0.963986337184906,reflection_only,in_the_wild
/Users/ahooker/Documents/Dissertation/virtushield/final-datasets/in-the-wild-final-small/UNSAFE/0/frame_407.jpg,UNSAFE,UNSAFE,0.9690530896186829,reflection_only,in_the_wild
/Users/ahooker/Documents/Dissertation/virtushield/final-datasets/in-the-wild-final-small/UNSAFE/0/frame_409.jpg,UNSAFE,UNSAFE,0.9017303586006165,reflection_only,in_the_wild
/Users/ahooker/Documents/Dissertation/virtushield/final-datasets/in-the-wild-final-small/UNSAFE/0/frame_41.jpg,UNSAFE,UNSAFE,0.9123327732086182,reflection_only,in_the_wild
/Users/ahooker/Documents/Dissertation/virtushield/final-datasets/in-the-wild-final-small/UNSAFE/0/frame_412.jpg,UNSAFE,UNSAFE,0.9139778017997742,reflection_only,in_the_wild
/Users/ahooker/Documents/Dissertation/virtushield/final-datasets/in-the-wild-final-small/UNSAFE/0/frame_413.jpg,UNSAFE,UNSAFE,0.9738199710845947,reflection_only,in_the_wild
/Users/ahooker/Documents/Dissertation/virtushield/final-datasets/in-the-wild-final-small/UNSAFE/0/frame_414.jpg,UNSAFE,UNSAFE,0.9674821496009827,reflection_only,in_the_wild
/Users/ahooker/Documents/Dissertation/virtushield/final-datasets/in-the-wild-final-small/UNSAFE/0/frame_415.jpg,UNSAFE,UNSAFE,0.9738127589225769,reflection_only,in_the_wild
/Users/ahooker/Documents/Dissertation/virtushield/final-datasets/in-the-wild-final-small/UNSAFE/0/frame_416.jpg,UNSAFE,UNSAFE,0.9698721766471863,reflection_only,in_the_wild
/Users/ahooker/Documents/Dissertation/virtushield/final-datasets/in-the-wild-final-small/UNSAFE/0/frame_418.jpg,UNSAFE,UNSAFE,0.9671776294708252,reflection_only,in_the_wild
/Users/ahooker/Documents/Dissertation/virtushield/final-datasets/in-the-wild-final-small/UNSAFE/0/frame_420.jpg,UNSAFE,UNSAFE,0.933656632900238,reflection_only,in_the_wild
/Users/ahooker/Documents/Dissertation/virtushield/final-datasets/in-the-wild-final-small/UNSAFE/0/frame_422.jpg,UNSAFE,UNSAFE,0.9573594927787781,reflection_only,in_the_wild
/Users/ahooker/Documents/Dissertation/virtushield/final-datasets/in-the-wild-final-small/UNSAFE/0/frame_423.jpg,UNSAFE,UNSAFE,0.9474946856498718,reflection_only,in_the_wild
/Users/ahooker/Documents/Dissertation/virtushield/final-datasets/in-the-wild-final-small/UNSAFE/0/frame_423__1.jpg,UNSAFE,UNSAFE,0.9549556970596313,reflection_only,in_the_wild
/Users/ahooker/Documents/Dissertation/virtushield/final-datasets/in-the-wild-final-small/UNSAFE/0/frame_424.jpg,UNSAFE,UNSAFE,0.9765161871910095,reflection_only,in_the_wild
/Users/ahooker/Documents/Dissertation/virtushield/final-datasets/in-the-wild-final-small/UNSAFE/0/frame_426.jpg,UNSAFE,UNSAFE,0.9640129208564758,reflection_only,in_the_wild
/Users/ahooker/Documents/Dissertation/virtushield/final-datasets/in-the-wild-final-small/UNSAFE/0/frame_426__1.jpg,UNSAFE,UNSAFE,0.9760594367980957,reflection_only,in_the_wild
/Users/ahooker/Documents/Dissertation/virtushield/final-datasets/in-the-wild-final-small/UNSAFE/0/frame_427.jpg,UNSAFE,UNSAFE,0.9623525738716125,reflection_only,in_the_wild
/Users/ahooker/Documents/Dissertation/virtushield/final-datasets/in-the-wild-final-small/UNSAFE/0/frame_427__1.jpg,UNSAFE,UNSAFE,0.964131772518158,reflection_only,in_the_wild
/Users/ahooker/Documents/Dissertation/virtushield/final-datasets/in-the-wild-final-small/UNSAFE/0/frame_43.jpg,UNSAFE,UNSAFE,0.963663637638092,reflection_only,in_the_wild
/Users/ahooker/Documents/Dissertation/virtushield/final-datasets/in-the-wild-final-small/UNSAFE/0/frame_430.jpg,UNSAFE,UNSAFE,0.9552314877510071,reflection_only,in_the_wild
/Users/ahooker/Documents/Dissertation/virtushield/final-datasets/in-the-wild-final-small/UNSAFE/0/frame_433.jpg,UNSAFE,UNSAFE,0.9561524987220764,reflection_only,in_the_wild
/Users/ahooker/Documents/Dissertation/virtushield/final-datasets/in-the-wild-final-small/UNSAFE/0/frame_435.jpg,UNSAFE,UNSAFE,0.9856441020965576,reflection_only,in_the_wild
/Users/ahooker/Documents/Dissertation/virtushield/final-datasets/in-the-wild-final-small/UNSAFE/0/frame_435__1.jpg,UNSAFE,UNSAFE,0.9423795938491821,reflection_only,in_the_wild
/Users/ahooker/Documents/Dissertation/virtushield/final-datasets/in-the-wild-final-small/UNSAFE/0/frame_437.jpg,UNSAFE,UNSAFE,0.9779766201972961,reflection_only,in_the_wild
/Users/ahooker/Documents/Dissertation/virtushield/final-datasets/in-the-wild-final-small/UNSAFE/0/frame_438.jpg,UNSAFE,UNSAFE,0.9765065312385559,reflection_only,in_the_wild
/Users/ahooker/Documents/Dissertation/virtushield/final-datasets/in-the-wild-final-small/UNSAFE/0/frame_442.jpg,UNSAFE,UNSAFE,0.9485486745834351,reflection_only,in_the_wild
/Users/ahooker/Documents/Dissertation/virtushield/final-datasets/in-the-wild-final-small/UNSAFE/0/frame_448.jpg,UNSAFE,UNSAFE,0.903506875038147,reflection_only,in_the_wild
/Users/ahooker/Documents/Dissertation/virtushield/final-datasets/in-the-wild-final-small/UNSAFE/0/frame_454.jpg,UNSAFE,UNSAFE,0.9832727909088135,reflection_only,in_the_wild
/Users/ahooker/Documents/Dissertation/virtushield/final-datasets/in-the-wild-final-small/UNSAFE/0/frame_456.jpg,UNSAFE,UNSAFE,0.9663341045379639,reflection_only,in_the_wild
/Users/ahooker/Documents/Dissertation/virtushield/final-datasets/in-the-wild-final-small/UNSAFE/0/frame_459.jpg,UNSAFE,UNSAFE,0.9873413443565369,reflection_only,in_the_wild
/Users/ahooker/Documents/Dissertation/virtushield/final-datasets/in-the-wild-final-small/UNSAFE/0/frame_46.jpg,UNSAFE,UNSAFE,0.7314262986183167,reflection_only,in_the_wild
/Users/ahooker/Documents/Dissertation/virtushield/final-datasets/in-the-wild-final-small/UNSAFE/0/frame_460.jpg,UNSAFE,UNSAFE,0.9361163377761841,reflection_only,in_the_wild
/Users/ahooker/Documents/Dissertation/virtushield/final-datasets/in-the-wild-final-small/UNSAFE/0/frame_463.jpg,UNSAFE,UNSAFE,0.9690206050872803,reflection_only,in_the_wild
/Users/ahooker/Documents/Dissertation/virtushield/final-datasets/in-the-wild-final-small/UNSAFE/0/frame_463__1.jpg,UNSAFE,UNSAFE,0.9756622314453125,reflection_only,in_the_wild
/Users/ahooker/Documents/Dissertation/virtushield/final-datasets/in-the-wild-final-small/UNSAFE/0/frame_465.jpg,UNSAFE,UNSAFE,0.9644125699996948,reflection_only,in_the_wild
/Users/ahooker/Documents/Dissertation/virtushield/final-datasets/in-the-wild-final-small/UNSAFE/0/frame_467.jpg,UNSAFE,UNSAFE,0.9846941828727722,reflection_only,in_the_wild
/Users/ahooker/Documents/Dissertation/virtushield/final-datasets/in-the-wild-final-small/UNSAFE/0/frame_474.jpg,UNSAFE,UNSAFE,0.8798034191131592,reflection_only,in_the_wild
/Users/ahooker/Documents/Dissertation/virtushield/final-datasets/in-the-wild-final-small/UNSAFE/0/frame_475.jpg,UNSAFE,UNSAFE,0.895524799823761,reflection_only,in_the_wild
/Users/ahooker/Documents/Dissertation/virtushield/final-datasets/in-the-wild-final-small/UNSAFE/0/frame_475__1.jpg,UNSAFE,UNSAFE,0.9452131390571594,reflection_only,in_the_wild
/Users/ahooker/Documents/Dissertation/virtushield/final-datasets/in-the-wild-final-small/UNSAFE/0/frame_476.jpg,UNSAFE,UNSAFE,0.982856810092926,reflection_only,in_the_wild
/Users/ahooker/Documents/Dissertation/virtushield/final-datasets/in-the-wild-final-small/UNSAFE/0/frame_478.jpg,UNSAFE,UNSAFE,0.8173459768295288,reflection_only,in_the_wild
/Users/ahooker/Documents/Dissertation/virtushield/final-datasets/in-the-wild-final-small/UNSAFE/0/frame_481.jpg,UNSAFE,UNSAFE,0.934689462184906,reflection_only,in_the_wild
/Users/ahooker/Documents/Dissertation/virtushield/final-datasets/in-the-wild-final-small/UNSAFE/0/frame_488.jpg,UNSAFE,UNSAFE,0.9716230034828186,reflection_only,in_the_wild
/Users/ahooker/Documents/Dissertation/virtushield/final-datasets/in-the-wild-final-small/UNSAFE/0/frame_489.jpg,UNSAFE,UNSAFE,0.9551576375961304,reflection_only,in_the_wild
/Users/ahooker/Documents/Dissertation/virtushield/final-datasets/in-the-wild-final-small/UNSAFE/0/frame_492.jpg,UNSAFE,UNSAFE,0.9803677797317505,reflection_only,in_the_wild
/Users/ahooker/Documents/Dissertation/virtushield/final-datasets/in-the-wild-final-small/UNSAFE/0/frame_496.jpg,UNSAFE,UNSAFE,0.963322103023529,reflection_only,in_the_wild
/Users/ahooker/Documents/Dissertation/virtushield/final-datasets/in-the-wild-final-small/UNSAFE/0/frame_498.jpg,UNSAFE,UNSAFE,0.9252363443374634,reflection_only,in_the_wild
/Users/ahooker/Documents/Dissertation/virtushield/final-datasets/in-the-wild-final-small/UNSAFE/0/frame_50.jpg,UNSAFE,UNSAFE,0.947385847568512,reflection_only,in_the_wild
/Users/ahooker/Documents/Dissertation/virtushield/final-datasets/in-the-wild-final-small/UNSAFE/0/frame_505.jpg,UNSAFE,UNSAFE,0.947217583656311,reflection_only,in_the_wild
/Users/ahooker/Documents/Dissertation/virtushield/final-datasets/in-the-wild-final-small/UNSAFE/0/frame_509.jpg,UNSAFE,UNSAFE,0.9823281764984131,reflection_only,in_the_wild
/Users/ahooker/Documents/Dissertation/virtushield/final-datasets/in-the-wild-final-small/UNSAFE/0/frame_510.jpg,UNSAFE,UNSAFE,0.910968005657196,reflection_only,in_the_wild
/Users/ahooker/Documents/Dissertation/virtushield/final-datasets/in-the-wild-final-small/UNSAFE/0/frame_523.jpg,UNSAFE,UNSAFE,0.9516990780830383,reflection_only,in_the_wild
/Users/ahooker/Documents/Dissertation/virtushield/final-datasets/in-the-wild-final-small/UNSAFE/0/frame_523__1.jpg,UNSAFE,UNSAFE,0.9478538632392883,reflection_only,in_the_wild
/Users/ahooker/Documents/Dissertation/virtushield/final-datasets/in-the-wild-final-small/UNSAFE/0/frame_524.jpg,UNSAFE,UNSAFE,0.9053665995597839,reflection_only,in_the_wild
/Users/ahooker/Documents/Dissertation/virtushield/final-datasets/in-the-wild-final-small/UNSAFE/0/frame_525.jpg,UNSAFE,UNSAFE,0.9547258615493774,reflection_only,in_the_wild
/Users/ahooker/Documents/Dissertation/virtushield/final-datasets/in-the-wild-final-small/UNSAFE/0/frame_528.jpg,UNSAFE,UNSAFE,0.9115486741065979,reflection_only,in_the_wild
/Users/ahooker/Documents/Dissertation/virtushield/final-datasets/in-the-wild-final-small/UNSAFE/0/frame_534.jpg,UNSAFE,UNSAFE,0.9711208343505859,reflection_only,in_the_wild
/Users/ahooker/Documents/Dissertation/virtushield/final-datasets/in-the-wild-final-small/UNSAFE/0/frame_542.jpg,UNSAFE,UNSAFE,0.8881624341011047,reflection_only,in_the_wild
/Users/ahooker/Documents/Dissertation/virtushield/final-datasets/in-the-wild-final-small/UNSAFE/0/frame_544.jpg,UNSAFE,UNSAFE,0.9307144284248352,reflection_only,in_the_wild
/Users/ahooker/Documents/Dissertation/virtushield/final-datasets/in-the-wild-final-small/UNSAFE/0/frame_548.jpg,UNSAFE,UNSAFE,0.9140647649765015,reflection_only,in_the_wild
/Users/ahooker/Documents/Dissertation/virtushield/final-datasets/in-the-wild-final-small/UNSAFE/0/frame_551.jpg,UNSAFE,UNSAFE,0.8679100275039673,reflection_only,in_the_wild
/Users/ahooker/Documents/Dissertation/virtushield/final-datasets/in-the-wild-final-small/UNSAFE/0/frame_553.jpg,UNSAFE,UNSAFE,0.9036734104156494,reflection_only,in_the_wild
/Users/ahooker/Documents/Dissertation/virtushield/final-datasets/in-the-wild-final-small/UNSAFE/0/frame_555.jpg,UNSAFE,UNSAFE,0.9395724534988403,reflection_only,in_the_wild
/Users/ahooker/Documents/Dissertation/virtushield/final-datasets/in-the-wild-final-small/UNSAFE/0/frame_56.jpg,UNSAFE,UNSAFE,0.8392242789268494,reflection_only,in_the_wild
/Users/ahooker/Documents/Dissertation/virtushield/final-datasets/in-the-wild-final-small/UNSAFE/0/frame_561.jpg,UNSAFE,UNSAFE,0.8206996917724609,reflection_only,in_the_wild
/Users/ahooker/Documents/Dissertation/virtushield/final-datasets/in-the-wild-final-small/UNSAFE/0/frame_563.jpg,UNSAFE,UNSAFE,0.8498088717460632,reflection_only,in_the_wild
/Users/ahooker/Documents/Dissertation/virtushield/final-datasets/in-the-wild-final-small/UNSAFE/0/frame_570.jpg,UNSAFE,UNSAFE,0.8983086943626404,reflection_only,in_the_wild
/Users/ahooker/Documents/Dissertation/virtushield/final-datasets/in-the-wild-final-small/UNSAFE/0/frame_58.jpg,UNSAFE,UNSAFE,0.9441840648651123,reflection_only,in_the_wild
/Users/ahooker/Documents/Dissertation/virtushield/final-datasets/in-the-wild-final-small/UNSAFE/0/frame_583.jpg,UNSAFE,UNSAFE,0.9575279951095581,reflection_only,in_the_wild
/Users/ahooker/Documents/Dissertation/virtushield/final-datasets/in-the-wild-final-small/UNSAFE/0/frame_586.jpg,UNSAFE,UNSAFE,0.8997130990028381,reflection_only,in_the_wild
/Users/ahooker/Documents/Dissertation/virtushield/final-datasets/in-the-wild-final-small/UNSAFE/0/frame_593.jpg,UNSAFE,UNSAFE,0.9245015382766724,reflection_only,in_the_wild
/Users/ahooker/Documents/Dissertation/virtushield/final-datasets/in-the-wild-final-small/UNSAFE/0/frame_594.jpg,UNSAFE,UNSAFE,0.9301369190216064,reflection_only,in_the_wild
/Users/ahooker/Documents/Dissertation/virtushield/final-datasets/in-the-wild-final-small/UNSAFE/0/frame_60.jpg,UNSAFE,UNSAFE,0.9481374025344849,reflection_only,in_the_wild
/Users/ahooker/Documents/Dissertation/virtushield/final-datasets/in-the-wild-final-small/UNSAFE/0/frame_60__1.jpg,UNSAFE,UNSAFE,0.9691987633705139,reflection_only,in_the_wild
/Users/ahooker/Documents/Dissertation/virtushield/final-datasets/in-the-wild-final-small/UNSAFE/0/frame_61.jpg,UNSAFE,UNSAFE,0.9150210022926331,reflection_only,in_the_wild
/Users/ahooker/Documents/Dissertation/virtushield/final-datasets/in-the-wild-final-small/UNSAFE/0/frame_612.jpg,UNSAFE,UNSAFE,0.929094135761261,reflection_only,in_the_wild
/Users/ahooker/Documents/Dissertation/virtushield/final-datasets/in-the-wild-final-small/UNSAFE/0/frame_61__1.jpg,UNSAFE,UNSAFE,0.9150210022926331,reflection_only,in_the_wild
/Users/ahooker/Documents/Dissertation/virtushield/final-datasets/in-the-wild-final-small/UNSAFE/0/frame_62.jpg,UNSAFE,UNSAFE,0.7955793142318726,reflection_only,in_the_wild
/Users/ahooker/Documents/Dissertation/virtushield/final-datasets/in-the-wild-final-small/UNSAFE/0/frame_620.jpg,UNSAFE,UNSAFE,0.8563105463981628,reflection_only,in_the_wild
/Users/ahooker/Documents/Dissertation/virtushield/final-datasets/in-the-wild-final-small/UNSAFE/0/frame_627.jpg,UNSAFE,UNSAFE,0.7888952493667603,reflection_only,in_the_wild
/Users/ahooker/Documents/Dissertation/virtushield/final-datasets/in-the-wild-final-small/UNSAFE/0/frame_628.jpg,UNSAFE,UNSAFE,0.988436222076416,reflection_only,in_the_wild
/Users/ahooker/Documents/Dissertation/virtushield/final-datasets/in-the-wild-final-small/UNSAFE/0/frame_629.jpg,UNSAFE,UNSAFE,0.9551676511764526,reflection_only,in_the_wild
/Users/ahooker/Documents/Dissertation/virtushield/final-datasets/in-the-wild-final-small/UNSAFE/0/frame_63.jpg,UNSAFE,UNSAFE,0.8437312245368958,reflection_only,in_the_wild
/Users/ahooker/Documents/Dissertation/virtushield/final-datasets/in-the-wild-final-small/UNSAFE/0/frame_63__1.jpg,UNSAFE,UNSAFE,0.9435033202171326,reflection_only,in_the_wild
/Users/ahooker/Documents/Dissertation/virtushield/final-datasets/in-the-wild-final-small/UNSAFE/0/frame_64.jpg,UNSAFE,UNSAFE,0.8739120960235596,reflection_only,in_the_wild
/Users/ahooker/Documents/Dissertation/virtushield/final-datasets/in-the-wild-final-small/UNSAFE/0/frame_644.jpg,UNSAFE,UNSAFE,0.7704219222068787,reflection_only,in_the_wild
/Users/ahooker/Documents/Dissertation/virtushield/final-datasets/in-the-wild-final-small/UNSAFE/0/frame_65.jpg,UNSAFE,UNSAFE,0.8379291892051697,reflection_only,in_the_wild
/Users/ahooker/Documents/Dissertation/virtushield/final-datasets/in-the-wild-final-small/UNSAFE/0/frame_652.jpg,UNSAFE,UNSAFE,0.7521284818649292,reflection_only,in_the_wild
/Users/ahooker/Documents/Dissertation/virtushield/final-datasets/in-the-wild-final-small/UNSAFE/0/frame_655.jpg,UNSAFE,UNSAFE,0.9758564233779907,reflection_only,in_the_wild
/Users/ahooker/Documents/Dissertation/virtushield/final-datasets/in-the-wild-final-small/UNSAFE/0/frame_66.jpg,UNSAFE,UNSAFE,0.8928436636924744,reflection_only,in_the_wild
/Users/ahooker/Documents/Dissertation/virtushield/final-datasets/in-the-wild-final-small/UNSAFE/0/frame_66__1.jpg,UNSAFE,UNSAFE,0.735300600528717,reflection_only,in_the_wild
/Users/ahooker/Documents/Dissertation/virtushield/final-datasets/in-the-wild-final-small/UNSAFE/0/frame_67.jpg,UNSAFE,UNSAFE,0.9801622629165649,reflection_only,in_the_wild
/Users/ahooker/Documents/Dissertation/virtushield/final-datasets/in-the-wild-final-small/UNSAFE/0/frame_675.jpg,UNSAFE,UNSAFE,0.9711394309997559,reflection_only,in_the_wild
/Users/ahooker/Documents/Dissertation/virtushield/final-datasets/in-the-wild-final-small/UNSAFE/0/frame_677.jpg,UNSAFE,UNSAFE,0.928411602973938,reflection_only,in_the_wild
/Users/ahooker/Documents/Dissertation/virtushield/final-datasets/in-the-wild-final-small/UNSAFE/0/frame_679.jpg,UNSAFE,UNSAFE,0.9447084665298462,reflection_only,in_the_wild
/Users/ahooker/Documents/Dissertation/virtushield/final-datasets/in-the-wild-final-small/UNSAFE/0/frame_67__1.jpg,UNSAFE,UNSAFE,0.9158939719200134,reflection_only,in_the_wild
/Users/ahooker/Documents/Dissertation/virtushield/final-datasets/in-the-wild-final-small/UNSAFE/0/frame_68.jpg,UNSAFE,UNSAFE,0.9266752600669861,reflection_only,in_the_wild
/Users/ahooker/Documents/Dissertation/virtushield/final-datasets/in-the-wild-final-small/UNSAFE/0/frame_681.jpg,UNSAFE,UNSAFE,0.9532285928726196,reflection_only,in_the_wild
/Users/ahooker/Documents/Dissertation/virtushield/final-datasets/in-the-wild-final-small/UNSAFE/0/frame_683.jpg,UNSAFE,UNSAFE,0.9326922297477722,reflection_only,in_the_wild
/Users/ahooker/Documents/Dissertation/virtushield/final-datasets/in-the-wild-final-small/UNSAFE/0/frame_684.jpg,UNSAFE,UNSAFE,0.9542241096496582,reflection_only,in_the_wild
/Users/ahooker/Documents/Dissertation/virtushield/final-datasets/in-the-wild-final-small/UNSAFE/0/frame_687.jpg,UNSAFE,UNSAFE,0.9655004739761353,reflection_only,in_the_wild
/Users/ahooker/Documents/Dissertation/virtushield/final-datasets/in-the-wild-final-small/UNSAFE/0/frame_688.jpg,UNSAFE,UNSAFE,0.9730129241943359,reflection_only,in_the_wild
/Users/ahooker/Documents/Dissertation/virtushield/final-datasets/in-the-wild-final-small/UNSAFE/0/frame_691.jpg,UNSAFE,UNSAFE,0.9360960125923157,reflection_only,in_the_wild
/Users/ahooker/Documents/Dissertation/virtushield/final-datasets/in-the-wild-final-small/UNSAFE/0/frame_693.jpg,UNSAFE,UNSAFE,0.9506644606590271,reflection_only,in_the_wild
/Users/ahooker/Documents/Dissertation/virtushield/final-datasets/in-the-wild-final-small/UNSAFE/0/frame_695.jpg,UNSAFE,UNSAFE,0.9691483378410339,reflection_only,in_the_wild
/Users/ahooker/Documents/Dissertation/virtushield/final-datasets/in-the-wild-final-small/UNSAFE/0/frame_696.jpg,UNSAFE,UNSAFE,0.9619642496109009,reflection_only,in_the_wild
/Users/ahooker/Documents/Dissertation/virtushield/final-datasets/in-the-wild-final-small/UNSAFE/0/frame_70.jpg,UNSAFE,UNSAFE,0.9149009585380554,reflection_only,in_the_wild
/Users/ahooker/Documents/Dissertation/virtushield/final-datasets/in-the-wild-final-small/UNSAFE/0/frame_701.jpg,UNSAFE,UNSAFE,0.9816282391548157,reflection_only,in_the_wild
/Users/ahooker/Documents/Dissertation/virtushield/final-datasets/in-the-wild-final-small/UNSAFE/0/frame_703.jpg,UNSAFE,UNSAFE,0.9540785551071167,reflection_only,in_the_wild
/Users/ahooker/Documents/Dissertation/virtushield/final-datasets/in-the-wild-final-small/UNSAFE/0/frame_704.jpg,UNSAFE,UNSAFE,0.9686503410339355,reflection_only,in_the_wild
/Users/ahooker/Documents/Dissertation/virtushield/final-datasets/in-the-wild-final-small/UNSAFE/0/frame_706.jpg,UNSAFE,UNSAFE,0.9190109372138977,reflection_only,in_the_wild
/Users/ahooker/Documents/Dissertation/virtushield/final-datasets/in-the-wild-final-small/UNSAFE/0/frame_71.jpg,UNSAFE,UNSAFE,0.8760856986045837,reflection_only,in_the_wild
/Users/ahooker/Documents/Dissertation/virtushield/final-datasets/in-the-wild-final-small/UNSAFE/0/frame_714.jpg,UNSAFE,UNSAFE,0.9793097972869873,reflection_only,in_the_wild
/Users/ahooker/Documents/Dissertation/virtushield/final-datasets/in-the-wild-final-small/UNSAFE/0/frame_718.jpg,UNSAFE,UNSAFE,0.9755287766456604,reflection_only,in_the_wild
/Users/ahooker/Documents/Dissertation/virtushield/final-datasets/in-the-wild-final-small/UNSAFE/0/frame_718__1.jpg,UNSAFE,UNSAFE,0.9842349886894226,reflection_only,in_the_wild
/Users/ahooker/Documents/Dissertation/virtushield/final-datasets/in-the-wild-final-small/UNSAFE/0/frame_721.jpg,UNSAFE,UNSAFE,0.9778780937194824,reflection_only,in_the_wild
/Users/ahooker/Documents/Dissertation/virtushield/final-datasets/in-the-wild-final-small/UNSAFE/0/frame_729.jpg,UNSAFE,UNSAFE,0.9568952918052673,reflection_only,in_the_wild
/Users/ahooker/Documents/Dissertation/virtushield/final-datasets/in-the-wild-final-small/UNSAFE/0/frame_73.jpg,UNSAFE,UNSAFE,0.9091712832450867,reflection_only,in_the_wild
/Users/ahooker/Documents/Dissertation/virtushield/final-datasets/in-the-wild-final-small/UNSAFE/0/frame_73__1.jpg,UNSAFE,UNSAFE,0.8543939590454102,reflection_only,in_the_wild
/Users/ahooker/Documents/Dissertation/virtushield/final-datasets/in-the-wild-final-small/UNSAFE/0/frame_73__2.jpg,UNSAFE,UNSAFE,0.9091712832450867,reflection_only,in_the_wild
/Users/ahooker/Documents/Dissertation/virtushield/final-datasets/in-the-wild-final-small/UNSAFE/0/frame_74.jpg,UNSAFE,UNSAFE,0.9156699180603027,reflection_only,in_the_wild
/Users/ahooker/Documents/Dissertation/virtushield/final-datasets/in-the-wild-final-small/UNSAFE/0/frame_744.jpg,UNSAFE,UNSAFE,0.9676198363304138,reflection_only,in_the_wild
/Users/ahooker/Documents/Dissertation/virtushield/final-datasets/in-the-wild-final-small/UNSAFE/0/frame_74__1.jpg,UNSAFE,UNSAFE,0.9156699180603027,reflection_only,in_the_wild
/Users/ahooker/Documents/Dissertation/virtushield/final-datasets/in-the-wild-final-small/UNSAFE/0/frame_750.jpg,UNSAFE,UNSAFE,0.9638357162475586,reflection_only,in_the_wild
/Users/ahooker/Documents/Dissertation/virtushield/final-datasets/in-the-wild-final-small/UNSAFE/0/frame_751.jpg,UNSAFE,UNSAFE,0.9535379409790039,reflection_only,in_the_wild
/Users/ahooker/Documents/Dissertation/virtushield/final-datasets/in-the-wild-final-small/UNSAFE/0/frame_758.jpg,UNSAFE,UNSAFE,0.9293621778488159,reflection_only,in_the_wild
/Users/ahooker/Documents/Dissertation/virtushield/final-datasets/in-the-wild-final-small/UNSAFE/0/frame_759.jpg,UNSAFE,UNSAFE,0.952014148235321,reflection_only,in_the_wild
/Users/ahooker/Documents/Dissertation/virtushield/final-datasets/in-the-wild-final-small/UNSAFE/0/frame_761.jpg,UNSAFE,UNSAFE,0.9413168430328369,reflection_only,in_the_wild
/Users/ahooker/Documents/Dissertation/virtushield/final-datasets/in-the-wild-final-small/UNSAFE/0/frame_77.jpg,UNSAFE,UNSAFE,0.9636250138282776,reflection_only,in_the_wild
/Users/ahooker/Documents/Dissertation/virtushield/final-datasets/in-the-wild-final-small/UNSAFE/0/frame_775.jpg,UNSAFE,UNSAFE,0.9692860841751099,reflection_only,in_the_wild
/Users/ahooker/Documents/Dissertation/virtushield/final-datasets/in-the-wild-final-small/UNSAFE/0/frame_776.jpg,UNSAFE,UNSAFE,0.9877128601074219,reflection_only,in_the_wild
/Users/ahooker/Documents/Dissertation/virtushield/final-datasets/in-the-wild-final-small/UNSAFE/0/frame_781.jpg,UNSAFE,UNSAFE,0.9246230125427246,reflection_only,in_the_wild
/Users/ahooker/Documents/Dissertation/virtushield/final-datasets/in-the-wild-final-small/UNSAFE/0/frame_784.jpg,UNSAFE,UNSAFE,0.9355544447898865,reflection_only,in_the_wild
/Users/ahooker/Documents/Dissertation/virtushield/final-datasets/in-the-wild-final-small/UNSAFE/0/frame_79.jpg,UNSAFE,UNSAFE,0.8966525793075562,reflection_only,in_the_wild
/Users/ahooker/Documents/Dissertation/virtushield/final-datasets/in-the-wild-final-small/UNSAFE/0/frame_797.jpg,UNSAFE,UNSAFE,0.988760769367218,reflection_only,in_the_wild
/Users/ahooker/Documents/Dissertation/virtushield/final-datasets/in-the-wild-final-small/UNSAFE/0/frame_79__1.jpg,UNSAFE,UNSAFE,0.9293360114097595,reflection_only,in_the_wild
/Users/ahooker/Documents/Dissertation/virtushield/final-datasets/in-the-wild-final-small/UNSAFE/0/frame_8.jpg,UNSAFE,UNSAFE,0.9636611938476562,reflection_only,in_the_wild
/Users/ahooker/Documents/Dissertation/virtushield/final-datasets/in-the-wild-final-small/UNSAFE/0/frame_803.jpg,UNSAFE,UNSAFE,0.9632154703140259,reflection_only,in_the_wild
/Users/ahooker/Documents/Dissertation/virtushield/final-datasets/in-the-wild-final-small/UNSAFE/0/frame_813.jpg,UNSAFE,UNSAFE,0.9937706589698792,reflection_only,in_the_wild
/Users/ahooker/Documents/Dissertation/virtushield/final-datasets/in-the-wild-final-small/UNSAFE/0/frame_820.jpg,UNSAFE,UNSAFE,0.9719645380973816,reflection_only,in_the_wild
/Users/ahooker/Documents/Dissertation/virtushield/final-datasets/in-the-wild-final-small/UNSAFE/0/frame_824.jpg,UNSAFE,UNSAFE,0.9802125692367554,reflection_only,in_the_wild
/Users/ahooker/Documents/Dissertation/virtushield/final-datasets/in-the-wild-final-small/UNSAFE/0/frame_825.jpg,UNSAFE,UNSAFE,0.9777826070785522,reflection_only,in_the_wild
/Users/ahooker/Documents/Dissertation/virtushield/final-datasets/in-the-wild-final-small/UNSAFE/0/frame_826.jpg,UNSAFE,UNSAFE,0.9812712073326111,reflection_only,in_the_wild
/Users/ahooker/Documents/Dissertation/virtushield/final-datasets/in-the-wild-final-small/UNSAFE/0/frame_830.jpg,UNSAFE,UNSAFE,0.9443548917770386,reflection_only,in_the_wild
/Users/ahooker/Documents/Dissertation/virtushield/final-datasets/in-the-wild-final-small/UNSAFE/0/frame_832.jpg,UNSAFE,UNSAFE,0.9690741300582886,reflection_only,in_the_wild
/Users/ahooker/Documents/Dissertation/virtushield/final-datasets/in-the-wild-final-small/UNSAFE/0/frame_834.jpg,UNSAFE,UNSAFE,0.976484477519989,reflection_only,in_the_wild
/Users/ahooker/Documents/Dissertation/virtushield/final-datasets/in-the-wild-final-small/UNSAFE/0/frame_835.jpg,UNSAFE,UNSAFE,0.9269595146179199,reflection_only,in_the_wild
/Users/ahooker/Documents/Dissertation/virtushield/final-datasets/in-the-wild-final-small/UNSAFE/0/frame_836.jpg,UNSAFE,UNSAFE,0.9476292133331299,reflection_only,in_the_wild
/Users/ahooker/Documents/Dissertation/virtushield/final-datasets/in-the-wild-final-small/UNSAFE/0/frame_84.jpg,UNSAFE,UNSAFE,0.8734225034713745,reflection_only,in_the_wild
/Users/ahooker/Documents/Dissertation/virtushield/final-datasets/in-the-wild-final-small/UNSAFE/0/frame_842.jpg,UNSAFE,UNSAFE,0.9669874310493469,reflection_only,in_the_wild
/Users/ahooker/Documents/Dissertation/virtushield/final-datasets/in-the-wild-final-small/UNSAFE/0/frame_843.jpg,UNSAFE,UNSAFE,0.9690160155296326,reflection_only,in_the_wild
/Users/ahooker/Documents/Dissertation/virtushield/final-datasets/in-the-wild-final-small/UNSAFE/0/frame_847.jpg,UNSAFE,UNSAFE,0.9820948243141174,reflection_only,in_the_wild
/Users/ahooker/Documents/Dissertation/virtushield/final-datasets/in-the-wild-final-small/UNSAFE/0/frame_85.jpg,UNSAFE,UNSAFE,0.8501692414283752,reflection_only,in_the_wild
/Users/ahooker/Documents/Dissertation/virtushield/final-datasets/in-the-wild-final-small/UNSAFE/0/frame_850.jpg,UNSAFE,UNSAFE,0.9851794838905334,reflection_only,in_the_wild
/Users/ahooker/Documents/Dissertation/virtushield/final-datasets/in-the-wild-final-small/UNSAFE/0/frame_858.jpg,UNSAFE,UNSAFE,0.98131263256073,reflection_only,in_the_wild
/Users/ahooker/Documents/Dissertation/virtushield/final-datasets/in-the-wild-final-small/UNSAFE/0/frame_85__1.jpg,UNSAFE,UNSAFE,0.8501692414283752,reflection_only,in_the_wild
/Users/ahooker/Documents/Dissertation/virtushield/final-datasets/in-the-wild-final-small/UNSAFE/0/frame_85__2.jpg,UNSAFE,UNSAFE,0.9843399524688721,reflection_only,in_the_wild
/Users/ahooker/Documents/Dissertation/virtushield/final-datasets/in-the-wild-final-small/UNSAFE/0/frame_86.jpg,UNSAFE,UNSAFE,0.8939154148101807,reflection_only,in_the_wild
/Users/ahooker/Documents/Dissertation/virtushield/final-datasets/in-the-wild-final-small/UNSAFE/0/frame_861.jpg,UNSAFE,UNSAFE,0.9040665030479431,reflection_only,in_the_wild
/Users/ahooker/Documents/Dissertation/virtushield/final-datasets/in-the-wild-final-small/UNSAFE/0/frame_86__1.jpg,UNSAFE,UNSAFE,0.8939154148101807,reflection_only,in_the_wild
/Users/ahooker/Documents/Dissertation/virtushield/final-datasets/in-the-wild-final-small/UNSAFE/0/frame_87.jpg,UNSAFE,UNSAFE,0.9749425053596497,reflection_only,in_the_wild
/Users/ahooker/Documents/Dissertation/virtushield/final-datasets/in-the-wild-final-small/UNSAFE/0/frame_88.jpg,UNSAFE,UNSAFE,0.9295027256011963,reflection_only,in_the_wild
/Users/ahooker/Documents/Dissertation/virtushield/final-datasets/in-the-wild-final-small/UNSAFE/0/frame_88__1.jpg,UNSAFE,UNSAFE,0.7965644001960754,reflection_only,in_the_wild
/Users/ahooker/Documents/Dissertation/virtushield/final-datasets/in-the-wild-final-small/UNSAFE/0/frame_9.jpg,UNSAFE,SAFE,0.48698920011520386,reflection_only,in_the_wild
/Users/ahooker/Documents/Dissertation/virtushield/final-datasets/in-the-wild-final-small/UNSAFE/0/frame_90.jpg,UNSAFE,UNSAFE,0.9574236273765564,reflection_only,in_the_wild
/Users/ahooker/Documents/Dissertation/virtushield/final-datasets/in-the-wild-final-small/UNSAFE/0/frame_91.jpg,UNSAFE,UNSAFE,0.8609859943389893,reflection_only,in_the_wild
/Users/ahooker/Documents/Dissertation/virtushield/final-datasets/in-the-wild-final-small/UNSAFE/0/frame_92.jpg,UNSAFE,SAFE,0.48055166006088257,reflection_only,in_the_wild
/Users/ahooker/Documents/Dissertation/virtushield/final-datasets/in-the-wild-final-small/UNSAFE/0/frame_93.jpg,UNSAFE,UNSAFE,0.9421154260635376,reflection_only,in_the_wild
/Users/ahooker/Documents/Dissertation/virtushield/final-datasets/in-the-wild-final-small/UNSAFE/0/frame_95.jpg,UNSAFE,UNSAFE,0.8715237975120544,reflection_only,in_the_wild
/Users/ahooker/Documents/Dissertation/virtushield/final-datasets/in-the-wild-final-small/UNSAFE/0/frame_952.jpg,UNSAFE,UNSAFE,0.7027906775474548,reflection_only,in_the_wild
/Users/ahooker/Documents/Dissertation/virtushield/final-datasets/in-the-wild-final-small/UNSAFE/0/frame_958.jpg,UNSAFE,UNSAFE,0.8404573202133179,reflection_only,in_the_wild
/Users/ahooker/Documents/Dissertation/virtushield/final-datasets/in-the-wild-final-small/UNSAFE/0/frame_96.jpg,UNSAFE,UNSAFE,0.9691953659057617,reflection_only,in_the_wild
/Users/ahooker/Documents/Dissertation/virtushield/final-datasets/in-the-wild-final-small/UNSAFE/0/frame_963.jpg,UNSAFE,UNSAFE,0.8725183010101318,reflection_only,in_the_wild
/Users/ahooker/Documents/Dissertation/virtushield/final-datasets/in-the-wild-final-small/UNSAFE/0/frame_968.jpg,UNSAFE,UNSAFE,0.8526277542114258,reflection_only,in_the_wild
/Users/ahooker/Documents/Dissertation/virtushield/final-datasets/in-the-wild-final-small/UNSAFE/0/frame_976.jpg,UNSAFE,UNSAFE,0.7694695591926575,reflection_only,in_the_wild
/Users/ahooker/Documents/Dissertation/virtushield/final-datasets/in-the-wild-final-small/UNSAFE/0/frame_978.jpg,UNSAFE,UNSAFE,0.8263253569602966,reflection_only,in_the_wild
/Users/ahooker/Documents/Dissertation/virtushield/final-datasets/in-the-wild-final-small/UNSAFE/0/frame_979.jpg,UNSAFE,UNSAFE,0.7810258865356445,reflection_only,in_the_wild
/Users/ahooker/Documents/Dissertation/virtushield/final-datasets/in-the-wild-final-small/UNSAFE/0/frame_98.jpg,UNSAFE,UNSAFE,0.8564332723617554,reflection_only,in_the_wild
/Users/ahooker/Documents/Dissertation/virtushield/final-datasets/in-the-wild-final-small/UNSAFE/0/frame_980.jpg,UNSAFE,UNSAFE,0.7698280215263367,reflection_only,in_the_wild
/Users/ahooker/Documents/Dissertation/virtushield/final-datasets/in-the-wild-final-small/UNSAFE/0/frame_99.jpg,UNSAFE,UNSAFE,0.9094641208648682,reflection_only,in_the_wild
/Users/ahooker/Documents/Dissertation/virtushield/final-datasets/in-the-wild-final-small/UNSAFE/0/frame_998.jpg,UNSAFE,UNSAFE,0.9684061408042908,reflection_only,in_the_wild
/Users/ahooker/Documents/Dissertation/virtushield/final-datasets/in-the-wild-final-small/UNSAFE/1/frame_1006.jpg,UNSAFE,UNSAFE,0.807508111000061,reflection_only,in_the_wild
/Users/ahooker/Documents/Dissertation/virtushield/final-datasets/in-the-wild-final-small/UNSAFE/1/frame_1007.jpg,UNSAFE,UNSAFE,0.9391005635261536,reflection_only,in_the_wild
/Users/ahooker/Documents/Dissertation/virtushield/final-datasets/in-the-wild-final-small/UNSAFE/1/frame_101.jpg,UNSAFE,UNSAFE,0.9763131141662598,reflection_only,in_the_wild
/Users/ahooker/Documents/Dissertation/virtushield/final-datasets/in-the-wild-final-small/UNSAFE/1/frame_1017.jpg,UNSAFE,UNSAFE,0.8870959281921387,reflection_only,in_the_wild
/Users/ahooker/Documents/Dissertation/virtushield/final-datasets/in-the-wild-final-small/UNSAFE/1/frame_101__1.jpg,UNSAFE,UNSAFE,0.7508794665336609,reflection_only,in_the_wild
/Users/ahooker/Documents/Dissertation/virtushield/final-datasets/in-the-wild-final-small/UNSAFE/1/frame_102.jpg,UNSAFE,UNSAFE,0.9378042221069336,reflection_only,in_the_wild
/Users/ahooker/Documents/Dissertation/virtushield/final-datasets/in-the-wild-final-small/UNSAFE/1/frame_1028.jpg,UNSAFE,UNSAFE,0.9480080008506775,reflection_only,in_the_wild
/Users/ahooker/Documents/Dissertation/virtushield/final-datasets/in-the-wild-final-small/UNSAFE/1/frame_102__1.jpg,UNSAFE,UNSAFE,0.9864375591278076,reflection_only,in_the_wild
/Users/ahooker/Documents/Dissertation/virtushield/final-datasets/in-the-wild-final-small/UNSAFE/1/frame_103.jpg,UNSAFE,UNSAFE,0.9183355569839478,reflection_only,in_the_wild
/Users/ahooker/Documents/Dissertation/virtushield/final-datasets/in-the-wild-final-small/UNSAFE/1/frame_1032.jpg,UNSAFE,UNSAFE,0.9649953246116638,reflection_only,in_the_wild
/Users/ahooker/Documents/Dissertation/virtushield/final-datasets/in-the-wild-final-small/UNSAFE/1/frame_1038.jpg,UNSAFE,UNSAFE,0.8057767152786255,reflection_only,in_the_wild
/Users/ahooker/Documents/Dissertation/virtushield/final-datasets/in-the-wild-final-small/UNSAFE/1/frame_103__1.jpg,UNSAFE,UNSAFE,0.9616318345069885,reflection_only,in_the_wild
/Users/ahooker/Documents/Dissertation/virtushield/final-datasets/in-the-wild-final-small/UNSAFE/1/frame_103__2.jpg,UNSAFE,UNSAFE,0.9237864017486572,reflection_only,in_the_wild
/Users/ahooker/Documents/Dissertation/virtushield/final-datasets/in-the-wild-final-small/UNSAFE/1/frame_104.jpg,UNSAFE,UNSAFE,0.9057989120483398,reflection_only,in_the_wild
/Users/ahooker/Documents/Dissertation/virtushield/final-datasets/in-the-wild-final-small/UNSAFE/1/frame_104__1.jpg,UNSAFE,UNSAFE,0.9057989120483398,reflection_only,in_the_wild
/Users/ahooker/Documents/Dissertation/virtushield/final-datasets/in-the-wild-final-small/UNSAFE/1/frame_104__2.jpg,UNSAFE,SAFE,0.38489770889282227,reflection_only,in_the_wild
/Users/ahooker/Documents/Dissertation/virtushield/final-datasets/in-the-wild-final-small/UNSAFE/1/frame_105.jpg,UNSAFE,UNSAFE,0.9651198983192444,reflection_only,in_the_wild
/Users/ahooker/Documents/Dissertation/virtushield/final-datasets/in-the-wild-final-small/UNSAFE/1/frame_105__1.jpg,UNSAFE,UNSAFE,0.8356441259384155,reflection_only,in_the_wild
/Users/ahooker/Documents/Dissertation/virtushield/final-datasets/in-the-wild-final-small/UNSAFE/1/frame_106.jpg,UNSAFE,UNSAFE,0.911582887172699,reflection_only,in_the_wild
/Users/ahooker/Documents/Dissertation/virtushield/final-datasets/in-the-wild-final-small/UNSAFE/1/frame_106__1.jpg,UNSAFE,UNSAFE,0.8620570302009583,reflection_only,in_the_wild
/Users/ahooker/Documents/Dissertation/virtushield/final-datasets/in-the-wild-final-small/UNSAFE/1/frame_108.jpg,UNSAFE,UNSAFE,0.8984397649765015,reflection_only,in_the_wild
/Users/ahooker/Documents/Dissertation/virtushield/final-datasets/in-the-wild-final-small/UNSAFE/1/frame_109.jpg,UNSAFE,UNSAFE,0.9251009225845337,reflection_only,in_the_wild
/Users/ahooker/Documents/Dissertation/virtushield/final-datasets/in-the-wild-final-small/UNSAFE/1/frame_110.jpg,UNSAFE,UNSAFE,0.9396076202392578,reflection_only,in_the_wild
/Users/ahooker/Documents/Dissertation/virtushield/final-datasets/in-the-wild-final-small/UNSAFE/1/frame_111.jpg,UNSAFE,UNSAFE,0.9432085156440735,reflection_only,in_the_wild
/Users/ahooker/Documents/Dissertation/virtushield/final-datasets/in-the-wild-final-small/UNSAFE/1/frame_112.jpg,UNSAFE,UNSAFE,0.968926727771759,reflection_only,in_the_wild
/Users/ahooker/Documents/Dissertation/virtushield/final-datasets/in-the-wild-final-small/UNSAFE/1/frame_112__1.jpg,UNSAFE,UNSAFE,0.9671627879142761,reflection_only,in_the_wild
/Users/ahooker/Documents/Dissertation/virtushield/final-datasets/in-the-wild-final-small/UNSAFE/1/frame_113.jpg,UNSAFE,UNSAFE,0.710027813911438,reflection_only,in_the_wild
/Users/ahooker/Documents/Dissertation/virtushield/final-datasets/in-the-wild-final-small/UNSAFE/1/frame_114.jpg,UNSAFE,UNSAFE,0.9359444379806519,reflection_only,in_the_wild
/Users/ahooker/Documents/Dissertation/virtushield/final-datasets/in-the-wild-final-small/UNSAFE/1/frame_114__1.jpg,UNSAFE,UNSAFE,0.8776682019233704,reflection_only,in_the_wild
/Users/ahooker/Documents/Dissertation/virtushield/final-datasets/in-the-wild-final-small/UNSAFE/1/frame_116.jpg,UNSAFE,UNSAFE,0.952121913433075,reflection_only,in_the_wild
/Users/ahooker/Documents/Dissertation/virtushield/final-datasets/in-the-wild-final-small/UNSAFE/1/frame_116__1.jpg,UNSAFE,UNSAFE,0.8437070250511169,reflection_only,in_the_wild
/Users/ahooker/Documents/Dissertation/virtushield/final-datasets/in-the-wild-final-small/UNSAFE/1/frame_116__2.jpg,UNSAFE,UNSAFE,0.9395467638969421,reflection_only,in_the_wild
/Users/ahooker/Documents/Dissertation/virtushield/final-datasets/in-the-wild-final-small/UNSAFE/1/frame_116__3.jpg,UNSAFE,UNSAFE,0.9778479933738708,reflection_only,in_the_wild
/Users/ahooker/Documents/Dissertation/virtushield/final-datasets/in-the-wild-final-small/UNSAFE/1/frame_116__4.jpg,UNSAFE,UNSAFE,0.9395467638969421,reflection_only,in_the_wild
/Users/ahooker/Documents/Dissertation/virtushield/final-datasets/in-the-wild-final-small/UNSAFE/1/frame_117.jpg,UNSAFE,UNSAFE,0.9892734885215759,reflection_only,in_the_wild
/Users/ahooker/Documents/Dissertation/virtushield/final-datasets/in-the-wild-final-small/UNSAFE/1/frame_118.jpg,UNSAFE,UNSAFE,0.9194300770759583,reflection_only,in_the_wild
/Users/ahooker/Documents/Dissertation/virtushield/final-datasets/in-the-wild-final-small/UNSAFE/1/frame_119.jpg,UNSAFE,UNSAFE,0.9129438400268555,reflection_only,in_the_wild
/Users/ahooker/Documents/Dissertation/virtushield/final-datasets/in-the-wild-final-small/UNSAFE/1/frame_12.jpg,UNSAFE,UNSAFE,0.7354710102081299,reflection_only,in_the_wild
/Users/ahooker/Documents/Dissertation/virtushield/final-datasets/in-the-wild-final-small/UNSAFE/1/frame_120.jpg,UNSAFE,UNSAFE,0.9489273428916931,reflection_only,in_the_wild
/Users/ahooker/Documents/Dissertation/virtushield/final-datasets/in-the-wild-final-small/UNSAFE/1/frame_121.jpg,UNSAFE,UNSAFE,0.8559732437133789,reflection_only,in_the_wild
/Users/ahooker/Documents/Dissertation/virtushield/final-datasets/in-the-wild-final-small/UNSAFE/1/frame_122.jpg,UNSAFE,UNSAFE,0.8811933994293213,reflection_only,in_the_wild
/Users/ahooker/Documents/Dissertation/virtushield/final-datasets/in-the-wild-final-small/UNSAFE/1/frame_123.jpg,UNSAFE,UNSAFE,0.9044877290725708,reflection_only,in_the_wild
/Users/ahooker/Documents/Dissertation/virtushield/final-datasets/in-the-wild-final-small/UNSAFE/1/frame_124.jpg,UNSAFE,UNSAFE,0.9442049860954285,reflection_only,in_the_wild
/Users/ahooker/Documents/Dissertation/virtushield/final-datasets/in-the-wild-final-small/UNSAFE/1/frame_124__1.jpg,UNSAFE,UNSAFE,0.9617546796798706,reflection_only,in_the_wild
/Users/ahooker/Documents/Dissertation/virtushield/final-datasets/in-the-wild-final-small/UNSAFE/1/frame_126.jpg,UNSAFE,UNSAFE,0.9639537334442139,reflection_only,in_the_wild
/Users/ahooker/Documents/Dissertation/virtushield/final-datasets/in-the-wild-final-small/UNSAFE/1/frame_128.jpg,UNSAFE,UNSAFE,0.8151267766952515,reflection_only,in_the_wild
/Users/ahooker/Documents/Dissertation/virtushield/final-datasets/in-the-wild-final-small/UNSAFE/1/frame_128__1.jpg,UNSAFE,UNSAFE,0.9795140027999878,reflection_only,in_the_wild
/Users/ahooker/Documents/Dissertation/virtushield/final-datasets/in-the-wild-final-small/UNSAFE/1/frame_128__2.jpg,UNSAFE,UNSAFE,0.9037227034568787,reflection_only,in_the_wild
/Users/ahooker/Documents/Dissertation/virtushield/final-datasets/in-the-wild-final-small/UNSAFE/1/frame_129.jpg,UNSAFE,UNSAFE,0.9139870405197144,reflection_only,in_the_wild
/Users/ahooker/Documents/Dissertation/virtushield/final-datasets/in-the-wild-final-small/UNSAFE/1/frame_129__1.jpg,UNSAFE,UNSAFE,0.8619533777236938,reflection_only,in_the_wild
/Users/ahooker/Documents/Dissertation/virtushield/final-datasets/in-the-wild-final-small/UNSAFE/1/frame_130.jpg,UNSAFE,UNSAFE,0.9718292951583862,reflection_only,in_the_wild
/Users/ahooker/Documents/Dissertation/virtushield/final-datasets/in-the-wild-final-small/UNSAFE/1/frame_130__1.jpg,UNSAFE,UNSAFE,0.8277900815010071,reflection_only,in_the_wild
/Users/ahooker/Documents/Dissertation/virtushield/final-datasets/in-the-wild-final-small/UNSAFE/1/frame_130__2.jpg,UNSAFE,UNSAFE,0.9502699971199036,reflection_only,in_the_wild
/Users/ahooker/Documents/Dissertation/virtushield/final-datasets/in-the-wild-final-small/UNSAFE/1/frame_132.jpg,UNSAFE,UNSAFE,0.9663311839103699,reflection_only,in_the_wild
/Users/ahooker/Documents/Dissertation/virtushield/final-datasets/in-the-wild-final-small/UNSAFE/1/frame_133.jpg,UNSAFE,UNSAFE,0.9500116109848022,reflection_only,in_the_wild
/Users/ahooker/Documents/Dissertation/virtushield/final-datasets/in-the-wild-final-small/UNSAFE/1/frame_133__1.jpg,UNSAFE,UNSAFE,0.8963390588760376,reflection_only,in_the_wild
/Users/ahooker/Documents/Dissertation/virtushield/final-datasets/in-the-wild-final-small/UNSAFE/1/frame_134.jpg,UNSAFE,UNSAFE,0.9279107451438904,reflection_only,in_the_wild
/Users/ahooker/Documents/Dissertation/virtushield/final-datasets/in-the-wild-final-small/UNSAFE/1/frame_135.jpg,UNSAFE,UNSAFE,0.9668563604354858,reflection_only,in_the_wild
/Users/ahooker/Documents/Dissertation/virtushield/final-datasets/in-the-wild-final-small/UNSAFE/1/frame_136.jpg,UNSAFE,UNSAFE,0.8958752751350403,reflection_only,in_the_wild
/Users/ahooker/Documents/Dissertation/virtushield/final-datasets/in-the-wild-final-small/UNSAFE/1/frame_136__1.jpg,UNSAFE,UNSAFE,0.8812716603279114,reflection_only,in_the_wild
/Users/ahooker/Documents/Dissertation/virtushield/final-datasets/in-the-wild-final-small/UNSAFE/1/frame_137.jpg,UNSAFE,UNSAFE,0.9310916662216187,reflection_only,in_the_wild
/Users/ahooker/Documents/Dissertation/virtushield/final-datasets/in-the-wild-final-small/UNSAFE/1/frame_137__1.jpg,UNSAFE,UNSAFE,0.9704052209854126,reflection_only,in_the_wild
/Users/ahooker/Documents/Dissertation/virtushield/final-datasets/in-the-wild-final-small/UNSAFE/1/frame_138.jpg,UNSAFE,UNSAFE,0.8588398098945618,reflection_only,in_the_wild
/Users/ahooker/Documents/Dissertation/virtushield/final-datasets/in-the-wild-final-small/UNSAFE/1/frame_139.jpg,UNSAFE,UNSAFE,0.8626154065132141,reflection_only,in_the_wild
/Users/ahooker/Documents/Dissertation/virtushield/final-datasets/in-the-wild-final-small/UNSAFE/1/frame_139__1.jpg,UNSAFE,UNSAFE,0.985590934753418,reflection_only,in_the_wild
/Users/ahooker/Documents/Dissertation/virtushield/final-datasets/in-the-wild-final-small/UNSAFE/1/frame_14.jpg,UNSAFE,UNSAFE,0.8026899695396423,reflection_only,in_the_wild
/Users/ahooker/Documents/Dissertation/virtushield/final-datasets/in-the-wild-final-small/UNSAFE/1/frame_140.jpg,UNSAFE,UNSAFE,0.8979506492614746,reflection_only,in_the_wild
/Users/ahooker/Documents/Dissertation/virtushield/final-datasets/in-the-wild-final-small/UNSAFE/1/frame_145.jpg,UNSAFE,UNSAFE,0.9154648780822754,reflection_only,in_the_wild
/Users/ahooker/Documents/Dissertation/virtushield/final-datasets/in-the-wild-final-small/UNSAFE/1/frame_146.jpg,UNSAFE,UNSAFE,0.9158920049667358,reflection_only,in_the_wild
/Users/ahooker/Documents/Dissertation/virtushield/final-datasets/in-the-wild-final-small/UNSAFE/1/frame_146__1.jpg,UNSAFE,UNSAFE,0.9158920049667358,reflection_only,in_the_wild
/Users/ahooker/Documents/Dissertation/virtushield/final-datasets/in-the-wild-final-small/UNSAFE/1/frame_147.jpg,UNSAFE,UNSAFE,0.9393525719642639,reflection_only,in_the_wild
/Users/ahooker/Documents/Dissertation/virtushield/final-datasets/in-the-wild-final-small/UNSAFE/1/frame_147__1.jpg,UNSAFE,UNSAFE,0.9685102105140686,reflection_only,in_the_wild
/Users/ahooker/Documents/Dissertation/virtushield/final-datasets/in-the-wild-final-small/UNSAFE/1/frame_148.jpg,UNSAFE,UNSAFE,0.7561972737312317,reflection_only,in_the_wild
/Users/ahooker/Documents/Dissertation/virtushield/final-datasets/in-the-wild-final-small/UNSAFE/1/frame_148__1.jpg,UNSAFE,UNSAFE,0.9475253820419312,reflection_only,in_the_wild
/Users/ahooker/Documents/Dissertation/virtushield/final-datasets/in-the-wild-final-small/UNSAFE/1/frame_149.jpg,UNSAFE,UNSAFE,0.9778945446014404,reflection_only,in_the_wild
/Users/ahooker/Documents/Dissertation/virtushield/final-datasets/in-the-wild-final-small/UNSAFE/1/frame_151.jpg,UNSAFE,UNSAFE,0.7267874479293823,reflection_only,in_the_wild
/Users/ahooker/Documents/Dissertation/virtushield/final-datasets/in-the-wild-final-small/UNSAFE/1/frame_151__1.jpg,UNSAFE,UNSAFE,0.9599966406822205,reflection_only,in_the_wild
/Users/ahooker/Documents/Dissertation/virtushield/final-datasets/in-the-wild-final-small/UNSAFE/1/frame_151__2.jpg,UNSAFE,UNSAFE,0.994080126285553,reflection_only,in_the_wild
/Users/ahooker/Documents/Dissertation/virtushield/final-datasets/in-the-wild-final-small/UNSAFE/1/frame_152.jpg,UNSAFE,UNSAFE,0.8299576640129089,reflection_only,in_the_wild
/Users/ahooker/Documents/Dissertation/virtushield/final-datasets/in-the-wild-final-small/UNSAFE/1/frame_152__1.jpg,UNSAFE,UNSAFE,0.9395437240600586,reflection_only,in_the_wild
/Users/ahooker/Documents/Dissertation/virtushield/final-datasets/in-the-wild-final-small/UNSAFE/1/frame_153.jpg,UNSAFE,UNSAFE,0.8184319734573364,reflection_only,in_the_wild
/Users/ahooker/Documents/Dissertation/virtushield/final-datasets/in-the-wild-final-small/UNSAFE/1/frame_153__1.jpg,UNSAFE,UNSAFE,0.9888108968734741,reflection_only,in_the_wild
/Users/ahooker/Documents/Dissertation/virtushield/final-datasets/in-the-wild-final-small/UNSAFE/1/frame_154.jpg,UNSAFE,UNSAFE,0.9868189096450806,reflection_only,in_the_wild
/Users/ahooker/Documents/Dissertation/virtushield/final-datasets/in-the-wild-final-small/UNSAFE/1/frame_155.jpg,UNSAFE,UNSAFE,0.9452503323554993,reflection_only,in_the_wild
/Users/ahooker/Documents/Dissertation/virtushield/final-datasets/in-the-wild-final-small/UNSAFE/1/frame_155__1.jpg,UNSAFE,UNSAFE,0.9917142987251282,reflection_only,in_the_wild
/Users/ahooker/Documents/Dissertation/virtushield/final-datasets/in-the-wild-final-small/UNSAFE/1/frame_157.jpg,UNSAFE,UNSAFE,0.9117935299873352,reflection_only,in_the_wild
/Users/ahooker/Documents/Dissertation/virtushield/final-datasets/in-the-wild-final-small/UNSAFE/1/frame_158.jpg,UNSAFE,UNSAFE,0.9090786576271057,reflection_only,in_the_wild
/Users/ahooker/Documents/Dissertation/virtushield/final-datasets/in-the-wild-final-small/UNSAFE/1/frame_158__1.jpg,UNSAFE,UNSAFE,0.9750924110412598,reflection_only,in_the_wild
/Users/ahooker/Documents/Dissertation/virtushield/final-datasets/in-the-wild-final-small/UNSAFE/1/frame_159.jpg,UNSAFE,UNSAFE,0.9930714964866638,reflection_only,in_the_wild
/Users/ahooker/Documents/Dissertation/virtushield/final-datasets/in-the-wild-final-small/UNSAFE/1/frame_159__1.jpg,UNSAFE,UNSAFE,0.921895444393158,reflection_only,in_the_wild
/Users/ahooker/Documents/Dissertation/virtushield/final-datasets/in-the-wild-final-small/UNSAFE/1/frame_16.jpg,UNSAFE,UNSAFE,0.915570080280304,reflection_only,in_the_wild
/Users/ahooker/Documents/Dissertation/virtushield/final-datasets/in-the-wild-final-small/UNSAFE/1/frame_161.jpg,UNSAFE,UNSAFE,0.9633395671844482,reflection_only,in_the_wild
/Users/ahooker/Documents/Dissertation/virtushield/final-datasets/in-the-wild-final-small/UNSAFE/1/frame_162.jpg,UNSAFE,UNSAFE,0.731046199798584,reflection_only,in_the_wild
/Users/ahooker/Documents/Dissertation/virtushield/final-datasets/in-the-wild-final-small/UNSAFE/1/frame_163.jpg,UNSAFE,UNSAFE,0.7874594330787659,reflection_only,in_the_wild
/Users/ahooker/Documents/Dissertation/virtushield/final-datasets/in-the-wild-final-small/UNSAFE/1/frame_164.jpg,UNSAFE,UNSAFE,0.8166564106941223,reflection_only,in_the_wild
/Users/ahooker/Documents/Dissertation/virtushield/final-datasets/in-the-wild-final-small/UNSAFE/1/frame_164__1.jpg,UNSAFE,UNSAFE,0.9505828022956848,reflection_only,in_the_wild
/Users/ahooker/Documents/Dissertation/virtushield/final-datasets/in-the-wild-final-small/UNSAFE/1/frame_165.jpg,UNSAFE,UNSAFE,0.8659778833389282,reflection_only,in_the_wild
/Users/ahooker/Documents/Dissertation/virtushield/final-datasets/in-the-wild-final-small/UNSAFE/1/frame_165__1.jpg,UNSAFE,UNSAFE,0.9638064503669739,reflection_only,in_the_wild
/Users/ahooker/Documents/Dissertation/virtushield/final-datasets/in-the-wild-final-small/UNSAFE/1/frame_168.jpg,UNSAFE,UNSAFE,0.961870014667511,reflection_only,in_the_wild
/Users/ahooker/Documents/Dissertation/virtushield/final-datasets/in-the-wild-final-small/UNSAFE/1/frame_169.jpg,UNSAFE,UNSAFE,0.8108120560646057,reflection_only,in_the_wild
/Users/ahooker/Documents/Dissertation/virtushield/final-datasets/in-the-wild-final-small/UNSAFE/1/frame_170.jpg,UNSAFE,UNSAFE,0.9386062026023865,reflection_only,in_the_wild
/Users/ahooker/Documents/Dissertation/virtushield/final-datasets/in-the-wild-final-small/UNSAFE/1/frame_171.jpg,UNSAFE,UNSAFE,0.9602225422859192,reflection_only,in_the_wild
/Users/ahooker/Documents/Dissertation/virtushield/final-datasets/in-the-wild-final-small/UNSAFE/1/frame_171__1.jpg,UNSAFE,UNSAFE,0.9401796460151672,reflection_only,in_the_wild
/Users/ahooker/Documents/Dissertation/virtushield/final-datasets/in-the-wild-final-small/UNSAFE/1/frame_172.jpg,UNSAFE,UNSAFE,0.7948220372200012,reflection_only,in_the_wild
/Users/ahooker/Documents/Dissertation/virtushield/final-datasets/in-the-wild-final-small/UNSAFE/1/frame_174.jpg,UNSAFE,UNSAFE,0.9801874756813049,reflection_only,in_the_wild
/Users/ahooker/Documents/Dissertation/virtushield/final-datasets/in-the-wild-final-small/UNSAFE/1/frame_175.jpg,UNSAFE,UNSAFE,0.9505136609077454,reflection_only,in_the_wild
/Users/ahooker/Documents/Dissertation/virtushield/final-datasets/in-the-wild-final-small/UNSAFE/1/frame_177.jpg,UNSAFE,UNSAFE,0.7644282579421997,reflection_only,in_the_wild
/Users/ahooker/Documents/Dissertation/virtushield/final-datasets/in-the-wild-final-small/UNSAFE/1/frame_177__1.jpg,UNSAFE,UNSAFE,0.8975759148597717,reflection_only,in_the_wild
/Users/ahooker/Documents/Dissertation/virtushield/final-datasets/in-the-wild-final-small/UNSAFE/1/frame_178.jpg,UNSAFE,UNSAFE,0.8347355127334595,reflection_only,in_the_wild
/Users/ahooker/Documents/Dissertation/virtushield/final-datasets/in-the-wild-final-small/UNSAFE/1/frame_179.jpg,UNSAFE,UNSAFE,0.9319153428077698,reflection_only,in_the_wild
/Users/ahooker/Documents/Dissertation/virtushield/final-datasets/in-the-wild-final-small/UNSAFE/1/frame_180.jpg,UNSAFE,UNSAFE,0.9582659006118774,reflection_only,in_the_wild
/Users/ahooker/Documents/Dissertation/virtushield/final-datasets/in-the-wild-final-small/UNSAFE/1/frame_180__1.jpg,UNSAFE,UNSAFE,0.8047783374786377,reflection_only,in_the_wild
/Users/ahooker/Documents/Dissertation/virtushield/final-datasets/in-the-wild-final-small/UNSAFE/1/frame_181.jpg,UNSAFE,UNSAFE,0.7643822431564331,reflection_only,in_the_wild
/Users/ahooker/Documents/Dissertation/virtushield/final-datasets/in-the-wild-final-small/UNSAFE/1/frame_181__1.jpg,UNSAFE,UNSAFE,0.9559094309806824,reflection_only,in_the_wild
/Users/ahooker/Documents/Dissertation/virtushield/final-datasets/in-the-wild-final-small/UNSAFE/1/frame_184.jpg,UNSAFE,UNSAFE,0.9155831933021545,reflection_only,in_the_wild
/Users/ahooker/Documents/Dissertation/virtushield/final-datasets/in-the-wild-final-small/UNSAFE/1/frame_184__1.jpg,UNSAFE,UNSAFE,0.9547938704490662,reflection_only,in_the_wild
/Users/ahooker/Documents/Dissertation/virtushield/final-datasets/in-the-wild-final-small/UNSAFE/1/frame_184__2.jpg,UNSAFE,UNSAFE,0.9547938704490662,reflection_only,in_the_wild
/Users/ahooker/Documents/Dissertation/virtushield/final-datasets/in-the-wild-final-small/UNSAFE/1/frame_185.jpg,UNSAFE,UNSAFE,0.7805830836296082,reflection_only,in_the_wild
/Users/ahooker/Documents/Dissertation/virtushield/final-datasets/in-the-wild-final-small/UNSAFE/1/frame_189.jpg,UNSAFE,UNSAFE,0.8141607642173767,reflection_only,in_the_wild
/Users/ahooker/Documents/Dissertation/virtushield/final-datasets/in-the-wild-final-small/UNSAFE/1/frame_191.jpg,UNSAFE,UNSAFE,0.7992532253265381,reflection_only,in_the_wild
/Users/ahooker/Documents/Dissertation/virtushield/final-datasets/in-the-wild-final-small/UNSAFE/1/frame_192.jpg,UNSAFE,UNSAFE,0.8670592904090881,reflection_only,in_the_wild
/Users/ahooker/Documents/Dissertation/virtushield/final-datasets/in-the-wild-final-small/UNSAFE/1/frame_196.jpg,UNSAFE,UNSAFE,0.9398276209831238,reflection_only,in_the_wild
/Users/ahooker/Documents/Dissertation/virtushield/final-datasets/in-the-wild-final-small/UNSAFE/1/frame_199.jpg,UNSAFE,UNSAFE,0.8965429663658142,reflection_only,in_the_wild
/Users/ahooker/Documents/Dissertation/virtushield/final-datasets/in-the-wild-final-small/UNSAFE/1/frame_20.jpg,UNSAFE,UNSAFE,0.9631276726722717,reflection_only,in_the_wild
/Users/ahooker/Documents/Dissertation/virtushield/final-datasets/in-the-wild-final-small/UNSAFE/1/frame_200.jpg,UNSAFE,UNSAFE,0.9392244219779968,reflection_only,in_the_wild
/Users/ahooker/Documents/Dissertation/virtushield/final-datasets/in-the-wild-final-small/UNSAFE/1/frame_201.jpg,UNSAFE,UNSAFE,0.8011594414710999,reflection_only,in_the_wild
/Users/ahooker/Documents/Dissertation/virtushield/final-datasets/in-the-wild-final-small/UNSAFE/1/frame_201__1.jpg,UNSAFE,UNSAFE,0.935165524482727,reflection_only,in_the_wild
/Users/ahooker/Documents/Dissertation/virtushield/final-datasets/in-the-wild-final-small/UNSAFE/1/frame_202.jpg,UNSAFE,UNSAFE,0.9656273126602173,reflection_only,in_the_wild
/Users/ahooker/Documents/Dissertation/virtushield/final-datasets/in-the-wild-final-small/UNSAFE/1/frame_203.jpg,UNSAFE,UNSAFE,0.9034311771392822,reflection_only,in_the_wild
/Users/ahooker/Documents/Dissertation/virtushield/final-datasets/in-the-wild-final-small/UNSAFE/1/frame_204.jpg,UNSAFE,UNSAFE,0.9845584034919739,reflection_only,in_the_wild
/Users/ahooker/Documents/Dissertation/virtushield/final-datasets/in-the-wild-final-small/UNSAFE/1/frame_205.jpg,UNSAFE,UNSAFE,0.9578694701194763,reflection_only,in_the_wild
/Users/ahooker/Documents/Dissertation/virtushield/final-datasets/in-the-wild-final-small/UNSAFE/1/frame_205__1.jpg,UNSAFE,UNSAFE,0.9851851463317871,reflection_only,in_the_wild
/Users/ahooker/Documents/Dissertation/virtushield/final-datasets/in-the-wild-final-small/UNSAFE/1/frame_205__2.jpg,UNSAFE,UNSAFE,0.9636834263801575,reflection_only,in_the_wild
/Users/ahooker/Documents/Dissertation/virtushield/final-datasets/in-the-wild-final-small/UNSAFE/1/frame_207.jpg,UNSAFE,UNSAFE,0.9184398651123047,reflection_only,in_the_wild
/Users/ahooker/Documents/Dissertation/virtushield/final-datasets/in-the-wild-final-small/UNSAFE/1/frame_207__1.jpg,UNSAFE,UNSAFE,0.9046770334243774,reflection_only,in_the_wild
/Users/ahooker/Documents/Dissertation/virtushield/final-datasets/in-the-wild-final-small/UNSAFE/1/frame_208.jpg,UNSAFE,UNSAFE,0.8984679579734802,reflection_only,in_the_wild
/Users/ahooker/Documents/Dissertation/virtushield/final-datasets/in-the-wild-final-small/UNSAFE/1/frame_208__1.jpg,UNSAFE,UNSAFE,0.9715114831924438,reflection_only,in_the_wild
/Users/ahooker/Documents/Dissertation/virtushield/final-datasets/in-the-wild-final-small/UNSAFE/1/frame_208__2.jpg,UNSAFE,UNSAFE,0.9613771438598633,reflection_only,in_the_wild
/Users/ahooker/Documents/Dissertation/virtushield/final-datasets/in-the-wild-final-small/UNSAFE/1/frame_208__3.jpg,UNSAFE,UNSAFE,0.9849379062652588,reflection_only,in_the_wild
/Users/ahooker/Documents/Dissertation/virtushield/final-datasets/in-the-wild-final-small/UNSAFE/1/frame_209.jpg,UNSAFE,UNSAFE,0.9313673973083496,reflection_only,in_the_wild
/Users/ahooker/Documents/Dissertation/virtushield/final-datasets/in-the-wild-final-small/UNSAFE/1/frame_209__1.jpg,UNSAFE,UNSAFE,0.8152161240577698,reflection_only,in_the_wild
/Users/ahooker/Documents/Dissertation/virtushield/final-datasets/in-the-wild-final-small/UNSAFE/1/frame_20__1.jpg,UNSAFE,UNSAFE,0.9716479778289795,reflection_only,in_the_wild
/Users/ahooker/Documents/Dissertation/virtushield/final-datasets/in-the-wild-final-small/UNSAFE/1/frame_21.jpg,UNSAFE,UNSAFE,0.838551938533783,reflection_only,in_the_wild
/Users/ahooker/Documents/Dissertation/virtushield/final-datasets/in-the-wild-final-small/UNSAFE/1/frame_210.jpg,UNSAFE,UNSAFE,0.5858508348464966,reflection_only,in_the_wild
/Users/ahooker/Documents/Dissertation/virtushield/final-datasets/in-the-wild-final-small/UNSAFE/1/frame_210__1.jpg,UNSAFE,UNSAFE,0.9773331880569458,reflection_only,in_the_wild
/Users/ahooker/Documents/Dissertation/virtushield/final-datasets/in-the-wild-final-small/UNSAFE/1/frame_215.jpg,UNSAFE,UNSAFE,0.9308644533157349,reflection_only,in_the_wild
/Users/ahooker/Documents/Dissertation/virtushield/final-datasets/in-the-wild-final-small/UNSAFE/1/frame_215__1.jpg,UNSAFE,UNSAFE,0.9128163456916809,reflection_only,in_the_wild
/Users/ahooker/Documents/Dissertation/virtushield/final-datasets/in-the-wild-final-small/UNSAFE/1/frame_217.jpg,UNSAFE,UNSAFE,0.9775501489639282,reflection_only,in_the_wild
/Users/ahooker/Documents/Dissertation/virtushield/final-datasets/in-the-wild-final-small/UNSAFE/1/frame_219.jpg,UNSAFE,UNSAFE,0.9778431057929993,reflection_only,in_the_wild
/Users/ahooker/Documents/Dissertation/virtushield/final-datasets/in-the-wild-final-small/UNSAFE/1/frame_219__1.jpg,UNSAFE,UNSAFE,0.9778431057929993,reflection_only,in_the_wild
/Users/ahooker/Documents/Dissertation/virtushield/final-datasets/in-the-wild-final-small/UNSAFE/1/frame_22.jpg,UNSAFE,UNSAFE,0.9579724073410034,reflection_only,in_the_wild
/Users/ahooker/Documents/Dissertation/virtushield/final-datasets/in-the-wild-final-small/UNSAFE/1/frame_222.jpg,UNSAFE,UNSAFE,0.9724497199058533,reflection_only,in_the_wild
/Users/ahooker/Documents/Dissertation/virtushield/final-datasets/in-the-wild-final-small/UNSAFE/1/frame_222__1.jpg,UNSAFE,UNSAFE,0.9605466723442078,reflection_only,in_the_wild
/Users/ahooker/Documents/Dissertation/virtushield/final-datasets/in-the-wild-final-small/UNSAFE/1/frame_223.jpg,UNSAFE,UNSAFE,0.898426353931427,reflection_only,in_the_wild
/Users/ahooker/Documents/Dissertation/virtushield/final-datasets/in-the-wild-final-small/UNSAFE/1/frame_227.jpg,UNSAFE,UNSAFE,0.8663742542266846,reflection_only,in_the_wild
/Users/ahooker/Documents/Dissertation/virtushield/final-datasets/in-the-wild-final-small/UNSAFE/1/frame_229.jpg,UNSAFE,UNSAFE,0.9554352760314941,reflection_only,in_the_wild
/Users/ahooker/Documents/Dissertation/virtushield/final-datasets/in-the-wild-final-small/UNSAFE/1/frame_230.jpg,UNSAFE,UNSAFE,0.9284510612487793,reflection_only,in_the_wild
/Users/ahooker/Documents/Dissertation/virtushield/final-datasets/in-the-wild-final-small/UNSAFE/1/frame_231.jpg,UNSAFE,UNSAFE,0.947577714920044,reflection_only,in_the_wild
/Users/ahooker/Documents/Dissertation/virtushield/final-datasets/in-the-wild-final-small/UNSAFE/1/frame_232.jpg,UNSAFE,UNSAFE,0.8954108953475952,reflection_only,in_the_wild
/Users/ahooker/Documents/Dissertation/virtushield/final-datasets/in-the-wild-final-small/UNSAFE/1/frame_232__1.jpg,UNSAFE,UNSAFE,0.9566043615341187,reflection_only,in_the_wild
/Users/ahooker/Documents/Dissertation/virtushield/final-datasets/in-the-wild-final-small/UNSAFE/1/frame_234.jpg,UNSAFE,UNSAFE,0.9424285292625427,reflection_only,in_the_wild
/Users/ahooker/Documents/Dissertation/virtushield/final-datasets/in-the-wild-final-small/UNSAFE/1/frame_235.jpg,UNSAFE,UNSAFE,0.9601176977157593,reflection_only,in_the_wild
/Users/ahooker/Documents/Dissertation/virtushield/final-datasets/in-the-wild-final-small/UNSAFE/1/frame_236.jpg,UNSAFE,UNSAFE,0.9848591685295105,reflection_only,in_the_wild
/Users/ahooker/Documents/Dissertation/virtushield/final-datasets/in-the-wild-final-small/UNSAFE/1/frame_238.jpg,UNSAFE,UNSAFE,0.9660969376564026,reflection_only,in_the_wild
/Users/ahooker/Documents/Dissertation/virtushield/final-datasets/in-the-wild-final-small/UNSAFE/1/frame_238__1.jpg,UNSAFE,UNSAFE,0.9898684024810791,reflection_only,in_the_wild
/Users/ahooker/Documents/Dissertation/virtushield/final-datasets/in-the-wild-final-small/UNSAFE/1/frame_239.jpg,UNSAFE,UNSAFE,0.9499636292457581,reflection_only,in_the_wild
/Users/ahooker/Documents/Dissertation/virtushield/final-datasets/in-the-wild-final-small/UNSAFE/1/frame_24.jpg,UNSAFE,UNSAFE,0.7124150991439819,reflection_only,in_the_wild
/Users/ahooker/Documents/Dissertation/virtushield/final-datasets/in-the-wild-final-small/UNSAFE/1/frame_240.jpg,UNSAFE,UNSAFE,0.953555166721344,reflection_only,in_the_wild
/Users/ahooker/Documents/Dissertation/virtushield/final-datasets/in-the-wild-final-small/UNSAFE/1/frame_244.jpg,UNSAFE,UNSAFE,0.982160210609436,reflection_only,in_the_wild
/Users/ahooker/Documents/Dissertation/virtushield/final-datasets/in-the-wild-final-small/UNSAFE/1/frame_245.jpg,UNSAFE,UNSAFE,0.9436278343200684,reflection_only,in_the_wild
/Users/ahooker/Documents/Dissertation/virtushield/final-datasets/in-the-wild-final-small/UNSAFE/1/frame_246.jpg,UNSAFE,UNSAFE,0.9287246465682983,reflection_only,in_the_wild
/Users/ahooker/Documents/Dissertation/virtushield/final-datasets/in-the-wild-final-small/UNSAFE/1/frame_248.jpg,UNSAFE,UNSAFE,0.9863923192024231,reflection_only,in_the_wild
/Users/ahooker/Documents/Dissertation/virtushield/final-datasets/in-the-wild-final-small/UNSAFE/1/frame_248__1.jpg,UNSAFE,UNSAFE,0.9853783845901489,reflection_only,in_the_wild
/Users/ahooker/Documents/Dissertation/virtushield/final-datasets/in-the-wild-final-small/UNSAFE/1/frame_250.jpg,UNSAFE,UNSAFE,0.9615702629089355,reflection_only,in_the_wild
/Users/ahooker/Documents/Dissertation/virtushield/final-datasets/in-the-wild-final-small/UNSAFE/1/frame_253.jpg,UNSAFE,UNSAFE,0.987112820148468,reflection_only,in_the_wild
/Users/ahooker/Documents/Dissertation/virtushield/final-datasets/in-the-wild-final-small/UNSAFE/1/frame_254.jpg,UNSAFE,UNSAFE,0.9867634177207947,reflection_only,in_the_wild
/Users/ahooker/Documents/Dissertation/virtushield/final-datasets/in-the-wild-final-small/UNSAFE/1/frame_254__1.jpg,UNSAFE,UNSAFE,0.8806217312812805,reflection_only,in_the_wild
/Users/ahooker/Documents/Dissertation/virtushield/final-datasets/in-the-wild-final-small/UNSAFE/1/frame_254__2.jpg,UNSAFE,UNSAFE,0.9867634177207947,reflection_only,in_the_wild
/Users/ahooker/Documents/Dissertation/virtushield/final-datasets/in-the-wild-final-small/UNSAFE/1/frame_255.jpg,UNSAFE,UNSAFE,0.9958128333091736,reflection_only,in_the_wild
/Users/ahooker/Documents/Dissertation/virtushield/final-datasets/in-the-wild-final-small/UNSAFE/1/frame_261.jpg,UNSAFE,UNSAFE,0.9021756649017334,reflection_only,in_the_wild
/Users/ahooker/Documents/Dissertation/virtushield/final-datasets/in-the-wild-final-small/UNSAFE/1/frame_262.jpg,UNSAFE,UNSAFE,0.915178656578064,reflection_only,in_the_wild
/Users/ahooker/Documents/Dissertation/virtushield/final-datasets/in-the-wild-final-small/UNSAFE/1/frame_263.jpg,UNSAFE,UNSAFE,0.994045078754425,reflection_only,in_the_wild
/Users/ahooker/Documents/Dissertation/virtushield/final-datasets/in-the-wild-final-small/UNSAFE/1/frame_263__1.jpg,UNSAFE,UNSAFE,0.9524165987968445,reflection_only,in_the_wild
/Users/ahooker/Documents/Dissertation/virtushield/final-datasets/in-the-wild-final-small/UNSAFE/1/frame_264.jpg,UNSAFE,UNSAFE,0.934246301651001,reflection_only,in_the_wild
/Users/ahooker/Documents/Dissertation/virtushield/final-datasets/in-the-wild-final-small/UNSAFE/1/frame_266.jpg,UNSAFE,UNSAFE,0.9616991281509399,reflection_only,in_the_wild
/Users/ahooker/Documents/Dissertation/virtushield/final-datasets/in-the-wild-final-small/UNSAFE/1/frame_268.jpg,UNSAFE,UNSAFE,0.9472633600234985,reflection_only,in_the_wild
/Users/ahooker/Documents/Dissertation/virtushield/final-datasets/in-the-wild-final-small/UNSAFE/1/frame_272.jpg,UNSAFE,UNSAFE,0.9689550399780273,reflection_only,in_the_wild
/Users/ahooker/Documents/Dissertation/virtushield/final-datasets/in-the-wild-final-small/UNSAFE/1/frame_273.jpg,UNSAFE,UNSAFE,0.9182746410369873,reflection_only,in_the_wild
/Users/ahooker/Documents/Dissertation/virtushield/final-datasets/in-the-wild-final-small/UNSAFE/1/frame_274.jpg,UNSAFE,UNSAFE,0.9628298878669739,reflection_only,in_the_wild
/Users/ahooker/Documents/Dissertation/virtushield/final-datasets/in-the-wild-final-small/UNSAFE/1/frame_274__1.jpg,UNSAFE,UNSAFE,0.9338154792785645,reflection_only,in_the_wild
/Users/ahooker/Documents/Dissertation/virtushield/final-datasets/in-the-wild-final-small/UNSAFE/1/frame_275.jpg,UNSAFE,UNSAFE,0.9075093269348145,reflection_only,in_the_wild
/Users/ahooker/Documents/Dissertation/virtushield/final-datasets/in-the-wild-final-small/UNSAFE/1/frame_276.jpg,UNSAFE,UNSAFE,0.9422235488891602,reflection_only,in_the_wild
/Users/ahooker/Documents/Dissertation/virtushield/final-datasets/in-the-wild-final-small/UNSAFE/1/frame_276__1.jpg,UNSAFE,UNSAFE,0.991021454334259,reflection_only,in_the_wild
/Users/ahooker/Documents/Dissertation/virtushield/final-datasets/in-the-wild-final-small/UNSAFE/1/frame_276__2.jpg,UNSAFE,UNSAFE,0.8236804604530334,reflection_only,in_the_wild
/Users/ahooker/Documents/Dissertation/virtushield/final-datasets/in-the-wild-final-small/UNSAFE/1/frame_278.jpg,UNSAFE,UNSAFE,0.9736747145652771,reflection_only,in_the_wild
/Users/ahooker/Documents/Dissertation/virtushield/final-datasets/in-the-wild-final-small/UNSAFE/1/frame_279.jpg,UNSAFE,UNSAFE,0.9548434615135193,reflection_only,in_the_wild
/Users/ahooker/Documents/Dissertation/virtushield/final-datasets/in-the-wild-final-small/UNSAFE/1/frame_28.jpg,UNSAFE,UNSAFE,0.953453540802002,reflection_only,in_the_wild
/Users/ahooker/Documents/Dissertation/virtushield/final-datasets/in-the-wild-final-small/UNSAFE/1/frame_281.jpg,UNSAFE,UNSAFE,0.9540734887123108,reflection_only,in_the_wild
/Users/ahooker/Documents/Dissertation/virtushield/final-datasets/in-the-wild-final-small/UNSAFE/1/frame_281__1.jpg,UNSAFE,UNSAFE,0.866854190826416,reflection_only,in_the_wild
/Users/ahooker/Documents/Dissertation/virtushield/final-datasets/in-the-wild-final-small/UNSAFE/1/frame_282.jpg,UNSAFE,UNSAFE,0.939133882522583,reflection_only,in_the_wild
/Users/ahooker/Documents/Dissertation/virtushield/final-datasets/in-the-wild-final-small/UNSAFE/1/frame_286.jpg,UNSAFE,UNSAFE,0.9383083581924438,reflection_only,in_the_wild
/Users/ahooker/Documents/Dissertation/virtushield/final-datasets/in-the-wild-final-small/UNSAFE/1/frame_286__1.jpg,UNSAFE,UNSAFE,0.9200918674468994,reflection_only,in_the_wild
/Users/ahooker/Documents/Dissertation/virtushield/final-datasets/in-the-wild-final-small/UNSAFE/1/frame_287.jpg,UNSAFE,UNSAFE,0.9840841889381409,reflection_only,in_the_wild
/Users/ahooker/Documents/Dissertation/virtushield/final-datasets/in-the-wild-final-small/UNSAFE/1/frame_288.jpg,UNSAFE,UNSAFE,0.9391251802444458,reflection_only,in_the_wild
/Users/ahooker/Documents/Dissertation/virtushield/final-datasets/in-the-wild-final-small/UNSAFE/1/frame_288__1.jpg,UNSAFE,UNSAFE,0.9722982048988342,reflection_only,in_the_wild
/Users/ahooker/Documents/Dissertation/virtushield/final-datasets/in-the-wild-final-small/UNSAFE/1/frame_289.jpg,UNSAFE,UNSAFE,0.950209379196167,reflection_only,in_the_wild
/Users/ahooker/Documents/Dissertation/virtushield/final-datasets/in-the-wild-final-small/UNSAFE/1/frame_289__1.jpg,UNSAFE,UNSAFE,0.9333243370056152,reflection_only,in_the_wild
/Users/ahooker/Documents/Dissertation/virtushield/final-datasets/in-the-wild-final-small/UNSAFE/1/frame_28__1.jpg,UNSAFE,UNSAFE,0.9490866661071777,reflection_only,in_the_wild
/Users/ahooker/Documents/Dissertation/virtushield/final-datasets/in-the-wild-final-small/UNSAFE/1/frame_290.jpg,UNSAFE,UNSAFE,0.9467973113059998,reflection_only,in_the_wild
/Users/ahooker/Documents/Dissertation/virtushield/final-datasets/in-the-wild-final-small/UNSAFE/1/frame_290__1.jpg,UNSAFE,UNSAFE,0.9839239716529846,reflection_only,in_the_wild
/Users/ahooker/Documents/Dissertation/virtushield/final-datasets/in-the-wild-final-small/UNSAFE/1/frame_291.jpg,UNSAFE,UNSAFE,0.986672043800354,reflection_only,in_the_wild
/Users/ahooker/Documents/Dissertation/virtushield/final-datasets/in-the-wild-final-small/UNSAFE/1/frame_292.jpg,UNSAFE,UNSAFE,0.9466254711151123,reflection_only,in_the_wild
/Users/ahooker/Documents/Dissertation/virtushield/final-datasets/in-the-wild-final-small/UNSAFE/1/frame_293.jpg,UNSAFE,UNSAFE,0.8803890943527222,reflection_only,in_the_wild
/Users/ahooker/Documents/Dissertation/virtushield/final-datasets/in-the-wild-final-small/UNSAFE/1/frame_294.jpg,UNSAFE,UNSAFE,0.9707682132720947,reflection_only,in_the_wild
/Users/ahooker/Documents/Dissertation/virtushield/final-datasets/in-the-wild-final-small/UNSAFE/1/frame_294__1.jpg,UNSAFE,UNSAFE,0.9209548234939575,reflection_only,in_the_wild
/Users/ahooker/Documents/Dissertation/virtushield/final-datasets/in-the-wild-final-small/UNSAFE/1/frame_296.jpg,UNSAFE,UNSAFE,0.9599687457084656,reflection_only,in_the_wild
/Users/ahooker/Documents/Dissertation/virtushield/final-datasets/in-the-wild-final-small/UNSAFE/1/frame_297.jpg,UNSAFE,UNSAFE,0.9670858383178711,reflection_only,in_the_wild
/Users/ahooker/Documents/Dissertation/virtushield/final-datasets/in-the-wild-final-small/UNSAFE/1/frame_298.jpg,UNSAFE,UNSAFE,0.8815192580223083,reflection_only,in_the_wild
/Users/ahooker/Documents/Dissertation/virtushield/final-datasets/in-the-wild-final-small/UNSAFE/1/frame_30.jpg,UNSAFE,UNSAFE,0.7899625301361084,reflection_only,in_the_wild
/Users/ahooker/Documents/Dissertation/virtushield/final-datasets/in-the-wild-final-small/UNSAFE/1/frame_300.jpg,UNSAFE,UNSAFE,0.9666027426719666,reflection_only,in_the_wild
/Users/ahooker/Documents/Dissertation/virtushield/final-datasets/in-the-wild-final-small/UNSAFE/1/frame_301.jpg,UNSAFE,UNSAFE,0.8739550113677979,reflection_only,in_the_wild
/Users/ahooker/Documents/Dissertation/virtushield/final-datasets/in-the-wild-final-small/UNSAFE/1/frame_303.jpg,UNSAFE,UNSAFE,0.9588016271591187,reflection_only,in_the_wild
/Users/ahooker/Documents/Dissertation/virtushield/final-datasets/in-the-wild-final-small/UNSAFE/1/frame_309.jpg,UNSAFE,UNSAFE,0.8391431570053101,reflection_only,in_the_wild
/Users/ahooker/Documents/Dissertation/virtushield/final-datasets/in-the-wild-final-small/UNSAFE/1/frame_310.jpg,UNSAFE,UNSAFE,0.905280590057373,reflection_only,in_the_wild
/Users/ahooker/Documents/Dissertation/virtushield/final-datasets/in-the-wild-final-small/UNSAFE/1/frame_310__1.jpg,UNSAFE,UNSAFE,0.905280590057373,reflection_only,in_the_wild
/Users/ahooker/Documents/Dissertation/virtushield/final-datasets/in-the-wild-final-small/UNSAFE/1/frame_313.jpg,UNSAFE,UNSAFE,0.9234231114387512,reflection_only,in_the_wild
/Users/ahooker/Documents/Dissertation/virtushield/final-datasets/in-the-wild-final-small/UNSAFE/1/frame_314.jpg,UNSAFE,UNSAFE,0.864920437335968,reflection_only,in_the_wild
/Users/ahooker/Documents/Dissertation/virtushield/final-datasets/in-the-wild-final-small/UNSAFE/1/frame_315.jpg,UNSAFE,UNSAFE,0.910918653011322,reflection_only,in_the_wild
/Users/ahooker/Documents/Dissertation/virtushield/final-datasets/in-the-wild-final-small/UNSAFE/1/frame_320.jpg,UNSAFE,UNSAFE,0.9172565340995789,reflection_only,in_the_wild
/Users/ahooker/Documents/Dissertation/virtushield/final-datasets/in-the-wild-final-small/UNSAFE/1/frame_323.jpg,UNSAFE,UNSAFE,0.8930634260177612,reflection_only,in_the_wild
/Users/ahooker/Documents/Dissertation/virtushield/final-datasets/in-the-wild-final-small/UNSAFE/1/frame_323__1.jpg,UNSAFE,UNSAFE,0.9615159034729004,reflection_only,in_the_wild
/Users/ahooker/Documents/Dissertation/virtushield/final-datasets/in-the-wild-final-small/UNSAFE/1/frame_323__2.jpg,UNSAFE,UNSAFE,0.9467411041259766,reflection_only,in_the_wild
/Users/ahooker/Documents/Dissertation/virtushield/final-datasets/in-the-wild-final-small/UNSAFE/1/frame_324.jpg,UNSAFE,UNSAFE,0.9464082717895508,reflection_only,in_the_wild
/Users/ahooker/Documents/Dissertation/virtushield/final-datasets/in-the-wild-final-small/UNSAFE/1/frame_325.jpg,UNSAFE,UNSAFE,0.9624688625335693,reflection_only,in_the_wild
/Users/ahooker/Documents/Dissertation/virtushield/final-datasets/in-the-wild-final-small/UNSAFE/1/frame_326.jpg,UNSAFE,UNSAFE,0.9044239521026611,reflection_only,in_the_wild
/Users/ahooker/Documents/Dissertation/virtushield/final-datasets/in-the-wild-final-small/UNSAFE/1/frame_327.jpg,UNSAFE,UNSAFE,0.9023776054382324,reflection_only,in_the_wild
/Users/ahooker/Documents/Dissertation/virtushield/final-datasets/in-the-wild-final-small/UNSAFE/1/frame_327__1.jpg,UNSAFE,UNSAFE,0.8861975073814392,reflection_only,in_the_wild
/Users/ahooker/Documents/Dissertation/virtushield/final-datasets/in-the-wild-final-small/UNSAFE/1/frame_329.jpg,UNSAFE,UNSAFE,0.938358724117279,reflection_only,in_the_wild
/Users/ahooker/Documents/Dissertation/virtushield/final-datasets/in-the-wild-final-small/UNSAFE/1/frame_331.jpg,UNSAFE,UNSAFE,0.9438456892967224,reflection_only,in_the_wild
/Users/ahooker/Documents/Dissertation/virtushield/final-datasets/in-the-wild-final-small/UNSAFE/1/frame_332.jpg,UNSAFE,UNSAFE,0.9436630606651306,reflection_only,in_the_wild
/Users/ahooker/Documents/Dissertation/virtushield/final-datasets/in-the-wild-final-small/UNSAFE/1/frame_333.jpg,UNSAFE,UNSAFE,0.8713378310203552,reflection_only,in_the_wild
/Users/ahooker/Documents/Dissertation/virtushield/final-datasets/in-the-wild-final-small/UNSAFE/1/frame_335.jpg,UNSAFE,UNSAFE,0.9699460864067078,reflection_only,in_the_wild
/Users/ahooker/Documents/Dissertation/virtushield/final-datasets/in-the-wild-final-small/UNSAFE/1/frame_335__1.jpg,UNSAFE,UNSAFE,0.9699460864067078,reflection_only,in_the_wild
/Users/ahooker/Documents/Dissertation/virtushield/final-datasets/in-the-wild-final-small/UNSAFE/1/frame_338.jpg,UNSAFE,UNSAFE,0.9581133127212524,reflection_only,in_the_wild
/Users/ahooker/Documents/Dissertation/virtushield/final-datasets/in-the-wild-final-small/UNSAFE/1/frame_339.jpg,UNSAFE,UNSAFE,0.9371928572654724,reflection_only,in_the_wild
/Users/ahooker/Documents/Dissertation/virtushield/final-datasets/in-the-wild-final-small/UNSAFE/1/frame_34.jpg,UNSAFE,UNSAFE,0.906999409198761,reflection_only,in_the_wild
/Users/ahooker/Documents/Dissertation/virtushield/final-datasets/in-the-wild-final-small/UNSAFE/1/frame_341.jpg,UNSAFE,UNSAFE,0.8159053325653076,reflection_only,in_the_wild
/Users/ahooker/Documents/Dissertation/virtushield/final-datasets/in-the-wild-final-small/UNSAFE/1/frame_345.jpg,UNSAFE,UNSAFE,0.8055551052093506,reflection_only,in_the_wild
/Users/ahooker/Documents/Dissertation/virtushield/final-datasets/in-the-wild-final-small/UNSAFE/1/frame_345__1.jpg,UNSAFE,UNSAFE,0.9099312424659729,reflection_only,in_the_wild
/Users/ahooker/Documents/Dissertation/virtushield/final-datasets/in-the-wild-final-small/UNSAFE/1/frame_346.jpg,UNSAFE,UNSAFE,0.967517077922821,reflection_only,in_the_wild
/Users/ahooker/Documents/Dissertation/virtushield/final-datasets/in-the-wild-final-small/UNSAFE/1/frame_346__1.jpg,UNSAFE,UNSAFE,0.8675941228866577,reflection_only,in_the_wild
/Users/ahooker/Documents/Dissertation/virtushield/final-datasets/in-the-wild-final-small/UNSAFE/1/frame_348.jpg,UNSAFE,UNSAFE,0.9702858328819275,reflection_only,in_the_wild
/Users/ahooker/Documents/Dissertation/virtushield/final-datasets/in-the-wild-final-small/UNSAFE/1/frame_349.jpg,UNSAFE,UNSAFE,0.9773907661437988,reflection_only,in_the_wild
/Users/ahooker/Documents/Dissertation/virtushield/final-datasets/in-the-wild-final-small/UNSAFE/1/frame_349__1.jpg,UNSAFE,UNSAFE,0.9075713753700256,reflection_only,in_the_wild
/Users/ahooker/Documents/Dissertation/virtushield/final-datasets/in-the-wild-final-small/UNSAFE/1/frame_34__1.jpg,UNSAFE,UNSAFE,0.9441189169883728,reflection_only,in_the_wild
/Users/ahooker/Documents/Dissertation/virtushield/final-datasets/in-the-wild-final-small/UNSAFE/1/frame_35.jpg,UNSAFE,UNSAFE,0.9173719882965088,reflection_only,in_the_wild
/Users/ahooker/Documents/Dissertation/virtushield/final-datasets/in-the-wild-final-small/UNSAFE/1/frame_350.jpg,UNSAFE,UNSAFE,0.8924366235733032,reflection_only,in_the_wild
/Users/ahooker/Documents/Dissertation/virtushield/final-datasets/in-the-wild-final-small/UNSAFE/1/frame_351.jpg,UNSAFE,UNSAFE,0.9640686511993408,reflection_only,in_the_wild
/Users/ahooker/Documents/Dissertation/virtushield/final-datasets/in-the-wild-final-small/UNSAFE/1/frame_352.jpg,UNSAFE,UNSAFE,0.9360920190811157,reflection_only,in_the_wild
/Users/ahooker/Documents/Dissertation/virtushield/final-datasets/in-the-wild-final-small/UNSAFE/1/frame_353.jpg,UNSAFE,UNSAFE,0.9313305616378784,reflection_only,in_the_wild
/Users/ahooker/Documents/Dissertation/virtushield/final-datasets/in-the-wild-final-small/UNSAFE/1/frame_356.jpg,UNSAFE,UNSAFE,0.940775990486145,reflection_only,in_the_wild
/Users/ahooker/Documents/Dissertation/virtushield/final-datasets/in-the-wild-final-small/UNSAFE/1/frame_357.jpg,UNSAFE,UNSAFE,0.9089693427085876,reflection_only,in_the_wild
/Users/ahooker/Documents/Dissertation/virtushield/final-datasets/in-the-wild-final-small/UNSAFE/1/frame_357__1.jpg,UNSAFE,UNSAFE,0.931919276714325,reflection_only,in_the_wild
/Users/ahooker/Documents/Dissertation/virtushield/final-datasets/in-the-wild-final-small/UNSAFE/1/frame_358.jpg,UNSAFE,UNSAFE,0.9333086609840393,reflection_only,in_the_wild
/Users/ahooker/Documents/Dissertation/virtushield/final-datasets/in-the-wild-final-small/UNSAFE/1/frame_358__1.jpg,UNSAFE,UNSAFE,0.9333086609840393,reflection_only,in_the_wild
/Users/ahooker/Documents/Dissertation/virtushield/final-datasets/in-the-wild-final-small/UNSAFE/1/frame_35__1.jpg,UNSAFE,UNSAFE,0.9502959251403809,reflection_only,in_the_wild
/Users/ahooker/Documents/Dissertation/virtushield/final-datasets/in-the-wild-final-small/UNSAFE/1/frame_36.jpg,UNSAFE,UNSAFE,0.9082251191139221,reflection_only,in_the_wild
/Users/ahooker/Documents/Dissertation/virtushield/final-datasets/in-the-wild-final-small/UNSAFE/1/frame_360.jpg,UNSAFE,UNSAFE,0.9648426175117493,reflection_only,in_the_wild
/Users/ahooker/Documents/Dissertation/virtushield/final-datasets/in-the-wild-final-small/UNSAFE/1/frame_360__1.jpg,UNSAFE,UNSAFE,0.9201627969741821,reflection_only,in_the_wild
/Users/ahooker/Documents/Dissertation/virtushield/final-datasets/in-the-wild-final-small/UNSAFE/1/frame_361.jpg,UNSAFE,UNSAFE,0.9770959615707397,reflection_only,in_the_wild
/Users/ahooker/Documents/Dissertation/virtushield/final-datasets/in-the-wild-final-small/UNSAFE/1/frame_363.jpg,UNSAFE,UNSAFE,0.946985125541687,reflection_only,in_the_wild
/Users/ahooker/Documents/Dissertation/virtushield/final-datasets/in-the-wild-final-small/UNSAFE/1/frame_365.jpg,UNSAFE,UNSAFE,0.9615549445152283,reflection_only,in_the_wild
/Users/ahooker/Documents/Dissertation/virtushield/final-datasets/in-the-wild-final-small/UNSAFE/1/frame_365__1.jpg,UNSAFE,UNSAFE,0.9618026614189148,reflection_only,in_the_wild
/Users/ahooker/Documents/Dissertation/virtushield/final-datasets/in-the-wild-final-small/UNSAFE/1/frame_367.jpg,UNSAFE,UNSAFE,0.9014773964881897,reflection_only,in_the_wild
/Users/ahooker/Documents/Dissertation/virtushield/final-datasets/in-the-wild-final-small/UNSAFE/1/frame_368.jpg,UNSAFE,UNSAFE,0.8922601342201233,reflection_only,in_the_wild
/Users/ahooker/Documents/Dissertation/virtushield/final-datasets/in-the-wild-final-small/UNSAFE/1/frame_371.jpg,UNSAFE,UNSAFE,0.9854898452758789,reflection_only,in_the_wild
/Users/ahooker/Documents/Dissertation/virtushield/final-datasets/in-the-wild-final-small/UNSAFE/1/frame_371__1.jpg,UNSAFE,UNSAFE,0.9202719330787659,reflection_only,in_the_wild
/Users/ahooker/Documents/Dissertation/virtushield/final-datasets/in-the-wild-final-small/UNSAFE/1/frame_371__2.jpg,UNSAFE,UNSAFE,0.9802302718162537,reflection_only,in_the_wild
/Users/ahooker/Documents/Dissertation/virtushield/final-datasets/in-the-wild-final-small/UNSAFE/1/frame_372.jpg,UNSAFE,UNSAFE,0.9386995434761047,reflection_only,in_the_wild
/Users/ahooker/Documents/Dissertation/virtushield/final-datasets/in-the-wild-final-small/UNSAFE/1/frame_373.jpg,UNSAFE,UNSAFE,0.844527006149292,reflection_only,in_the_wild
/Users/ahooker/Documents/Dissertation/virtushield/final-datasets/in-the-wild-final-small/UNSAFE/1/frame_373__1.jpg,UNSAFE,UNSAFE,0.9569668769836426,reflection_only,in_the_wild
/Users/ahooker/Documents/Dissertation/virtushield/final-datasets/in-the-wild-final-small/UNSAFE/1/frame_381.jpg,UNSAFE,UNSAFE,0.9047459363937378,reflection_only,in_the_wild
/Users/ahooker/Documents/Dissertation/virtushield/final-datasets/in-the-wild-final-small/UNSAFE/1/frame_384.jpg,UNSAFE,UNSAFE,0.9589767456054688,reflection_only,in_the_wild
/Users/ahooker/Documents/Dissertation/virtushield/final-datasets/in-the-wild-final-small/UNSAFE/1/frame_385.jpg,UNSAFE,UNSAFE,0.9751113653182983,reflection_only,in_the_wild
/Users/ahooker/Documents/Dissertation/virtushield/final-datasets/in-the-wild-final-small/UNSAFE/1/frame_387.jpg,UNSAFE,UNSAFE,0.9139126539230347,reflection_only,in_the_wild
/Users/ahooker/Documents/Dissertation/virtushield/final-datasets/in-the-wild-final-small/UNSAFE/1/frame_39.jpg,UNSAFE,UNSAFE,0.9836754202842712,reflection_only,in_the_wild
/Users/ahooker/Documents/Dissertation/virtushield/final-datasets/in-the-wild-final-small/UNSAFE/1/frame_390.jpg,UNSAFE,UNSAFE,0.9364133477210999,reflection_only,in_the_wild
/Users/ahooker/Documents/Dissertation/virtushield/final-datasets/in-the-wild-final-small/UNSAFE/1/frame_392.jpg,UNSAFE,UNSAFE,0.9843563437461853,reflection_only,in_the_wild
/Users/ahooker/Documents/Dissertation/virtushield/final-datasets/in-the-wild-final-small/UNSAFE/1/frame_393.jpg,UNSAFE,UNSAFE,0.9861748218536377,reflection_only,in_the_wild
/Users/ahooker/Documents/Dissertation/virtushield/final-datasets/in-the-wild-final-small/UNSAFE/1/frame_393__1.jpg,UNSAFE,UNSAFE,0.9474475979804993,reflection_only,in_the_wild
/Users/ahooker/Documents/Dissertation/virtushield/final-datasets/in-the-wild-final-small/UNSAFE/1/frame_395.jpg,UNSAFE,UNSAFE,0.8365654945373535,reflection_only,in_the_wild
/Users/ahooker/Documents/Dissertation/virtushield/final-datasets/in-the-wild-final-small/UNSAFE/1/frame_396.jpg,UNSAFE,UNSAFE,0.9915267825126648,reflection_only,in_the_wild
/Users/ahooker/Documents/Dissertation/virtushield/final-datasets/in-the-wild-final-small/UNSAFE/1/frame_397.jpg,UNSAFE,UNSAFE,0.9196799993515015,reflection_only,in_the_wild
/Users/ahooker/Documents/Dissertation/virtushield/final-datasets/in-the-wild-final-small/UNSAFE/1/frame_401.jpg,UNSAFE,UNSAFE,0.8517758250236511,reflection_only,in_the_wild
/Users/ahooker/Documents/Dissertation/virtushield/final-datasets/in-the-wild-final-small/UNSAFE/1/frame_402.jpg,UNSAFE,UNSAFE,0.9818117022514343,reflection_only,in_the_wild
/Users/ahooker/Documents/Dissertation/virtushield/final-datasets/in-the-wild-final-small/UNSAFE/1/frame_403.jpg,UNSAFE,UNSAFE,0.8720991015434265,reflection_only,in_the_wild
/Users/ahooker/Documents/Dissertation/virtushield/final-datasets/in-the-wild-final-small/UNSAFE/1/frame_404.jpg,UNSAFE,UNSAFE,0.7559517025947571,reflection_only,in_the_wild
/Users/ahooker/Documents/Dissertation/virtushield/final-datasets/in-the-wild-final-small/UNSAFE/1/frame_406.jpg,UNSAFE,UNSAFE,0.9918237328529358,reflection_only,in_the_wild
/Users/ahooker/Documents/Dissertation/virtushield/final-datasets/in-the-wild-final-small/UNSAFE/1/frame_410.jpg,UNSAFE,UNSAFE,0.9773414731025696,reflection_only,in_the_wild
/Users/ahooker/Documents/Dissertation/virtushield/final-datasets/in-the-wild-final-small/UNSAFE/1/frame_410__1.jpg,UNSAFE,UNSAFE,0.9830196499824524,reflection_only,in_the_wild
/Users/ahooker/Documents/Dissertation/virtushield/final-datasets/in-the-wild-final-small/UNSAFE/1/frame_418.jpg,UNSAFE,UNSAFE,0.976469099521637,reflection_only,in_the_wild
/Users/ahooker/Documents/Dissertation/virtushield/final-datasets/in-the-wild-final-small/UNSAFE/1/frame_419.jpg,UNSAFE,UNSAFE,0.9249767661094666,reflection_only,in_the_wild
/Users/ahooker/Documents/Dissertation/virtushield/final-datasets/in-the-wild-final-small/UNSAFE/1/frame_42.jpg,UNSAFE,UNSAFE,0.5779162645339966,reflection_only,in_the_wild
/Users/ahooker/Documents/Dissertation/virtushield/final-datasets/in-the-wild-final-small/UNSAFE/1/frame_421.jpg,UNSAFE,UNSAFE,0.9222069382667542,reflection_only,in_the_wild
/Users/ahooker/Documents/Dissertation/virtushield/final-datasets/in-the-wild-final-small/UNSAFE/1/frame_425.jpg,UNSAFE,UNSAFE,0.9694143533706665,reflection_only,in_the_wild
/Users/ahooker/Documents/Dissertation/virtushield/final-datasets/in-the-wild-final-small/UNSAFE/1/frame_42__1.jpg,UNSAFE,UNSAFE,0.9900778532028198,reflection_only,in_the_wild
/Users/ahooker/Documents/Dissertation/virtushield/final-datasets/in-the-wild-final-small/UNSAFE/1/frame_430.jpg,UNSAFE,UNSAFE,0.981804370880127,reflection_only,in_the_wild
/Users/ahooker/Documents/Dissertation/virtushield/final-datasets/in-the-wild-final-small/UNSAFE/1/frame_435.jpg,UNSAFE,UNSAFE,0.9739267230033875,reflection_only,in_the_wild
/Users/ahooker/Documents/Dissertation/virtushield/final-datasets/in-the-wild-final-small/UNSAFE/1/frame_436.jpg,UNSAFE,UNSAFE,0.970241367816925,reflection_only,in_the_wild
/Users/ahooker/Documents/Dissertation/virtushield/final-datasets/in-the-wild-final-small/UNSAFE/1/frame_436__1.jpg,UNSAFE,UNSAFE,0.9766130447387695,reflection_only,in_the_wild
/Users/ahooker/Documents/Dissertation/virtushield/final-datasets/in-the-wild-final-small/UNSAFE/1/frame_44.jpg,UNSAFE,UNSAFE,0.9629444479942322,reflection_only,in_the_wild
/Users/ahooker/Documents/Dissertation/virtushield/final-datasets/in-the-wild-final-small/UNSAFE/1/frame_441.jpg,UNSAFE,UNSAFE,0.9793986082077026,reflection_only,in_the_wild
/Users/ahooker/Documents/Dissertation/virtushield/final-datasets/in-the-wild-final-small/UNSAFE/1/frame_444.jpg,UNSAFE,UNSAFE,0.9372732639312744,reflection_only,in_the_wild
/Users/ahooker/Documents/Dissertation/virtushield/final-datasets/in-the-wild-final-small/UNSAFE/1/frame_445.jpg,UNSAFE,UNSAFE,0.9784107208251953,reflection_only,in_the_wild
/Users/ahooker/Documents/Dissertation/virtushield/final-datasets/in-the-wild-final-small/UNSAFE/1/frame_445__1.jpg,UNSAFE,UNSAFE,0.9528781175613403,reflection_only,in_the_wild
/Users/ahooker/Documents/Dissertation/virtushield/final-datasets/in-the-wild-final-small/UNSAFE/1/frame_446.jpg,UNSAFE,UNSAFE,0.9897440075874329,reflection_only,in_the_wild
/Users/ahooker/Documents/Dissertation/virtushield/final-datasets/in-the-wild-final-small/UNSAFE/1/frame_446__1.jpg,UNSAFE,UNSAFE,0.9524775743484497,reflection_only,in_the_wild
/Users/ahooker/Documents/Dissertation/virtushield/final-datasets/in-the-wild-final-small/UNSAFE/1/frame_447.jpg,UNSAFE,UNSAFE,0.9434856176376343,reflection_only,in_the_wild
/Users/ahooker/Documents/Dissertation/virtushield/final-datasets/in-the-wild-final-small/UNSAFE/1/frame_447__1.jpg,UNSAFE,UNSAFE,0.9744320511817932,reflection_only,in_the_wild
/Users/ahooker/Documents/Dissertation/virtushield/final-datasets/in-the-wild-final-small/UNSAFE/1/frame_448.jpg,UNSAFE,UNSAFE,0.9585416316986084,reflection_only,in_the_wild
/Users/ahooker/Documents/Dissertation/virtushield/final-datasets/in-the-wild-final-small/UNSAFE/1/frame_449.jpg,UNSAFE,UNSAFE,0.976625919342041,reflection_only,in_the_wild
/Users/ahooker/Documents/Dissertation/virtushield/final-datasets/in-the-wild-final-small/UNSAFE/1/frame_45.jpg,UNSAFE,UNSAFE,0.9480923414230347,reflection_only,in_the_wild
/Users/ahooker/Documents/Dissertation/virtushield/final-datasets/in-the-wild-final-small/UNSAFE/1/frame_452.jpg,UNSAFE,UNSAFE,0.9725006818771362,reflection_only,in_the_wild
/Users/ahooker/Documents/Dissertation/virtushield/final-datasets/in-the-wild-final-small/UNSAFE/1/frame_454.jpg,UNSAFE,UNSAFE,0.9658626317977905,reflection_only,in_the_wild
/Users/ahooker/Documents/Dissertation/virtushield/final-datasets/in-the-wild-final-small/UNSAFE/1/frame_457.jpg,UNSAFE,UNSAFE,0.9811035394668579,reflection_only,in_the_wild
/Users/ahooker/Documents/Dissertation/virtushield/final-datasets/in-the-wild-final-small/UNSAFE/1/frame_461.jpg,UNSAFE,UNSAFE,0.9550170302391052,reflection_only,in_the_wild
/Users/ahooker/Documents/Dissertation/virtushield/final-datasets/in-the-wild-final-small/UNSAFE/1/frame_464.jpg,UNSAFE,UNSAFE,0.9403434991836548,reflection_only,in_the_wild
/Users/ahooker/Documents/Dissertation/virtushield/final-datasets/in-the-wild-final-small/UNSAFE/1/frame_464__1.jpg,UNSAFE,UNSAFE,0.9685810208320618,reflection_only,in_the_wild
/Users/ahooker/Documents/Dissertation/virtushield/final-datasets/in-the-wild-final-small/UNSAFE/1/frame_466.jpg,UNSAFE,UNSAFE,0.965162456035614,reflection_only,in_the_wild
/Users/ahooker/Documents/Dissertation/virtushield/final-datasets/in-the-wild-final-small/UNSAFE/1/frame_468.jpg,UNSAFE,UNSAFE,0.9245501160621643,reflection_only,in_the_wild
/Users/ahooker/Documents/Dissertation/virtushield/final-datasets/in-the-wild-final-small/UNSAFE/1/frame_469.jpg,UNSAFE,UNSAFE,0.8354732990264893,reflection_only,in_the_wild
/Users/ahooker/Documents/Dissertation/virtushield/final-datasets/in-the-wild-final-small/UNSAFE/1/frame_47.jpg,UNSAFE,UNSAFE,0.9653913378715515,reflection_only,in_the_wild
/Users/ahooker/Documents/Dissertation/virtushield/final-datasets/in-the-wild-final-small/UNSAFE/1/frame_471.jpg,UNSAFE,UNSAFE,0.9612559676170349,reflection_only,in_the_wild
/Users/ahooker/Documents/Dissertation/virtushield/final-datasets/in-the-wild-final-small/UNSAFE/1/frame_477.jpg,UNSAFE,UNSAFE,0.9291782379150391,reflection_only,in_the_wild
/Users/ahooker/Documents/Dissertation/virtushield/final-datasets/in-the-wild-final-small/UNSAFE/1/frame_479.jpg,UNSAFE,UNSAFE,0.8818491697311401,reflection_only,in_the_wild
/Users/ahooker/Documents/Dissertation/virtushield/final-datasets/in-the-wild-final-small/UNSAFE/1/frame_482.jpg,UNSAFE,UNSAFE,0.8876152634620667,reflection_only,in_the_wild
/Users/ahooker/Documents/Dissertation/virtushield/final-datasets/in-the-wild-final-small/UNSAFE/1/frame_483.jpg,UNSAFE,UNSAFE,0.9674175381660461,reflection_only,in_the_wild
/Users/ahooker/Documents/Dissertation/virtushield/final-datasets/in-the-wild-final-small/UNSAFE/1/frame_486.jpg,UNSAFE,UNSAFE,0.9633550643920898,reflection_only,in_the_wild
/Users/ahooker/Documents/Dissertation/virtushield/final-datasets/in-the-wild-final-small/UNSAFE/1/frame_488.jpg,UNSAFE,UNSAFE,0.9615739583969116,reflection_only,in_the_wild
/Users/ahooker/Documents/Dissertation/virtushield/final-datasets/in-the-wild-final-small/UNSAFE/1/frame_49.jpg,UNSAFE,UNSAFE,0.9234904646873474,reflection_only,in_the_wild
/Users/ahooker/Documents/Dissertation/virtushield/final-datasets/in-the-wild-final-small/UNSAFE/1/frame_490.jpg,UNSAFE,UNSAFE,0.8809947967529297,reflection_only,in_the_wild
/Users/ahooker/Documents/Dissertation/virtushield/final-datasets/in-the-wild-final-small/UNSAFE/1/frame_496.jpg,UNSAFE,UNSAFE,0.9281901121139526,reflection_only,in_the_wild
/Users/ahooker/Documents/Dissertation/virtushield/final-datasets/in-the-wild-final-small/UNSAFE/1/frame_497.jpg,UNSAFE,UNSAFE,0.9297910928726196,reflection_only,in_the_wild
/Users/ahooker/Documents/Dissertation/virtushield/final-datasets/in-the-wild-final-small/UNSAFE/1/frame_499.jpg,UNSAFE,UNSAFE,0.9283220767974854,reflection_only,in_the_wild
/Users/ahooker/Documents/Dissertation/virtushield/final-datasets/in-the-wild-final-small/UNSAFE/1/frame_50.jpg,UNSAFE,UNSAFE,0.5371326208114624,reflection_only,in_the_wild
/Users/ahooker/Documents/Dissertation/virtushield/final-datasets/in-the-wild-final-small/UNSAFE/1/frame_501.jpg,UNSAFE,UNSAFE,0.9741476774215698,reflection_only,in_the_wild
/Users/ahooker/Documents/Dissertation/virtushield/final-datasets/in-the-wild-final-small/UNSAFE/1/frame_503.jpg,UNSAFE,UNSAFE,0.8980926275253296,reflection_only,in_the_wild
/Users/ahooker/Documents/Dissertation/virtushield/final-datasets/in-the-wild-final-small/UNSAFE/1/frame_504.jpg,UNSAFE,UNSAFE,0.7205196619033813,reflection_only,in_the_wild
/Users/ahooker/Documents/Dissertation/virtushield/final-datasets/in-the-wild-final-small/UNSAFE/1/frame_506.jpg,UNSAFE,UNSAFE,0.9700366258621216,reflection_only,in_the_wild
/Users/ahooker/Documents/Dissertation/virtushield/final-datasets/in-the-wild-final-small/UNSAFE/1/frame_507.jpg,UNSAFE,UNSAFE,0.875164806842804,reflection_only,in_the_wild
/Users/ahooker/Documents/Dissertation/virtushield/final-datasets/in-the-wild-final-small/UNSAFE/1/frame_509.jpg,UNSAFE,UNSAFE,0.865599513053894,reflection_only,in_the_wild
/Users/ahooker/Documents/Dissertation/virtushield/final-datasets/in-the-wild-final-small/UNSAFE/1/frame_514.jpg,UNSAFE,UNSAFE,0.9818710088729858,reflection_only,in_the_wild
/Users/ahooker/Documents/Dissertation/virtushield/final-datasets/in-the-wild-final-small/UNSAFE/1/frame_516.jpg,UNSAFE,UNSAFE,0.9546907544136047,reflection_only,in_the_wild
/Users/ahooker/Documents/Dissertation/virtushield/final-datasets/in-the-wild-final-small/UNSAFE/1/frame_518.jpg,UNSAFE,UNSAFE,0.9610917568206787,reflection_only,in_the_wild
/Users/ahooker/Documents/Dissertation/virtushield/final-datasets/in-the-wild-final-small/UNSAFE/1/frame_519.jpg,UNSAFE,UNSAFE,0.9703388810157776,reflection_only,in_the_wild
/Users/ahooker/Documents/Dissertation/virtushield/final-datasets/in-the-wild-final-small/UNSAFE/1/frame_519__1.jpg,UNSAFE,UNSAFE,0.9632132649421692,reflection_only,in_the_wild
/Users/ahooker/Documents/Dissertation/virtushield/final-datasets/in-the-wild-final-small/UNSAFE/1/frame_524.jpg,UNSAFE,UNSAFE,0.9446760416030884,reflection_only,in_the_wild
/Users/ahooker/Documents/Dissertation/virtushield/final-datasets/in-the-wild-final-small/UNSAFE/1/frame_53.jpg,UNSAFE,UNSAFE,0.9461715817451477,reflection_only,in_the_wild
/Users/ahooker/Documents/Dissertation/virtushield/final-datasets/in-the-wild-final-small/UNSAFE/1/frame_535.jpg,UNSAFE,UNSAFE,0.8869925737380981,reflection_only,in_the_wild
/Users/ahooker/Documents/Dissertation/virtushield/final-datasets/in-the-wild-final-small/UNSAFE/1/frame_536.jpg,UNSAFE,UNSAFE,0.9557121992111206,reflection_only,in_the_wild
/Users/ahooker/Documents/Dissertation/virtushield/final-datasets/in-the-wild-final-small/UNSAFE/1/frame_538.jpg,UNSAFE,UNSAFE,0.9237614870071411,reflection_only,in_the_wild
/Users/ahooker/Documents/Dissertation/virtushield/final-datasets/in-the-wild-final-small/UNSAFE/1/frame_539.jpg,UNSAFE,UNSAFE,0.9819058179855347,reflection_only,in_the_wild
/Users/ahooker/Documents/Dissertation/virtushield/final-datasets/in-the-wild-final-small/UNSAFE/1/frame_54.jpg,UNSAFE,UNSAFE,0.9805440306663513,reflection_only,in_the_wild
/Users/ahooker/Documents/Dissertation/virtushield/final-datasets/in-the-wild-final-small/UNSAFE/1/frame_540.jpg,UNSAFE,UNSAFE,0.9398142099380493,reflection_only,in_the_wild
/Users/ahooker/Documents/Dissertation/virtushield/final-datasets/in-the-wild-final-small/UNSAFE/1/frame_545.jpg,UNSAFE,UNSAFE,0.9275683164596558,reflection_only,in_the_wild
/Users/ahooker/Documents/Dissertation/virtushield/final-datasets/in-the-wild-final-small/UNSAFE/1/frame_545__1.jpg,UNSAFE,UNSAFE,0.9514487981796265,reflection_only,in_the_wild
/Users/ahooker/Documents/Dissertation/virtushield/final-datasets/in-the-wild-final-small/UNSAFE/1/frame_548.jpg,UNSAFE,UNSAFE,0.9380377531051636,reflection_only,in_the_wild
/Users/ahooker/Documents/Dissertation/virtushield/final-datasets/in-the-wild-final-small/UNSAFE/1/frame_552.jpg,UNSAFE,UNSAFE,0.8941420316696167,reflection_only,in_the_wild
/Users/ahooker/Documents/Dissertation/virtushield/final-datasets/in-the-wild-final-small/UNSAFE/1/frame_557.jpg,UNSAFE,UNSAFE,0.9859665036201477,reflection_only,in_the_wild
/Users/ahooker/Documents/Dissertation/virtushield/final-datasets/in-the-wild-final-small/UNSAFE/1/frame_56.jpg,UNSAFE,UNSAFE,0.8772212266921997,reflection_only,in_the_wild
/Users/ahooker/Documents/Dissertation/virtushield/final-datasets/in-the-wild-final-small/UNSAFE/1/frame_563.jpg,UNSAFE,UNSAFE,0.9410960078239441,reflection_only,in_the_wild
/Users/ahooker/Documents/Dissertation/virtushield/final-datasets/in-the-wild-final-small/UNSAFE/1/frame_566.jpg,UNSAFE,UNSAFE,0.9370344877243042,reflection_only,in_the_wild
/Users/ahooker/Documents/Dissertation/virtushield/final-datasets/in-the-wild-final-small/UNSAFE/1/frame_57.jpg,UNSAFE,UNSAFE,0.9850565791130066,reflection_only,in_the_wild
/Users/ahooker/Documents/Dissertation/virtushield/final-datasets/in-the-wild-final-small/UNSAFE/1/frame_573.jpg,UNSAFE,UNSAFE,0.8465214967727661,reflection_only,in_the_wild
/Users/ahooker/Documents/Dissertation/virtushield/final-datasets/in-the-wild-final-small/UNSAFE/1/frame_577.jpg,UNSAFE,UNSAFE,0.7983538508415222,reflection_only,in_the_wild
/Users/ahooker/Documents/Dissertation/virtushield/final-datasets/in-the-wild-final-small/UNSAFE/1/frame_57__1.jpg,UNSAFE,UNSAFE,0.9005696177482605,reflection_only,in_the_wild
/Users/ahooker/Documents/Dissertation/virtushield/final-datasets/in-the-wild-final-small/UNSAFE/1/frame_586.jpg,UNSAFE,UNSAFE,0.9655113816261292,reflection_only,in_the_wild
/Users/ahooker/Documents/Dissertation/virtushield/final-datasets/in-the-wild-final-small/UNSAFE/1/frame_59.jpg,UNSAFE,UNSAFE,0.925601601600647,reflection_only,in_the_wild
/Users/ahooker/Documents/Dissertation/virtushield/final-datasets/in-the-wild-final-small/UNSAFE/1/frame_592.jpg,UNSAFE,UNSAFE,0.9631085395812988,reflection_only,in_the_wild
/Users/ahooker/Documents/Dissertation/virtushield/final-datasets/in-the-wild-final-small/UNSAFE/1/frame_59__1.jpg,UNSAFE,UNSAFE,0.7729132175445557,reflection_only,in_the_wild
/Users/ahooker/Documents/Dissertation/virtushield/final-datasets/in-the-wild-final-small/UNSAFE/1/frame_60.jpg,UNSAFE,UNSAFE,0.9398439526557922,reflection_only,in_the_wild
/Users/ahooker/Documents/Dissertation/virtushield/final-datasets/in-the-wild-final-small/UNSAFE/1/frame_602.jpg,UNSAFE,UNSAFE,0.9113544821739197,reflection_only,in_the_wild
/Users/ahooker/Documents/Dissertation/virtushield/final-datasets/in-the-wild-final-small/UNSAFE/1/frame_609.jpg,UNSAFE,UNSAFE,0.9466397166252136,reflection_only,in_the_wild
/Users/ahooker/Documents/Dissertation/virtushield/final-datasets/in-the-wild-final-small/UNSAFE/1/frame_61.jpg,UNSAFE,UNSAFE,0.9112022519111633,reflection_only,in_the_wild
/Users/ahooker/Documents/Dissertation/virtushield/final-datasets/in-the-wild-final-small/UNSAFE/1/frame_619.jpg,UNSAFE,UNSAFE,0.8012876510620117,reflection_only,in_the_wild
/Users/ahooker/Documents/Dissertation/virtushield/final-datasets/in-the-wild-final-small/UNSAFE/1/frame_624.jpg,UNSAFE,UNSAFE,0.985762357711792,reflection_only,in_the_wild
/Users/ahooker/Documents/Dissertation/virtushield/final-datasets/in-the-wild-final-small/UNSAFE/1/frame_626.jpg,UNSAFE,UNSAFE,0.9715012311935425,reflection_only,in_the_wild
/Users/ahooker/Documents/Dissertation/virtushield/final-datasets/in-the-wild-final-small/UNSAFE/1/frame_628.jpg,UNSAFE,UNSAFE,0.9773465991020203,reflection_only,in_the_wild
/Users/ahooker/Documents/Dissertation/virtushield/final-datasets/in-the-wild-final-small/UNSAFE/1/frame_632.jpg,UNSAFE,UNSAFE,0.9361119866371155,reflection_only,in_the_wild
/Users/ahooker/Documents/Dissertation/virtushield/final-datasets/in-the-wild-final-small/UNSAFE/1/frame_632__1.jpg,UNSAFE,UNSAFE,0.9730467796325684,reflection_only,in_the_wild
/Users/ahooker/Documents/Dissertation/virtushield/final-datasets/in-the-wild-final-small/UNSAFE/1/frame_636.jpg,UNSAFE,UNSAFE,0.9772328734397888,reflection_only,in_the_wild
/Users/ahooker/Documents/Dissertation/virtushield/final-datasets/in-the-wild-final-small/UNSAFE/1/frame_64.jpg,UNSAFE,UNSAFE,0.9642161130905151,reflection_only,in_the_wild
/Users/ahooker/Documents/Dissertation/virtushield/final-datasets/in-the-wild-final-small/UNSAFE/1/frame_640.jpg,UNSAFE,UNSAFE,0.9082309603691101,reflection_only,in_the_wild
/Users/ahooker/Documents/Dissertation/virtushield/final-datasets/in-the-wild-final-small/UNSAFE/1/frame_641.jpg,UNSAFE,UNSAFE,0.9492442607879639,reflection_only,in_the_wild
/Users/ahooker/Documents/Dissertation/virtushield/final-datasets/in-the-wild-final-small/UNSAFE/1/frame_643.jpg,UNSAFE,UNSAFE,0.834492564201355,reflection_only,in_the_wild
/Users/ahooker/Documents/Dissertation/virtushield/final-datasets/in-the-wild-final-small/UNSAFE/1/frame_64__1.jpg,UNSAFE,UNSAFE,0.902342677116394,reflection_only,in_the_wild
/Users/ahooker/Documents/Dissertation/virtushield/final-datasets/in-the-wild-final-small/UNSAFE/1/frame_65.jpg,UNSAFE,UNSAFE,0.8379291892051697,reflection_only,in_the_wild
/Users/ahooker/Documents/Dissertation/virtushield/final-datasets/in-the-wild-final-small/UNSAFE/1/frame_653.jpg,UNSAFE,UNSAFE,0.9815962910652161,reflection_only,in_the_wild
/Users/ahooker/Documents/Dissertation/virtushield/final-datasets/in-the-wild-final-small/UNSAFE/1/frame_656.jpg,UNSAFE,UNSAFE,0.9693116545677185,reflection_only,in_the_wild
/Users/ahooker/Documents/Dissertation/virtushield/final-datasets/in-the-wild-final-small/UNSAFE/1/frame_65__1.jpg,UNSAFE,UNSAFE,0.8715047240257263,reflection_only,in_the_wild
/Users/ahooker/Documents/Dissertation/virtushield/final-datasets/in-the-wild-final-small/UNSAFE/1/frame_65__2.jpg,UNSAFE,UNSAFE,0.8770591020584106,reflection_only,in_the_wild
/Users/ahooker/Documents/Dissertation/virtushield/final-datasets/in-the-wild-final-small/UNSAFE/1/frame_665.jpg,UNSAFE,UNSAFE,0.9493171572685242,reflection_only,in_the_wild
/Users/ahooker/Documents/Dissertation/virtushield/final-datasets/in-the-wild-final-small/UNSAFE/1/frame_666.jpg,UNSAFE,UNSAFE,0.8909977078437805,reflection_only,in_the_wild
/Users/ahooker/Documents/Dissertation/virtushield/final-datasets/in-the-wild-final-small/UNSAFE/1/frame_668.jpg,UNSAFE,UNSAFE,0.9443459510803223,reflection_only,in_the_wild
/Users/ahooker/Documents/Dissertation/virtushield/final-datasets/in-the-wild-final-small/UNSAFE/1/frame_672.jpg,UNSAFE,UNSAFE,0.9706937074661255,reflection_only,in_the_wild
/Users/ahooker/Documents/Dissertation/virtushield/final-datasets/in-the-wild-final-small/UNSAFE/1/frame_676.jpg,UNSAFE,UNSAFE,0.9530761241912842,reflection_only,in_the_wild
/Users/ahooker/Documents/Dissertation/virtushield/final-datasets/in-the-wild-final-small/UNSAFE/1/frame_682.jpg,UNSAFE,UNSAFE,0.9198569655418396,reflection_only,in_the_wild
/Users/ahooker/Documents/Dissertation/virtushield/final-datasets/in-the-wild-final-small/UNSAFE/1/frame_686.jpg,UNSAFE,UNSAFE,0.9682185649871826,reflection_only,in_the_wild
/Users/ahooker/Documents/Dissertation/virtushield/final-datasets/in-the-wild-final-small/UNSAFE/1/frame_689.jpg,UNSAFE,UNSAFE,0.9414657950401306,reflection_only,in_the_wild
/Users/ahooker/Documents/Dissertation/virtushield/final-datasets/in-the-wild-final-small/UNSAFE/1/frame_69.jpg,UNSAFE,UNSAFE,0.85170578956604,reflection_only,in_the_wild
/Users/ahooker/Documents/Dissertation/virtushield/final-datasets/in-the-wild-final-small/UNSAFE/1/frame_692.jpg,UNSAFE,UNSAFE,0.8463605642318726,reflection_only,in_the_wild
/Users/ahooker/Documents/Dissertation/virtushield/final-datasets/in-the-wild-final-small/UNSAFE/1/frame_697.jpg,UNSAFE,UNSAFE,0.9737157821655273,reflection_only,in_the_wild
/Users/ahooker/Documents/Dissertation/virtushield/final-datasets/in-the-wild-final-small/UNSAFE/1/frame_70.jpg,UNSAFE,SAFE,0.3177593946456909,reflection_only,in_the_wild
/Users/ahooker/Documents/Dissertation/virtushield/final-datasets/in-the-wild-final-small/UNSAFE/1/frame_700.jpg,UNSAFE,UNSAFE,0.9717087149620056,reflection_only,in_the_wild
/Users/ahooker/Documents/Dissertation/virtushield/final-datasets/in-the-wild-final-small/UNSAFE/1/frame_70__1.jpg,UNSAFE,UNSAFE,0.976017415523529,reflection_only,in_the_wild
/Users/ahooker/Documents/Dissertation/virtushield/final-datasets/in-the-wild-final-small/UNSAFE/1/frame_71.jpg,UNSAFE,UNSAFE,0.8760856986045837,reflection_only,in_the_wild
/Users/ahooker/Documents/Dissertation/virtushield/final-datasets/in-the-wild-final-small/UNSAFE/1/frame_710.jpg,UNSAFE,UNSAFE,0.9370176196098328,reflection_only,in_the_wild
/Users/ahooker/Documents/Dissertation/virtushield/final-datasets/in-the-wild-final-small/UNSAFE/1/frame_711.jpg,UNSAFE,UNSAFE,0.9808681607246399,reflection_only,in_the_wild
/Users/ahooker/Documents/Dissertation/virtushield/final-datasets/in-the-wild-final-small/UNSAFE/1/frame_713.jpg,UNSAFE,UNSAFE,0.976592481136322,reflection_only,in_the_wild
/Users/ahooker/Documents/Dissertation/virtushield/final-datasets/in-the-wild-final-small/UNSAFE/1/frame_717.jpg,UNSAFE,UNSAFE,0.9853739738464355,reflection_only,in_the_wild
/Users/ahooker/Documents/Dissertation/virtushield/final-datasets/in-the-wild-final-small/UNSAFE/1/frame_719.jpg,UNSAFE,UNSAFE,0.9874547719955444,reflection_only,in_the_wild
/Users/ahooker/Documents/Dissertation/virtushield/final-datasets/in-the-wild-final-small/UNSAFE/1/frame_719__1.jpg,UNSAFE,UNSAFE,0.8808898329734802,reflection_only,in_the_wild
/Users/ahooker/Documents/Dissertation/virtushield/final-datasets/in-the-wild-final-small/UNSAFE/1/frame_71__1.jpg,UNSAFE,UNSAFE,0.995241641998291,reflection_only,in_the_wild
/Users/ahooker/Documents/Dissertation/virtushield/final-datasets/in-the-wild-final-small/UNSAFE/1/frame_724.jpg,UNSAFE,UNSAFE,0.986729085445404,reflection_only,in_the_wild
/Users/ahooker/Documents/Dissertation/virtushield/final-datasets/in-the-wild-final-small/UNSAFE/1/frame_726.jpg,UNSAFE,UNSAFE,0.9878330230712891,reflection_only,in_the_wild
/Users/ahooker/Documents/Dissertation/virtushield/final-datasets/in-the-wild-final-small/UNSAFE/1/frame_728.jpg,UNSAFE,UNSAFE,0.9617907404899597,reflection_only,in_the_wild
/Users/ahooker/Documents/Dissertation/virtushield/final-datasets/in-the-wild-final-small/UNSAFE/1/frame_734.jpg,UNSAFE,UNSAFE,0.9527131915092468,reflection_only,in_the_wild
/Users/ahooker/Documents/Dissertation/virtushield/final-datasets/in-the-wild-final-small/UNSAFE/1/frame_735.jpg,UNSAFE,UNSAFE,0.9735147356987,reflection_only,in_the_wild
/Users/ahooker/Documents/Dissertation/virtushield/final-datasets/in-the-wild-final-small/UNSAFE/1/frame_736.jpg,UNSAFE,UNSAFE,0.9171213507652283,reflection_only,in_the_wild
/Users/ahooker/Documents/Dissertation/virtushield/final-datasets/in-the-wild-final-small/UNSAFE/1/frame_738.jpg,UNSAFE,UNSAFE,0.9371494054794312,reflection_only,in_the_wild
/Users/ahooker/Documents/Dissertation/virtushield/final-datasets/in-the-wild-final-small/UNSAFE/1/frame_74.jpg,UNSAFE,UNSAFE,0.9877074360847473,reflection_only,in_the_wild
/Users/ahooker/Documents/Dissertation/virtushield/final-datasets/in-the-wild-final-small/UNSAFE/1/frame_740.jpg,UNSAFE,UNSAFE,0.9677293300628662,reflection_only,in_the_wild
/Users/ahooker/Documents/Dissertation/virtushield/final-datasets/in-the-wild-final-small/UNSAFE/1/frame_745.jpg,UNSAFE,UNSAFE,0.958386242389679,reflection_only,in_the_wild
/Users/ahooker/Documents/Dissertation/virtushield/final-datasets/in-the-wild-final-small/UNSAFE/1/frame_747.jpg,UNSAFE,UNSAFE,0.9616798162460327,reflection_only,in_the_wild
/Users/ahooker/Documents/Dissertation/virtushield/final-datasets/in-the-wild-final-small/UNSAFE/1/frame_752.jpg,UNSAFE,UNSAFE,0.9731507301330566,reflection_only,in_the_wild
/Users/ahooker/Documents/Dissertation/virtushield/final-datasets/in-the-wild-final-small/UNSAFE/1/frame_754.jpg,UNSAFE,UNSAFE,0.964544951915741,reflection_only,in_the_wild
/Users/ahooker/Documents/Dissertation/virtushield/final-datasets/in-the-wild-final-small/UNSAFE/1/frame_755.jpg,UNSAFE,UNSAFE,0.918481707572937,reflection_only,in_the_wild
/Users/ahooker/Documents/Dissertation/virtushield/final-datasets/in-the-wild-final-small/UNSAFE/1/frame_76.jpg,UNSAFE,UNSAFE,0.8749294281005859,reflection_only,in_the_wild
/Users/ahooker/Documents/Dissertation/virtushield/final-datasets/in-the-wild-final-small/UNSAFE/1/frame_760.jpg,UNSAFE,UNSAFE,0.9571478962898254,reflection_only,in_the_wild
/Users/ahooker/Documents/Dissertation/virtushield/final-datasets/in-the-wild-final-small/UNSAFE/1/frame_763.jpg,UNSAFE,UNSAFE,0.9839310050010681,reflection_only,in_the_wild
/Users/ahooker/Documents/Dissertation/virtushield/final-datasets/in-the-wild-final-small/UNSAFE/1/frame_764.jpg,UNSAFE,UNSAFE,0.9870120882987976,reflection_only,in_the_wild
/Users/ahooker/Documents/Dissertation/virtushield/final-datasets/in-the-wild-final-small/UNSAFE/1/frame_766.jpg,UNSAFE,UNSAFE,0.9785516858100891,reflection_only,in_the_wild
/Users/ahooker/Documents/Dissertation/virtushield/final-datasets/in-the-wild-final-small/UNSAFE/1/frame_767.jpg,UNSAFE,UNSAFE,0.9975202679634094,reflection_only,in_the_wild
/Users/ahooker/Documents/Dissertation/virtushield/final-datasets/in-the-wild-final-small/UNSAFE/1/frame_768.jpg,UNSAFE,UNSAFE,0.9927065968513489,reflection_only,in_the_wild
/Users/ahooker/Documents/Dissertation/virtushield/final-datasets/in-the-wild-final-small/UNSAFE/1/frame_770.jpg,UNSAFE,UNSAFE,0.9922978281974792,reflection_only,in_the_wild
/Users/ahooker/Documents/Dissertation/virtushield/final-datasets/in-the-wild-final-small/UNSAFE/1/frame_771.jpg,UNSAFE,UNSAFE,0.9885089993476868,reflection_only,in_the_wild
/Users/ahooker/Documents/Dissertation/virtushield/final-datasets/in-the-wild-final-small/UNSAFE/1/frame_778.jpg,UNSAFE,UNSAFE,0.9855983853340149,reflection_only,in_the_wild
/Users/ahooker/Documents/Dissertation/virtushield/final-datasets/in-the-wild-final-small/UNSAFE/1/frame_78.jpg,UNSAFE,UNSAFE,0.9441524744033813,reflection_only,in_the_wild
/Users/ahooker/Documents/Dissertation/virtushield/final-datasets/in-the-wild-final-small/UNSAFE/1/frame_782.jpg,UNSAFE,UNSAFE,0.9338554739952087,reflection_only,in_the_wild
/Users/ahooker/Documents/Dissertation/virtushield/final-datasets/in-the-wild-final-small/UNSAFE/1/frame_789.jpg,UNSAFE,UNSAFE,0.9911438226699829,reflection_only,in_the_wild
/Users/ahooker/Documents/Dissertation/virtushield/final-datasets/in-the-wild-final-small/UNSAFE/1/frame_78__1.jpg,UNSAFE,UNSAFE,0.957871675491333,reflection_only,in_the_wild
/Users/ahooker/Documents/Dissertation/virtushield/final-datasets/in-the-wild-final-small/UNSAFE/1/frame_792.jpg,UNSAFE,UNSAFE,0.9666863083839417,reflection_only,in_the_wild
/Users/ahooker/Documents/Dissertation/virtushield/final-datasets/in-the-wild-final-small/UNSAFE/1/frame_796.jpg,UNSAFE,UNSAFE,0.9798808693885803,reflection_only,in_the_wild
/Users/ahooker/Documents/Dissertation/virtushield/final-datasets/in-the-wild-final-small/UNSAFE/1/frame_799.jpg,UNSAFE,UNSAFE,0.9861149787902832,reflection_only,in_the_wild
/Users/ahooker/Documents/Dissertation/virtushield/final-datasets/in-the-wild-final-small/UNSAFE/1/frame_8.jpg,UNSAFE,UNSAFE,0.9340270161628723,reflection_only,in_the_wild
/Users/ahooker/Documents/Dissertation/virtushield/final-datasets/in-the-wild-final-small/UNSAFE/1/frame_80.jpg,UNSAFE,UNSAFE,0.8760595917701721,reflection_only,in_the_wild
/Users/ahooker/Documents/Dissertation/virtushield/final-datasets/in-the-wild-final-small/UNSAFE/1/frame_802.jpg,UNSAFE,UNSAFE,0.9666882157325745,reflection_only,in_the_wild
/Users/ahooker/Documents/Dissertation/virtushield/final-datasets/in-the-wild-final-small/UNSAFE/1/frame_805.jpg,UNSAFE,UNSAFE,0.9959946870803833,reflection_only,in_the_wild
/Users/ahooker/Documents/Dissertation/virtushield/final-datasets/in-the-wild-final-small/UNSAFE/1/frame_809.jpg,UNSAFE,UNSAFE,0.9919373393058777,reflection_only,in_the_wild
/Users/ahooker/Documents/Dissertation/virtushield/final-datasets/in-the-wild-final-small/UNSAFE/1/frame_81.jpg,UNSAFE,UNSAFE,0.9869453310966492,reflection_only,in_the_wild
/Users/ahooker/Documents/Dissertation/virtushield/final-datasets/in-the-wild-final-small/UNSAFE/1/frame_814.jpg,UNSAFE,UNSAFE,0.9933326840400696,reflection_only,in_the_wild
/Users/ahooker/Documents/Dissertation/virtushield/final-datasets/in-the-wild-final-small/UNSAFE/1/frame_81__1.jpg,UNSAFE,UNSAFE,0.8985422253608704,reflection_only,in_the_wild
/Users/ahooker/Documents/Dissertation/virtushield/final-datasets/in-the-wild-final-small/UNSAFE/1/frame_81__2.jpg,UNSAFE,UNSAFE,0.9582719206809998,reflection_only,in_the_wild
/Users/ahooker/Documents/Dissertation/virtushield/final-datasets/in-the-wild-final-small/UNSAFE/1/frame_823.jpg,UNSAFE,UNSAFE,0.9480592012405396,reflection_only,in_the_wild
/Users/ahooker/Documents/Dissertation/virtushield/final-datasets/in-the-wild-final-small/UNSAFE/1/frame_828.jpg,UNSAFE,UNSAFE,0.9629295468330383,reflection_only,in_the_wild
/Users/ahooker/Documents/Dissertation/virtushield/final-datasets/in-the-wild-final-small/UNSAFE/1/frame_829.jpg,UNSAFE,UNSAFE,0.9491166472434998,reflection_only,in_the_wild
/Users/ahooker/Documents/Dissertation/virtushield/final-datasets/in-the-wild-final-small/UNSAFE/1/frame_83.jpg,UNSAFE,UNSAFE,0.874170184135437,reflection_only,in_the_wild
/Users/ahooker/Documents/Dissertation/virtushield/final-datasets/in-the-wild-final-small/UNSAFE/1/frame_839.jpg,UNSAFE,UNSAFE,0.9805506467819214,reflection_only,in_the_wild
/Users/ahooker/Documents/Dissertation/virtushield/final-datasets/in-the-wild-final-small/UNSAFE/1/frame_83__1.jpg,UNSAFE,UNSAFE,0.9457806348800659,reflection_only,in_the_wild
/Users/ahooker/Documents/Dissertation/virtushield/final-datasets/in-the-wild-final-small/UNSAFE/1/frame_84.jpg,UNSAFE,UNSAFE,0.9500634670257568,reflection_only,in_the_wild
/Users/ahooker/Documents/Dissertation/virtushield/final-datasets/in-the-wild-final-small/UNSAFE/1/frame_845.jpg,UNSAFE,UNSAFE,0.9775245189666748,reflection_only,in_the_wild
/Users/ahooker/Documents/Dissertation/virtushield/final-datasets/in-the-wild-final-small/UNSAFE/1/frame_85.jpg,UNSAFE,UNSAFE,0.9914122819900513,reflection_only,in_the_wild
/Users/ahooker/Documents/Dissertation/virtushield/final-datasets/in-the-wild-final-small/UNSAFE/1/frame_853.jpg,UNSAFE,UNSAFE,0.9712737798690796,reflection_only,in_the_wild
/Users/ahooker/Documents/Dissertation/virtushield/final-datasets/in-the-wild-final-small/UNSAFE/1/frame_856.jpg,UNSAFE,UNSAFE,0.9899857044219971,reflection_only,in_the_wild
/Users/ahooker/Documents/Dissertation/virtushield/final-datasets/in-the-wild-final-small/UNSAFE/1/frame_86.jpg,UNSAFE,UNSAFE,0.9887935519218445,reflection_only,in_the_wild
/Users/ahooker/Documents/Dissertation/virtushield/final-datasets/in-the-wild-final-small/UNSAFE/1/frame_87.jpg,UNSAFE,UNSAFE,0.8412533402442932,reflection_only,in_the_wild
/Users/ahooker/Documents/Dissertation/virtushield/final-datasets/in-the-wild-final-small/UNSAFE/1/frame_87__1.jpg,UNSAFE,UNSAFE,0.9411807060241699,reflection_only,in_the_wild
/Users/ahooker/Documents/Dissertation/virtushield/final-datasets/in-the-wild-final-small/UNSAFE/1/frame_90.jpg,UNSAFE,UNSAFE,0.8554164171218872,reflection_only,in_the_wild
/Users/ahooker/Documents/Dissertation/virtushield/final-datasets/in-the-wild-final-small/UNSAFE/1/frame_91.jpg,UNSAFE,UNSAFE,0.8609859943389893,reflection_only,in_the_wild
/Users/ahooker/Documents/Dissertation/virtushield/final-datasets/in-the-wild-final-small/UNSAFE/1/frame_92.jpg,UNSAFE,UNSAFE,0.919869065284729,reflection_only,in_the_wild
/Users/ahooker/Documents/Dissertation/virtushield/final-datasets/in-the-wild-final-small/UNSAFE/1/frame_92__1.jpg,UNSAFE,UNSAFE,0.991575300693512,reflection_only,in_the_wild
/Users/ahooker/Documents/Dissertation/virtushield/final-datasets/in-the-wild-final-small/UNSAFE/1/frame_93.jpg,UNSAFE,UNSAFE,0.9535850882530212,reflection_only,in_the_wild
/Users/ahooker/Documents/Dissertation/virtushield/final-datasets/in-the-wild-final-small/UNSAFE/1/frame_93__1.jpg,UNSAFE,UNSAFE,0.98215252161026,reflection_only,in_the_wild
/Users/ahooker/Documents/Dissertation/virtushield/final-datasets/in-the-wild-final-small/UNSAFE/1/frame_94.jpg,UNSAFE,UNSAFE,0.7838217616081238,reflection_only,in_the_wild
/Users/ahooker/Documents/Dissertation/virtushield/final-datasets/in-the-wild-final-small/UNSAFE/1/frame_94__1.jpg,UNSAFE,UNSAFE,0.9213903546333313,reflection_only,in_the_wild
/Users/ahooker/Documents/Dissertation/virtushield/final-datasets/in-the-wild-final-small/UNSAFE/1/frame_94__2.jpg,UNSAFE,UNSAFE,0.9773067831993103,reflection_only,in_the_wild
/Users/ahooker/Documents/Dissertation/virtushield/final-datasets/in-the-wild-final-small/UNSAFE/1/frame_95.jpg,UNSAFE,UNSAFE,0.8756734132766724,reflection_only,in_the_wild
/Users/ahooker/Documents/Dissertation/virtushield/final-datasets/in-the-wild-final-small/UNSAFE/1/frame_96.jpg,UNSAFE,UNSAFE,0.9201109409332275,reflection_only,in_the_wild
/Users/ahooker/Documents/Dissertation/virtushield/final-datasets/in-the-wild-final-small/UNSAFE/1/frame_960.jpg,UNSAFE,UNSAFE,0.8831564784049988,reflection_only,in_the_wild
/Users/ahooker/Documents/Dissertation/virtushield/final-datasets/in-the-wild-final-small/UNSAFE/1/frame_962.jpg,UNSAFE,UNSAFE,0.9618704915046692,reflection_only,in_the_wild
/Users/ahooker/Documents/Dissertation/virtushield/final-datasets/in-the-wild-final-small/UNSAFE/1/frame_964.jpg,UNSAFE,UNSAFE,0.772487461566925,reflection_only,in_the_wild
/Users/ahooker/Documents/Dissertation/virtushield/final-datasets/in-the-wild-final-small/UNSAFE/1/frame_965.jpg,UNSAFE,UNSAFE,0.8621017932891846,reflection_only,in_the_wild
/Users/ahooker/Documents/Dissertation/virtushield/final-datasets/in-the-wild-final-small/UNSAFE/1/frame_969.jpg,UNSAFE,UNSAFE,0.9133620262145996,reflection_only,in_the_wild
/Users/ahooker/Documents/Dissertation/virtushield/final-datasets/in-the-wild-final-small/UNSAFE/1/frame_96__1.jpg,UNSAFE,UNSAFE,0.8953154683113098,reflection_only,in_the_wild
/Users/ahooker/Documents/Dissertation/virtushield/final-datasets/in-the-wild-final-small/UNSAFE/1/frame_97.jpg,UNSAFE,UNSAFE,0.9521757364273071,reflection_only,in_the_wild
/Users/ahooker/Documents/Dissertation/virtushield/final-datasets/in-the-wild-final-small/UNSAFE/1/frame_973.jpg,UNSAFE,UNSAFE,0.9132952690124512,reflection_only,in_the_wild
/Users/ahooker/Documents/Dissertation/virtushield/final-datasets/in-the-wild-final-small/UNSAFE/1/frame_977.jpg,UNSAFE,UNSAFE,0.903516948223114,reflection_only,in_the_wild
/Users/ahooker/Documents/Dissertation/virtushield/final-datasets/in-the-wild-final-small/UNSAFE/1/frame_984.jpg,UNSAFE,UNSAFE,0.7416225075721741,reflection_only,in_the_wild
/Users/ahooker/Documents/Dissertation/virtushield/final-datasets/in-the-wild-final-small/UNSAFE/1/frame_99.jpg,UNSAFE,UNSAFE,0.9473991990089417,reflection_only,in_the_wild
/Users/ahooker/Documents/Dissertation/virtushield/final-datasets/in-the-wild-final-small/UNSAFE/1/frame_996.jpg,UNSAFE,UNSAFE,0.9050728678703308,reflection_only,in_the_wild
/Users/ahooker/Documents/Dissertation/virtushield/final-datasets/in-the-wild-final-small/SAFE/0/frame_1000.jpg,SAFE,UNSAFE,0.7672463059425354,reflection_only,in_the_wild
/Users/ahooker/Documents/Dissertation/virtushield/final-datasets/in-the-wild-final-small/SAFE/0/frame_10020.jpg,SAFE,UNSAFE,0.9197039604187012,reflection_only,in_the_wild
/Users/ahooker/Documents/Dissertation/virtushield/final-datasets/in-the-wild-final-small/SAFE/0/frame_10080.jpg,SAFE,UNSAFE,0.6767415404319763,reflection_only,in_the_wild
/Users/ahooker/Documents/Dissertation/virtushield/final-datasets/in-the-wild-final-small/SAFE/0/frame_10080__1.jpg,SAFE,UNSAFE,0.751226007938385,reflection_only,in_the_wild
/Users/ahooker/Documents/Dissertation/virtushield/final-datasets/in-the-wild-final-small/SAFE/0/frame_10140.jpg,SAFE,SAFE,0.11135175824165344,reflection_only,in_the_wild
/Users/ahooker/Documents/Dissertation/virtushield/final-datasets/in-the-wild-final-small/SAFE/0/frame_10180.jpg,SAFE,UNSAFE,0.7600010633468628,reflection_only,in_the_wild
/Users/ahooker/Documents/Dissertation/virtushield/final-datasets/in-the-wild-final-small/SAFE/0/frame_10180__1.jpg,SAFE,UNSAFE,0.7600010633468628,reflection_only,in_the_wild
/Users/ahooker/Documents/Dissertation/virtushield/final-datasets/in-the-wild-final-small/SAFE/0/frame_1020.jpg,SAFE,UNSAFE,0.9482348561286926,reflection_only,in_the_wild
/Users/ahooker/Documents/Dissertation/virtushield/final-datasets/in-the-wild-final-small/SAFE/0/frame_10200.jpg,SAFE,UNSAFE,0.863865852355957,reflection_only,in_the_wild
/Users/ahooker/Documents/Dissertation/virtushield/final-datasets/in-the-wild-final-small/SAFE/0/frame_10220.jpg,SAFE,UNSAFE,0.7271584868431091,reflection_only,in_the_wild
/Users/ahooker/Documents/Dissertation/virtushield/final-datasets/in-the-wild-final-small/SAFE/0/frame_10260.jpg,SAFE,UNSAFE,0.8567090630531311,reflection_only,in_the_wild
/Users/ahooker/Documents/Dissertation/virtushield/final-datasets/in-the-wild-final-small/SAFE/0/frame_10280.jpg,SAFE,UNSAFE,0.9652629494667053,reflection_only,in_the_wild
/Users/ahooker/Documents/Dissertation/virtushield/final-datasets/in-the-wild-final-small/SAFE/0/frame_10280__1.jpg,SAFE,UNSAFE,0.9551987648010254,reflection_only,in_the_wild
/Users/ahooker/Documents/Dissertation/virtushield/final-datasets/in-the-wild-final-small/SAFE/0/frame_10300.jpg,SAFE,UNSAFE,0.6104685068130493,reflection_only,in_the_wild
/Users/ahooker/Documents/Dissertation/virtushield/final-datasets/in-the-wild-final-small/SAFE/0/frame_10320.jpg,SAFE,UNSAFE,0.7735440731048584,reflection_only,in_the_wild
/Users/ahooker/Documents/Dissertation/virtushield/final-datasets/in-the-wild-final-small/SAFE/0/frame_10340.jpg,SAFE,UNSAFE,0.7556172609329224,reflection_only,in_the_wild
/Users/ahooker/Documents/Dissertation/virtushield/final-datasets/in-the-wild-final-small/SAFE/0/frame_10360.jpg,SAFE,UNSAFE,0.888448178768158,reflection_only,in_the_wild
/Users/ahooker/Documents/Dissertation/virtushield/final-datasets/in-the-wild-final-small/SAFE/0/frame_10360__1.jpg,SAFE,SAFE,0.17462708055973053,reflection_only,in_the_wild
/Users/ahooker/Documents/Dissertation/virtushield/final-datasets/in-the-wild-final-small/SAFE/0/frame_10420.jpg,SAFE,UNSAFE,0.9126024842262268,reflection_only,in_the_wild
/Users/ahooker/Documents/Dissertation/virtushield/final-datasets/in-the-wild-final-small/SAFE/0/frame_10420__1.jpg,SAFE,UNSAFE,0.9433479905128479,reflection_only,in_the_wild
/Users/ahooker/Documents/Dissertation/virtushield/final-datasets/in-the-wild-final-small/SAFE/0/frame_10440.jpg,SAFE,UNSAFE,0.6590071320533752,reflection_only,in_the_wild
/Users/ahooker/Documents/Dissertation/virtushield/final-datasets/in-the-wild-final-small/SAFE/0/frame_10540.jpg,SAFE,UNSAFE,0.7045390009880066,reflection_only,in_the_wild
/Users/ahooker/Documents/Dissertation/virtushield/final-datasets/in-the-wild-final-small/SAFE/0/frame_10600.jpg,SAFE,UNSAFE,0.8227889537811279,reflection_only,in_the_wild
/Users/ahooker/Documents/Dissertation/virtushield/final-datasets/in-the-wild-final-small/SAFE/0/frame_10620.jpg,SAFE,UNSAFE,0.7886441946029663,reflection_only,in_the_wild
/Users/ahooker/Documents/Dissertation/virtushield/final-datasets/in-the-wild-final-small/SAFE/0/frame_10640.jpg,SAFE,SAFE,0.36037909984588623,reflection_only,in_the_wild
/Users/ahooker/Documents/Dissertation/virtushield/final-datasets/in-the-wild-final-small/SAFE/0/frame_10660.jpg,SAFE,SAFE,0.411204993724823,reflection_only,in_the_wild
/Users/ahooker/Documents/Dissertation/virtushield/final-datasets/in-the-wild-final-small/SAFE/0/frame_10680.jpg,SAFE,UNSAFE,0.8949783444404602,reflection_only,in_the_wild
/Users/ahooker/Documents/Dissertation/virtushield/final-datasets/in-the-wild-final-small/SAFE/0/frame_1080.jpg,SAFE,UNSAFE,0.5703352689743042,reflection_only,in_the_wild
/Users/ahooker/Documents/Dissertation/virtushield/final-datasets/in-the-wild-final-small/SAFE/0/frame_10800.jpg,SAFE,SAFE,0.28050434589385986,reflection_only,in_the_wild
/Users/ahooker/Documents/Dissertation/virtushield/final-datasets/in-the-wild-final-small/SAFE/0/frame_1080__1.jpg,SAFE,SAFE,0.17539016902446747,reflection_only,in_the_wild
/Users/ahooker/Documents/Dissertation/virtushield/final-datasets/in-the-wild-final-small/SAFE/0/frame_10920.jpg,SAFE,SAFE,0.3419851064682007,reflection_only,in_the_wild
/Users/ahooker/Documents/Dissertation/virtushield/final-datasets/in-the-wild-final-small/SAFE/0/frame_10920__1.jpg,SAFE,SAFE,0.1422588974237442,reflection_only,in_the_wild
/Users/ahooker/Documents/Dissertation/virtushield/final-datasets/in-the-wild-final-small/SAFE/0/frame_11120.jpg,SAFE,UNSAFE,0.986086905002594,reflection_only,in_the_wild
/Users/ahooker/Documents/Dissertation/virtushield/final-datasets/in-the-wild-final-small/SAFE/0/frame_11120__1.jpg,SAFE,UNSAFE,0.8583036065101624,reflection_only,in_the_wild
/Users/ahooker/Documents/Dissertation/virtushield/final-datasets/in-the-wild-final-small/SAFE/0/frame_11120__2.jpg,SAFE,UNSAFE,0.7393022179603577,reflection_only,in_the_wild
/Users/ahooker/Documents/Dissertation/virtushield/final-datasets/in-the-wild-final-small/SAFE/0/frame_11140.jpg,SAFE,SAFE,0.49509289860725403,reflection_only,in_the_wild
/Users/ahooker/Documents/Dissertation/virtushield/final-datasets/in-the-wild-final-small/SAFE/0/frame_11140__1.jpg,SAFE,UNSAFE,0.7524867653846741,reflection_only,in_the_wild
/Users/ahooker/Documents/Dissertation/virtushield/final-datasets/in-the-wild-final-small/SAFE/0/frame_11160.jpg,SAFE,SAFE,0.15532079339027405,reflection_only,in_the_wild
/Users/ahooker/Documents/Dissertation/virtushield/final-datasets/in-the-wild-final-small/SAFE/0/frame_11160__1.jpg,SAFE,UNSAFE,0.8876403570175171,reflection_only,in_the_wild
/Users/ahooker/Documents/Dissertation/virtushield/final-datasets/in-the-wild-final-small/SAFE/0/frame_11180.jpg,SAFE,SAFE,0.36945638060569763,reflection_only,in_the_wild
/Users/ahooker/Documents/Dissertation/virtushield/final-datasets/in-the-wild-final-small/SAFE/0/frame_11260.jpg,SAFE,UNSAFE,0.7758520245552063,reflection_only,in_the_wild
/Users/ahooker/Documents/Dissertation/virtushield/final-datasets/in-the-wild-final-small/SAFE/0/frame_11280.jpg,SAFE,UNSAFE,0.8600040078163147,reflection_only,in_the_wild
/Users/ahooker/Documents/Dissertation/virtushield/final-datasets/in-the-wild-final-small/SAFE/0/frame_1140.jpg,SAFE,UNSAFE,0.7943126559257507,reflection_only,in_the_wild
/Users/ahooker/Documents/Dissertation/virtushield/final-datasets/in-the-wild-final-small/SAFE/0/frame_11400.jpg,SAFE,SAFE,0.22505348920822144,reflection_only,in_the_wild
/Users/ahooker/Documents/Dissertation/virtushield/final-datasets/in-the-wild-final-small/SAFE/0/frame_11420.jpg,SAFE,SAFE,0.49338918924331665,reflection_only,in_the_wild
/Users/ahooker/Documents/Dissertation/virtushield/final-datasets/in-the-wild-final-small/SAFE/0/frame_11460.jpg,SAFE,UNSAFE,0.912241518497467,reflection_only,in_the_wild
/Users/ahooker/Documents/Dissertation/virtushield/final-datasets/in-the-wild-final-small/SAFE/0/frame_11480.jpg,SAFE,UNSAFE,0.8433740139007568,reflection_only,in_the_wild
/Users/ahooker/Documents/Dissertation/virtushield/final-datasets/in-the-wild-final-small/SAFE/0/frame_11500.jpg,SAFE,SAFE,0.2764039635658264,reflection_only,in_the_wild
/Users/ahooker/Documents/Dissertation/virtushield/final-datasets/in-the-wild-final-small/SAFE/0/frame_11520.jpg,SAFE,UNSAFE,0.9444208741188049,reflection_only,in_the_wild
/Users/ahooker/Documents/Dissertation/virtushield/final-datasets/in-the-wild-final-small/SAFE/0/frame_11560.jpg,SAFE,SAFE,0.3759707808494568,reflection_only,in_the_wild
/Users/ahooker/Documents/Dissertation/virtushield/final-datasets/in-the-wild-final-small/SAFE/0/frame_11580.jpg,SAFE,UNSAFE,0.7034534215927124,reflection_only,in_the_wild
/Users/ahooker/Documents/Dissertation/virtushield/final-datasets/in-the-wild-final-small/SAFE/0/frame_11580__1.jpg,SAFE,UNSAFE,0.9380114078521729,reflection_only,in_the_wild
/Users/ahooker/Documents/Dissertation/virtushield/final-datasets/in-the-wild-final-small/SAFE/0/frame_11580__2.jpg,SAFE,UNSAFE,0.6915769577026367,reflection_only,in_the_wild
/Users/ahooker/Documents/Dissertation/virtushield/final-datasets/in-the-wild-final-small/SAFE/0/frame_11580__3.jpg,SAFE,UNSAFE,0.8767514824867249,reflection_only,in_the_wild
/Users/ahooker/Documents/Dissertation/virtushield/final-datasets/in-the-wild-final-small/SAFE/0/frame_11660.jpg,SAFE,UNSAFE,0.7927289009094238,reflection_only,in_the_wild
/Users/ahooker/Documents/Dissertation/virtushield/final-datasets/in-the-wild-final-small/SAFE/0/frame_11700.jpg,SAFE,UNSAFE,0.9655633568763733,reflection_only,in_the_wild
/Users/ahooker/Documents/Dissertation/virtushield/final-datasets/in-the-wild-final-small/SAFE/0/frame_11720.jpg,SAFE,UNSAFE,0.7291601896286011,reflection_only,in_the_wild
/Users/ahooker/Documents/Dissertation/virtushield/final-datasets/in-the-wild-final-small/SAFE/0/frame_11720__1.jpg,SAFE,UNSAFE,0.8411580920219421,reflection_only,in_the_wild
/Users/ahooker/Documents/Dissertation/virtushield/final-datasets/in-the-wild-final-small/SAFE/0/frame_11720__2.jpg,SAFE,UNSAFE,0.7080485224723816,reflection_only,in_the_wild
/Users/ahooker/Documents/Dissertation/virtushield/final-datasets/in-the-wild-final-small/SAFE/0/frame_11760.jpg,SAFE,SAFE,0.10406457632780075,reflection_only,in_the_wild
/Users/ahooker/Documents/Dissertation/virtushield/final-datasets/in-the-wild-final-small/SAFE/0/frame_1180.jpg,SAFE,UNSAFE,0.6144630312919617,reflection_only,in_the_wild
/Users/ahooker/Documents/Dissertation/virtushield/final-datasets/in-the-wild-final-small/SAFE/0/frame_11840.jpg,SAFE,UNSAFE,0.7188589572906494,reflection_only,in_the_wild
/Users/ahooker/Documents/Dissertation/virtushield/final-datasets/in-the-wild-final-small/SAFE/0/frame_11840__1.jpg,SAFE,UNSAFE,0.7365996837615967,reflection_only,in_the_wild
/Users/ahooker/Documents/Dissertation/virtushield/final-datasets/in-the-wild-final-small/SAFE/0/frame_11860.jpg,SAFE,UNSAFE,0.7107393145561218,reflection_only,in_the_wild
/Users/ahooker/Documents/Dissertation/virtushield/final-datasets/in-the-wild-final-small/SAFE/0/frame_11860__1.jpg,SAFE,UNSAFE,0.8493818640708923,reflection_only,in_the_wild
/Users/ahooker/Documents/Dissertation/virtushield/final-datasets/in-the-wild-final-small/SAFE/0/frame_11920.jpg,SAFE,SAFE,0.36316394805908203,reflection_only,in_the_wild
/Users/ahooker/Documents/Dissertation/virtushield/final-datasets/in-the-wild-final-small/SAFE/0/frame_11980.jpg,SAFE,UNSAFE,0.6878277063369751,reflection_only,in_the_wild
/Users/ahooker/Documents/Dissertation/virtushield/final-datasets/in-the-wild-final-small/SAFE/0/frame_120.jpg,SAFE,UNSAFE,0.8168661594390869,reflection_only,in_the_wild
/Users/ahooker/Documents/Dissertation/virtushield/final-datasets/in-the-wild-final-small/SAFE/0/frame_12000.jpg,SAFE,UNSAFE,0.7675465941429138,reflection_only,in_the_wild
/Users/ahooker/Documents/Dissertation/virtushield/final-datasets/in-the-wild-final-small/SAFE/0/frame_12020.jpg,SAFE,UNSAFE,0.7631660103797913,reflection_only,in_the_wild
/Users/ahooker/Documents/Dissertation/virtushield/final-datasets/in-the-wild-final-small/SAFE/0/frame_12040.jpg,SAFE,SAFE,0.3109191060066223,reflection_only,in_the_wild
/Users/ahooker/Documents/Dissertation/virtushield/final-datasets/in-the-wild-final-small/SAFE/0/frame_12060.jpg,SAFE,SAFE,0.1419048011302948,reflection_only,in_the_wild
/Users/ahooker/Documents/Dissertation/virtushield/final-datasets/in-the-wild-final-small/SAFE/0/frame_12100.jpg,SAFE,SAFE,0.30140382051467896,reflection_only,in_the_wild
/Users/ahooker/Documents/Dissertation/virtushield/final-datasets/in-the-wild-final-small/SAFE/0/frame_12120.jpg,SAFE,UNSAFE,0.8418899178504944,reflection_only,in_the_wild
/Users/ahooker/Documents/Dissertation/virtushield/final-datasets/in-the-wild-final-small/SAFE/0/frame_12200.jpg,SAFE,UNSAFE,0.7034289240837097,reflection_only,in_the_wild
/Users/ahooker/Documents/Dissertation/virtushield/final-datasets/in-the-wild-final-small/SAFE/0/frame_12200__1.jpg,SAFE,UNSAFE,0.927122175693512,reflection_only,in_the_wild
/Users/ahooker/Documents/Dissertation/virtushield/final-datasets/in-the-wild-final-small/SAFE/0/frame_12200__2.jpg,SAFE,UNSAFE,0.7344353199005127,reflection_only,in_the_wild
/Users/ahooker/Documents/Dissertation/virtushield/final-datasets/in-the-wild-final-small/SAFE/0/frame_12220.jpg,SAFE,UNSAFE,0.9389525055885315,reflection_only,in_the_wild
/Users/ahooker/Documents/Dissertation/virtushield/final-datasets/in-the-wild-final-small/SAFE/0/frame_12260.jpg,SAFE,UNSAFE,0.5127587914466858,reflection_only,in_the_wild
/Users/ahooker/Documents/Dissertation/virtushield/final-datasets/in-the-wild-final-small/SAFE/0/frame_12260__1.jpg,SAFE,UNSAFE,0.915338397026062,reflection_only,in_the_wild
/Users/ahooker/Documents/Dissertation/virtushield/final-datasets/in-the-wild-final-small/SAFE/0/frame_12320.jpg,SAFE,SAFE,0.3841474652290344,reflection_only,in_the_wild
/Users/ahooker/Documents/Dissertation/virtushield/final-datasets/in-the-wild-final-small/SAFE/0/frame_12340.jpg,SAFE,UNSAFE,0.830012857913971,reflection_only,in_the_wild
/Users/ahooker/Documents/Dissertation/virtushield/final-datasets/in-the-wild-final-small/SAFE/0/frame_12460.jpg,SAFE,UNSAFE,0.8039021492004395,reflection_only,in_the_wild
/Users/ahooker/Documents/Dissertation/virtushield/final-datasets/in-the-wild-final-small/SAFE/0/frame_12480.jpg,SAFE,UNSAFE,0.7989339232444763,reflection_only,in_the_wild
/Users/ahooker/Documents/Dissertation/virtushield/final-datasets/in-the-wild-final-small/SAFE/0/frame_12540.jpg,SAFE,UNSAFE,0.7176240682601929,reflection_only,in_the_wild
/Users/ahooker/Documents/Dissertation/virtushield/final-datasets/in-the-wild-final-small/SAFE/0/frame_12540__1.jpg,SAFE,UNSAFE,0.7155680060386658,reflection_only,in_the_wild
/Users/ahooker/Documents/Dissertation/virtushield/final-datasets/in-the-wild-final-small/SAFE/0/frame_12560.jpg,SAFE,SAFE,0.3398447334766388,reflection_only,in_the_wild
/Users/ahooker/Documents/Dissertation/virtushield/final-datasets/in-the-wild-final-small/SAFE/0/frame_12560__1.jpg,SAFE,SAFE,0.168129563331604,reflection_only,in_the_wild
/Users/ahooker/Documents/Dissertation/virtushield/final-datasets/in-the-wild-final-small/SAFE/0/frame_12560__2.jpg,SAFE,SAFE,0.34301328659057617,reflection_only,in_the_wild
/Users/ahooker/Documents/Dissertation/virtushield/final-datasets/in-the-wild-final-small/SAFE/0/frame_12600.jpg,SAFE,SAFE,0.13645076751708984,reflection_only,in_the_wild
/Users/ahooker/Documents/Dissertation/virtushield/final-datasets/in-the-wild-final-small/SAFE/0/frame_12620.jpg,SAFE,UNSAFE,0.7587571144104004,reflection_only,in_the_wild
/Users/ahooker/Documents/Dissertation/virtushield/final-datasets/in-the-wild-final-small/SAFE/0/frame_12640.jpg,SAFE,UNSAFE,0.6544814705848694,reflection_only,in_the_wild
/Users/ahooker/Documents/Dissertation/virtushield/final-datasets/in-the-wild-final-small/SAFE/0/frame_12680.jpg,SAFE,UNSAFE,0.7957352995872498,reflection_only,in_the_wild
/Users/ahooker/Documents/Dissertation/virtushield/final-datasets/in-the-wild-final-small/SAFE/0/frame_12760.jpg,SAFE,UNSAFE,0.7863572835922241,reflection_only,in_the_wild
/Users/ahooker/Documents/Dissertation/virtushield/final-datasets/in-the-wild-final-small/SAFE/0/frame_1280.jpg,SAFE,UNSAFE,0.956417977809906,reflection_only,in_the_wild
/Users/ahooker/Documents/Dissertation/virtushield/final-datasets/in-the-wild-final-small/SAFE/0/frame_12820.jpg,SAFE,UNSAFE,0.9347869753837585,reflection_only,in_the_wild
/Users/ahooker/Documents/Dissertation/virtushield/final-datasets/in-the-wild-final-small/SAFE/0/frame_12820__1.jpg,SAFE,UNSAFE,0.8744152188301086,reflection_only,in_the_wild
/Users/ahooker/Documents/Dissertation/virtushield/final-datasets/in-the-wild-final-small/SAFE/0/frame_12860.jpg,SAFE,UNSAFE,0.8218095898628235,reflection_only,in_the_wild
/Users/ahooker/Documents/Dissertation/virtushield/final-datasets/in-the-wild-final-small/SAFE/0/frame_12880.jpg,SAFE,UNSAFE,0.8943995237350464,reflection_only,in_the_wild
/Users/ahooker/Documents/Dissertation/virtushield/final-datasets/in-the-wild-final-small/SAFE/0/frame_12920.jpg,SAFE,UNSAFE,0.9487897753715515,reflection_only,in_the_wild
/Users/ahooker/Documents/Dissertation/virtushield/final-datasets/in-the-wild-final-small/SAFE/0/frame_12920__1.jpg,SAFE,SAFE,0.33734267950057983,reflection_only,in_the_wild
/Users/ahooker/Documents/Dissertation/virtushield/final-datasets/in-the-wild-final-small/SAFE/0/frame_13060.jpg,SAFE,UNSAFE,0.8379812836647034,reflection_only,in_the_wild
/Users/ahooker/Documents/Dissertation/virtushield/final-datasets/in-the-wild-final-small/SAFE/0/frame_13100.jpg,SAFE,UNSAFE,0.7058313488960266,reflection_only,in_the_wild
/Users/ahooker/Documents/Dissertation/virtushield/final-datasets/in-the-wild-final-small/SAFE/0/frame_13100__1.jpg,SAFE,UNSAFE,0.8299095034599304,reflection_only,in_the_wild
/Users/ahooker/Documents/Dissertation/virtushield/final-datasets/in-the-wild-final-small/SAFE/0/frame_13140.jpg,SAFE,UNSAFE,0.8188672661781311,reflection_only,in_the_wild
/Users/ahooker/Documents/Dissertation/virtushield/final-datasets/in-the-wild-final-small/SAFE/0/frame_13180.jpg,SAFE,SAFE,0.36986348032951355,reflection_only,in_the_wild
/Users/ahooker/Documents/Dissertation/virtushield/final-datasets/in-the-wild-final-small/SAFE/0/frame_1320.jpg,SAFE,SAFE,0.1349637657403946,reflection_only,in_the_wild
/Users/ahooker/Documents/Dissertation/virtushield/final-datasets/in-the-wild-final-small/SAFE/0/frame_13320.jpg,SAFE,SAFE,0.18627771735191345,reflection_only,in_the_wild
/Users/ahooker/Documents/Dissertation/virtushield/final-datasets/in-the-wild-final-small/SAFE/0/frame_13360.jpg,SAFE,UNSAFE,0.9071439504623413,reflection_only,in_the_wild
/Users/ahooker/Documents/Dissertation/virtushield/final-datasets/in-the-wild-final-small/SAFE/0/frame_13420.jpg,SAFE,SAFE,0.3849612772464752,reflection_only,in_the_wild
/Users/ahooker/Documents/Dissertation/virtushield/final-datasets/in-the-wild-final-small/SAFE/0/frame_13420__1.jpg,SAFE,SAFE,0.2968795895576477,reflection_only,in_the_wild
/Users/ahooker/Documents/Dissertation/virtushield/final-datasets/in-the-wild-final-small/SAFE/0/frame_13500.jpg,SAFE,SAFE,0.49231743812561035,reflection_only,in_the_wild
/Users/ahooker/Documents/Dissertation/virtushield/final-datasets/in-the-wild-final-small/SAFE/0/frame_13540.jpg,SAFE,UNSAFE,0.9256855845451355,reflection_only,in_the_wild
/Users/ahooker/Documents/Dissertation/virtushield/final-datasets/in-the-wild-final-small/SAFE/0/frame_13580.jpg,SAFE,SAFE,0.17916448414325714,reflection_only,in_the_wild
/Users/ahooker/Documents/Dissertation/virtushield/final-datasets/in-the-wild-final-small/SAFE/0/frame_13600.jpg,SAFE,SAFE,0.3670302629470825,reflection_only,in_the_wild
/Users/ahooker/Documents/Dissertation/virtushield/final-datasets/in-the-wild-final-small/SAFE/0/frame_13620.jpg,SAFE,SAFE,0.34562018513679504,reflection_only,in_the_wild
/Users/ahooker/Documents/Dissertation/virtushield/final-datasets/in-the-wild-final-small/SAFE/0/frame_13660.jpg,SAFE,SAFE,0.19535233080387115,reflection_only,in_the_wild
/Users/ahooker/Documents/Dissertation/virtushield/final-datasets/in-the-wild-final-small/SAFE/0/frame_13700.jpg,SAFE,UNSAFE,0.7855483889579773,reflection_only,in_the_wild
/Users/ahooker/Documents/Dissertation/virtushield/final-datasets/in-the-wild-final-small/SAFE/0/frame_13700__1.jpg,SAFE,UNSAFE,0.9635728597640991,reflection_only,in_the_wild
/Users/ahooker/Documents/Dissertation/virtushield/final-datasets/in-the-wild-final-small/SAFE/0/frame_13720.jpg,SAFE,UNSAFE,0.968834400177002,reflection_only,in_the_wild
/Users/ahooker/Documents/Dissertation/virtushield/final-datasets/in-the-wild-final-small/SAFE/0/frame_13740.jpg,SAFE,UNSAFE,0.8084591627120972,reflection_only,in_the_wild
/Users/ahooker/Documents/Dissertation/virtushield/final-datasets/in-the-wild-final-small/SAFE/0/frame_13760.jpg,SAFE,UNSAFE,0.603121280670166,reflection_only,in_the_wild
/Users/ahooker/Documents/Dissertation/virtushield/final-datasets/in-the-wild-final-small/SAFE/0/frame_13780.jpg,SAFE,SAFE,0.36017245054244995,reflection_only,in_the_wild
/Users/ahooker/Documents/Dissertation/virtushield/final-datasets/in-the-wild-final-small/SAFE/0/frame_13820.jpg,SAFE,UNSAFE,0.9560377597808838,reflection_only,in_the_wild
/Users/ahooker/Documents/Dissertation/virtushield/final-datasets/in-the-wild-final-small/SAFE/0/frame_13920.jpg,SAFE,SAFE,0.4887731373310089,reflection_only,in_the_wild
/Users/ahooker/Documents/Dissertation/virtushield/final-datasets/in-the-wild-final-small/SAFE/0/frame_13940.jpg,SAFE,SAFE,0.36331331729888916,reflection_only,in_the_wild
/Users/ahooker/Documents/Dissertation/virtushield/final-datasets/in-the-wild-final-small/SAFE/0/frame_13960.jpg,SAFE,UNSAFE,0.8569510579109192,reflection_only,in_the_wild
/Users/ahooker/Documents/Dissertation/virtushield/final-datasets/in-the-wild-final-small/SAFE/0/frame_14000.jpg,SAFE,UNSAFE,0.862529993057251,reflection_only,in_the_wild
/Users/ahooker/Documents/Dissertation/virtushield/final-datasets/in-the-wild-final-small/SAFE/0/frame_14020.jpg,SAFE,SAFE,0.38149091601371765,reflection_only,in_the_wild
/Users/ahooker/Documents/Dissertation/virtushield/final-datasets/in-the-wild-final-small/SAFE/0/frame_14080.jpg,SAFE,UNSAFE,0.9696530103683472,reflection_only,in_the_wild
/Users/ahooker/Documents/Dissertation/virtushield/final-datasets/in-the-wild-final-small/SAFE/0/frame_14120.jpg,SAFE,SAFE,0.24172529578208923,reflection_only,in_the_wild
/Users/ahooker/Documents/Dissertation/virtushield/final-datasets/in-the-wild-final-small/SAFE/0/frame_14200.jpg,SAFE,UNSAFE,0.721093475818634,reflection_only,in_the_wild
/Users/ahooker/Documents/Dissertation/virtushield/final-datasets/in-the-wild-final-small/SAFE/0/frame_14260.jpg,SAFE,UNSAFE,0.7749598026275635,reflection_only,in_the_wild
/Users/ahooker/Documents/Dissertation/virtushield/final-datasets/in-the-wild-final-small/SAFE/0/frame_14300.jpg,SAFE,UNSAFE,0.8412839770317078,reflection_only,in_the_wild
/Users/ahooker/Documents/Dissertation/virtushield/final-datasets/in-the-wild-final-small/SAFE/0/frame_14340.jpg,SAFE,UNSAFE,0.9793643355369568,reflection_only,in_the_wild
/Users/ahooker/Documents/Dissertation/virtushield/final-datasets/in-the-wild-final-small/SAFE/0/frame_1440.jpg,SAFE,SAFE,0.4413664638996124,reflection_only,in_the_wild
/Users/ahooker/Documents/Dissertation/virtushield/final-datasets/in-the-wild-final-small/SAFE/0/frame_14400.jpg,SAFE,SAFE,0.4882551431655884,reflection_only,in_the_wild
/Users/ahooker/Documents/Dissertation/virtushield/final-datasets/in-the-wild-final-small/SAFE/0/frame_14460.jpg,SAFE,SAFE,0.32812798023223877,reflection_only,in_the_wild
/Users/ahooker/Documents/Dissertation/virtushield/final-datasets/in-the-wild-final-small/SAFE/0/frame_14540.jpg,SAFE,UNSAFE,0.8488383889198303,reflection_only,in_the_wild
/Users/ahooker/Documents/Dissertation/virtushield/final-datasets/in-the-wild-final-small/SAFE/0/frame_14580.jpg,SAFE,UNSAFE,0.7867521643638611,reflection_only,in_the_wild
/Users/ahooker/Documents/Dissertation/virtushield/final-datasets/in-the-wild-final-small/SAFE/0/frame_14640.jpg,SAFE,UNSAFE,0.9193952083587646,reflection_only,in_the_wild
/Users/ahooker/Documents/Dissertation/virtushield/final-datasets/in-the-wild-final-small/SAFE/0/frame_14660.jpg,SAFE,UNSAFE,0.8798286318778992,reflection_only,in_the_wild
/Users/ahooker/Documents/Dissertation/virtushield/final-datasets/in-the-wild-final-small/SAFE/0/frame_14660__1.jpg,SAFE,UNSAFE,0.8625338077545166,reflection_only,in_the_wild
/Users/ahooker/Documents/Dissertation/virtushield/final-datasets/in-the-wild-final-small/SAFE/0/frame_14760.jpg,SAFE,UNSAFE,0.8524417281150818,reflection_only,in_the_wild
/Users/ahooker/Documents/Dissertation/virtushield/final-datasets/in-the-wild-final-small/SAFE/0/frame_1480.jpg,SAFE,UNSAFE,0.700423538684845,reflection_only,in_the_wild
/Users/ahooker/Documents/Dissertation/virtushield/final-datasets/in-the-wild-final-small/SAFE/0/frame_14800.jpg,SAFE,SAFE,0.2819879949092865,reflection_only,in_the_wild
/Users/ahooker/Documents/Dissertation/virtushield/final-datasets/in-the-wild-final-small/SAFE/0/frame_1480__1.jpg,SAFE,UNSAFE,0.9705678224563599,reflection_only,in_the_wild
/Users/ahooker/Documents/Dissertation/virtushield/final-datasets/in-the-wild-final-small/SAFE/0/frame_14820.jpg,SAFE,UNSAFE,0.8344728350639343,reflection_only,in_the_wild
/Users/ahooker/Documents/Dissertation/virtushield/final-datasets/in-the-wild-final-small/SAFE/0/frame_14840.jpg,SAFE,UNSAFE,0.9308270812034607,reflection_only,in_the_wild
/Users/ahooker/Documents/Dissertation/virtushield/final-datasets/in-the-wild-final-small/SAFE/0/frame_15000.jpg,SAFE,UNSAFE,0.928061306476593,reflection_only,in_the_wild
/Users/ahooker/Documents/Dissertation/virtushield/final-datasets/in-the-wild-final-small/SAFE/0/frame_15060.jpg,SAFE,SAFE,0.3365092873573303,reflection_only,in_the_wild
/Users/ahooker/Documents/Dissertation/virtushield/final-datasets/in-the-wild-final-small/SAFE/0/frame_15160.jpg,SAFE,UNSAFE,0.7050465941429138,reflection_only,in_the_wild
/Users/ahooker/Documents/Dissertation/virtushield/final-datasets/in-the-wild-final-small/SAFE/0/frame_15160__1.jpg,SAFE,UNSAFE,0.9366800785064697,reflection_only,in_the_wild
/Users/ahooker/Documents/Dissertation/virtushield/final-datasets/in-the-wild-final-small/SAFE/0/frame_1520.jpg,SAFE,UNSAFE,0.5096337795257568,reflection_only,in_the_wild
/Users/ahooker/Documents/Dissertation/virtushield/final-datasets/in-the-wild-final-small/SAFE/0/frame_15220.jpg,SAFE,UNSAFE,0.6165064573287964,reflection_only,in_the_wild
/Users/ahooker/Documents/Dissertation/virtushield/final-datasets/in-the-wild-final-small/SAFE/0/frame_15280.jpg,SAFE,UNSAFE,0.9372692108154297,reflection_only,in_the_wild
/Users/ahooker/Documents/Dissertation/virtushield/final-datasets/in-the-wild-final-small/SAFE/0/frame_15280__1.jpg,SAFE,UNSAFE,0.8831911683082581,reflection_only,in_the_wild
/Users/ahooker/Documents/Dissertation/virtushield/final-datasets/in-the-wild-final-small/SAFE/0/frame_15280__2.jpg,SAFE,SAFE,0.38064131140708923,reflection_only,in_the_wild
/Users/ahooker/Documents/Dissertation/virtushield/final-datasets/in-the-wild-final-small/SAFE/0/frame_15460.jpg,SAFE,UNSAFE,0.9540066123008728,reflection_only,in_the_wild
/Users/ahooker/Documents/Dissertation/virtushield/final-datasets/in-the-wild-final-small/SAFE/0/frame_15520.jpg,SAFE,UNSAFE,0.6801426410675049,reflection_only,in_the_wild
/Users/ahooker/Documents/Dissertation/virtushield/final-datasets/in-the-wild-final-small/SAFE/0/frame_15560.jpg,SAFE,UNSAFE,0.9268404841423035,reflection_only,in_the_wild
/Users/ahooker/Documents/Dissertation/virtushield/final-datasets/in-the-wild-final-small/SAFE/0/frame_15580.jpg,SAFE,UNSAFE,0.9260125756263733,reflection_only,in_the_wild
/Users/ahooker/Documents/Dissertation/virtushield/final-datasets/in-the-wild-final-small/SAFE/0/frame_15640.jpg,SAFE,UNSAFE,0.9021573066711426,reflection_only,in_the_wild
/Users/ahooker/Documents/Dissertation/virtushield/final-datasets/in-the-wild-final-small/SAFE/0/frame_15720.jpg,SAFE,UNSAFE,0.9506449699401855,reflection_only,in_the_wild
/Users/ahooker/Documents/Dissertation/virtushield/final-datasets/in-the-wild-final-small/SAFE/0/frame_15740.jpg,SAFE,UNSAFE,0.9093506336212158,reflection_only,in_the_wild
/Users/ahooker/Documents/Dissertation/virtushield/final-datasets/in-the-wild-final-small/SAFE/0/frame_1580.jpg,SAFE,SAFE,0.18934449553489685,reflection_only,in_the_wild
/Users/ahooker/Documents/Dissertation/virtushield/final-datasets/in-the-wild-final-small/SAFE/0/frame_15820.jpg,SAFE,UNSAFE,0.7185106873512268,reflection_only,in_the_wild
/Users/ahooker/Documents/Dissertation/virtushield/final-datasets/in-the-wild-final-small/SAFE/0/frame_15820__1.jpg,SAFE,UNSAFE,0.7185106873512268,reflection_only,in_the_wild
/Users/ahooker/Documents/Dissertation/virtushield/final-datasets/in-the-wild-final-small/SAFE/0/frame_15900.jpg,SAFE,UNSAFE,0.8222947716712952,reflection_only,in_the_wild
/Users/ahooker/Documents/Dissertation/virtushield/final-datasets/in-the-wild-final-small/SAFE/0/frame_15920.jpg,SAFE,UNSAFE,0.8100572824478149,reflection_only,in_the_wild
/Users/ahooker/Documents/Dissertation/virtushield/final-datasets/in-the-wild-final-small/SAFE/0/frame_15960.jpg,SAFE,UNSAFE,0.8841651678085327,reflection_only,in_the_wild
/Users/ahooker/Documents/Dissertation/virtushield/final-datasets/in-the-wild-final-small/SAFE/0/frame_15980.jpg,SAFE,UNSAFE,0.9228120446205139,reflection_only,in_the_wild
/Users/ahooker/Documents/Dissertation/virtushield/final-datasets/in-the-wild-final-small/SAFE/0/frame_16120.jpg,SAFE,UNSAFE,0.7381813526153564,reflection_only,in_the_wild
/Users/ahooker/Documents/Dissertation/virtushield/final-datasets/in-the-wild-final-small/SAFE/0/frame_1620.jpg,SAFE,SAFE,0.36676689982414246,reflection_only,in_the_wild
/Users/ahooker/Documents/Dissertation/virtushield/final-datasets/in-the-wild-final-small/SAFE/0/frame_16280.jpg,SAFE,UNSAFE,0.7445716857910156,reflection_only,in_the_wild
/Users/ahooker/Documents/Dissertation/virtushield/final-datasets/in-the-wild-final-small/SAFE/0/frame_16360.jpg,SAFE,UNSAFE,0.7877140641212463,reflection_only,in_the_wild
/Users/ahooker/Documents/Dissertation/virtushield/final-datasets/in-the-wild-final-small/SAFE/0/frame_16380.jpg,SAFE,UNSAFE,0.9668565392494202,reflection_only,in_the_wild
/Users/ahooker/Documents/Dissertation/virtushield/final-datasets/in-the-wild-final-small/SAFE/0/frame_1640.jpg,SAFE,UNSAFE,0.7098177075386047,reflection_only,in_the_wild
/Users/ahooker/Documents/Dissertation/virtushield/final-datasets/in-the-wild-final-small/SAFE/0/frame_1640__1.jpg,SAFE,UNSAFE,0.9763256907463074,reflection_only,in_the_wild
/Users/ahooker/Documents/Dissertation/virtushield/final-datasets/in-the-wild-final-small/SAFE/0/frame_16500.jpg,SAFE,SAFE,0.3346295952796936,reflection_only,in_the_wild
/Users/ahooker/Documents/Dissertation/virtushield/final-datasets/in-the-wild-final-small/SAFE/0/frame_16560.jpg,SAFE,UNSAFE,0.6165807843208313,reflection_only,in_the_wild
/Users/ahooker/Documents/Dissertation/virtushield/final-datasets/in-the-wild-final-small/SAFE/0/frame_16580.jpg,SAFE,UNSAFE,0.8228840231895447,reflection_only,in_the_wild
/Users/ahooker/Documents/Dissertation/virtushield/final-datasets/in-the-wild-final-small/SAFE/0/frame_16580__1.jpg,SAFE,UNSAFE,0.8179703950881958,reflection_only,in_the_wild
/Users/ahooker/Documents/Dissertation/virtushield/final-datasets/in-the-wild-final-small/SAFE/0/frame_1660.jpg,SAFE,SAFE,0.35437285900115967,reflection_only,in_the_wild
/Users/ahooker/Documents/Dissertation/virtushield/final-datasets/in-the-wild-final-small/SAFE/0/frame_16600.jpg,SAFE,UNSAFE,0.9520710110664368,reflection_only,in_the_wild
/Users/ahooker/Documents/Dissertation/virtushield/final-datasets/in-the-wild-final-small/SAFE/0/frame_16720.jpg,SAFE,SAFE,0.17809882760047913,reflection_only,in_the_wild
/Users/ahooker/Documents/Dissertation/virtushield/final-datasets/in-the-wild-final-small/SAFE/0/frame_16740.jpg,SAFE,UNSAFE,0.8817402720451355,reflection_only,in_the_wild
/Users/ahooker/Documents/Dissertation/virtushield/final-datasets/in-the-wild-final-small/SAFE/0/frame_16800.jpg,SAFE,UNSAFE,0.6035407185554504,reflection_only,in_the_wild
/Users/ahooker/Documents/Dissertation/virtushield/final-datasets/in-the-wild-final-small/SAFE/0/frame_16920.jpg,SAFE,SAFE,0.22452214360237122,reflection_only,in_the_wild
/Users/ahooker/Documents/Dissertation/virtushield/final-datasets/in-the-wild-final-small/SAFE/0/frame_16960.jpg,SAFE,UNSAFE,0.970569372177124,reflection_only,in_the_wild
/Users/ahooker/Documents/Dissertation/virtushield/final-datasets/in-the-wild-final-small/SAFE/0/frame_17000.jpg,SAFE,UNSAFE,0.8967955112457275,reflection_only,in_the_wild
/Users/ahooker/Documents/Dissertation/virtushield/final-datasets/in-the-wild-final-small/SAFE/0/frame_17220.jpg,SAFE,UNSAFE,0.9132089614868164,reflection_only,in_the_wild
/Users/ahooker/Documents/Dissertation/virtushield/final-datasets/in-the-wild-final-small/SAFE/0/frame_17320.jpg,SAFE,UNSAFE,0.9567286372184753,reflection_only,in_the_wild
/Users/ahooker/Documents/Dissertation/virtushield/final-datasets/in-the-wild-final-small/SAFE/0/frame_17340.jpg,SAFE,UNSAFE,0.9247774481773376,reflection_only,in_the_wild
/Users/ahooker/Documents/Dissertation/virtushield/final-datasets/in-the-wild-final-small/SAFE/0/frame_17360.jpg,SAFE,UNSAFE,0.9588045477867126,reflection_only,in_the_wild
/Users/ahooker/Documents/Dissertation/virtushield/final-datasets/in-the-wild-final-small/SAFE/0/frame_17460.jpg,SAFE,UNSAFE,0.6813801527023315,reflection_only,in_the_wild
/Users/ahooker/Documents/Dissertation/virtushield/final-datasets/in-the-wild-final-small/SAFE/0/frame_17660.jpg,SAFE,UNSAFE,0.7491430044174194,reflection_only,in_the_wild
/Users/ahooker/Documents/Dissertation/virtushield/final-datasets/in-the-wild-final-small/SAFE/0/frame_17660__1.jpg,SAFE,SAFE,0.14205002784729004,reflection_only,in_the_wild
/Users/ahooker/Documents/Dissertation/virtushield/final-datasets/in-the-wild-final-small/SAFE/0/frame_17680.jpg,SAFE,SAFE,0.3385797441005707,reflection_only,in_the_wild
/Users/ahooker/Documents/Dissertation/virtushield/final-datasets/in-the-wild-final-small/SAFE/0/frame_1780.jpg,SAFE,SAFE,0.2518043518066406,reflection_only,in_the_wild
/Users/ahooker/Documents/Dissertation/virtushield/final-datasets/in-the-wild-final-small/SAFE/0/frame_1780__1.jpg,SAFE,UNSAFE,0.9454857707023621,reflection_only,in_the_wild
/Users/ahooker/Documents/Dissertation/virtushield/final-datasets/in-the-wild-final-small/SAFE/0/frame_17820.jpg,SAFE,UNSAFE,0.6421317458152771,reflection_only,in_the_wild
/Users/ahooker/Documents/Dissertation/virtushield/final-datasets/in-the-wild-final-small/SAFE/0/frame_17840.jpg,SAFE,UNSAFE,0.8578650951385498,reflection_only,in_the_wild
/Users/ahooker/Documents/Dissertation/virtushield/final-datasets/in-the-wild-final-small/SAFE/0/frame_17880.jpg,SAFE,UNSAFE,0.8916633129119873,reflection_only,in_the_wild
/Users/ahooker/Documents/Dissertation/virtushield/final-datasets/in-the-wild-final-small/SAFE/0/frame_17920.jpg,SAFE,UNSAFE,0.7336878180503845,reflection_only,in_the_wild
/Users/ahooker/Documents/Dissertation/virtushield/final-datasets/in-the-wild-final-small/SAFE/0/frame_180.jpg,SAFE,SAFE,0.3980453908443451,reflection_only,in_the_wild
/Users/ahooker/Documents/Dissertation/virtushield/final-datasets/in-the-wild-final-small/SAFE/0/frame_18260.jpg,SAFE,UNSAFE,0.7207074165344238,reflection_only,in_the_wild
/Users/ahooker/Documents/Dissertation/virtushield/final-datasets/in-the-wild-final-small/SAFE/0/frame_18320.jpg,SAFE,UNSAFE,0.8659141063690186,reflection_only,in_the_wild
/Users/ahooker/Documents/Dissertation/virtushield/final-datasets/in-the-wild-final-small/SAFE/0/frame_18420.jpg,SAFE,SAFE,0.24719400703907013,reflection_only,in_the_wild
/Users/ahooker/Documents/Dissertation/virtushield/final-datasets/in-the-wild-final-small/SAFE/0/frame_18580.jpg,SAFE,SAFE,0.2577742636203766,reflection_only,in_the_wild
/Users/ahooker/Documents/Dissertation/virtushield/final-datasets/in-the-wild-final-small/SAFE/0/frame_18680.jpg,SAFE,UNSAFE,0.94625324010849,reflection_only,in_the_wild
/Users/ahooker/Documents/Dissertation/virtushield/final-datasets/in-the-wild-final-small/SAFE/0/frame_18740.jpg,SAFE,UNSAFE,0.9600852131843567,reflection_only,in_the_wild
/Users/ahooker/Documents/Dissertation/virtushield/final-datasets/in-the-wild-final-small/SAFE/0/frame_18740__1.jpg,SAFE,SAFE,0.39936313033103943,reflection_only,in_the_wild
/Users/ahooker/Documents/Dissertation/virtushield/final-datasets/in-the-wild-final-small/SAFE/0/frame_18780.jpg,SAFE,SAFE,0.3979955315589905,reflection_only,in_the_wild
/Users/ahooker/Documents/Dissertation/virtushield/final-datasets/in-the-wild-final-small/SAFE/0/frame_1880.jpg,SAFE,UNSAFE,0.9291207790374756,reflection_only,in_the_wild
/Users/ahooker/Documents/Dissertation/virtushield/final-datasets/in-the-wild-final-small/SAFE/0/frame_18980.jpg,SAFE,UNSAFE,0.8100783824920654,reflection_only,in_the_wild
/Users/ahooker/Documents/Dissertation/virtushield/final-datasets/in-the-wild-final-small/SAFE/0/frame_18980__1.jpg,SAFE,UNSAFE,0.8338878154754639,reflection_only,in_the_wild
/Users/ahooker/Documents/Dissertation/virtushield/final-datasets/in-the-wild-final-small/SAFE/0/frame_1900.jpg,SAFE,UNSAFE,0.899037778377533,reflection_only,in_the_wild
/Users/ahooker/Documents/Dissertation/virtushield/final-datasets/in-the-wild-final-small/SAFE/0/frame_19060.jpg,SAFE,SAFE,0.39463892579078674,reflection_only,in_the_wild
/Users/ahooker/Documents/Dissertation/virtushield/final-datasets/in-the-wild-final-small/SAFE/0/frame_19080.jpg,SAFE,SAFE,0.27806341648101807,reflection_only,in_the_wild
/Users/ahooker/Documents/Dissertation/virtushield/final-datasets/in-the-wild-final-small/SAFE/0/frame_19120.jpg,SAFE,SAFE,0.3900544047355652,reflection_only,in_the_wild
/Users/ahooker/Documents/Dissertation/virtushield/final-datasets/in-the-wild-final-small/SAFE/0/frame_19120__1.jpg,SAFE,UNSAFE,0.8596407175064087,reflection_only,in_the_wild
/Users/ahooker/Documents/Dissertation/virtushield/final-datasets/in-the-wild-final-small/SAFE/0/frame_19160.jpg,SAFE,UNSAFE,0.7645078897476196,reflection_only,in_the_wild
/Users/ahooker/Documents/Dissertation/virtushield/final-datasets/in-the-wild-final-small/SAFE/0/frame_19280.jpg,SAFE,SAFE,0.16868248581886292,reflection_only,in_the_wild
/Users/ahooker/Documents/Dissertation/virtushield/final-datasets/in-the-wild-final-small/SAFE/0/frame_19280__1.jpg,SAFE,UNSAFE,0.9392898678779602,reflection_only,in_the_wild
/Users/ahooker/Documents/Dissertation/virtushield/final-datasets/in-the-wild-final-small/SAFE/0/frame_19340.jpg,SAFE,UNSAFE,0.9608256816864014,reflection_only,in_the_wild
/Users/ahooker/Documents/Dissertation/virtushield/final-datasets/in-the-wild-final-small/SAFE/0/frame_19400.jpg,SAFE,UNSAFE,0.7847488522529602,reflection_only,in_the_wild
/Users/ahooker/Documents/Dissertation/virtushield/final-datasets/in-the-wild-final-small/SAFE/0/frame_19520.jpg,SAFE,UNSAFE,0.945321798324585,reflection_only,in_the_wild
/Users/ahooker/Documents/Dissertation/virtushield/final-datasets/in-the-wild-final-small/SAFE/0/frame_19540.jpg,SAFE,UNSAFE,0.659718930721283,reflection_only,in_the_wild
/Users/ahooker/Documents/Dissertation/virtushield/final-datasets/in-the-wild-final-small/SAFE/0/frame_19580.jpg,SAFE,UNSAFE,0.8792053461074829,reflection_only,in_the_wild
/Users/ahooker/Documents/Dissertation/virtushield/final-datasets/in-the-wild-final-small/SAFE/0/frame_19620.jpg,SAFE,UNSAFE,0.9553806185722351,reflection_only,in_the_wild
/Users/ahooker/Documents/Dissertation/virtushield/final-datasets/in-the-wild-final-small/SAFE/0/frame_19640.jpg,SAFE,SAFE,0.378300279378891,reflection_only,in_the_wild
/Users/ahooker/Documents/Dissertation/virtushield/final-datasets/in-the-wild-final-small/SAFE/0/frame_19700.jpg,SAFE,UNSAFE,0.8695571422576904,reflection_only,in_the_wild
/Users/ahooker/Documents/Dissertation/virtushield/final-datasets/in-the-wild-final-small/SAFE/0/frame_19740.jpg,SAFE,UNSAFE,0.9489223957061768,reflection_only,in_the_wild
/Users/ahooker/Documents/Dissertation/virtushield/final-datasets/in-the-wild-final-small/SAFE/0/frame_1980.jpg,SAFE,UNSAFE,0.869573175907135,reflection_only,in_the_wild
/Users/ahooker/Documents/Dissertation/virtushield/final-datasets/in-the-wild-final-small/SAFE/0/frame_19800.jpg,SAFE,UNSAFE,0.8350026607513428,reflection_only,in_the_wild
/Users/ahooker/Documents/Dissertation/virtushield/final-datasets/in-the-wild-final-small/SAFE/0/frame_19880.jpg,SAFE,UNSAFE,0.8904664516448975,reflection_only,in_the_wild
/Users/ahooker/Documents/Dissertation/virtushield/final-datasets/in-the-wild-final-small/SAFE/0/frame_19920.jpg,SAFE,UNSAFE,0.9223449230194092,reflection_only,in_the_wild
/Users/ahooker/Documents/Dissertation/virtushield/final-datasets/in-the-wild-final-small/SAFE/0/frame_19940.jpg,SAFE,UNSAFE,0.8056306838989258,reflection_only,in_the_wild
/Users/ahooker/Documents/Dissertation/virtushield/final-datasets/in-the-wild-final-small/SAFE/0/frame_2000.jpg,SAFE,SAFE,0.3744553029537201,reflection_only,in_the_wild
/Users/ahooker/Documents/Dissertation/virtushield/final-datasets/in-the-wild-final-small/SAFE/0/frame_20020.jpg,SAFE,UNSAFE,0.613771915435791,reflection_only,in_the_wild
/Users/ahooker/Documents/Dissertation/virtushield/final-datasets/in-the-wild-final-small/SAFE/0/frame_20160.jpg,SAFE,UNSAFE,0.947431743144989,reflection_only,in_the_wild
/Users/ahooker/Documents/Dissertation/virtushield/final-datasets/in-the-wild-final-small/SAFE/0/frame_20180.jpg,SAFE,UNSAFE,0.7516470551490784,reflection_only,in_the_wild
/Users/ahooker/Documents/Dissertation/virtushield/final-datasets/in-the-wild-final-small/SAFE/0/frame_2020.jpg,SAFE,SAFE,0.2554064095020294,reflection_only,in_the_wild
/Users/ahooker/Documents/Dissertation/virtushield/final-datasets/in-the-wild-final-small/SAFE/0/frame_20260.jpg,SAFE,UNSAFE,0.5723855495452881,reflection_only,in_the_wild
/Users/ahooker/Documents/Dissertation/virtushield/final-datasets/in-the-wild-final-small/SAFE/0/frame_20300.jpg,SAFE,SAFE,0.29984530806541443,reflection_only,in_the_wild
/Users/ahooker/Documents/Dissertation/virtushield/final-datasets/in-the-wild-final-small/SAFE/0/frame_20400.jpg,SAFE,SAFE,0.36948567628860474,reflection_only,in_the_wild
/Users/ahooker/Documents/Dissertation/virtushield/final-datasets/in-the-wild-final-small/SAFE/0/frame_20400__1.jpg,SAFE,UNSAFE,0.9765357375144958,reflection_only,in_the_wild
/Users/ahooker/Documents/Dissertation/virtushield/final-datasets/in-the-wild-final-small/SAFE/0/frame_20440.jpg,SAFE,UNSAFE,0.7963394522666931,reflection_only,in_the_wild
/Users/ahooker/Documents/Dissertation/virtushield/final-datasets/in-the-wild-final-small/SAFE/0/frame_20540.jpg,SAFE,UNSAFE,0.7399160265922546,reflection_only,in_the_wild
/Users/ahooker/Documents/Dissertation/virtushield/final-datasets/in-the-wild-final-small/SAFE/0/frame_2060.jpg,SAFE,UNSAFE,0.8901862502098083,reflection_only,in_the_wild
/Users/ahooker/Documents/Dissertation/virtushield/final-datasets/in-the-wild-final-small/SAFE/0/frame_2060__1.jpg,SAFE,SAFE,0.19961103796958923,reflection_only,in_the_wild
/Users/ahooker/Documents/Dissertation/virtushield/final-datasets/in-the-wild-final-small/SAFE/0/frame_20620.jpg,SAFE,UNSAFE,0.9075177907943726,reflection_only,in_the_wild
/Users/ahooker/Documents/Dissertation/virtushield/final-datasets/in-the-wild-final-small/SAFE/0/frame_20640.jpg,SAFE,UNSAFE,0.7734373807907104,reflection_only,in_the_wild
/Users/ahooker/Documents/Dissertation/virtushield/final-datasets/in-the-wild-final-small/SAFE/0/frame_20680.jpg,SAFE,UNSAFE,0.930303692817688,reflection_only,in_the_wild
/Users/ahooker/Documents/Dissertation/virtushield/final-datasets/in-the-wild-final-small/SAFE/0/frame_20700.jpg,SAFE,UNSAFE,0.9052606821060181,reflection_only,in_the_wild
/Users/ahooker/Documents/Dissertation/virtushield/final-datasets/in-the-wild-final-small/SAFE/0/frame_20760.jpg,SAFE,UNSAFE,0.8116328716278076,reflection_only,in_the_wild
/Users/ahooker/Documents/Dissertation/virtushield/final-datasets/in-the-wild-final-small/SAFE/0/frame_20880.jpg,SAFE,SAFE,0.32112711668014526,reflection_only,in_the_wild
/Users/ahooker/Documents/Dissertation/virtushield/final-datasets/in-the-wild-final-small/SAFE/0/frame_20900.jpg,SAFE,SAFE,0.39229002594947815,reflection_only,in_the_wild
/Users/ahooker/Documents/Dissertation/virtushield/final-datasets/in-the-wild-final-small/SAFE/0/frame_21020.jpg,SAFE,UNSAFE,0.8641844391822815,reflection_only,in_the_wild
/Users/ahooker/Documents/Dissertation/virtushield/final-datasets/in-the-wild-final-small/SAFE/0/frame_21020__1.jpg,SAFE,UNSAFE,0.8197978734970093,reflection_only,in_the_wild
/Users/ahooker/Documents/Dissertation/virtushield/final-datasets/in-the-wild-final-small/SAFE/0/frame_21160.jpg,SAFE,UNSAFE,0.8640899658203125,reflection_only,in_the_wild
/Users/ahooker/Documents/Dissertation/virtushield/final-datasets/in-the-wild-final-small/SAFE/0/frame_21500.jpg,SAFE,UNSAFE,0.8475223779678345,reflection_only,in_the_wild
/Users/ahooker/Documents/Dissertation/virtushield/final-datasets/in-the-wild-final-small/SAFE/0/frame_21600.jpg,SAFE,UNSAFE,0.9590697288513184,reflection_only,in_the_wild
/Users/ahooker/Documents/Dissertation/virtushield/final-datasets/in-the-wild-final-small/SAFE/0/frame_21700.jpg,SAFE,SAFE,0.23008786141872406,reflection_only,in_the_wild
/Users/ahooker/Documents/Dissertation/virtushield/final-datasets/in-the-wild-final-small/SAFE/0/frame_21800.jpg,SAFE,UNSAFE,0.8429611325263977,reflection_only,in_the_wild
/Users/ahooker/Documents/Dissertation/virtushield/final-datasets/in-the-wild-final-small/SAFE/0/frame_21820.jpg,SAFE,SAFE,0.0708967000246048,reflection_only,in_the_wild
/Users/ahooker/Documents/Dissertation/virtushield/final-datasets/in-the-wild-final-small/SAFE/0/frame_21840.jpg,SAFE,UNSAFE,0.941418468952179,reflection_only,in_the_wild
/Users/ahooker/Documents/Dissertation/virtushield/final-datasets/in-the-wild-final-small/SAFE/0/frame_21900.jpg,SAFE,UNSAFE,0.7209848761558533,reflection_only,in_the_wild
/Users/ahooker/Documents/Dissertation/virtushield/final-datasets/in-the-wild-final-small/SAFE/0/frame_21940.jpg,SAFE,UNSAFE,0.9483667016029358,reflection_only,in_the_wild
/Users/ahooker/Documents/Dissertation/virtushield/final-datasets/in-the-wild-final-small/SAFE/0/frame_21960.jpg,SAFE,UNSAFE,0.8353917598724365,reflection_only,in_the_wild
/Users/ahooker/Documents/Dissertation/virtushield/final-datasets/in-the-wild-final-small/SAFE/0/frame_220.jpg,SAFE,UNSAFE,0.8216838240623474,reflection_only,in_the_wild
/Users/ahooker/Documents/Dissertation/virtushield/final-datasets/in-the-wild-final-small/SAFE/0/frame_22100.jpg,SAFE,UNSAFE,0.7693910002708435,reflection_only,in_the_wild
/Users/ahooker/Documents/Dissertation/virtushield/final-datasets/in-the-wild-final-small/SAFE/0/frame_22520.jpg,SAFE,SAFE,0.3115324079990387,reflection_only,in_the_wild
/Users/ahooker/Documents/Dissertation/virtushield/final-datasets/in-the-wild-final-small/SAFE/0/frame_22540.jpg,SAFE,SAFE,0.20355720818042755,reflection_only,in_the_wild
/Users/ahooker/Documents/Dissertation/virtushield/final-datasets/in-the-wild-final-small/SAFE/0/frame_2280.jpg,SAFE,SAFE,0.22361472249031067,reflection_only,in_the_wild
/Users/ahooker/Documents/Dissertation/virtushield/final-datasets/in-the-wild-final-small/SAFE/0/frame_22800.jpg,SAFE,SAFE,0.39147818088531494,reflection_only,in_the_wild
/Users/ahooker/Documents/Dissertation/virtushield/final-datasets/in-the-wild-final-small/SAFE/0/frame_22840.jpg,SAFE,SAFE,0.26075586676597595,reflection_only,in_the_wild
/Users/ahooker/Documents/Dissertation/virtushield/final-datasets/in-the-wild-final-small/SAFE/0/frame_22860.jpg,SAFE,SAFE,0.29352709650993347,reflection_only,in_the_wild
/Users/ahooker/Documents/Dissertation/virtushield/final-datasets/in-the-wild-final-small/SAFE/0/frame_22900.jpg,SAFE,UNSAFE,0.8720835447311401,reflection_only,in_the_wild
/Users/ahooker/Documents/Dissertation/virtushield/final-datasets/in-the-wild-final-small/SAFE/0/frame_22940.jpg,SAFE,UNSAFE,0.8919652104377747,reflection_only,in_the_wild
/Users/ahooker/Documents/Dissertation/virtushield/final-datasets/in-the-wild-final-small/SAFE/0/frame_22980.jpg,SAFE,SAFE,0.4156823754310608,reflection_only,in_the_wild
/Users/ahooker/Documents/Dissertation/virtushield/final-datasets/in-the-wild-final-small/SAFE/0/frame_22980__1.jpg,SAFE,SAFE,0.26767322421073914,reflection_only,in_the_wild
/Users/ahooker/Documents/Dissertation/virtushield/final-datasets/in-the-wild-final-small/SAFE/0/frame_2300.jpg,SAFE,UNSAFE,0.7722204923629761,reflection_only,in_the_wild
/Users/ahooker/Documents/Dissertation/virtushield/final-datasets/in-the-wild-final-small/SAFE/0/frame_23100.jpg,SAFE,SAFE,0.3300315737724304,reflection_only,in_the_wild
/Users/ahooker/Documents/Dissertation/virtushield/final-datasets/in-the-wild-final-small/SAFE/0/frame_23140.jpg,SAFE,SAFE,0.10838105529546738,reflection_only,in_the_wild
/Users/ahooker/Documents/Dissertation/virtushield/final-datasets/in-the-wild-final-small/SAFE/0/frame_23260.jpg,SAFE,SAFE,0.2158229500055313,reflection_only,in_the_wild
/Users/ahooker/Documents/Dissertation/virtushield/final-datasets/in-the-wild-final-small/SAFE/0/frame_23560.jpg,SAFE,UNSAFE,0.9285522699356079,reflection_only,in_the_wild
/Users/ahooker/Documents/Dissertation/virtushield/final-datasets/in-the-wild-final-small/SAFE/0/frame_23600.jpg,SAFE,SAFE,0.16696171462535858,reflection_only,in_the_wild
/Users/ahooker/Documents/Dissertation/virtushield/final-datasets/in-the-wild-final-small/SAFE/0/frame_23760.jpg,SAFE,UNSAFE,0.8508323431015015,reflection_only,in_the_wild
/Users/ahooker/Documents/Dissertation/virtushield/final-datasets/in-the-wild-final-small/SAFE/0/frame_2420.jpg,SAFE,SAFE,0.31998735666275024,reflection_only,in_the_wild
/Users/ahooker/Documents/Dissertation/virtushield/final-datasets/in-the-wild-final-small/SAFE/0/frame_2440.jpg,SAFE,SAFE,0.13825011253356934,reflection_only,in_the_wild
/Users/ahooker/Documents/Dissertation/virtushield/final-datasets/in-the-wild-final-small/SAFE/0/frame_2480.jpg,SAFE,UNSAFE,0.9178990721702576,reflection_only,in_the_wild
/Users/ahooker/Documents/Dissertation/virtushield/final-datasets/in-the-wild-final-small/SAFE/0/frame_2540.jpg,SAFE,SAFE,0.07347612828016281,reflection_only,in_the_wild
/Users/ahooker/Documents/Dissertation/virtushield/final-datasets/in-the-wild-final-small/SAFE/0/frame_2560.jpg,SAFE,UNSAFE,0.9772986769676208,reflection_only,in_the_wild
/Users/ahooker/Documents/Dissertation/virtushield/final-datasets/in-the-wild-final-small/SAFE/0/frame_2580.jpg,SAFE,SAFE,0.2964198887348175,reflection_only,in_the_wild
/Users/ahooker/Documents/Dissertation/virtushield/final-datasets/in-the-wild-final-small/SAFE/0/frame_2580__1.jpg,SAFE,SAFE,0.2964198887348175,reflection_only,in_the_wild
/Users/ahooker/Documents/Dissertation/virtushield/final-datasets/in-the-wild-final-small/SAFE/0/frame_2580__2.jpg,SAFE,UNSAFE,0.9791944622993469,reflection_only,in_the_wild
/Users/ahooker/Documents/Dissertation/virtushield/final-datasets/in-the-wild-final-small/SAFE/0/frame_25840.jpg,SAFE,UNSAFE,0.9502103328704834,reflection_only,in_the_wild
/Users/ahooker/Documents/Dissertation/virtushield/final-datasets/in-the-wild-final-small/SAFE/0/frame_2600.jpg,SAFE,UNSAFE,0.8594312071800232,reflection_only,in_the_wild
/Users/ahooker/Documents/Dissertation/virtushield/final-datasets/in-the-wild-final-small/SAFE/0/frame_2660.jpg,SAFE,SAFE,0.33315712213516235,reflection_only,in_the_wild
/Users/ahooker/Documents/Dissertation/virtushield/final-datasets/in-the-wild-final-small/SAFE/0/frame_2680.jpg,SAFE,SAFE,0.39952051639556885,reflection_only,in_the_wild
/Users/ahooker/Documents/Dissertation/virtushield/final-datasets/in-the-wild-final-small/SAFE/0/frame_2700.jpg,SAFE,SAFE,0.22780972719192505,reflection_only,in_the_wild
/Users/ahooker/Documents/Dissertation/virtushield/final-datasets/in-the-wild-final-small/SAFE/0/frame_27000.jpg,SAFE,UNSAFE,0.8287174701690674,reflection_only,in_the_wild
/Users/ahooker/Documents/Dissertation/virtushield/final-datasets/in-the-wild-final-small/SAFE/0/frame_27120.jpg,SAFE,UNSAFE,0.8769199848175049,reflection_only,in_the_wild
/Users/ahooker/Documents/Dissertation/virtushield/final-datasets/in-the-wild-final-small/SAFE/0/frame_27220.jpg,SAFE,UNSAFE,0.7679360508918762,reflection_only,in_the_wild
/Users/ahooker/Documents/Dissertation/virtushield/final-datasets/in-the-wild-final-small/SAFE/0/frame_2760.jpg,SAFE,SAFE,0.35053443908691406,reflection_only,in_the_wild
/Users/ahooker/Documents/Dissertation/virtushield/final-datasets/in-the-wild-final-small/SAFE/0/frame_2760__1.jpg,SAFE,SAFE,0.3478187322616577,reflection_only,in_the_wild
/Users/ahooker/Documents/Dissertation/virtushield/final-datasets/in-the-wild-final-small/SAFE/0/frame_2860.jpg,SAFE,UNSAFE,0.7279762625694275,reflection_only,in_the_wild
/Users/ahooker/Documents/Dissertation/virtushield/final-datasets/in-the-wild-final-small/SAFE/0/frame_2880.jpg,SAFE,UNSAFE,0.8423068523406982,reflection_only,in_the_wild
/Users/ahooker/Documents/Dissertation/virtushield/final-datasets/in-the-wild-final-small/SAFE/0/frame_28820.jpg,SAFE,UNSAFE,0.9348217248916626,reflection_only,in_the_wild
/Users/ahooker/Documents/Dissertation/virtushield/final-datasets/in-the-wild-final-small/SAFE/0/frame_2960.jpg,SAFE,UNSAFE,0.7532217502593994,reflection_only,in_the_wild
/Users/ahooker/Documents/Dissertation/virtushield/final-datasets/in-the-wild-final-small/SAFE/0/frame_2980.jpg,SAFE,UNSAFE,0.7190840244293213,reflection_only,in_the_wild
/Users/ahooker/Documents/Dissertation/virtushield/final-datasets/in-the-wild-final-small/SAFE/0/frame_3020.jpg,SAFE,UNSAFE,0.9742496609687805,reflection_only,in_the_wild
/Users/ahooker/Documents/Dissertation/virtushield/final-datasets/in-the-wild-final-small/SAFE/0/frame_3080.jpg,SAFE,UNSAFE,0.9180290699005127,reflection_only,in_the_wild
/Users/ahooker/Documents/Dissertation/virtushield/final-datasets/in-the-wild-final-small/SAFE/0/frame_3080__1.jpg,SAFE,UNSAFE,0.9501537084579468,reflection_only,in_the_wild
/Users/ahooker/Documents/Dissertation/virtushield/final-datasets/in-the-wild-final-small/SAFE/0/frame_3100.jpg,SAFE,UNSAFE,0.7616846561431885,reflection_only,in_the_wild
/Users/ahooker/Documents/Dissertation/virtushield/final-datasets/in-the-wild-final-small/SAFE/0/frame_3160.jpg,SAFE,UNSAFE,0.94431072473526,reflection_only,in_the_wild
/Users/ahooker/Documents/Dissertation/virtushield/final-datasets/in-the-wild-final-small/SAFE/0/frame_3160__1.jpg,SAFE,SAFE,0.3636191189289093,reflection_only,in_the_wild
/Users/ahooker/Documents/Dissertation/virtushield/final-datasets/in-the-wild-final-small/SAFE/0/frame_3180.jpg,SAFE,SAFE,0.19831787049770355,reflection_only,in_the_wild
/Users/ahooker/Documents/Dissertation/virtushield/final-datasets/in-the-wild-final-small/SAFE/0/frame_3180__1.jpg,SAFE,UNSAFE,0.7488752007484436,reflection_only,in_the_wild
/Users/ahooker/Documents/Dissertation/virtushield/final-datasets/in-the-wild-final-small/SAFE/0/frame_320.jpg,SAFE,SAFE,0.3895969092845917,reflection_only,in_the_wild
/Users/ahooker/Documents/Dissertation/virtushield/final-datasets/in-the-wild-final-small/SAFE/0/frame_3200.jpg,SAFE,UNSAFE,0.5500694513320923,reflection_only,in_the_wild
/Users/ahooker/Documents/Dissertation/virtushield/final-datasets/in-the-wild-final-small/SAFE/0/frame_320__1.jpg,SAFE,SAFE,0.3813082277774811,reflection_only,in_the_wild
/Users/ahooker/Documents/Dissertation/virtushield/final-datasets/in-the-wild-final-small/SAFE/0/frame_3240.jpg,SAFE,SAFE,0.18319542706012726,reflection_only,in_the_wild
/Users/ahooker/Documents/Dissertation/virtushield/final-datasets/in-the-wild-final-small/SAFE/0/frame_3240__1.jpg,SAFE,SAFE,0.39075326919555664,reflection_only,in_the_wild
/Users/ahooker/Documents/Dissertation/virtushield/final-datasets/in-the-wild-final-small/SAFE/0/frame_3240__2.jpg,SAFE,UNSAFE,0.8577764630317688,reflection_only,in_the_wild
/Users/ahooker/Documents/Dissertation/virtushield/final-datasets/in-the-wild-final-small/SAFE/0/frame_3360.jpg,SAFE,UNSAFE,0.942299485206604,reflection_only,in_the_wild
/Users/ahooker/Documents/Dissertation/virtushield/final-datasets/in-the-wild-final-small/SAFE/0/frame_3420.jpg,SAFE,UNSAFE,0.8758498430252075,reflection_only,in_the_wild
/Users/ahooker/Documents/Dissertation/virtushield/final-datasets/in-the-wild-final-small/SAFE/0/frame_3420__1.jpg,SAFE,UNSAFE,0.8758498430252075,reflection_only,in_the_wild
/Users/ahooker/Documents/Dissertation/virtushield/final-datasets/in-the-wild-final-small/SAFE/0/frame_3460.jpg,SAFE,UNSAFE,0.7464468479156494,reflection_only,in_the_wild
/Users/ahooker/Documents/Dissertation/virtushield/final-datasets/in-the-wild-final-small/SAFE/0/frame_3520.jpg,SAFE,UNSAFE,0.9167453646659851,reflection_only,in_the_wild
/Users/ahooker/Documents/Dissertation/virtushield/final-datasets/in-the-wild-final-small/SAFE/0/frame_3520__1.jpg,SAFE,UNSAFE,0.8937727808952332,reflection_only,in_the_wild
/Users/ahooker/Documents/Dissertation/virtushield/final-datasets/in-the-wild-final-small/SAFE/0/frame_3560.jpg,SAFE,UNSAFE,0.8758556246757507,reflection_only,in_the_wild
/Users/ahooker/Documents/Dissertation/virtushield/final-datasets/in-the-wild-final-small/SAFE/0/frame_3560__1.jpg,SAFE,SAFE,0.2584241032600403,reflection_only,in_the_wild
/Users/ahooker/Documents/Dissertation/virtushield/final-datasets/in-the-wild-final-small/SAFE/0/frame_360.jpg,SAFE,UNSAFE,0.7556073665618896,reflection_only,in_the_wild
/Users/ahooker/Documents/Dissertation/virtushield/final-datasets/in-the-wild-final-small/SAFE/0/frame_3640.jpg,SAFE,SAFE,0.3870778977870941,reflection_only,in_the_wild
/Users/ahooker/Documents/Dissertation/virtushield/final-datasets/in-the-wild-final-small/SAFE/0/frame_3680.jpg,SAFE,UNSAFE,0.7148808240890503,reflection_only,in_the_wild
/Users/ahooker/Documents/Dissertation/virtushield/final-datasets/in-the-wild-final-small/SAFE/0/frame_3740.jpg,SAFE,SAFE,0.08613486588001251,reflection_only,in_the_wild
/Users/ahooker/Documents/Dissertation/virtushield/final-datasets/in-the-wild-final-small/SAFE/0/frame_3760.jpg,SAFE,UNSAFE,0.5637418031692505,reflection_only,in_the_wild
/Users/ahooker/Documents/Dissertation/virtushield/final-datasets/in-the-wild-final-small/SAFE/0/frame_3760__1.jpg,SAFE,SAFE,0.3663564622402191,reflection_only,in_the_wild
/Users/ahooker/Documents/Dissertation/virtushield/final-datasets/in-the-wild-final-small/SAFE/0/frame_3780.jpg,SAFE,UNSAFE,0.8708892464637756,reflection_only,in_the_wild
/Users/ahooker/Documents/Dissertation/virtushield/final-datasets/in-the-wild-final-small/SAFE/0/frame_3800.jpg,SAFE,SAFE,0.38603806495666504,reflection_only,in_the_wild
/Users/ahooker/Documents/Dissertation/virtushield/final-datasets/in-the-wild-final-small/SAFE/0/frame_3860.jpg,SAFE,UNSAFE,0.8765371441841125,reflection_only,in_the_wild
/Users/ahooker/Documents/Dissertation/virtushield/final-datasets/in-the-wild-final-small/SAFE/0/frame_3880.jpg,SAFE,UNSAFE,0.9605256915092468,reflection_only,in_the_wild
/Users/ahooker/Documents/Dissertation/virtushield/final-datasets/in-the-wild-final-small/SAFE/0/frame_3920.jpg,SAFE,UNSAFE,0.7267454266548157,reflection_only,in_the_wild
/Users/ahooker/Documents/Dissertation/virtushield/final-datasets/in-the-wild-final-small/SAFE/0/frame_3960.jpg,SAFE,UNSAFE,0.8852764368057251,reflection_only,in_the_wild
/Users/ahooker/Documents/Dissertation/virtushield/final-datasets/in-the-wild-final-small/SAFE/0/frame_3980.jpg,SAFE,UNSAFE,0.8483482003211975,reflection_only,in_the_wild
/Users/ahooker/Documents/Dissertation/virtushield/final-datasets/in-the-wild-final-small/SAFE/0/frame_40.jpg,SAFE,UNSAFE,0.9369093775749207,reflection_only,in_the_wild
/Users/ahooker/Documents/Dissertation/virtushield/final-datasets/in-the-wild-final-small/SAFE/0/frame_4020.jpg,SAFE,UNSAFE,0.9539376497268677,reflection_only,in_the_wild
/Users/ahooker/Documents/Dissertation/virtushield/final-datasets/in-the-wild-final-small/SAFE/0/frame_4020__1.jpg,SAFE,SAFE,0.4549839496612549,reflection_only,in_the_wild
/Users/ahooker/Documents/Dissertation/virtushield/final-datasets/in-the-wild-final-small/SAFE/0/frame_4020__2.jpg,SAFE,UNSAFE,0.7368531227111816,reflection_only,in_the_wild
/Users/ahooker/Documents/Dissertation/virtushield/final-datasets/in-the-wild-final-small/SAFE/0/frame_4080.jpg,SAFE,SAFE,0.28720641136169434,reflection_only,in_the_wild
/Users/ahooker/Documents/Dissertation/virtushield/final-datasets/in-the-wild-final-small/SAFE/0/frame_4100.jpg,SAFE,UNSAFE,0.7803239226341248,reflection_only,in_the_wild
/Users/ahooker/Documents/Dissertation/virtushield/final-datasets/in-the-wild-final-small/SAFE/0/frame_4120.jpg,SAFE,UNSAFE,0.8931854963302612,reflection_only,in_the_wild
/Users/ahooker/Documents/Dissertation/virtushield/final-datasets/in-the-wild-final-small/SAFE/0/frame_4120__1.jpg,SAFE,UNSAFE,0.794292688369751,reflection_only,in_the_wild
/Users/ahooker/Documents/Dissertation/virtushield/final-datasets/in-the-wild-final-small/SAFE/0/frame_4140.jpg,SAFE,UNSAFE,0.8958804607391357,reflection_only,in_the_wild
/Users/ahooker/Documents/Dissertation/virtushield/final-datasets/in-the-wild-final-small/SAFE/0/frame_4160.jpg,SAFE,UNSAFE,0.6893147230148315,reflection_only,in_the_wild
/Users/ahooker/Documents/Dissertation/virtushield/final-datasets/in-the-wild-final-small/SAFE/0/frame_4240.jpg,SAFE,SAFE,0.21738912165164948,reflection_only,in_the_wild
/Users/ahooker/Documents/Dissertation/virtushield/final-datasets/in-the-wild-final-small/SAFE/0/frame_4280.jpg,SAFE,UNSAFE,0.9008419513702393,reflection_only,in_the_wild
/Users/ahooker/Documents/Dissertation/virtushield/final-datasets/in-the-wild-final-small/SAFE/0/frame_4360.jpg,SAFE,SAFE,0.09962117671966553,reflection_only,in_the_wild
/Users/ahooker/Documents/Dissertation/virtushield/final-datasets/in-the-wild-final-small/SAFE/0/frame_4400.jpg,SAFE,UNSAFE,0.8132447004318237,reflection_only,in_the_wild
/Users/ahooker/Documents/Dissertation/virtushield/final-datasets/in-the-wild-final-small/SAFE/0/frame_4400__1.jpg,SAFE,UNSAFE,0.7683891654014587,reflection_only,in_the_wild
/Users/ahooker/Documents/Dissertation/virtushield/final-datasets/in-the-wild-final-small/SAFE/0/frame_4480.jpg,SAFE,UNSAFE,0.9629732370376587,reflection_only,in_the_wild
/Users/ahooker/Documents/Dissertation/virtushield/final-datasets/in-the-wild-final-small/SAFE/0/frame_4500.jpg,SAFE,UNSAFE,0.6891573071479797,reflection_only,in_the_wild
/Users/ahooker/Documents/Dissertation/virtushield/final-datasets/in-the-wild-final-small/SAFE/0/frame_4520.jpg,SAFE,UNSAFE,0.7487751841545105,reflection_only,in_the_wild
/Users/ahooker/Documents/Dissertation/virtushield/final-datasets/in-the-wild-final-small/SAFE/0/frame_4740.jpg,SAFE,UNSAFE,0.7407417893409729,reflection_only,in_the_wild
/Users/ahooker/Documents/Dissertation/virtushield/final-datasets/in-the-wild-final-small/SAFE/0/frame_4840.jpg,SAFE,UNSAFE,0.9761455059051514,reflection_only,in_the_wild
/Users/ahooker/Documents/Dissertation/virtushield/final-datasets/in-the-wild-final-small/SAFE/0/frame_4880.jpg,SAFE,SAFE,0.3727870285511017,reflection_only,in_the_wild
/Users/ahooker/Documents/Dissertation/virtushield/final-datasets/in-the-wild-final-small/SAFE/0/frame_4880__1.jpg,SAFE,UNSAFE,0.9060332179069519,reflection_only,in_the_wild
/Users/ahooker/Documents/Dissertation/virtushield/final-datasets/in-the-wild-final-small/SAFE/0/frame_4880__2.jpg,SAFE,UNSAFE,0.9387754201889038,reflection_only,in_the_wild
/Users/ahooker/Documents/Dissertation/virtushield/final-datasets/in-the-wild-final-small/SAFE/0/frame_4900.jpg,SAFE,UNSAFE,0.932570219039917,reflection_only,in_the_wild
/Users/ahooker/Documents/Dissertation/virtushield/final-datasets/in-the-wild-final-small/SAFE/0/frame_4900__1.jpg,SAFE,UNSAFE,0.9460538029670715,reflection_only,in_the_wild
/Users/ahooker/Documents/Dissertation/virtushield/final-datasets/in-the-wild-final-small/SAFE/0/frame_5000.jpg,SAFE,UNSAFE,0.7098687887191772,reflection_only,in_the_wild
/Users/ahooker/Documents/Dissertation/virtushield/final-datasets/in-the-wild-final-small/SAFE/0/frame_5040.jpg,SAFE,UNSAFE,0.8704732656478882,reflection_only,in_the_wild
/Users/ahooker/Documents/Dissertation/virtushield/final-datasets/in-the-wild-final-small/SAFE/0/frame_5040__1.jpg,SAFE,SAFE,0.39210259914398193,reflection_only,in_the_wild
/Users/ahooker/Documents/Dissertation/virtushield/final-datasets/in-the-wild-final-small/SAFE/0/frame_5040__2.jpg,SAFE,UNSAFE,0.6945124864578247,reflection_only,in_the_wild
/Users/ahooker/Documents/Dissertation/virtushield/final-datasets/in-the-wild-final-small/SAFE/0/frame_5060.jpg,SAFE,UNSAFE,0.7021424174308777,reflection_only,in_the_wild
/Users/ahooker/Documents/Dissertation/virtushield/final-datasets/in-the-wild-final-small/SAFE/0/frame_5160.jpg,SAFE,UNSAFE,0.6377101540565491,reflection_only,in_the_wild
/Users/ahooker/Documents/Dissertation/virtushield/final-datasets/in-the-wild-final-small/SAFE/0/frame_5180.jpg,SAFE,UNSAFE,0.8831813335418701,reflection_only,in_the_wild
/Users/ahooker/Documents/Dissertation/virtushield/final-datasets/in-the-wild-final-small/SAFE/0/frame_5180__1.jpg,SAFE,SAFE,0.3974002003669739,reflection_only,in_the_wild
/Users/ahooker/Documents/Dissertation/virtushield/final-datasets/in-the-wild-final-small/SAFE/0/frame_5280.jpg,SAFE,UNSAFE,0.9121813178062439,reflection_only,in_the_wild
/Users/ahooker/Documents/Dissertation/virtushield/final-datasets/in-the-wild-final-small/SAFE/0/frame_5300.jpg,SAFE,UNSAFE,0.7355830073356628,reflection_only,in_the_wild
/Users/ahooker/Documents/Dissertation/virtushield/final-datasets/in-the-wild-final-small/SAFE/0/frame_5360.jpg,SAFE,SAFE,0.40910977125167847,reflection_only,in_the_wild
/Users/ahooker/Documents/Dissertation/virtushield/final-datasets/in-the-wild-final-small/SAFE/0/frame_5380.jpg,SAFE,UNSAFE,0.9155895113945007,reflection_only,in_the_wild
/Users/ahooker/Documents/Dissertation/virtushield/final-datasets/in-the-wild-final-small/SAFE/0/frame_5380__1.jpg,SAFE,UNSAFE,0.7980195879936218,reflection_only,in_the_wild
/Users/ahooker/Documents/Dissertation/virtushield/final-datasets/in-the-wild-final-small/SAFE/0/frame_540.jpg,SAFE,UNSAFE,0.9684911966323853,reflection_only,in_the_wild
/Users/ahooker/Documents/Dissertation/virtushield/final-datasets/in-the-wild-final-small/SAFE/0/frame_5420.jpg,SAFE,UNSAFE,0.9526371359825134,reflection_only,in_the_wild
/Users/ahooker/Documents/Dissertation/virtushield/final-datasets/in-the-wild-final-small/SAFE/0/frame_5440.jpg,SAFE,UNSAFE,0.8883736729621887,reflection_only,in_the_wild
/Users/ahooker/Documents/Dissertation/virtushield/final-datasets/in-the-wild-final-small/SAFE/0/frame_5440__1.jpg,SAFE,UNSAFE,0.8819066882133484,reflection_only,in_the_wild
/Users/ahooker/Documents/Dissertation/virtushield/final-datasets/in-the-wild-final-small/SAFE/0/frame_5500.jpg,SAFE,UNSAFE,0.5790215134620667,reflection_only,in_the_wild
/Users/ahooker/Documents/Dissertation/virtushield/final-datasets/in-the-wild-final-small/SAFE/0/frame_5540.jpg,SAFE,UNSAFE,0.9572740793228149,reflection_only,in_the_wild
/Users/ahooker/Documents/Dissertation/virtushield/final-datasets/in-the-wild-final-small/SAFE/0/frame_5620.jpg,SAFE,UNSAFE,0.8768969178199768,reflection_only,in_the_wild
/Users/ahooker/Documents/Dissertation/virtushield/final-datasets/in-the-wild-final-small/SAFE/0/frame_5640.jpg,SAFE,UNSAFE,0.8654698729515076,reflection_only,in_the_wild
/Users/ahooker/Documents/Dissertation/virtushield/final-datasets/in-the-wild-final-small/SAFE/0/frame_5700.jpg,SAFE,UNSAFE,0.73188716173172,reflection_only,in_the_wild
/Users/ahooker/Documents/Dissertation/virtushield/final-datasets/in-the-wild-final-small/SAFE/0/frame_5720.jpg,SAFE,UNSAFE,0.9174550175666809,reflection_only,in_the_wild
/Users/ahooker/Documents/Dissertation/virtushield/final-datasets/in-the-wild-final-small/SAFE/0/frame_5760.jpg,SAFE,UNSAFE,0.6254743337631226,reflection_only,in_the_wild
/Users/ahooker/Documents/Dissertation/virtushield/final-datasets/in-the-wild-final-small/SAFE/0/frame_5800.jpg,SAFE,UNSAFE,0.9185783267021179,reflection_only,in_the_wild
/Users/ahooker/Documents/Dissertation/virtushield/final-datasets/in-the-wild-final-small/SAFE/0/frame_5960.jpg,SAFE,UNSAFE,0.8587368726730347,reflection_only,in_the_wild
/Users/ahooker/Documents/Dissertation/virtushield/final-datasets/in-the-wild-final-small/SAFE/0/frame_600.jpg,SAFE,UNSAFE,0.7352133989334106,reflection_only,in_the_wild
/Users/ahooker/Documents/Dissertation/virtushield/final-datasets/in-the-wild-final-small/SAFE/0/frame_6020.jpg,SAFE,UNSAFE,0.9794065356254578,reflection_only,in_the_wild
/Users/ahooker/Documents/Dissertation/virtushield/final-datasets/in-the-wild-final-small/SAFE/0/frame_6080.jpg,SAFE,SAFE,0.2742066979408264,reflection_only,in_the_wild
/Users/ahooker/Documents/Dissertation/virtushield/final-datasets/in-the-wild-final-small/SAFE/0/frame_6120.jpg,SAFE,SAFE,0.3280814588069916,reflection_only,in_the_wild
/Users/ahooker/Documents/Dissertation/virtushield/final-datasets/in-the-wild-final-small/SAFE/0/frame_6140.jpg,SAFE,SAFE,0.4780615568161011,reflection_only,in_the_wild
/Users/ahooker/Documents/Dissertation/virtushield/final-datasets/in-the-wild-final-small/SAFE/0/frame_6180.jpg,SAFE,UNSAFE,0.9293256402015686,reflection_only,in_the_wild
/Users/ahooker/Documents/Dissertation/virtushield/final-datasets/in-the-wild-final-small/SAFE/0/frame_6240.jpg,SAFE,UNSAFE,0.7798668146133423,reflection_only,in_the_wild
/Users/ahooker/Documents/Dissertation/virtushield/final-datasets/in-the-wild-final-small/SAFE/0/frame_6280.jpg,SAFE,UNSAFE,0.9637887477874756,reflection_only,in_the_wild
/Users/ahooker/Documents/Dissertation/virtushield/final-datasets/in-the-wild-final-small/SAFE/0/frame_6300.jpg,SAFE,SAFE,0.23293083906173706,reflection_only,in_the_wild
/Users/ahooker/Documents/Dissertation/virtushield/final-datasets/in-the-wild-final-small/SAFE/0/frame_6300__1.jpg,SAFE,UNSAFE,0.9331547021865845,reflection_only,in_the_wild
/Users/ahooker/Documents/Dissertation/virtushield/final-datasets/in-the-wild-final-small/SAFE/0/frame_6440.jpg,SAFE,UNSAFE,0.9334328770637512,reflection_only,in_the_wild
/Users/ahooker/Documents/Dissertation/virtushield/final-datasets/in-the-wild-final-small/SAFE/0/frame_6480.jpg,SAFE,UNSAFE,0.890165388584137,reflection_only,in_the_wild
/Users/ahooker/Documents/Dissertation/virtushield/final-datasets/in-the-wild-final-small/SAFE/0/frame_6540.jpg,SAFE,UNSAFE,0.6267003417015076,reflection_only,in_the_wild
/Users/ahooker/Documents/Dissertation/virtushield/final-datasets/in-the-wild-final-small/SAFE/0/frame_6560.jpg,SAFE,SAFE,0.306953489780426,reflection_only,in_the_wild
/Users/ahooker/Documents/Dissertation/virtushield/final-datasets/in-the-wild-final-small/SAFE/0/frame_6580.jpg,SAFE,SAFE,0.37950122356414795,reflection_only,in_the_wild
/Users/ahooker/Documents/Dissertation/virtushield/final-datasets/in-the-wild-final-small/SAFE/0/frame_660.jpg,SAFE,UNSAFE,0.802234411239624,reflection_only,in_the_wild
/Users/ahooker/Documents/Dissertation/virtushield/final-datasets/in-the-wild-final-small/SAFE/0/frame_6620.jpg,SAFE,UNSAFE,0.8460699319839478,reflection_only,in_the_wild
/Users/ahooker/Documents/Dissertation/virtushield/final-datasets/in-the-wild-final-small/SAFE/0/frame_6620__1.jpg,SAFE,SAFE,0.36397477984428406,reflection_only,in_the_wild
/Users/ahooker/Documents/Dissertation/virtushield/final-datasets/in-the-wild-final-small/SAFE/0/frame_6640.jpg,SAFE,UNSAFE,0.7316282391548157,reflection_only,in_the_wild
/Users/ahooker/Documents/Dissertation/virtushield/final-datasets/in-the-wild-final-small/SAFE/0/frame_6700.jpg,SAFE,SAFE,0.29655373096466064,reflection_only,in_the_wild
/Users/ahooker/Documents/Dissertation/virtushield/final-datasets/in-the-wild-final-small/SAFE/0/frame_6800.jpg,SAFE,SAFE,0.39015987515449524,reflection_only,in_the_wild
/Users/ahooker/Documents/Dissertation/virtushield/final-datasets/in-the-wild-final-small/SAFE/0/frame_6920.jpg,SAFE,SAFE,0.17986345291137695,reflection_only,in_the_wild
/Users/ahooker/Documents/Dissertation/virtushield/final-datasets/in-the-wild-final-small/SAFE/0/frame_6920__1.jpg,SAFE,SAFE,0.06512615829706192,reflection_only,in_the_wild
/Users/ahooker/Documents/Dissertation/virtushield/final-datasets/in-the-wild-final-small/SAFE/0/frame_6940.jpg,SAFE,SAFE,0.2496301233768463,reflection_only,in_the_wild
/Users/ahooker/Documents/Dissertation/virtushield/final-datasets/in-the-wild-final-small/SAFE/0/frame_6960.jpg,SAFE,SAFE,0.4494413733482361,reflection_only,in_the_wild
/Users/ahooker/Documents/Dissertation/virtushield/final-datasets/in-the-wild-final-small/SAFE/0/frame_7100.jpg,SAFE,SAFE,0.29577311873435974,reflection_only,in_the_wild
/Users/ahooker/Documents/Dissertation/virtushield/final-datasets/in-the-wild-final-small/SAFE/0/frame_7180.jpg,SAFE,SAFE,0.3733076751232147,reflection_only,in_the_wild
/Users/ahooker/Documents/Dissertation/virtushield/final-datasets/in-the-wild-final-small/SAFE/0/frame_7180__1.jpg,SAFE,UNSAFE,0.7338372468948364,reflection_only,in_the_wild
/Users/ahooker/Documents/Dissertation/virtushield/final-datasets/in-the-wild-final-small/SAFE/0/frame_720.jpg,SAFE,UNSAFE,0.8653548359870911,reflection_only,in_the_wild
/Users/ahooker/Documents/Dissertation/virtushield/final-datasets/in-the-wild-final-small/SAFE/0/frame_7200.jpg,SAFE,SAFE,0.3959176540374756,reflection_only,in_the_wild
/Users/ahooker/Documents/Dissertation/virtushield/final-datasets/in-the-wild-final-small/SAFE/0/frame_720__1.jpg,SAFE,UNSAFE,0.8511472940444946,reflection_only,in_the_wild
/Users/ahooker/Documents/Dissertation/virtushield/final-datasets/in-the-wild-final-small/SAFE/0/frame_7320.jpg,SAFE,SAFE,0.3558238446712494,reflection_only,in_the_wild
/Users/ahooker/Documents/Dissertation/virtushield/final-datasets/in-the-wild-final-small/SAFE/0/frame_7320__1.jpg,SAFE,SAFE,0.3683200478553772,reflection_only,in_the_wild
/Users/ahooker/Documents/Dissertation/virtushield/final-datasets/in-the-wild-final-small/SAFE/0/frame_7460.jpg,SAFE,UNSAFE,0.8649790287017822,reflection_only,in_the_wild
/Users/ahooker/Documents/Dissertation/virtushield/final-datasets/in-the-wild-final-small/SAFE/0/frame_7500.jpg,SAFE,SAFE,0.3224009573459625,reflection_only,in_the_wild
/Users/ahooker/Documents/Dissertation/virtushield/final-datasets/in-the-wild-final-small/SAFE/0/frame_7500__1.jpg,SAFE,UNSAFE,0.9283573031425476,reflection_only,in_the_wild
/Users/ahooker/Documents/Dissertation/virtushield/final-datasets/in-the-wild-final-small/SAFE/0/frame_7580.jpg,SAFE,UNSAFE,0.9028823971748352,reflection_only,in_the_wild
/Users/ahooker/Documents/Dissertation/virtushield/final-datasets/in-the-wild-final-small/SAFE/0/frame_7600.jpg,SAFE,UNSAFE,0.8035079836845398,reflection_only,in_the_wild
/Users/ahooker/Documents/Dissertation/virtushield/final-datasets/in-the-wild-final-small/SAFE/0/frame_7660.jpg,SAFE,UNSAFE,0.7504446506500244,reflection_only,in_the_wild
/Users/ahooker/Documents/Dissertation/virtushield/final-datasets/in-the-wild-final-small/SAFE/0/frame_7760.jpg,SAFE,UNSAFE,0.862108051776886,reflection_only,in_the_wild
/Users/ahooker/Documents/Dissertation/virtushield/final-datasets/in-the-wild-final-small/SAFE/0/frame_7800.jpg,SAFE,UNSAFE,0.8894498348236084,reflection_only,in_the_wild
/Users/ahooker/Documents/Dissertation/virtushield/final-datasets/in-the-wild-final-small/SAFE/0/frame_7800__1.jpg,SAFE,UNSAFE,0.960587203502655,reflection_only,in_the_wild
/Users/ahooker/Documents/Dissertation/virtushield/final-datasets/in-the-wild-final-small/SAFE/0/frame_7960.jpg,SAFE,SAFE,0.17302633821964264,reflection_only,in_the_wild
/Users/ahooker/Documents/Dissertation/virtushield/final-datasets/in-the-wild-final-small/SAFE/0/frame_7980.jpg,SAFE,UNSAFE,0.911185622215271,reflection_only,in_the_wild
/Users/ahooker/Documents/Dissertation/virtushield/final-datasets/in-the-wild-final-small/SAFE/0/frame_7980__1.jpg,SAFE,UNSAFE,0.9424945712089539,reflection_only,in_the_wild
/Users/ahooker/Documents/Dissertation/virtushield/final-datasets/in-the-wild-final-small/SAFE/0/frame_80.jpg,SAFE,UNSAFE,0.8952583074569702,reflection_only,in_the_wild
/Users/ahooker/Documents/Dissertation/virtushield/final-datasets/in-the-wild-final-small/SAFE/0/frame_8000.jpg,SAFE,UNSAFE,0.8581414222717285,reflection_only,in_the_wild
/Users/ahooker/Documents/Dissertation/virtushield/final-datasets/in-the-wild-final-small/SAFE/0/frame_8040.jpg,SAFE,UNSAFE,0.8876932263374329,reflection_only,in_the_wild
/Users/ahooker/Documents/Dissertation/virtushield/final-datasets/in-the-wild-final-small/SAFE/0/frame_8060.jpg,SAFE,UNSAFE,0.9038496017456055,reflection_only,in_the_wild
/Users/ahooker/Documents/Dissertation/virtushield/final-datasets/in-the-wild-final-small/SAFE/0/frame_8060__1.jpg,SAFE,UNSAFE,0.8351675868034363,reflection_only,in_the_wild
/Users/ahooker/Documents/Dissertation/virtushield/final-datasets/in-the-wild-final-small/SAFE/0/frame_8120.jpg,SAFE,UNSAFE,0.8963980078697205,reflection_only,in_the_wild
/Users/ahooker/Documents/Dissertation/virtushield/final-datasets/in-the-wild-final-small/SAFE/0/frame_8180.jpg,SAFE,UNSAFE,0.847909152507782,reflection_only,in_the_wild
/Users/ahooker/Documents/Dissertation/virtushield/final-datasets/in-the-wild-final-small/SAFE/0/frame_8200.jpg,SAFE,UNSAFE,0.8572093844413757,reflection_only,in_the_wild
/Users/ahooker/Documents/Dissertation/virtushield/final-datasets/in-the-wild-final-small/SAFE/0/frame_8200__1.jpg,SAFE,UNSAFE,0.9281964898109436,reflection_only,in_the_wild
/Users/ahooker/Documents/Dissertation/virtushield/final-datasets/in-the-wild-final-small/SAFE/0/frame_8260.jpg,SAFE,SAFE,0.16470900177955627,reflection_only,in_the_wild
/Users/ahooker/Documents/Dissertation/virtushield/final-datasets/in-the-wild-final-small/SAFE/0/frame_8480.jpg,SAFE,UNSAFE,0.8030184507369995,reflection_only,in_the_wild
/Users/ahooker/Documents/Dissertation/virtushield/final-datasets/in-the-wild-final-small/SAFE/0/frame_8480__1.jpg,SAFE,UNSAFE,0.9534181952476501,reflection_only,in_the_wild
/Users/ahooker/Documents/Dissertation/virtushield/final-datasets/in-the-wild-final-small/SAFE/0/frame_8500.jpg,SAFE,UNSAFE,0.9145709872245789,reflection_only,in_the_wild
/Users/ahooker/Documents/Dissertation/virtushield/final-datasets/in-the-wild-final-small/SAFE/0/frame_8520.jpg,SAFE,UNSAFE,0.8068172335624695,reflection_only,in_the_wild
/Users/ahooker/Documents/Dissertation/virtushield/final-datasets/in-the-wild-final-small/SAFE/0/frame_8560.jpg,SAFE,UNSAFE,0.9148426055908203,reflection_only,in_the_wild
/Users/ahooker/Documents/Dissertation/virtushield/final-datasets/in-the-wild-final-small/SAFE/0/frame_8600.jpg,SAFE,UNSAFE,0.5882960557937622,reflection_only,in_the_wild
/Users/ahooker/Documents/Dissertation/virtushield/final-datasets/in-the-wild-final-small/SAFE/0/frame_8660.jpg,SAFE,UNSAFE,0.9640374779701233,reflection_only,in_the_wild
/Users/ahooker/Documents/Dissertation/virtushield/final-datasets/in-the-wild-final-small/SAFE/0/frame_8700.jpg,SAFE,UNSAFE,0.8454004526138306,reflection_only,in_the_wild
/Users/ahooker/Documents/Dissertation/virtushield/final-datasets/in-the-wild-final-small/SAFE/0/frame_8700__1.jpg,SAFE,UNSAFE,0.9655312895774841,reflection_only,in_the_wild
/Users/ahooker/Documents/Dissertation/virtushield/final-datasets/in-the-wild-final-small/SAFE/0/frame_8820.jpg,SAFE,UNSAFE,0.8570907711982727,reflection_only,in_the_wild
/Users/ahooker/Documents/Dissertation/virtushield/final-datasets/in-the-wild-final-small/SAFE/0/frame_8960.jpg,SAFE,SAFE,0.39790573716163635,reflection_only,in_the_wild
/Users/ahooker/Documents/Dissertation/virtushield/final-datasets/in-the-wild-final-small/SAFE/0/frame_8960__1.jpg,SAFE,UNSAFE,0.9107341170310974,reflection_only,in_the_wild
/Users/ahooker/Documents/Dissertation/virtushield/final-datasets/in-the-wild-final-small/SAFE/0/frame_900.jpg,SAFE,UNSAFE,0.9105302691459656,reflection_only,in_the_wild
/Users/ahooker/Documents/Dissertation/virtushield/final-datasets/in-the-wild-final-small/SAFE/0/frame_9000.jpg,SAFE,UNSAFE,0.806813657283783,reflection_only,in_the_wild
/Users/ahooker/Documents/Dissertation/virtushield/final-datasets/in-the-wild-final-small/SAFE/0/frame_9000__1.jpg,SAFE,UNSAFE,0.5800859332084656,reflection_only,in_the_wild
/Users/ahooker/Documents/Dissertation/virtushield/final-datasets/in-the-wild-final-small/SAFE/0/frame_9020.jpg,SAFE,UNSAFE,0.6588069200515747,reflection_only,in_the_wild
/Users/ahooker/Documents/Dissertation/virtushield/final-datasets/in-the-wild-final-small/SAFE/0/frame_9020__1.jpg,SAFE,UNSAFE,0.9460105895996094,reflection_only,in_the_wild
/Users/ahooker/Documents/Dissertation/virtushield/final-datasets/in-the-wild-final-small/SAFE/0/frame_9040.jpg,SAFE,SAFE,0.39131900668144226,reflection_only,in_the_wild
/Users/ahooker/Documents/Dissertation/virtushield/final-datasets/in-the-wild-final-small/SAFE/0/frame_9060.jpg,SAFE,UNSAFE,0.7379918098449707,reflection_only,in_the_wild
/Users/ahooker/Documents/Dissertation/virtushield/final-datasets/in-the-wild-final-small/SAFE/0/frame_9100.jpg,SAFE,SAFE,0.2636612057685852,reflection_only,in_the_wild
/Users/ahooker/Documents/Dissertation/virtushield/final-datasets/in-the-wild-final-small/SAFE/0/frame_9140.jpg,SAFE,SAFE,0.31582581996917725,reflection_only,in_the_wild
/Users/ahooker/Documents/Dissertation/virtushield/final-datasets/in-the-wild-final-small/SAFE/0/frame_920.jpg,SAFE,SAFE,0.36666321754455566,reflection_only,in_the_wild
/Users/ahooker/Documents/Dissertation/virtushield/final-datasets/in-the-wild-final-small/SAFE/0/frame_920__1.jpg,SAFE,UNSAFE,0.7354460954666138,reflection_only,in_the_wild
/Users/ahooker/Documents/Dissertation/virtushield/final-datasets/in-the-wild-final-small/SAFE/0/frame_9220.jpg,SAFE,UNSAFE,0.8609208464622498,reflection_only,in_the_wild
/Users/ahooker/Documents/Dissertation/virtushield/final-datasets/in-the-wild-final-small/SAFE/0/frame_9280.jpg,SAFE,SAFE,0.2880619168281555,reflection_only,in_the_wild
/Users/ahooker/Documents/Dissertation/virtushield/final-datasets/in-the-wild-final-small/SAFE/0/frame_9300.jpg,SAFE,UNSAFE,0.7216736674308777,reflection_only,in_the_wild
/Users/ahooker/Documents/Dissertation/virtushield/final-datasets/in-the-wild-final-small/SAFE/0/frame_9340.jpg,SAFE,UNSAFE,0.6709480881690979,reflection_only,in_the_wild
/Users/ahooker/Documents/Dissertation/virtushield/final-datasets/in-the-wild-final-small/SAFE/0/frame_9360.jpg,SAFE,SAFE,0.3690846860408783,reflection_only,in_the_wild
/Users/ahooker/Documents/Dissertation/virtushield/final-datasets/in-the-wild-final-small/SAFE/0/frame_940.jpg,SAFE,UNSAFE,0.7668867707252502,reflection_only,in_the_wild
/Users/ahooker/Documents/Dissertation/virtushield/final-datasets/in-the-wild-final-small/SAFE/0/frame_9400.jpg,SAFE,UNSAFE,0.9020513892173767,reflection_only,in_the_wild
/Users/ahooker/Documents/Dissertation/virtushield/final-datasets/in-the-wild-final-small/SAFE/0/frame_9420.jpg,SAFE,SAFE,0.22159306704998016,reflection_only,in_the_wild
/Users/ahooker/Documents/Dissertation/virtushield/final-datasets/in-the-wild-final-small/SAFE/0/frame_9440.jpg,SAFE,SAFE,0.3968621790409088,reflection_only,in_the_wild
/Users/ahooker/Documents/Dissertation/virtushield/final-datasets/in-the-wild-final-small/SAFE/0/frame_9460.jpg,SAFE,UNSAFE,0.9206846356391907,reflection_only,in_the_wild
/Users/ahooker/Documents/Dissertation/virtushield/final-datasets/in-the-wild-final-small/SAFE/0/frame_9480.jpg,SAFE,UNSAFE,0.9270325303077698,reflection_only,in_the_wild
/Users/ahooker/Documents/Dissertation/virtushield/final-datasets/in-the-wild-final-small/SAFE/0/frame_9500.jpg,SAFE,SAFE,0.44412022829055786,reflection_only,in_the_wild
/Users/ahooker/Documents/Dissertation/virtushield/final-datasets/in-the-wild-final-small/SAFE/0/frame_9520.jpg,SAFE,SAFE,0.2946516275405884,reflection_only,in_the_wild
/Users/ahooker/Documents/Dissertation/virtushield/final-datasets/in-the-wild-final-small/SAFE/0/frame_9640.jpg,SAFE,SAFE,0.1968117207288742,reflection_only,in_the_wild
/Users/ahooker/Documents/Dissertation/virtushield/final-datasets/in-the-wild-final-small/SAFE/0/frame_9660.jpg,SAFE,UNSAFE,0.5361066460609436,reflection_only,in_the_wild
/Users/ahooker/Documents/Dissertation/virtushield/final-datasets/in-the-wild-final-small/SAFE/0/frame_9700.jpg,SAFE,UNSAFE,0.7563772797584534,reflection_only,in_the_wild
/Users/ahooker/Documents/Dissertation/virtushield/final-datasets/in-the-wild-final-small/SAFE/0/frame_9720.jpg,SAFE,UNSAFE,0.7283990383148193,reflection_only,in_the_wild
/Users/ahooker/Documents/Dissertation/virtushield/final-datasets/in-the-wild-final-small/SAFE/0/frame_9720__1.jpg,SAFE,SAFE,0.2812313139438629,reflection_only,in_the_wild
/Users/ahooker/Documents/Dissertation/virtushield/final-datasets/in-the-wild-final-small/SAFE/0/frame_9740.jpg,SAFE,UNSAFE,0.7701391577720642,reflection_only,in_the_wild
/Users/ahooker/Documents/Dissertation/virtushield/final-datasets/in-the-wild-final-small/SAFE/0/frame_9760.jpg,SAFE,UNSAFE,0.7434297204017639,reflection_only,in_the_wild
/Users/ahooker/Documents/Dissertation/virtushield/final-datasets/in-the-wild-final-small/SAFE/0/frame_9760__1.jpg,SAFE,UNSAFE,0.7298170924186707,reflection_only,in_the_wild
/Users/ahooker/Documents/Dissertation/virtushield/final-datasets/in-the-wild-final-small/SAFE/0/frame_9840.jpg,SAFE,UNSAFE,0.9700155258178711,reflection_only,in_the_wild
/Users/ahooker/Documents/Dissertation/virtushield/final-datasets/in-the-wild-final-small/SAFE/0/frame_9880.jpg,SAFE,UNSAFE,0.9131056070327759,reflection_only,in_the_wild
/Users/ahooker/Documents/Dissertation/virtushield/final-datasets/in-the-wild-final-small/SAFE/1/frame_10000.jpg,SAFE,SAFE,0.3736293613910675,reflection_only,in_the_wild
/Users/ahooker/Documents/Dissertation/virtushield/final-datasets/in-the-wild-final-small/SAFE/1/frame_10080.jpg,SAFE,UNSAFE,0.9314905405044556,reflection_only,in_the_wild
/Users/ahooker/Documents/Dissertation/virtushield/final-datasets/in-the-wild-final-small/SAFE/1/frame_10080__1.jpg,SAFE,UNSAFE,0.7611132264137268,reflection_only,in_the_wild
/Users/ahooker/Documents/Dissertation/virtushield/final-datasets/in-the-wild-final-small/SAFE/1/frame_10100.jpg,SAFE,SAFE,0.37662753462791443,reflection_only,in_the_wild
/Users/ahooker/Documents/Dissertation/virtushield/final-datasets/in-the-wild-final-small/SAFE/1/frame_10100__1.jpg,SAFE,UNSAFE,0.5741677284240723,reflection_only,in_the_wild
/Users/ahooker/Documents/Dissertation/virtushield/final-datasets/in-the-wild-final-small/SAFE/1/frame_10100__2.jpg,SAFE,UNSAFE,0.9370744228363037,reflection_only,in_the_wild
/Users/ahooker/Documents/Dissertation/virtushield/final-datasets/in-the-wild-final-small/SAFE/1/frame_10140.jpg,SAFE,UNSAFE,0.7667356133460999,reflection_only,in_the_wild
/Users/ahooker/Documents/Dissertation/virtushield/final-datasets/in-the-wild-final-small/SAFE/1/frame_10160.jpg,SAFE,UNSAFE,0.7607767581939697,reflection_only,in_the_wild
/Users/ahooker/Documents/Dissertation/virtushield/final-datasets/in-the-wild-final-small/SAFE/1/frame_10160__1.jpg,SAFE,UNSAFE,0.8803989887237549,reflection_only,in_the_wild
/Users/ahooker/Documents/Dissertation/virtushield/final-datasets/in-the-wild-final-small/SAFE/1/frame_10220.jpg,SAFE,UNSAFE,0.9056345820426941,reflection_only,in_the_wild
/Users/ahooker/Documents/Dissertation/virtushield/final-datasets/in-the-wild-final-small/SAFE/1/frame_10300.jpg,SAFE,UNSAFE,0.8100887537002563,reflection_only,in_the_wild
/Users/ahooker/Documents/Dissertation/virtushield/final-datasets/in-the-wild-final-small/SAFE/1/frame_10320.jpg,SAFE,UNSAFE,0.9504209160804749,reflection_only,in_the_wild
/Users/ahooker/Documents/Dissertation/virtushield/final-datasets/in-the-wild-final-small/SAFE/1/frame_10360.jpg,SAFE,SAFE,0.15963584184646606,reflection_only,in_the_wild
/Users/ahooker/Documents/Dissertation/virtushield/final-datasets/in-the-wild-final-small/SAFE/1/frame_10380.jpg,SAFE,UNSAFE,0.8710669279098511,reflection_only,in_the_wild
/Users/ahooker/Documents/Dissertation/virtushield/final-datasets/in-the-wild-final-small/SAFE/1/frame_10440.jpg,SAFE,SAFE,0.34498608112335205,reflection_only,in_the_wild
/Users/ahooker/Documents/Dissertation/virtushield/final-datasets/in-the-wild-final-small/SAFE/1/frame_10440__1.jpg,SAFE,SAFE,0.465074360370636,reflection_only,in_the_wild
/Users/ahooker/Documents/Dissertation/virtushield/final-datasets/in-the-wild-final-small/SAFE/1/frame_10460.jpg,SAFE,UNSAFE,0.7782080769538879,reflection_only,in_the_wild
/Users/ahooker/Documents/Dissertation/virtushield/final-datasets/in-the-wild-final-small/SAFE/1/frame_10480.jpg,SAFE,UNSAFE,0.8916381001472473,reflection_only,in_the_wild
/Users/ahooker/Documents/Dissertation/virtushield/final-datasets/in-the-wild-final-small/SAFE/1/frame_10500.jpg,SAFE,SAFE,0.3617211878299713,reflection_only,in_the_wild
/Users/ahooker/Documents/Dissertation/virtushield/final-datasets/in-the-wild-final-small/SAFE/1/frame_10520.jpg,SAFE,UNSAFE,0.9731202721595764,reflection_only,in_the_wild
/Users/ahooker/Documents/Dissertation/virtushield/final-datasets/in-the-wild-final-small/SAFE/1/frame_10580.jpg,SAFE,UNSAFE,0.9074827432632446,reflection_only,in_the_wild
/Users/ahooker/Documents/Dissertation/virtushield/final-datasets/in-the-wild-final-small/SAFE/1/frame_1060.jpg,SAFE,SAFE,0.3985719680786133,reflection_only,in_the_wild
/Users/ahooker/Documents/Dissertation/virtushield/final-datasets/in-the-wild-final-small/SAFE/1/frame_10660.jpg,SAFE,UNSAFE,0.9195680618286133,reflection_only,in_the_wild
/Users/ahooker/Documents/Dissertation/virtushield/final-datasets/in-the-wild-final-small/SAFE/1/frame_10700.jpg,SAFE,UNSAFE,0.8740524053573608,reflection_only,in_the_wild
/Users/ahooker/Documents/Dissertation/virtushield/final-datasets/in-the-wild-final-small/SAFE/1/frame_10720.jpg,SAFE,UNSAFE,0.9113357663154602,reflection_only,in_the_wild
/Users/ahooker/Documents/Dissertation/virtushield/final-datasets/in-the-wild-final-small/SAFE/1/frame_10740.jpg,SAFE,UNSAFE,0.5164043307304382,reflection_only,in_the_wild
/Users/ahooker/Documents/Dissertation/virtushield/final-datasets/in-the-wild-final-small/SAFE/1/frame_10740__1.jpg,SAFE,UNSAFE,0.5544714331626892,reflection_only,in_the_wild
/Users/ahooker/Documents/Dissertation/virtushield/final-datasets/in-the-wild-final-small/SAFE/1/frame_10740__2.jpg,SAFE,UNSAFE,0.9224209785461426,reflection_only,in_the_wild
/Users/ahooker/Documents/Dissertation/virtushield/final-datasets/in-the-wild-final-small/SAFE/1/frame_1080.jpg,SAFE,UNSAFE,0.915597677230835,reflection_only,in_the_wild
/Users/ahooker/Documents/Dissertation/virtushield/final-datasets/in-the-wild-final-small/SAFE/1/frame_10800.jpg,SAFE,UNSAFE,0.9501922726631165,reflection_only,in_the_wild
/Users/ahooker/Documents/Dissertation/virtushield/final-datasets/in-the-wild-final-small/SAFE/1/frame_1080__1.jpg,SAFE,SAFE,0.3891139030456543,reflection_only,in_the_wild
/Users/ahooker/Documents/Dissertation/virtushield/final-datasets/in-the-wild-final-small/SAFE/1/frame_10840.jpg,SAFE,UNSAFE,0.7477742433547974,reflection_only,in_the_wild
/Users/ahooker/Documents/Dissertation/virtushield/final-datasets/in-the-wild-final-small/SAFE/1/frame_10840__1.jpg,SAFE,UNSAFE,0.9281432628631592,reflection_only,in_the_wild
/Users/ahooker/Documents/Dissertation/virtushield/final-datasets/in-the-wild-final-small/SAFE/1/frame_10860.jpg,SAFE,UNSAFE,0.9787698984146118,reflection_only,in_the_wild
/Users/ahooker/Documents/Dissertation/virtushield/final-datasets/in-the-wild-final-small/SAFE/1/frame_10880.jpg,SAFE,SAFE,0.3280263841152191,reflection_only,in_the_wild
/Users/ahooker/Documents/Dissertation/virtushield/final-datasets/in-the-wild-final-small/SAFE/1/frame_10920.jpg,SAFE,SAFE,0.35665351152420044,reflection_only,in_the_wild
/Users/ahooker/Documents/Dissertation/virtushield/final-datasets/in-the-wild-final-small/SAFE/1/frame_10940.jpg,SAFE,UNSAFE,0.9197545051574707,reflection_only,in_the_wild
/Users/ahooker/Documents/Dissertation/virtushield/final-datasets/in-the-wild-final-small/SAFE/1/frame_10960.jpg,SAFE,UNSAFE,0.8416032195091248,reflection_only,in_the_wild
/Users/ahooker/Documents/Dissertation/virtushield/final-datasets/in-the-wild-final-small/SAFE/1/frame_10960__1.jpg,SAFE,UNSAFE,0.5518726706504822,reflection_only,in_the_wild
/Users/ahooker/Documents/Dissertation/virtushield/final-datasets/in-the-wild-final-small/SAFE/1/frame_1100.jpg,SAFE,UNSAFE,0.613010048866272,reflection_only,in_the_wild
/Users/ahooker/Documents/Dissertation/virtushield/final-datasets/in-the-wild-final-small/SAFE/1/frame_11020.jpg,SAFE,UNSAFE,0.9351348876953125,reflection_only,in_the_wild
/Users/ahooker/Documents/Dissertation/virtushield/final-datasets/in-the-wild-final-small/SAFE/1/frame_11140.jpg,SAFE,UNSAFE,0.7666162848472595,reflection_only,in_the_wild
/Users/ahooker/Documents/Dissertation/virtushield/final-datasets/in-the-wild-final-small/SAFE/1/frame_11160.jpg,SAFE,SAFE,0.15532079339027405,reflection_only,in_the_wild
/Users/ahooker/Documents/Dissertation/virtushield/final-datasets/in-the-wild-final-small/SAFE/1/frame_11180.jpg,SAFE,UNSAFE,0.9819861650466919,reflection_only,in_the_wild
/Users/ahooker/Documents/Dissertation/virtushield/final-datasets/in-the-wild-final-small/SAFE/1/frame_11240.jpg,SAFE,UNSAFE,0.7448887825012207,reflection_only,in_the_wild
/Users/ahooker/Documents/Dissertation/virtushield/final-datasets/in-the-wild-final-small/SAFE/1/frame_11240__1.jpg,SAFE,SAFE,0.27693870663642883,reflection_only,in_the_wild
/Users/ahooker/Documents/Dissertation/virtushield/final-datasets/in-the-wild-final-small/SAFE/1/frame_11280.jpg,SAFE,UNSAFE,0.9200882315635681,reflection_only,in_the_wild
/Users/ahooker/Documents/Dissertation/virtushield/final-datasets/in-the-wild-final-small/SAFE/1/frame_11300.jpg,SAFE,UNSAFE,0.8481935858726501,reflection_only,in_the_wild
/Users/ahooker/Documents/Dissertation/virtushield/final-datasets/in-the-wild-final-small/SAFE/1/frame_11320.jpg,SAFE,SAFE,0.38068386912345886,reflection_only,in_the_wild
/Users/ahooker/Documents/Dissertation/virtushield/final-datasets/in-the-wild-final-small/SAFE/1/frame_11320__1.jpg,SAFE,UNSAFE,0.7904731035232544,reflection_only,in_the_wild
/Users/ahooker/Documents/Dissertation/virtushield/final-datasets/in-the-wild-final-small/SAFE/1/frame_11340.jpg,SAFE,SAFE,0.1907305121421814,reflection_only,in_the_wild
/Users/ahooker/Documents/Dissertation/virtushield/final-datasets/in-the-wild-final-small/SAFE/1/frame_11360.jpg,SAFE,UNSAFE,0.8163388967514038,reflection_only,in_the_wild
/Users/ahooker/Documents/Dissertation/virtushield/final-datasets/in-the-wild-final-small/SAFE/1/frame_11360__1.jpg,SAFE,UNSAFE,0.724036693572998,reflection_only,in_the_wild
/Users/ahooker/Documents/Dissertation/virtushield/final-datasets/in-the-wild-final-small/SAFE/1/frame_11380.jpg,SAFE,UNSAFE,0.550186038017273,reflection_only,in_the_wild
/Users/ahooker/Documents/Dissertation/virtushield/final-datasets/in-the-wild-final-small/SAFE/1/frame_1140.jpg,SAFE,UNSAFE,0.9591270685195923,reflection_only,in_the_wild
/Users/ahooker/Documents/Dissertation/virtushield/final-datasets/in-the-wild-final-small/SAFE/1/frame_11500.jpg,SAFE,SAFE,0.3881671130657196,reflection_only,in_the_wild
/Users/ahooker/Documents/Dissertation/virtushield/final-datasets/in-the-wild-final-small/SAFE/1/frame_11560.jpg,SAFE,UNSAFE,0.8736858367919922,reflection_only,in_the_wild
/Users/ahooker/Documents/Dissertation/virtushield/final-datasets/in-the-wild-final-small/SAFE/1/frame_1160.jpg,SAFE,SAFE,0.35354241728782654,reflection_only,in_the_wild
/Users/ahooker/Documents/Dissertation/virtushield/final-datasets/in-the-wild-final-small/SAFE/1/frame_11600.jpg,SAFE,SAFE,0.13999812304973602,reflection_only,in_the_wild
/Users/ahooker/Documents/Dissertation/virtushield/final-datasets/in-the-wild-final-small/SAFE/1/frame_11620.jpg,SAFE,UNSAFE,0.9331446290016174,reflection_only,in_the_wild
/Users/ahooker/Documents/Dissertation/virtushield/final-datasets/in-the-wild-final-small/SAFE/1/frame_11620__1.jpg,SAFE,SAFE,0.22241830825805664,reflection_only,in_the_wild
/Users/ahooker/Documents/Dissertation/virtushield/final-datasets/in-the-wild-final-small/SAFE/1/frame_11620__2.jpg,SAFE,UNSAFE,0.804613471031189,reflection_only,in_the_wild
/Users/ahooker/Documents/Dissertation/virtushield/final-datasets/in-the-wild-final-small/SAFE/1/frame_11660.jpg,SAFE,UNSAFE,0.8702276349067688,reflection_only,in_the_wild
/Users/ahooker/Documents/Dissertation/virtushield/final-datasets/in-the-wild-final-small/SAFE/1/frame_11700.jpg,SAFE,UNSAFE,0.7605571746826172,reflection_only,in_the_wild
/Users/ahooker/Documents/Dissertation/virtushield/final-datasets/in-the-wild-final-small/SAFE/1/frame_11760.jpg,SAFE,UNSAFE,0.5040715336799622,reflection_only,in_the_wild
/Users/ahooker/Documents/Dissertation/virtushield/final-datasets/in-the-wild-final-small/SAFE/1/frame_11780.jpg,SAFE,UNSAFE,0.5843755006790161,reflection_only,in_the_wild
/Users/ahooker/Documents/Dissertation/virtushield/final-datasets/in-the-wild-final-small/SAFE/1/frame_11920.jpg,SAFE,UNSAFE,0.9441843628883362,reflection_only,in_the_wild
/Users/ahooker/Documents/Dissertation/virtushield/final-datasets/in-the-wild-final-small/SAFE/1/frame_11940.jpg,SAFE,UNSAFE,0.7724763751029968,reflection_only,in_the_wild
/Users/ahooker/Documents/Dissertation/virtushield/final-datasets/in-the-wild-final-small/SAFE/1/frame_11940__1.jpg,SAFE,UNSAFE,0.9481940269470215,reflection_only,in_the_wild
/Users/ahooker/Documents/Dissertation/virtushield/final-datasets/in-the-wild-final-small/SAFE/1/frame_11940__2.jpg,SAFE,UNSAFE,0.9254190325737,reflection_only,in_the_wild
/Users/ahooker/Documents/Dissertation/virtushield/final-datasets/in-the-wild-final-small/SAFE/1/frame_1200.jpg,SAFE,SAFE,0.3811219334602356,reflection_only,in_the_wild
/Users/ahooker/Documents/Dissertation/virtushield/final-datasets/in-the-wild-final-small/SAFE/1/frame_12020.jpg,SAFE,UNSAFE,0.8509013056755066,reflection_only,in_the_wild
/Users/ahooker/Documents/Dissertation/virtushield/final-datasets/in-the-wild-final-small/SAFE/1/frame_12120.jpg,SAFE,UNSAFE,0.9648604989051819,reflection_only,in_the_wild
/Users/ahooker/Documents/Dissertation/virtushield/final-datasets/in-the-wild-final-small/SAFE/1/frame_12160.jpg,SAFE,UNSAFE,0.9495570063591003,reflection_only,in_the_wild
/Users/ahooker/Documents/Dissertation/virtushield/final-datasets/in-the-wild-final-small/SAFE/1/frame_12260.jpg,SAFE,SAFE,0.2941809296607971,reflection_only,in_the_wild
/Users/ahooker/Documents/Dissertation/virtushield/final-datasets/in-the-wild-final-small/SAFE/1/frame_12260__1.jpg,SAFE,UNSAFE,0.960169792175293,reflection_only,in_the_wild
/Users/ahooker/Documents/Dissertation/virtushield/final-datasets/in-the-wild-final-small/SAFE/1/frame_12300.jpg,SAFE,UNSAFE,0.930952787399292,reflection_only,in_the_wild
/Users/ahooker/Documents/Dissertation/virtushield/final-datasets/in-the-wild-final-small/SAFE/1/frame_12320.jpg,SAFE,UNSAFE,0.909426748752594,reflection_only,in_the_wild
/Users/ahooker/Documents/Dissertation/virtushield/final-datasets/in-the-wild-final-small/SAFE/1/frame_12340.jpg,SAFE,UNSAFE,0.938363254070282,reflection_only,in_the_wild
/Users/ahooker/Documents/Dissertation/virtushield/final-datasets/in-the-wild-final-small/SAFE/1/frame_12380.jpg,SAFE,UNSAFE,0.9122582674026489,reflection_only,in_the_wild
/Users/ahooker/Documents/Dissertation/virtushield/final-datasets/in-the-wild-final-small/SAFE/1/frame_12420.jpg,SAFE,UNSAFE,0.92784184217453,reflection_only,in_the_wild
/Users/ahooker/Documents/Dissertation/virtushield/final-datasets/in-the-wild-final-small/SAFE/1/frame_12460.jpg,SAFE,UNSAFE,0.7973626852035522,reflection_only,in_the_wild
/Users/ahooker/Documents/Dissertation/virtushield/final-datasets/in-the-wild-final-small/SAFE/1/frame_12500.jpg,SAFE,UNSAFE,0.7529169917106628,reflection_only,in_the_wild
/Users/ahooker/Documents/Dissertation/virtushield/final-datasets/in-the-wild-final-small/SAFE/1/frame_12520.jpg,SAFE,SAFE,0.20317435264587402,reflection_only,in_the_wild
/Users/ahooker/Documents/Dissertation/virtushield/final-datasets/in-the-wild-final-small/SAFE/1/frame_12620.jpg,SAFE,UNSAFE,0.9004519581794739,reflection_only,in_the_wild
/Users/ahooker/Documents/Dissertation/virtushield/final-datasets/in-the-wild-final-small/SAFE/1/frame_12660.jpg,SAFE,UNSAFE,0.985303521156311,reflection_only,in_the_wild
/Users/ahooker/Documents/Dissertation/virtushield/final-datasets/in-the-wild-final-small/SAFE/1/frame_12740.jpg,SAFE,UNSAFE,0.8170209527015686,reflection_only,in_the_wild
/Users/ahooker/Documents/Dissertation/virtushield/final-datasets/in-the-wild-final-small/SAFE/1/frame_12780.jpg,SAFE,UNSAFE,0.7409127950668335,reflection_only,in_the_wild
/Users/ahooker/Documents/Dissertation/virtushield/final-datasets/in-the-wild-final-small/SAFE/1/frame_12820.jpg,SAFE,SAFE,0.24596761167049408,reflection_only,in_the_wild
/Users/ahooker/Documents/Dissertation/virtushield/final-datasets/in-the-wild-final-small/SAFE/1/frame_12840.jpg,SAFE,SAFE,0.20600193738937378,reflection_only,in_the_wild
/Users/ahooker/Documents/Dissertation/virtushield/final-datasets/in-the-wild-final-small/SAFE/1/frame_12920.jpg,SAFE,UNSAFE,0.7823944091796875,reflection_only,in_the_wild
/Users/ahooker/Documents/Dissertation/virtushield/final-datasets/in-the-wild-final-small/SAFE/1/frame_12920__1.jpg,SAFE,UNSAFE,0.961058497428894,reflection_only,in_the_wild
/Users/ahooker/Documents/Dissertation/virtushield/final-datasets/in-the-wild-final-small/SAFE/1/frame_13000.jpg,SAFE,UNSAFE,0.9484344720840454,reflection_only,in_the_wild
/Users/ahooker/Documents/Dissertation/virtushield/final-datasets/in-the-wild-final-small/SAFE/1/frame_13020.jpg,SAFE,UNSAFE,0.7036612033843994,reflection_only,in_the_wild
/Users/ahooker/Documents/Dissertation/virtushield/final-datasets/in-the-wild-final-small/SAFE/1/frame_13060.jpg,SAFE,UNSAFE,0.7129111289978027,reflection_only,in_the_wild
/Users/ahooker/Documents/Dissertation/virtushield/final-datasets/in-the-wild-final-small/SAFE/1/frame_13180.jpg,SAFE,UNSAFE,0.7598379850387573,reflection_only,in_the_wild
/Users/ahooker/Documents/Dissertation/virtushield/final-datasets/in-the-wild-final-small/SAFE/1/frame_13200.jpg,SAFE,SAFE,0.3886833190917969,reflection_only,in_the_wild
/Users/ahooker/Documents/Dissertation/virtushield/final-datasets/in-the-wild-final-small/SAFE/1/frame_13240.jpg,SAFE,SAFE,0.36640244722366333,reflection_only,in_the_wild
/Users/ahooker/Documents/Dissertation/virtushield/final-datasets/in-the-wild-final-small/SAFE/1/frame_13280.jpg,SAFE,SAFE,0.3064402937889099,reflection_only,in_the_wild
/Users/ahooker/Documents/Dissertation/virtushield/final-datasets/in-the-wild-final-small/SAFE/1/frame_13280__1.jpg,SAFE,UNSAFE,0.7656871676445007,reflection_only,in_the_wild
/Users/ahooker/Documents/Dissertation/virtushield/final-datasets/in-the-wild-final-small/SAFE/1/frame_13400.jpg,SAFE,SAFE,0.34353184700012207,reflection_only,in_the_wild
/Users/ahooker/Documents/Dissertation/virtushield/final-datasets/in-the-wild-final-small/SAFE/1/frame_13400__1.jpg,SAFE,UNSAFE,0.8757330179214478,reflection_only,in_the_wild
/Users/ahooker/Documents/Dissertation/virtushield/final-datasets/in-the-wild-final-small/SAFE/1/frame_13420.jpg,SAFE,UNSAFE,0.8297564387321472,reflection_only,in_the_wild
/Users/ahooker/Documents/Dissertation/virtushield/final-datasets/in-the-wild-final-small/SAFE/1/frame_13440.jpg,SAFE,UNSAFE,0.7968750596046448,reflection_only,in_the_wild
/Users/ahooker/Documents/Dissertation/virtushield/final-datasets/in-the-wild-final-small/SAFE/1/frame_13480.jpg,SAFE,UNSAFE,0.9668728113174438,reflection_only,in_the_wild
/Users/ahooker/Documents/Dissertation/virtushield/final-datasets/in-the-wild-final-small/SAFE/1/frame_13480__1.jpg,SAFE,SAFE,0.3042503893375397,reflection_only,in_the_wild
/Users/ahooker/Documents/Dissertation/virtushield/final-datasets/in-the-wild-final-small/SAFE/1/frame_13520.jpg,SAFE,UNSAFE,0.870667040348053,reflection_only,in_the_wild
/Users/ahooker/Documents/Dissertation/virtushield/final-datasets/in-the-wild-final-small/SAFE/1/frame_13580.jpg,SAFE,SAFE,0.17916448414325714,reflection_only,in_the_wild
/Users/ahooker/Documents/Dissertation/virtushield/final-datasets/in-the-wild-final-small/SAFE/1/frame_13580__1.jpg,SAFE,UNSAFE,0.9582372307777405,reflection_only,in_the_wild
/Users/ahooker/Documents/Dissertation/virtushield/final-datasets/in-the-wild-final-small/SAFE/1/frame_13640.jpg,SAFE,UNSAFE,0.5300956964492798,reflection_only,in_the_wild
/Users/ahooker/Documents/Dissertation/virtushield/final-datasets/in-the-wild-final-small/SAFE/1/frame_13660.jpg,SAFE,SAFE,0.4813588857650757,reflection_only,in_the_wild
/Users/ahooker/Documents/Dissertation/virtushield/final-datasets/in-the-wild-final-small/SAFE/1/frame_13700.jpg,SAFE,UNSAFE,0.787247896194458,reflection_only,in_the_wild
/Users/ahooker/Documents/Dissertation/virtushield/final-datasets/in-the-wild-final-small/SAFE/1/frame_13720.jpg,SAFE,UNSAFE,0.7903128862380981,reflection_only,in_the_wild
/Users/ahooker/Documents/Dissertation/virtushield/final-datasets/in-the-wild-final-small/SAFE/1/frame_1380.jpg,SAFE,SAFE,0.238073468208313,reflection_only,in_the_wild
/Users/ahooker/Documents/Dissertation/virtushield/final-datasets/in-the-wild-final-small/SAFE/1/frame_13840.jpg,SAFE,UNSAFE,0.8276314735412598,reflection_only,in_the_wild
/Users/ahooker/Documents/Dissertation/virtushield/final-datasets/in-the-wild-final-small/SAFE/1/frame_13860.jpg,SAFE,UNSAFE,0.9642082452774048,reflection_only,in_the_wild
/Users/ahooker/Documents/Dissertation/virtushield/final-datasets/in-the-wild-final-small/SAFE/1/frame_13880.jpg,SAFE,UNSAFE,0.76482093334198,reflection_only,in_the_wild
/Users/ahooker/Documents/Dissertation/virtushield/final-datasets/in-the-wild-final-small/SAFE/1/frame_13900.jpg,SAFE,UNSAFE,0.7374016642570496,reflection_only,in_the_wild
/Users/ahooker/Documents/Dissertation/virtushield/final-datasets/in-the-wild-final-small/SAFE/1/frame_13940.jpg,SAFE,SAFE,0.3395247459411621,reflection_only,in_the_wild
/Users/ahooker/Documents/Dissertation/virtushield/final-datasets/in-the-wild-final-small/SAFE/1/frame_13960.jpg,SAFE,UNSAFE,0.8798899054527283,reflection_only,in_the_wild
/Users/ahooker/Documents/Dissertation/virtushield/final-datasets/in-the-wild-final-small/SAFE/1/frame_13960__1.jpg,SAFE,SAFE,0.46922001242637634,reflection_only,in_the_wild
/Users/ahooker/Documents/Dissertation/virtushield/final-datasets/in-the-wild-final-small/SAFE/1/frame_13960__2.jpg,SAFE,UNSAFE,0.8561589121818542,reflection_only,in_the_wild
/Users/ahooker/Documents/Dissertation/virtushield/final-datasets/in-the-wild-final-small/SAFE/1/frame_13980.jpg,SAFE,UNSAFE,0.7680345773696899,reflection_only,in_the_wild
/Users/ahooker/Documents/Dissertation/virtushield/final-datasets/in-the-wild-final-small/SAFE/1/frame_13980__1.jpg,SAFE,SAFE,0.3964332938194275,reflection_only,in_the_wild
/Users/ahooker/Documents/Dissertation/virtushield/final-datasets/in-the-wild-final-small/SAFE/1/frame_13980__2.jpg,SAFE,UNSAFE,0.8479532599449158,reflection_only,in_the_wild
/Users/ahooker/Documents/Dissertation/virtushield/final-datasets/in-the-wild-final-small/SAFE/1/frame_14040.jpg,SAFE,UNSAFE,0.6121219396591187,reflection_only,in_the_wild
/Users/ahooker/Documents/Dissertation/virtushield/final-datasets/in-the-wild-final-small/SAFE/1/frame_14040__1.jpg,SAFE,UNSAFE,0.8927645087242126,reflection_only,in_the_wild
/Users/ahooker/Documents/Dissertation/virtushield/final-datasets/in-the-wild-final-small/SAFE/1/frame_14060.jpg,SAFE,UNSAFE,0.8966025710105896,reflection_only,in_the_wild
/Users/ahooker/Documents/Dissertation/virtushield/final-datasets/in-the-wild-final-small/SAFE/1/frame_14080.jpg,SAFE,UNSAFE,0.8767733573913574,reflection_only,in_the_wild
/Users/ahooker/Documents/Dissertation/virtushield/final-datasets/in-the-wild-final-small/SAFE/1/frame_14120.jpg,SAFE,UNSAFE,0.668003499507904,reflection_only,in_the_wild
/Users/ahooker/Documents/Dissertation/virtushield/final-datasets/in-the-wild-final-small/SAFE/1/frame_14200.jpg,SAFE,UNSAFE,0.9707474112510681,reflection_only,in_the_wild
/Users/ahooker/Documents/Dissertation/virtushield/final-datasets/in-the-wild-final-small/SAFE/1/frame_14200__1.jpg,SAFE,UNSAFE,0.9378800392150879,reflection_only,in_the_wild
/Users/ahooker/Documents/Dissertation/virtushield/final-datasets/in-the-wild-final-small/SAFE/1/frame_14200__2.jpg,SAFE,SAFE,0.37636926770210266,reflection_only,in_the_wild
/Users/ahooker/Documents/Dissertation/virtushield/final-datasets/in-the-wild-final-small/SAFE/1/frame_14240.jpg,SAFE,SAFE,0.26175716519355774,reflection_only,in_the_wild
/Users/ahooker/Documents/Dissertation/virtushield/final-datasets/in-the-wild-final-small/SAFE/1/frame_14300.jpg,SAFE,UNSAFE,0.7804053425788879,reflection_only,in_the_wild
/Users/ahooker/Documents/Dissertation/virtushield/final-datasets/in-the-wild-final-small/SAFE/1/frame_14300__1.jpg,SAFE,UNSAFE,0.8714492321014404,reflection_only,in_the_wild
/Users/ahooker/Documents/Dissertation/virtushield/final-datasets/in-the-wild-final-small/SAFE/1/frame_14300__2.jpg,SAFE,UNSAFE,0.7804053425788879,reflection_only,in_the_wild
/Users/ahooker/Documents/Dissertation/virtushield/final-datasets/in-the-wild-final-small/SAFE/1/frame_14400.jpg,SAFE,UNSAFE,0.6657357811927795,reflection_only,in_the_wild
/Users/ahooker/Documents/Dissertation/virtushield/final-datasets/in-the-wild-final-small/SAFE/1/frame_14400__1.jpg,SAFE,UNSAFE,0.9180794954299927,reflection_only,in_the_wild
/Users/ahooker/Documents/Dissertation/virtushield/final-datasets/in-the-wild-final-small/SAFE/1/frame_14400__2.jpg,SAFE,UNSAFE,0.8979158401489258,reflection_only,in_the_wild
/Users/ahooker/Documents/Dissertation/virtushield/final-datasets/in-the-wild-final-small/SAFE/1/frame_14460.jpg,SAFE,UNSAFE,0.8778507113456726,reflection_only,in_the_wild
/Users/ahooker/Documents/Dissertation/virtushield/final-datasets/in-the-wild-final-small/SAFE/1/frame_14500.jpg,SAFE,UNSAFE,0.8994459509849548,reflection_only,in_the_wild
/Users/ahooker/Documents/Dissertation/virtushield/final-datasets/in-the-wild-final-small/SAFE/1/frame_14580.jpg,SAFE,UNSAFE,0.519420325756073,reflection_only,in_the_wild
/Users/ahooker/Documents/Dissertation/virtushield/final-datasets/in-the-wild-final-small/SAFE/1/frame_14840.jpg,SAFE,UNSAFE,0.9308270812034607,reflection_only,in_the_wild
/Users/ahooker/Documents/Dissertation/virtushield/final-datasets/in-the-wild-final-small/SAFE/1/frame_14840__1.jpg,SAFE,SAFE,0.2768195867538452,reflection_only,in_the_wild
/Users/ahooker/Documents/Dissertation/virtushield/final-datasets/in-the-wild-final-small/SAFE/1/frame_14900.jpg,SAFE,UNSAFE,0.7968201041221619,reflection_only,in_the_wild
/Users/ahooker/Documents/Dissertation/virtushield/final-datasets/in-the-wild-final-small/SAFE/1/frame_14920.jpg,SAFE,UNSAFE,0.7003494501113892,reflection_only,in_the_wild
/Users/ahooker/Documents/Dissertation/virtushield/final-datasets/in-the-wild-final-small/SAFE/1/frame_14940.jpg,SAFE,UNSAFE,0.549077033996582,reflection_only,in_the_wild
/Users/ahooker/Documents/Dissertation/virtushield/final-datasets/in-the-wild-final-small/SAFE/1/frame_14980.jpg,SAFE,UNSAFE,0.9648821353912354,reflection_only,in_the_wild
/Users/ahooker/Documents/Dissertation/virtushield/final-datasets/in-the-wild-final-small/SAFE/1/frame_1500.jpg,SAFE,UNSAFE,0.9733351469039917,reflection_only,in_the_wild
/Users/ahooker/Documents/Dissertation/virtushield/final-datasets/in-the-wild-final-small/SAFE/1/frame_15040.jpg,SAFE,SAFE,0.34482282400131226,reflection_only,in_the_wild
/Users/ahooker/Documents/Dissertation/virtushield/final-datasets/in-the-wild-final-small/SAFE/1/frame_15040__1.jpg,SAFE,UNSAFE,0.8668017983436584,reflection_only,in_the_wild
/Users/ahooker/Documents/Dissertation/virtushield/final-datasets/in-the-wild-final-small/SAFE/1/frame_15060.jpg,SAFE,UNSAFE,0.7177813649177551,reflection_only,in_the_wild
/Users/ahooker/Documents/Dissertation/virtushield/final-datasets/in-the-wild-final-small/SAFE/1/frame_15080.jpg,SAFE,SAFE,0.37193822860717773,reflection_only,in_the_wild
/Users/ahooker/Documents/Dissertation/virtushield/final-datasets/in-the-wild-final-small/SAFE/1/frame_15140.jpg,SAFE,SAFE,0.4645554721355438,reflection_only,in_the_wild
/Users/ahooker/Documents/Dissertation/virtushield/final-datasets/in-the-wild-final-small/SAFE/1/frame_15160.jpg,SAFE,UNSAFE,0.7284721732139587,reflection_only,in_the_wild
/Users/ahooker/Documents/Dissertation/virtushield/final-datasets/in-the-wild-final-small/SAFE/1/frame_15300.jpg,SAFE,UNSAFE,0.9524522423744202,reflection_only,in_the_wild
/Users/ahooker/Documents/Dissertation/virtushield/final-datasets/in-the-wild-final-small/SAFE/1/frame_15320.jpg,SAFE,UNSAFE,0.9613196849822998,reflection_only,in_the_wild
/Users/ahooker/Documents/Dissertation/virtushield/final-datasets/in-the-wild-final-small/SAFE/1/frame_15320__1.jpg,SAFE,UNSAFE,0.9597831964492798,reflection_only,in_the_wild
/Users/ahooker/Documents/Dissertation/virtushield/final-datasets/in-the-wild-final-small/SAFE/1/frame_15340.jpg,SAFE,UNSAFE,0.9219460487365723,reflection_only,in_the_wild
/Users/ahooker/Documents/Dissertation/virtushield/final-datasets/in-the-wild-final-small/SAFE/1/frame_15360.jpg,SAFE,UNSAFE,0.7147923707962036,reflection_only,in_the_wild
/Users/ahooker/Documents/Dissertation/virtushield/final-datasets/in-the-wild-final-small/SAFE/1/frame_1540.jpg,SAFE,UNSAFE,0.5949137806892395,reflection_only,in_the_wild
/Users/ahooker/Documents/Dissertation/virtushield/final-datasets/in-the-wild-final-small/SAFE/1/frame_15420.jpg,SAFE,UNSAFE,0.7064626216888428,reflection_only,in_the_wild
/Users/ahooker/Documents/Dissertation/virtushield/final-datasets/in-the-wild-final-small/SAFE/1/frame_15440.jpg,SAFE,UNSAFE,0.8591662645339966,reflection_only,in_the_wild
/Users/ahooker/Documents/Dissertation/virtushield/final-datasets/in-the-wild-final-small/SAFE/1/frame_15480.jpg,SAFE,UNSAFE,0.8753349781036377,reflection_only,in_the_wild
/Users/ahooker/Documents/Dissertation/virtushield/final-datasets/in-the-wild-final-small/SAFE/1/frame_15560.jpg,SAFE,SAFE,0.2508830428123474,reflection_only,in_the_wild
/Users/ahooker/Documents/Dissertation/virtushield/final-datasets/in-the-wild-final-small/SAFE/1/frame_15640.jpg,SAFE,UNSAFE,0.8714616298675537,reflection_only,in_the_wild
/Users/ahooker/Documents/Dissertation/virtushield/final-datasets/in-the-wild-final-small/SAFE/1/frame_15660.jpg,SAFE,UNSAFE,0.9690718650817871,reflection_only,in_the_wild
/Users/ahooker/Documents/Dissertation/virtushield/final-datasets/in-the-wild-final-small/SAFE/1/frame_15680.jpg,SAFE,UNSAFE,0.7388564944267273,reflection_only,in_the_wild
/Users/ahooker/Documents/Dissertation/virtushield/final-datasets/in-the-wild-final-small/SAFE/1/frame_15700.jpg,SAFE,UNSAFE,0.8875375986099243,reflection_only,in_the_wild
/Users/ahooker/Documents/Dissertation/virtushield/final-datasets/in-the-wild-final-small/SAFE/1/frame_15760.jpg,SAFE,SAFE,0.13434700667858124,reflection_only,in_the_wild
/Users/ahooker/Documents/Dissertation/virtushield/final-datasets/in-the-wild-final-small/SAFE/1/frame_15780.jpg,SAFE,SAFE,0.3041566014289856,reflection_only,in_the_wild
/Users/ahooker/Documents/Dissertation/virtushield/final-datasets/in-the-wild-final-small/SAFE/1/frame_15860.jpg,SAFE,SAFE,0.2866355776786804,reflection_only,in_the_wild
/Users/ahooker/Documents/Dissertation/virtushield/final-datasets/in-the-wild-final-small/SAFE/1/frame_15860__1.jpg,SAFE,UNSAFE,0.8145356774330139,reflection_only,in_the_wild
/Users/ahooker/Documents/Dissertation/virtushield/final-datasets/in-the-wild-final-small/SAFE/1/frame_15860__2.jpg,SAFE,UNSAFE,0.7210209369659424,reflection_only,in_the_wild
/Users/ahooker/Documents/Dissertation/virtushield/final-datasets/in-the-wild-final-small/SAFE/1/frame_15960.jpg,SAFE,UNSAFE,0.5044775009155273,reflection_only,in_the_wild
/Users/ahooker/Documents/Dissertation/virtushield/final-datasets/in-the-wild-final-small/SAFE/1/frame_160.jpg,SAFE,SAFE,0.47447144985198975,reflection_only,in_the_wild
/Users/ahooker/Documents/Dissertation/virtushield/final-datasets/in-the-wild-final-small/SAFE/1/frame_16200.jpg,SAFE,UNSAFE,0.9407657980918884,reflection_only,in_the_wild
/Users/ahooker/Documents/Dissertation/virtushield/final-datasets/in-the-wild-final-small/SAFE/1/frame_16340.jpg,SAFE,UNSAFE,0.732265293598175,reflection_only,in_the_wild
/Users/ahooker/Documents/Dissertation/virtushield/final-datasets/in-the-wild-final-small/SAFE/1/frame_16340__1.jpg,SAFE,SAFE,0.34857478737831116,reflection_only,in_the_wild
/Users/ahooker/Documents/Dissertation/virtushield/final-datasets/in-the-wild-final-small/SAFE/1/frame_16360.jpg,SAFE,UNSAFE,0.8602296113967896,reflection_only,in_the_wild
/Users/ahooker/Documents/Dissertation/virtushield/final-datasets/in-the-wild-final-small/SAFE/1/frame_16420.jpg,SAFE,UNSAFE,0.9546335935592651,reflection_only,in_the_wild
/Users/ahooker/Documents/Dissertation/virtushield/final-datasets/in-the-wild-final-small/SAFE/1/frame_16440.jpg,SAFE,UNSAFE,0.9707046151161194,reflection_only,in_the_wild
/Users/ahooker/Documents/Dissertation/virtushield/final-datasets/in-the-wild-final-small/SAFE/1/frame_16460.jpg,SAFE,SAFE,0.3833100497722626,reflection_only,in_the_wild
/Users/ahooker/Documents/Dissertation/virtushield/final-datasets/in-the-wild-final-small/SAFE/1/frame_16560.jpg,SAFE,UNSAFE,0.8867366909980774,reflection_only,in_the_wild
/Users/ahooker/Documents/Dissertation/virtushield/final-datasets/in-the-wild-final-small/SAFE/1/frame_16660.jpg,SAFE,UNSAFE,0.9214192032814026,reflection_only,in_the_wild
/Users/ahooker/Documents/Dissertation/virtushield/final-datasets/in-the-wild-final-small/SAFE/1/frame_16660__1.jpg,SAFE,UNSAFE,0.9250845313072205,reflection_only,in_the_wild
/Users/ahooker/Documents/Dissertation/virtushield/final-datasets/in-the-wild-final-small/SAFE/1/frame_16720.jpg,SAFE,UNSAFE,0.9279548525810242,reflection_only,in_the_wild
/Users/ahooker/Documents/Dissertation/virtushield/final-datasets/in-the-wild-final-small/SAFE/1/frame_16780.jpg,SAFE,SAFE,0.3185025453567505,reflection_only,in_the_wild
/Users/ahooker/Documents/Dissertation/virtushield/final-datasets/in-the-wild-final-small/SAFE/1/frame_16780__1.jpg,SAFE,SAFE,0.364732950925827,reflection_only,in_the_wild
/Users/ahooker/Documents/Dissertation/virtushield/final-datasets/in-the-wild-final-small/SAFE/1/frame_16860.jpg,SAFE,UNSAFE,0.9737613201141357,reflection_only,in_the_wild
/Users/ahooker/Documents/Dissertation/virtushield/final-datasets/in-the-wild-final-small/SAFE/1/frame_16900.jpg,SAFE,UNSAFE,0.884377121925354,reflection_only,in_the_wild
/Users/ahooker/Documents/Dissertation/virtushield/final-datasets/in-the-wild-final-small/SAFE/1/frame_16920.jpg,SAFE,UNSAFE,0.9321960210800171,reflection_only,in_the_wild
/Users/ahooker/Documents/Dissertation/virtushield/final-datasets/in-the-wild-final-small/SAFE/1/frame_1700.jpg,SAFE,UNSAFE,0.8921767473220825,reflection_only,in_the_wild
/Users/ahooker/Documents/Dissertation/virtushield/final-datasets/in-the-wild-final-small/SAFE/1/frame_17040.jpg,SAFE,UNSAFE,0.7241610288619995,reflection_only,in_the_wild
/Users/ahooker/Documents/Dissertation/virtushield/final-datasets/in-the-wild-final-small/SAFE/1/frame_17040__1.jpg,SAFE,SAFE,0.3956112861633301,reflection_only,in_the_wild
/Users/ahooker/Documents/Dissertation/virtushield/final-datasets/in-the-wild-final-small/SAFE/1/frame_17080.jpg,SAFE,SAFE,0.15311041474342346,reflection_only,in_the_wild
/Users/ahooker/Documents/Dissertation/virtushield/final-datasets/in-the-wild-final-small/SAFE/1/frame_17200.jpg,SAFE,SAFE,0.47504323720932007,reflection_only,in_the_wild
/Users/ahooker/Documents/Dissertation/virtushield/final-datasets/in-the-wild-final-small/SAFE/1/frame_17300.jpg,SAFE,SAFE,0.3464912176132202,reflection_only,in_the_wild
/Users/ahooker/Documents/Dissertation/virtushield/final-datasets/in-the-wild-final-small/SAFE/1/frame_17320.jpg,SAFE,UNSAFE,0.9386938810348511,reflection_only,in_the_wild
/Users/ahooker/Documents/Dissertation/virtushield/final-datasets/in-the-wild-final-small/SAFE/1/frame_17360.jpg,SAFE,SAFE,0.1825726479291916,reflection_only,in_the_wild
/Users/ahooker/Documents/Dissertation/virtushield/final-datasets/in-the-wild-final-small/SAFE/1/frame_1740.jpg,SAFE,SAFE,0.23223772644996643,reflection_only,in_the_wild
/Users/ahooker/Documents/Dissertation/virtushield/final-datasets/in-the-wild-final-small/SAFE/1/frame_17420.jpg,SAFE,UNSAFE,0.6556932926177979,reflection_only,in_the_wild
/Users/ahooker/Documents/Dissertation/virtushield/final-datasets/in-the-wild-final-small/SAFE/1/frame_17500.jpg,SAFE,UNSAFE,0.9091448783874512,reflection_only,in_the_wild
/Users/ahooker/Documents/Dissertation/virtushield/final-datasets/in-the-wild-final-small/SAFE/1/frame_17520.jpg,SAFE,UNSAFE,0.811967134475708,reflection_only,in_the_wild
/Users/ahooker/Documents/Dissertation/virtushield/final-datasets/in-the-wild-final-small/SAFE/1/frame_17620.jpg,SAFE,UNSAFE,0.503734290599823,reflection_only,in_the_wild
/Users/ahooker/Documents/Dissertation/virtushield/final-datasets/in-the-wild-final-small/SAFE/1/frame_17740.jpg,SAFE,UNSAFE,0.922217071056366,reflection_only,in_the_wild
/Users/ahooker/Documents/Dissertation/virtushield/final-datasets/in-the-wild-final-small/SAFE/1/frame_17860.jpg,SAFE,SAFE,0.46209967136383057,reflection_only,in_the_wild
/Users/ahooker/Documents/Dissertation/virtushield/final-datasets/in-the-wild-final-small/SAFE/1/frame_17860__1.jpg,SAFE,UNSAFE,0.6664122343063354,reflection_only,in_the_wild
/Users/ahooker/Documents/Dissertation/virtushield/final-datasets/in-the-wild-final-small/SAFE/1/frame_17880.jpg,SAFE,UNSAFE,0.5942944288253784,reflection_only,in_the_wild
/Users/ahooker/Documents/Dissertation/virtushield/final-datasets/in-the-wild-final-small/SAFE/1/frame_180.jpg,SAFE,SAFE,0.2874743342399597,reflection_only,in_the_wild
/Users/ahooker/Documents/Dissertation/virtushield/final-datasets/in-the-wild-final-small/SAFE/1/frame_1800.jpg,SAFE,UNSAFE,0.9277124404907227,reflection_only,in_the_wild
/Users/ahooker/Documents/Dissertation/virtushield/final-datasets/in-the-wild-final-small/SAFE/1/frame_18180.jpg,SAFE,UNSAFE,0.9777276515960693,reflection_only,in_the_wild
/Users/ahooker/Documents/Dissertation/virtushield/final-datasets/in-the-wild-final-small/SAFE/1/frame_18280.jpg,SAFE,UNSAFE,0.9425301551818848,reflection_only,in_the_wild
/Users/ahooker/Documents/Dissertation/virtushield/final-datasets/in-the-wild-final-small/SAFE/1/frame_18280__1.jpg,SAFE,UNSAFE,0.6368700265884399,reflection_only,in_the_wild
/Users/ahooker/Documents/Dissertation/virtushield/final-datasets/in-the-wild-final-small/SAFE/1/frame_18340.jpg,SAFE,UNSAFE,0.8743813037872314,reflection_only,in_the_wild
/Users/ahooker/Documents/Dissertation/virtushield/final-datasets/in-the-wild-final-small/SAFE/1/frame_18360.jpg,SAFE,UNSAFE,0.9244239926338196,reflection_only,in_the_wild
/Users/ahooker/Documents/Dissertation/virtushield/final-datasets/in-the-wild-final-small/SAFE/1/frame_18440.jpg,SAFE,SAFE,0.3427612781524658,reflection_only,in_the_wild
/Users/ahooker/Documents/Dissertation/virtushield/final-datasets/in-the-wild-final-small/SAFE/1/frame_18500.jpg,SAFE,UNSAFE,0.9029004573822021,reflection_only,in_the_wild
/Users/ahooker/Documents/Dissertation/virtushield/final-datasets/in-the-wild-final-small/SAFE/1/frame_18500__1.jpg,SAFE,UNSAFE,0.7346039414405823,reflection_only,in_the_wild
/Users/ahooker/Documents/Dissertation/virtushield/final-datasets/in-the-wild-final-small/SAFE/1/frame_18540.jpg,SAFE,UNSAFE,0.9721064567565918,reflection_only,in_the_wild
/Users/ahooker/Documents/Dissertation/virtushield/final-datasets/in-the-wild-final-small/SAFE/1/frame_18580.jpg,SAFE,UNSAFE,0.7372556924819946,reflection_only,in_the_wild
/Users/ahooker/Documents/Dissertation/virtushield/final-datasets/in-the-wild-final-small/SAFE/1/frame_1860.jpg,SAFE,UNSAFE,0.8917368650436401,reflection_only,in_the_wild
/Users/ahooker/Documents/Dissertation/virtushield/final-datasets/in-the-wild-final-small/SAFE/1/frame_18620.jpg,SAFE,UNSAFE,0.9151769280433655,reflection_only,in_the_wild
/Users/ahooker/Documents/Dissertation/virtushield/final-datasets/in-the-wild-final-small/SAFE/1/frame_18660.jpg,SAFE,UNSAFE,0.8329366445541382,reflection_only,in_the_wild
/Users/ahooker/Documents/Dissertation/virtushield/final-datasets/in-the-wild-final-small/SAFE/1/frame_18680.jpg,SAFE,UNSAFE,0.9721894860267639,reflection_only,in_the_wild
/Users/ahooker/Documents/Dissertation/virtushield/final-datasets/in-the-wild-final-small/SAFE/1/frame_18760.jpg,SAFE,SAFE,0.3750529885292053,reflection_only,in_the_wild
/Users/ahooker/Documents/Dissertation/virtushield/final-datasets/in-the-wild-final-small/SAFE/1/frame_18800.jpg,SAFE,UNSAFE,0.8284050822257996,reflection_only,in_the_wild
/Users/ahooker/Documents/Dissertation/virtushield/final-datasets/in-the-wild-final-small/SAFE/1/frame_18840.jpg,SAFE,UNSAFE,0.9568471312522888,reflection_only,in_the_wild
/Users/ahooker/Documents/Dissertation/virtushield/final-datasets/in-the-wild-final-small/SAFE/1/frame_18860.jpg,SAFE,UNSAFE,0.980221152305603,reflection_only,in_the_wild
/Users/ahooker/Documents/Dissertation/virtushield/final-datasets/in-the-wild-final-small/SAFE/1/frame_18880.jpg,SAFE,UNSAFE,0.7190292477607727,reflection_only,in_the_wild
/Users/ahooker/Documents/Dissertation/virtushield/final-datasets/in-the-wild-final-small/SAFE/1/frame_18900.jpg,SAFE,UNSAFE,0.8996101021766663,reflection_only,in_the_wild
/Users/ahooker/Documents/Dissertation/virtushield/final-datasets/in-the-wild-final-small/SAFE/1/frame_1900.jpg,SAFE,SAFE,0.26853471994400024,reflection_only,in_the_wild
/Users/ahooker/Documents/Dissertation/virtushield/final-datasets/in-the-wild-final-small/SAFE/1/frame_19080.jpg,SAFE,UNSAFE,0.7462181448936462,reflection_only,in_the_wild
/Users/ahooker/Documents/Dissertation/virtushield/final-datasets/in-the-wild-final-small/SAFE/1/frame_19100.jpg,SAFE,UNSAFE,0.7041919231414795,reflection_only,in_the_wild
/Users/ahooker/Documents/Dissertation/virtushield/final-datasets/in-the-wild-final-small/SAFE/1/frame_19140.jpg,SAFE,UNSAFE,0.7106196880340576,reflection_only,in_the_wild
/Users/ahooker/Documents/Dissertation/virtushield/final-datasets/in-the-wild-final-small/SAFE/1/frame_19140__1.jpg,SAFE,UNSAFE,0.9756982922554016,reflection_only,in_the_wild
/Users/ahooker/Documents/Dissertation/virtushield/final-datasets/in-the-wild-final-small/SAFE/1/frame_19180.jpg,SAFE,UNSAFE,0.8903310894966125,reflection_only,in_the_wild
/Users/ahooker/Documents/Dissertation/virtushield/final-datasets/in-the-wild-final-small/SAFE/1/frame_19220.jpg,SAFE,UNSAFE,0.8357563018798828,reflection_only,in_the_wild
/Users/ahooker/Documents/Dissertation/virtushield/final-datasets/in-the-wild-final-small/SAFE/1/frame_19240.jpg,SAFE,UNSAFE,0.8089106678962708,reflection_only,in_the_wild
/Users/ahooker/Documents/Dissertation/virtushield/final-datasets/in-the-wild-final-small/SAFE/1/frame_1940.jpg,SAFE,UNSAFE,0.5718851685523987,reflection_only,in_the_wild
/Users/ahooker/Documents/Dissertation/virtushield/final-datasets/in-the-wild-final-small/SAFE/1/frame_19420.jpg,SAFE,UNSAFE,0.8970840573310852,reflection_only,in_the_wild
/Users/ahooker/Documents/Dissertation/virtushield/final-datasets/in-the-wild-final-small/SAFE/1/frame_19540.jpg,SAFE,UNSAFE,0.9655506014823914,reflection_only,in_the_wild
/Users/ahooker/Documents/Dissertation/virtushield/final-datasets/in-the-wild-final-small/SAFE/1/frame_19620.jpg,SAFE,UNSAFE,0.604243278503418,reflection_only,in_the_wild
/Users/ahooker/Documents/Dissertation/virtushield/final-datasets/in-the-wild-final-small/SAFE/1/frame_19780.jpg,SAFE,UNSAFE,0.9349498748779297,reflection_only,in_the_wild
/Users/ahooker/Documents/Dissertation/virtushield/final-datasets/in-the-wild-final-small/SAFE/1/frame_19860.jpg,SAFE,SAFE,0.32532379031181335,reflection_only,in_the_wild
/Users/ahooker/Documents/Dissertation/virtushield/final-datasets/in-the-wild-final-small/SAFE/1/frame_19880.jpg,SAFE,SAFE,0.3118468225002289,reflection_only,in_the_wild
/Users/ahooker/Documents/Dissertation/virtushield/final-datasets/in-the-wild-final-small/SAFE/1/frame_19880__1.jpg,SAFE,UNSAFE,0.913079559803009,reflection_only,in_the_wild
/Users/ahooker/Documents/Dissertation/virtushield/final-datasets/in-the-wild-final-small/SAFE/1/frame_19900.jpg,SAFE,SAFE,0.22853299975395203,reflection_only,in_the_wild
/Users/ahooker/Documents/Dissertation/virtushield/final-datasets/in-the-wild-final-small/SAFE/1/frame_19960.jpg,SAFE,UNSAFE,0.9036777019500732,reflection_only,in_the_wild
/Users/ahooker/Documents/Dissertation/virtushield/final-datasets/in-the-wild-final-small/SAFE/1/frame_2000.jpg,SAFE,UNSAFE,0.8759887218475342,reflection_only,in_the_wild
/Users/ahooker/Documents/Dissertation/virtushield/final-datasets/in-the-wild-final-small/SAFE/1/frame_2000__1.jpg,SAFE,UNSAFE,0.9499098062515259,reflection_only,in_the_wild
/Users/ahooker/Documents/Dissertation/virtushield/final-datasets/in-the-wild-final-small/SAFE/1/frame_20060.jpg,SAFE,UNSAFE,0.9794594645500183,reflection_only,in_the_wild
/Users/ahooker/Documents/Dissertation/virtushield/final-datasets/in-the-wild-final-small/SAFE/1/frame_20120.jpg,SAFE,UNSAFE,0.9473485946655273,reflection_only,in_the_wild
/Users/ahooker/Documents/Dissertation/virtushield/final-datasets/in-the-wild-final-small/SAFE/1/frame_20180.jpg,SAFE,UNSAFE,0.810862123966217,reflection_only,in_the_wild
/Users/ahooker/Documents/Dissertation/virtushield/final-datasets/in-the-wild-final-small/SAFE/1/frame_20360.jpg,SAFE,SAFE,0.3933284282684326,reflection_only,in_the_wild
/Users/ahooker/Documents/Dissertation/virtushield/final-datasets/in-the-wild-final-small/SAFE/1/frame_20440.jpg,SAFE,SAFE,0.41974174976348877,reflection_only,in_the_wild
/Users/ahooker/Documents/Dissertation/virtushield/final-datasets/in-the-wild-final-small/SAFE/1/frame_20480.jpg,SAFE,UNSAFE,0.812451183795929,reflection_only,in_the_wild
/Users/ahooker/Documents/Dissertation/virtushield/final-datasets/in-the-wild-final-small/SAFE/1/frame_20480__1.jpg,SAFE,UNSAFE,0.9041176438331604,reflection_only,in_the_wild
/Users/ahooker/Documents/Dissertation/virtushield/final-datasets/in-the-wild-final-small/SAFE/1/frame_20520.jpg,SAFE,SAFE,0.38694894313812256,reflection_only,in_the_wild
/Users/ahooker/Documents/Dissertation/virtushield/final-datasets/in-the-wild-final-small/SAFE/1/frame_20560.jpg,SAFE,UNSAFE,0.8864163160324097,reflection_only,in_the_wild
/Users/ahooker/Documents/Dissertation/virtushield/final-datasets/in-the-wild-final-small/SAFE/1/frame_2060.jpg,SAFE,UNSAFE,0.801369309425354,reflection_only,in_the_wild
/Users/ahooker/Documents/Dissertation/virtushield/final-datasets/in-the-wild-final-small/SAFE/1/frame_20700.jpg,SAFE,UNSAFE,0.800403892993927,reflection_only,in_the_wild
/Users/ahooker/Documents/Dissertation/virtushield/final-datasets/in-the-wild-final-small/SAFE/1/frame_20820.jpg,SAFE,UNSAFE,0.8405272960662842,reflection_only,in_the_wild
/Users/ahooker/Documents/Dissertation/virtushield/final-datasets/in-the-wild-final-small/SAFE/1/frame_20940.jpg,SAFE,UNSAFE,0.7136331796646118,reflection_only,in_the_wild
/Users/ahooker/Documents/Dissertation/virtushield/final-datasets/in-the-wild-final-small/SAFE/1/frame_2100.jpg,SAFE,UNSAFE,0.758548378944397,reflection_only,in_the_wild
/Users/ahooker/Documents/Dissertation/virtushield/final-datasets/in-the-wild-final-small/SAFE/1/frame_21080.jpg,SAFE,UNSAFE,0.7178826332092285,reflection_only,in_the_wild
/Users/ahooker/Documents/Dissertation/virtushield/final-datasets/in-the-wild-final-small/SAFE/1/frame_21120.jpg,SAFE,UNSAFE,0.7744574546813965,reflection_only,in_the_wild
/Users/ahooker/Documents/Dissertation/virtushield/final-datasets/in-the-wild-final-small/SAFE/1/frame_21240.jpg,SAFE,UNSAFE,0.861693799495697,reflection_only,in_the_wild
/Users/ahooker/Documents/Dissertation/virtushield/final-datasets/in-the-wild-final-small/SAFE/1/frame_21240__1.jpg,SAFE,UNSAFE,0.9521592855453491,reflection_only,in_the_wild
/Users/ahooker/Documents/Dissertation/virtushield/final-datasets/in-the-wild-final-small/SAFE/1/frame_21360.jpg,SAFE,UNSAFE,0.729698121547699,reflection_only,in_the_wild
/Users/ahooker/Documents/Dissertation/virtushield/final-datasets/in-the-wild-final-small/SAFE/1/frame_21420.jpg,SAFE,UNSAFE,0.8966336846351624,reflection_only,in_the_wild
/Users/ahooker/Documents/Dissertation/virtushield/final-datasets/in-the-wild-final-small/SAFE/1/frame_21480.jpg,SAFE,UNSAFE,0.911311149597168,reflection_only,in_the_wild
/Users/ahooker/Documents/Dissertation/virtushield/final-datasets/in-the-wild-final-small/SAFE/1/frame_21520.jpg,SAFE,UNSAFE,0.8705536723136902,reflection_only,in_the_wild
/Users/ahooker/Documents/Dissertation/virtushield/final-datasets/in-the-wild-final-small/SAFE/1/frame_21620.jpg,SAFE,UNSAFE,0.818591833114624,reflection_only,in_the_wild
/Users/ahooker/Documents/Dissertation/virtushield/final-datasets/in-the-wild-final-small/SAFE/1/frame_21660.jpg,SAFE,UNSAFE,0.8417367339134216,reflection_only,in_the_wild
/Users/ahooker/Documents/Dissertation/virtushield/final-datasets/in-the-wild-final-small/SAFE/1/frame_21700.jpg,SAFE,SAFE,0.27657434344291687,reflection_only,in_the_wild
/Users/ahooker/Documents/Dissertation/virtushield/final-datasets/in-the-wild-final-small/SAFE/1/frame_21720.jpg,SAFE,UNSAFE,0.8611002564430237,reflection_only,in_the_wild
/Users/ahooker/Documents/Dissertation/virtushield/final-datasets/in-the-wild-final-small/SAFE/1/frame_21860.jpg,SAFE,UNSAFE,0.7946153283119202,reflection_only,in_the_wild
/Users/ahooker/Documents/Dissertation/virtushield/final-datasets/in-the-wild-final-small/SAFE/1/frame_21880.jpg,SAFE,UNSAFE,0.8767564296722412,reflection_only,in_the_wild
/Users/ahooker/Documents/Dissertation/virtushield/final-datasets/in-the-wild-final-small/SAFE/1/frame_220.jpg,SAFE,UNSAFE,0.934920608997345,reflection_only,in_the_wild
/Users/ahooker/Documents/Dissertation/virtushield/final-datasets/in-the-wild-final-small/SAFE/1/frame_22000.jpg,SAFE,UNSAFE,0.9724699258804321,reflection_only,in_the_wild
/Users/ahooker/Documents/Dissertation/virtushield/final-datasets/in-the-wild-final-small/SAFE/1/frame_22060.jpg,SAFE,UNSAFE,0.9221994280815125,reflection_only,in_the_wild
/Users/ahooker/Documents/Dissertation/virtushield/final-datasets/in-the-wild-final-small/SAFE/1/frame_22080.jpg,SAFE,UNSAFE,0.904043972492218,reflection_only,in_the_wild
/Users/ahooker/Documents/Dissertation/virtushield/final-datasets/in-the-wild-final-small/SAFE/1/frame_22100.jpg,SAFE,UNSAFE,0.9546172022819519,reflection_only,in_the_wild
/Users/ahooker/Documents/Dissertation/virtushield/final-datasets/in-the-wild-final-small/SAFE/1/frame_22200.jpg,SAFE,UNSAFE,0.7541282176971436,reflection_only,in_the_wild
/Users/ahooker/Documents/Dissertation/virtushield/final-datasets/in-the-wild-final-small/SAFE/1/frame_22400.jpg,SAFE,UNSAFE,0.9438951015472412,reflection_only,in_the_wild
/Users/ahooker/Documents/Dissertation/virtushield/final-datasets/in-the-wild-final-small/SAFE/1/frame_22460.jpg,SAFE,UNSAFE,0.8997383713722229,reflection_only,in_the_wild
/Users/ahooker/Documents/Dissertation/virtushield/final-datasets/in-the-wild-final-small/SAFE/1/frame_22620.jpg,SAFE,UNSAFE,0.7575005292892456,reflection_only,in_the_wild
/Users/ahooker/Documents/Dissertation/virtushield/final-datasets/in-the-wild-final-small/SAFE/1/frame_22680.jpg,SAFE,UNSAFE,0.966371476650238,reflection_only,in_the_wild
/Users/ahooker/Documents/Dissertation/virtushield/final-datasets/in-the-wild-final-small/SAFE/1/frame_22900.jpg,SAFE,UNSAFE,0.7845035195350647,reflection_only,in_the_wild
/Users/ahooker/Documents/Dissertation/virtushield/final-datasets/in-the-wild-final-small/SAFE/1/frame_22940.jpg,SAFE,SAFE,0.36177268624305725,reflection_only,in_the_wild
/Users/ahooker/Documents/Dissertation/virtushield/final-datasets/in-the-wild-final-small/SAFE/1/frame_23140.jpg,SAFE,SAFE,0.36563897132873535,reflection_only,in_the_wild
/Users/ahooker/Documents/Dissertation/virtushield/final-datasets/in-the-wild-final-small/SAFE/1/frame_23480.jpg,SAFE,SAFE,0.39771974086761475,reflection_only,in_the_wild
/Users/ahooker/Documents/Dissertation/virtushield/final-datasets/in-the-wild-final-small/SAFE/1/frame_2420.jpg,SAFE,UNSAFE,0.9646589756011963,reflection_only,in_the_wild
/Users/ahooker/Documents/Dissertation/virtushield/final-datasets/in-the-wild-final-small/SAFE/1/frame_2440.jpg,SAFE,SAFE,0.152710422873497,reflection_only,in_the_wild
/Users/ahooker/Documents/Dissertation/virtushield/final-datasets/in-the-wild-final-small/SAFE/1/frame_2440__1.jpg,SAFE,UNSAFE,0.7688844799995422,reflection_only,in_the_wild
/Users/ahooker/Documents/Dissertation/virtushield/final-datasets/in-the-wild-final-small/SAFE/1/frame_2440__2.jpg,SAFE,SAFE,0.3028870224952698,reflection_only,in_the_wild
/Users/ahooker/Documents/Dissertation/virtushield/final-datasets/in-the-wild-final-small/SAFE/1/frame_2460.jpg,SAFE,UNSAFE,0.7053401470184326,reflection_only,in_the_wild
/Users/ahooker/Documents/Dissertation/virtushield/final-datasets/in-the-wild-final-small/SAFE/1/frame_2460__1.jpg,SAFE,SAFE,0.3941849172115326,reflection_only,in_the_wild
/Users/ahooker/Documents/Dissertation/virtushield/final-datasets/in-the-wild-final-small/SAFE/1/frame_24920.jpg,SAFE,UNSAFE,0.7661935687065125,reflection_only,in_the_wild
/Users/ahooker/Documents/Dissertation/virtushield/final-datasets/in-the-wild-final-small/SAFE/1/frame_2500.jpg,SAFE,SAFE,0.35988596081733704,reflection_only,in_the_wild
/Users/ahooker/Documents/Dissertation/virtushield/final-datasets/in-the-wild-final-small/SAFE/1/frame_2500__1.jpg,SAFE,UNSAFE,0.9592318534851074,reflection_only,in_the_wild
/Users/ahooker/Documents/Dissertation/virtushield/final-datasets/in-the-wild-final-small/SAFE/1/frame_25160.jpg,SAFE,UNSAFE,0.7413943409919739,reflection_only,in_the_wild
/Users/ahooker/Documents/Dissertation/virtushield/final-datasets/in-the-wild-final-small/SAFE/1/frame_2580.jpg,SAFE,SAFE,0.48693346977233887,reflection_only,in_the_wild
/Users/ahooker/Documents/Dissertation/virtushield/final-datasets/in-the-wild-final-small/SAFE/1/frame_2600.jpg,SAFE,SAFE,0.27034398913383484,reflection_only,in_the_wild
/Users/ahooker/Documents/Dissertation/virtushield/final-datasets/in-the-wild-final-small/SAFE/1/frame_2600__1.jpg,SAFE,SAFE,0.3293622136116028,reflection_only,in_the_wild
/Users/ahooker/Documents/Dissertation/virtushield/final-datasets/in-the-wild-final-small/SAFE/1/frame_2620.jpg,SAFE,UNSAFE,0.7794195413589478,reflection_only,in_the_wild
/Users/ahooker/Documents/Dissertation/virtushield/final-datasets/in-the-wild-final-small/SAFE/1/frame_26540.jpg,SAFE,UNSAFE,0.7922540307044983,reflection_only,in_the_wild
/Users/ahooker/Documents/Dissertation/virtushield/final-datasets/in-the-wild-final-small/SAFE/1/frame_2660.jpg,SAFE,UNSAFE,0.9391279220581055,reflection_only,in_the_wild
/Users/ahooker/Documents/Dissertation/virtushield/final-datasets/in-the-wild-final-small/SAFE/1/frame_2700.jpg,SAFE,SAFE,0.25277042388916016,reflection_only,in_the_wild
/Users/ahooker/Documents/Dissertation/virtushield/final-datasets/in-the-wild-final-small/SAFE/1/frame_2720.jpg,SAFE,SAFE,0.3996894657611847,reflection_only,in_the_wild
/Users/ahooker/Documents/Dissertation/virtushield/final-datasets/in-the-wild-final-small/SAFE/1/frame_27300.jpg,SAFE,UNSAFE,0.8989574313163757,reflection_only,in_the_wild
/Users/ahooker/Documents/Dissertation/virtushield/final-datasets/in-the-wild-final-small/SAFE/1/frame_27640.jpg,SAFE,UNSAFE,0.9329278469085693,reflection_only,in_the_wild
/Users/ahooker/Documents/Dissertation/virtushield/final-datasets/in-the-wild-final-small/SAFE/1/frame_27760.jpg,SAFE,UNSAFE,0.9278126955032349,reflection_only,in_the_wild
/Users/ahooker/Documents/Dissertation/virtushield/final-datasets/in-the-wild-final-small/SAFE/1/frame_2780.jpg,SAFE,UNSAFE,0.7143255472183228,reflection_only,in_the_wild
/Users/ahooker/Documents/Dissertation/virtushield/final-datasets/in-the-wild-final-small/SAFE/1/frame_27860.jpg,SAFE,UNSAFE,0.8020288348197937,reflection_only,in_the_wild
/Users/ahooker/Documents/Dissertation/virtushield/final-datasets/in-the-wild-final-small/SAFE/1/frame_28160.jpg,SAFE,UNSAFE,0.9093952178955078,reflection_only,in_the_wild
/Users/ahooker/Documents/Dissertation/virtushield/final-datasets/in-the-wild-final-small/SAFE/1/frame_2820.jpg,SAFE,UNSAFE,0.6568012833595276,reflection_only,in_the_wild
/Users/ahooker/Documents/Dissertation/virtushield/final-datasets/in-the-wild-final-small/SAFE/1/frame_2840.jpg,SAFE,UNSAFE,0.7265418171882629,reflection_only,in_the_wild
/Users/ahooker/Documents/Dissertation/virtushield/final-datasets/in-the-wild-final-small/SAFE/1/frame_28400.jpg,SAFE,UNSAFE,0.8976036906242371,reflection_only,in_the_wild
/Users/ahooker/Documents/Dissertation/virtushield/final-datasets/in-the-wild-final-small/SAFE/1/frame_2900.jpg,SAFE,UNSAFE,0.94121915102005,reflection_only,in_the_wild
/Users/ahooker/Documents/Dissertation/virtushield/final-datasets/in-the-wild-final-small/SAFE/1/frame_2920.jpg,SAFE,UNSAFE,0.8255237936973572,reflection_only,in_the_wild
/Users/ahooker/Documents/Dissertation/virtushield/final-datasets/in-the-wild-final-small/SAFE/1/frame_2940.jpg,SAFE,SAFE,0.24581801891326904,reflection_only,in_the_wild
/Users/ahooker/Documents/Dissertation/virtushield/final-datasets/in-the-wild-final-small/SAFE/1/frame_2960.jpg,SAFE,SAFE,0.3325739800930023,reflection_only,in_the_wild
/Users/ahooker/Documents/Dissertation/virtushield/final-datasets/in-the-wild-final-small/SAFE/1/frame_3020.jpg,SAFE,SAFE,0.36174294352531433,reflection_only,in_the_wild
/Users/ahooker/Documents/Dissertation/virtushield/final-datasets/in-the-wild-final-small/SAFE/1/frame_3040.jpg,SAFE,SAFE,0.2607518136501312,reflection_only,in_the_wild
/Users/ahooker/Documents/Dissertation/virtushield/final-datasets/in-the-wild-final-small/SAFE/1/frame_3100.jpg,SAFE,UNSAFE,0.7434762120246887,reflection_only,in_the_wild
/Users/ahooker/Documents/Dissertation/virtushield/final-datasets/in-the-wild-final-small/SAFE/1/frame_3200.jpg,SAFE,SAFE,0.3382742702960968,reflection_only,in_the_wild
/Users/ahooker/Documents/Dissertation/virtushield/final-datasets/in-the-wild-final-small/SAFE/1/frame_3220.jpg,SAFE,UNSAFE,0.9147825241088867,reflection_only,in_the_wild
/Users/ahooker/Documents/Dissertation/virtushield/final-datasets/in-the-wild-final-small/SAFE/1/frame_3220__1.jpg,SAFE,UNSAFE,0.9043402671813965,reflection_only,in_the_wild
/Users/ahooker/Documents/Dissertation/virtushield/final-datasets/in-the-wild-final-small/SAFE/1/frame_3240.jpg,SAFE,UNSAFE,0.8543782830238342,reflection_only,in_the_wild
/Users/ahooker/Documents/Dissertation/virtushield/final-datasets/in-the-wild-final-small/SAFE/1/frame_3300.jpg,SAFE,UNSAFE,0.8905137181282043,reflection_only,in_the_wild
/Users/ahooker/Documents/Dissertation/virtushield/final-datasets/in-the-wild-final-small/SAFE/1/frame_3320.jpg,SAFE,SAFE,0.36490169167518616,reflection_only,in_the_wild
/Users/ahooker/Documents/Dissertation/virtushield/final-datasets/in-the-wild-final-small/SAFE/1/frame_3360.jpg,SAFE,UNSAFE,0.7395926117897034,reflection_only,in_the_wild
/Users/ahooker/Documents/Dissertation/virtushield/final-datasets/in-the-wild-final-small/SAFE/1/frame_3380.jpg,SAFE,UNSAFE,0.5146059393882751,reflection_only,in_the_wild
/Users/ahooker/Documents/Dissertation/virtushield/final-datasets/in-the-wild-final-small/SAFE/1/frame_3480.jpg,SAFE,SAFE,0.3427494168281555,reflection_only,in_the_wild
/Users/ahooker/Documents/Dissertation/virtushield/final-datasets/in-the-wild-final-small/SAFE/1/frame_3480__1.jpg,SAFE,UNSAFE,0.9583855867385864,reflection_only,in_the_wild
/Users/ahooker/Documents/Dissertation/virtushield/final-datasets/in-the-wild-final-small/SAFE/1/frame_3500.jpg,SAFE,UNSAFE,0.846517026424408,reflection_only,in_the_wild
/Users/ahooker/Documents/Dissertation/virtushield/final-datasets/in-the-wild-final-small/SAFE/1/frame_3540.jpg,SAFE,UNSAFE,0.7528737783432007,reflection_only,in_the_wild
/Users/ahooker/Documents/Dissertation/virtushield/final-datasets/in-the-wild-final-small/SAFE/1/frame_3660.jpg,SAFE,UNSAFE,0.6918540000915527,reflection_only,in_the_wild
/Users/ahooker/Documents/Dissertation/virtushield/final-datasets/in-the-wild-final-small/SAFE/1/frame_3680.jpg,SAFE,UNSAFE,0.9686643481254578,reflection_only,in_the_wild
/Users/ahooker/Documents/Dissertation/virtushield/final-datasets/in-the-wild-final-small/SAFE/1/frame_3700.jpg,SAFE,UNSAFE,0.8887221813201904,reflection_only,in_the_wild
/Users/ahooker/Documents/Dissertation/virtushield/final-datasets/in-the-wild-final-small/SAFE/1/frame_3720.jpg,SAFE,SAFE,0.44719362258911133,reflection_only,in_the_wild
/Users/ahooker/Documents/Dissertation/virtushield/final-datasets/in-the-wild-final-small/SAFE/1/frame_3740.jpg,SAFE,UNSAFE,0.7299531698226929,reflection_only,in_the_wild
/Users/ahooker/Documents/Dissertation/virtushield/final-datasets/in-the-wild-final-small/SAFE/1/frame_3740__1.jpg,SAFE,UNSAFE,0.730039656162262,reflection_only,in_the_wild
/Users/ahooker/Documents/Dissertation/virtushield/final-datasets/in-the-wild-final-small/SAFE/1/frame_3780.jpg,SAFE,SAFE,0.22936084866523743,reflection_only,in_the_wild
/Users/ahooker/Documents/Dissertation/virtushield/final-datasets/in-the-wild-final-small/SAFE/1/frame_3820.jpg,SAFE,UNSAFE,0.8784682750701904,reflection_only,in_the_wild
/Users/ahooker/Documents/Dissertation/virtushield/final-datasets/in-the-wild-final-small/SAFE/1/frame_3840.jpg,SAFE,UNSAFE,0.8327629566192627,reflection_only,in_the_wild
/Users/ahooker/Documents/Dissertation/virtushield/final-datasets/in-the-wild-final-small/SAFE/1/frame_3940.jpg,SAFE,UNSAFE,0.7343581318855286,reflection_only,in_the_wild
/Users/ahooker/Documents/Dissertation/virtushield/final-datasets/in-the-wild-final-small/SAFE/1/frame_40.jpg,SAFE,UNSAFE,0.8386614322662354,reflection_only,in_the_wild
/Users/ahooker/Documents/Dissertation/virtushield/final-datasets/in-the-wild-final-small/SAFE/1/frame_4020.jpg,SAFE,UNSAFE,0.9684813618659973,reflection_only,in_the_wild
/Users/ahooker/Documents/Dissertation/virtushield/final-datasets/in-the-wild-final-small/SAFE/1/frame_4020__1.jpg,SAFE,UNSAFE,0.9488329887390137,reflection_only,in_the_wild
/Users/ahooker/Documents/Dissertation/virtushield/final-datasets/in-the-wild-final-small/SAFE/1/frame_4060.jpg,SAFE,SAFE,0.39818981289863586,reflection_only,in_the_wild
/Users/ahooker/Documents/Dissertation/virtushield/final-datasets/in-the-wild-final-small/SAFE/1/frame_4120.jpg,SAFE,UNSAFE,0.794292688369751,reflection_only,in_the_wild
/Users/ahooker/Documents/Dissertation/virtushield/final-datasets/in-the-wild-final-small/SAFE/1/frame_4200.jpg,SAFE,SAFE,0.062313422560691833,reflection_only,in_the_wild
/Users/ahooker/Documents/Dissertation/virtushield/final-datasets/in-the-wild-final-small/SAFE/1/frame_4200__1.jpg,SAFE,UNSAFE,0.5051042437553406,reflection_only,in_the_wild
/Users/ahooker/Documents/Dissertation/virtushield/final-datasets/in-the-wild-final-small/SAFE/1/frame_4240.jpg,SAFE,UNSAFE,0.7578129172325134,reflection_only,in_the_wild
/Users/ahooker/Documents/Dissertation/virtushield/final-datasets/in-the-wild-final-small/SAFE/1/frame_4300.jpg,SAFE,SAFE,0.3533359467983246,reflection_only,in_the_wild
/Users/ahooker/Documents/Dissertation/virtushield/final-datasets/in-the-wild-final-small/SAFE/1/frame_4300__1.jpg,SAFE,SAFE,0.3151087462902069,reflection_only,in_the_wild
/Users/ahooker/Documents/Dissertation/virtushield/final-datasets/in-the-wild-final-small/SAFE/1/frame_4320.jpg,SAFE,UNSAFE,0.818291425704956,reflection_only,in_the_wild
/Users/ahooker/Documents/Dissertation/virtushield/final-datasets/in-the-wild-final-small/SAFE/1/frame_4340.jpg,SAFE,UNSAFE,0.9783559441566467,reflection_only,in_the_wild
/Users/ahooker/Documents/Dissertation/virtushield/final-datasets/in-the-wild-final-small/SAFE/1/frame_4360.jpg,SAFE,UNSAFE,0.7751596570014954,reflection_only,in_the_wild
/Users/ahooker/Documents/Dissertation/virtushield/final-datasets/in-the-wild-final-small/SAFE/1/frame_4420.jpg,SAFE,SAFE,0.4981618821620941,reflection_only,in_the_wild
/Users/ahooker/Documents/Dissertation/virtushield/final-datasets/in-the-wild-final-small/SAFE/1/frame_4420__1.jpg,SAFE,UNSAFE,0.9269877672195435,reflection_only,in_the_wild
/Users/ahooker/Documents/Dissertation/virtushield/final-datasets/in-the-wild-final-small/SAFE/1/frame_4480.jpg,SAFE,SAFE,0.3991568684577942,reflection_only,in_the_wild
/Users/ahooker/Documents/Dissertation/virtushield/final-datasets/in-the-wild-final-small/SAFE/1/frame_4520.jpg,SAFE,SAFE,0.37212544679641724,reflection_only,in_the_wild
/Users/ahooker/Documents/Dissertation/virtushield/final-datasets/in-the-wild-final-small/SAFE/1/frame_4520__1.jpg,SAFE,UNSAFE,0.8846012353897095,reflection_only,in_the_wild
/Users/ahooker/Documents/Dissertation/virtushield/final-datasets/in-the-wild-final-small/SAFE/1/frame_4560.jpg,SAFE,UNSAFE,0.7538767457008362,reflection_only,in_the_wild
/Users/ahooker/Documents/Dissertation/virtushield/final-datasets/in-the-wild-final-small/SAFE/1/frame_4580.jpg,SAFE,UNSAFE,0.7169239521026611,reflection_only,in_the_wild
/Users/ahooker/Documents/Dissertation/virtushield/final-datasets/in-the-wild-final-small/SAFE/1/frame_4580__1.jpg,SAFE,UNSAFE,0.940156877040863,reflection_only,in_the_wild
/Users/ahooker/Documents/Dissertation/virtushield/final-datasets/in-the-wild-final-small/SAFE/1/frame_4580__2.jpg,SAFE,UNSAFE,0.9209233522415161,reflection_only,in_the_wild
/Users/ahooker/Documents/Dissertation/virtushield/final-datasets/in-the-wild-final-small/SAFE/1/frame_4580__3.jpg,SAFE,SAFE,0.16627919673919678,reflection_only,in_the_wild
/Users/ahooker/Documents/Dissertation/virtushield/final-datasets/in-the-wild-final-small/SAFE/1/frame_460.jpg,SAFE,UNSAFE,0.9576810598373413,reflection_only,in_the_wild
/Users/ahooker/Documents/Dissertation/virtushield/final-datasets/in-the-wild-final-small/SAFE/1/frame_4600.jpg,SAFE,UNSAFE,0.6066880226135254,reflection_only,in_the_wild
/Users/ahooker/Documents/Dissertation/virtushield/final-datasets/in-the-wild-final-small/SAFE/1/frame_4620.jpg,SAFE,UNSAFE,0.9657094478607178,reflection_only,in_the_wild
/Users/ahooker/Documents/Dissertation/virtushield/final-datasets/in-the-wild-final-small/SAFE/1/frame_4640.jpg,SAFE,UNSAFE,0.9758008718490601,reflection_only,in_the_wild
/Users/ahooker/Documents/Dissertation/virtushield/final-datasets/in-the-wild-final-small/SAFE/1/frame_4640__1.jpg,SAFE,UNSAFE,0.934870719909668,reflection_only,in_the_wild
/Users/ahooker/Documents/Dissertation/virtushield/final-datasets/in-the-wild-final-small/SAFE/1/frame_4660.jpg,SAFE,UNSAFE,0.610796332359314,reflection_only,in_the_wild
/Users/ahooker/Documents/Dissertation/virtushield/final-datasets/in-the-wild-final-small/SAFE/1/frame_4700.jpg,SAFE,UNSAFE,0.8578920960426331,reflection_only,in_the_wild
/Users/ahooker/Documents/Dissertation/virtushield/final-datasets/in-the-wild-final-small/SAFE/1/frame_4700__1.jpg,SAFE,UNSAFE,0.8514946103096008,reflection_only,in_the_wild
/Users/ahooker/Documents/Dissertation/virtushield/final-datasets/in-the-wild-final-small/SAFE/1/frame_4740.jpg,SAFE,SAFE,0.2625371217727661,reflection_only,in_the_wild
/Users/ahooker/Documents/Dissertation/virtushield/final-datasets/in-the-wild-final-small/SAFE/1/frame_4740__1.jpg,SAFE,SAFE,0.29307785630226135,reflection_only,in_the_wild
/Users/ahooker/Documents/Dissertation/virtushield/final-datasets/in-the-wild-final-small/SAFE/1/frame_4760.jpg,SAFE,UNSAFE,0.7639679908752441,reflection_only,in_the_wild
/Users/ahooker/Documents/Dissertation/virtushield/final-datasets/in-the-wild-final-small/SAFE/1/frame_4820.jpg,SAFE,UNSAFE,0.9414477348327637,reflection_only,in_the_wild
/Users/ahooker/Documents/Dissertation/virtushield/final-datasets/in-the-wild-final-small/SAFE/1/frame_4820__1.jpg,SAFE,UNSAFE,0.7023487091064453,reflection_only,in_the_wild
/Users/ahooker/Documents/Dissertation/virtushield/final-datasets/in-the-wild-final-small/SAFE/1/frame_4900.jpg,SAFE,SAFE,0.3998221755027771,reflection_only,in_the_wild
/Users/ahooker/Documents/Dissertation/virtushield/final-datasets/in-the-wild-final-small/SAFE/1/frame_4900__1.jpg,SAFE,SAFE,0.33310481905937195,reflection_only,in_the_wild
/Users/ahooker/Documents/Dissertation/virtushield/final-datasets/in-the-wild-final-small/SAFE/1/frame_4960.jpg,SAFE,SAFE,0.33896806836128235,reflection_only,in_the_wild
/Users/ahooker/Documents/Dissertation/virtushield/final-datasets/in-the-wild-final-small/SAFE/1/frame_500.jpg,SAFE,UNSAFE,0.9754356145858765,reflection_only,in_the_wild
/Users/ahooker/Documents/Dissertation/virtushield/final-datasets/in-the-wild-final-small/SAFE/1/frame_500__1.jpg,SAFE,UNSAFE,0.9754356145858765,reflection_only,in_the_wild
/Users/ahooker/Documents/Dissertation/virtushield/final-datasets/in-the-wild-final-small/SAFE/1/frame_5020.jpg,SAFE,UNSAFE,0.9427805542945862,reflection_only,in_the_wild
/Users/ahooker/Documents/Dissertation/virtushield/final-datasets/in-the-wild-final-small/SAFE/1/frame_5020__1.jpg,SAFE,UNSAFE,0.7984247207641602,reflection_only,in_the_wild
/Users/ahooker/Documents/Dissertation/virtushield/final-datasets/in-the-wild-final-small/SAFE/1/frame_5060.jpg,SAFE,UNSAFE,0.8588688969612122,reflection_only,in_the_wild
/Users/ahooker/Documents/Dissertation/virtushield/final-datasets/in-the-wild-final-small/SAFE/1/frame_5060__1.jpg,SAFE,UNSAFE,0.9389721155166626,reflection_only,in_the_wild
/Users/ahooker/Documents/Dissertation/virtushield/final-datasets/in-the-wild-final-small/SAFE/1/frame_5100.jpg,SAFE,SAFE,0.2663319408893585,reflection_only,in_the_wild
/Users/ahooker/Documents/Dissertation/virtushield/final-datasets/in-the-wild-final-small/SAFE/1/frame_5120.jpg,SAFE,SAFE,0.4337097108364105,reflection_only,in_the_wild
/Users/ahooker/Documents/Dissertation/virtushield/final-datasets/in-the-wild-final-small/SAFE/1/frame_5200.jpg,SAFE,UNSAFE,0.9036656618118286,reflection_only,in_the_wild
/Users/ahooker/Documents/Dissertation/virtushield/final-datasets/in-the-wild-final-small/SAFE/1/frame_5220.jpg,SAFE,SAFE,0.2812536954879761,reflection_only,in_the_wild
/Users/ahooker/Documents/Dissertation/virtushield/final-datasets/in-the-wild-final-small/SAFE/1/frame_5300.jpg,SAFE,UNSAFE,0.9691529273986816,reflection_only,in_the_wild
/Users/ahooker/Documents/Dissertation/virtushield/final-datasets/in-the-wild-final-small/SAFE/1/frame_5360.jpg,SAFE,SAFE,0.26684993505477905,reflection_only,in_the_wild
/Users/ahooker/Documents/Dissertation/virtushield/final-datasets/in-the-wild-final-small/SAFE/1/frame_5400.jpg,SAFE,UNSAFE,0.8987947702407837,reflection_only,in_the_wild
/Users/ahooker/Documents/Dissertation/virtushield/final-datasets/in-the-wild-final-small/SAFE/1/frame_5460.jpg,SAFE,UNSAFE,0.8611377477645874,reflection_only,in_the_wild
/Users/ahooker/Documents/Dissertation/virtushield/final-datasets/in-the-wild-final-small/SAFE/1/frame_5480.jpg,SAFE,UNSAFE,0.9641736745834351,reflection_only,in_the_wild
/Users/ahooker/Documents/Dissertation/virtushield/final-datasets/in-the-wild-final-small/SAFE/1/frame_5500.jpg,SAFE,SAFE,0.3626032769680023,reflection_only,in_the_wild
/Users/ahooker/Documents/Dissertation/virtushield/final-datasets/in-the-wild-final-small/SAFE/1/frame_5580.jpg,SAFE,UNSAFE,0.9669500589370728,reflection_only,in_the_wild
/Users/ahooker/Documents/Dissertation/virtushield/final-datasets/in-the-wild-final-small/SAFE/1/frame_560.jpg,SAFE,UNSAFE,0.957135796546936,reflection_only,in_the_wild
/Users/ahooker/Documents/Dissertation/virtushield/final-datasets/in-the-wild-final-small/SAFE/1/frame_5600.jpg,SAFE,UNSAFE,0.855772078037262,reflection_only,in_the_wild
/Users/ahooker/Documents/Dissertation/virtushield/final-datasets/in-the-wild-final-small/SAFE/1/frame_5660.jpg,SAFE,SAFE,0.1798364371061325,reflection_only,in_the_wild
/Users/ahooker/Documents/Dissertation/virtushield/final-datasets/in-the-wild-final-small/SAFE/1/frame_5760.jpg,SAFE,UNSAFE,0.8590664863586426,reflection_only,in_the_wild
/Users/ahooker/Documents/Dissertation/virtushield/final-datasets/in-the-wild-final-small/SAFE/1/frame_5820.jpg,SAFE,UNSAFE,0.9694953560829163,reflection_only,in_the_wild
/Users/ahooker/Documents/Dissertation/virtushield/final-datasets/in-the-wild-final-small/SAFE/1/frame_5840.jpg,SAFE,SAFE,0.34829527139663696,reflection_only,in_the_wild
/Users/ahooker/Documents/Dissertation/virtushield/final-datasets/in-the-wild-final-small/SAFE/1/frame_5860.jpg,SAFE,UNSAFE,0.9837273359298706,reflection_only,in_the_wild
/Users/ahooker/Documents/Dissertation/virtushield/final-datasets/in-the-wild-final-small/SAFE/1/frame_5920.jpg,SAFE,UNSAFE,0.9216082096099854,reflection_only,in_the_wild
/Users/ahooker/Documents/Dissertation/virtushield/final-datasets/in-the-wild-final-small/SAFE/1/frame_5940.jpg,SAFE,UNSAFE,0.8991933465003967,reflection_only,in_the_wild
/Users/ahooker/Documents/Dissertation/virtushield/final-datasets/in-the-wild-final-small/SAFE/1/frame_6080.jpg,SAFE,SAFE,0.2587769329547882,reflection_only,in_the_wild
/Users/ahooker/Documents/Dissertation/virtushield/final-datasets/in-the-wild-final-small/SAFE/1/frame_6220.jpg,SAFE,UNSAFE,0.9397653937339783,reflection_only,in_the_wild
/Users/ahooker/Documents/Dissertation/virtushield/final-datasets/in-the-wild-final-small/SAFE/1/frame_6340.jpg,SAFE,UNSAFE,0.9706864356994629,reflection_only,in_the_wild
/Users/ahooker/Documents/Dissertation/virtushield/final-datasets/in-the-wild-final-small/SAFE/1/frame_6340__1.jpg,SAFE,UNSAFE,0.8920842409133911,reflection_only,in_the_wild
/Users/ahooker/Documents/Dissertation/virtushield/final-datasets/in-the-wild-final-small/SAFE/1/frame_6380.jpg,SAFE,UNSAFE,0.942513644695282,reflection_only,in_the_wild
/Users/ahooker/Documents/Dissertation/virtushield/final-datasets/in-the-wild-final-small/SAFE/1/frame_640.jpg,SAFE,UNSAFE,0.8088744282722473,reflection_only,in_the_wild
/Users/ahooker/Documents/Dissertation/virtushield/final-datasets/in-the-wild-final-small/SAFE/1/frame_6440.jpg,SAFE,UNSAFE,0.9564014673233032,reflection_only,in_the_wild
/Users/ahooker/Documents/Dissertation/virtushield/final-datasets/in-the-wild-final-small/SAFE/1/frame_6480.jpg,SAFE,SAFE,0.3683781921863556,reflection_only,in_the_wild
/Users/ahooker/Documents/Dissertation/virtushield/final-datasets/in-the-wild-final-small/SAFE/1/frame_6500.jpg,SAFE,UNSAFE,0.934853732585907,reflection_only,in_the_wild
/Users/ahooker/Documents/Dissertation/virtushield/final-datasets/in-the-wild-final-small/SAFE/1/frame_6520.jpg,SAFE,SAFE,0.34643635153770447,reflection_only,in_the_wild
/Users/ahooker/Documents/Dissertation/virtushield/final-datasets/in-the-wild-final-small/SAFE/1/frame_6720.jpg,SAFE,SAFE,0.3371896743774414,reflection_only,in_the_wild
/Users/ahooker/Documents/Dissertation/virtushield/final-datasets/in-the-wild-final-small/SAFE/1/frame_6740.jpg,SAFE,SAFE,0.08028223365545273,reflection_only,in_the_wild
/Users/ahooker/Documents/Dissertation/virtushield/final-datasets/in-the-wild-final-small/SAFE/1/frame_6880.jpg,SAFE,UNSAFE,0.9442342519760132,reflection_only,in_the_wild
/Users/ahooker/Documents/Dissertation/virtushield/final-datasets/in-the-wild-final-small/SAFE/1/frame_6920.jpg,SAFE,UNSAFE,0.8780640959739685,reflection_only,in_the_wild
/Users/ahooker/Documents/Dissertation/virtushield/final-datasets/in-the-wild-final-small/SAFE/1/frame_6940.jpg,SAFE,UNSAFE,0.9766404628753662,reflection_only,in_the_wild
/Users/ahooker/Documents/Dissertation/virtushield/final-datasets/in-the-wild-final-small/SAFE/1/frame_6980.jpg,SAFE,SAFE,0.3696630001068115,reflection_only,in_the_wild
/Users/ahooker/Documents/Dissertation/virtushield/final-datasets/in-the-wild-final-small/SAFE/1/frame_700.jpg,SAFE,SAFE,0.4366949796676636,reflection_only,in_the_wild
/Users/ahooker/Documents/Dissertation/virtushield/final-datasets/in-the-wild-final-small/SAFE/1/frame_7000.jpg,SAFE,UNSAFE,0.8865244388580322,reflection_only,in_the_wild
/Users/ahooker/Documents/Dissertation/virtushield/final-datasets/in-the-wild-final-small/SAFE/1/frame_7080.jpg,SAFE,UNSAFE,0.9547684192657471,reflection_only,in_the_wild
/Users/ahooker/Documents/Dissertation/virtushield/final-datasets/in-the-wild-final-small/SAFE/1/frame_7080__1.jpg,SAFE,UNSAFE,0.9368122220039368,reflection_only,in_the_wild
/Users/ahooker/Documents/Dissertation/virtushield/final-datasets/in-the-wild-final-small/SAFE/1/frame_7160.jpg,SAFE,UNSAFE,0.7810825705528259,reflection_only,in_the_wild
/Users/ahooker/Documents/Dissertation/virtushield/final-datasets/in-the-wild-final-small/SAFE/1/frame_7220.jpg,SAFE,UNSAFE,0.8019809722900391,reflection_only,in_the_wild
/Users/ahooker/Documents/Dissertation/virtushield/final-datasets/in-the-wild-final-small/SAFE/1/frame_7240.jpg,SAFE,UNSAFE,0.778932511806488,reflection_only,in_the_wild
/Users/ahooker/Documents/Dissertation/virtushield/final-datasets/in-the-wild-final-small/SAFE/1/frame_7260.jpg,SAFE,UNSAFE,0.7856723666191101,reflection_only,in_the_wild
/Users/ahooker/Documents/Dissertation/virtushield/final-datasets/in-the-wild-final-small/SAFE/1/frame_7260__1.jpg,SAFE,UNSAFE,0.7165274620056152,reflection_only,in_the_wild
/Users/ahooker/Documents/Dissertation/virtushield/final-datasets/in-the-wild-final-small/SAFE/1/frame_7380.jpg,SAFE,UNSAFE,0.8483975529670715,reflection_only,in_the_wild
/Users/ahooker/Documents/Dissertation/virtushield/final-datasets/in-the-wild-final-small/SAFE/1/frame_7480.jpg,SAFE,SAFE,0.49006831645965576,reflection_only,in_the_wild
/Users/ahooker/Documents/Dissertation/virtushield/final-datasets/in-the-wild-final-small/SAFE/1/frame_7520.jpg,SAFE,UNSAFE,0.8876510858535767,reflection_only,in_the_wild
/Users/ahooker/Documents/Dissertation/virtushield/final-datasets/in-the-wild-final-small/SAFE/1/frame_780.jpg,SAFE,UNSAFE,0.8699739575386047,reflection_only,in_the_wild
/Users/ahooker/Documents/Dissertation/virtushield/final-datasets/in-the-wild-final-small/SAFE/1/frame_7820.jpg,SAFE,SAFE,0.33395954966545105,reflection_only,in_the_wild
/Users/ahooker/Documents/Dissertation/virtushield/final-datasets/in-the-wild-final-small/SAFE/1/frame_7840.jpg,SAFE,UNSAFE,0.9313837885856628,reflection_only,in_the_wild
/Users/ahooker/Documents/Dissertation/virtushield/final-datasets/in-the-wild-final-small/SAFE/1/frame_7880.jpg,SAFE,UNSAFE,0.7526273727416992,reflection_only,in_the_wild
/Users/ahooker/Documents/Dissertation/virtushield/final-datasets/in-the-wild-final-small/SAFE/1/frame_7920.jpg,SAFE,SAFE,0.3763290345668793,reflection_only,in_the_wild
/Users/ahooker/Documents/Dissertation/virtushield/final-datasets/in-the-wild-final-small/SAFE/1/frame_7940.jpg,SAFE,UNSAFE,0.9382250308990479,reflection_only,in_the_wild
/Users/ahooker/Documents/Dissertation/virtushield/final-datasets/in-the-wild-final-small/SAFE/1/frame_7980.jpg,SAFE,SAFE,0.3534187078475952,reflection_only,in_the_wild
/Users/ahooker/Documents/Dissertation/virtushield/final-datasets/in-the-wild-final-small/SAFE/1/frame_8000.jpg,SAFE,SAFE,0.24432462453842163,reflection_only,in_the_wild
/Users/ahooker/Documents/Dissertation/virtushield/final-datasets/in-the-wild-final-small/SAFE/1/frame_8040.jpg,SAFE,UNSAFE,0.7521975040435791,reflection_only,in_the_wild
/Users/ahooker/Documents/Dissertation/virtushield/final-datasets/in-the-wild-final-small/SAFE/1/frame_8040__1.jpg,SAFE,UNSAFE,0.7369657754898071,reflection_only,in_the_wild
/Users/ahooker/Documents/Dissertation/virtushield/final-datasets/in-the-wild-final-small/SAFE/1/frame_8160.jpg,SAFE,UNSAFE,0.9184549450874329,reflection_only,in_the_wild
/Users/ahooker/Documents/Dissertation/virtushield/final-datasets/in-the-wild-final-small/SAFE/1/frame_8320.jpg,SAFE,UNSAFE,0.8845865726470947,reflection_only,in_the_wild
/Users/ahooker/Documents/Dissertation/virtushield/final-datasets/in-the-wild-final-small/SAFE/1/frame_8340.jpg,SAFE,UNSAFE,0.7854416370391846,reflection_only,in_the_wild
/Users/ahooker/Documents/Dissertation/virtushield/final-datasets/in-the-wild-final-small/SAFE/1/frame_8360.jpg,SAFE,UNSAFE,0.6072306632995605,reflection_only,in_the_wild
/Users/ahooker/Documents/Dissertation/virtushield/final-datasets/in-the-wild-final-small/SAFE/1/frame_8420.jpg,SAFE,UNSAFE,0.9075019955635071,reflection_only,in_the_wild
/Users/ahooker/Documents/Dissertation/virtushield/final-datasets/in-the-wild-final-small/SAFE/1/frame_8440.jpg,SAFE,UNSAFE,0.9486350417137146,reflection_only,in_the_wild
/Users/ahooker/Documents/Dissertation/virtushield/final-datasets/in-the-wild-final-small/SAFE/1/frame_8520.jpg,SAFE,UNSAFE,0.9573766589164734,reflection_only,in_the_wild
/Users/ahooker/Documents/Dissertation/virtushield/final-datasets/in-the-wild-final-small/SAFE/1/frame_860.jpg,SAFE,SAFE,0.1190912202000618,reflection_only,in_the_wild
/Users/ahooker/Documents/Dissertation/virtushield/final-datasets/in-the-wild-final-small/SAFE/1/frame_8600.jpg,SAFE,UNSAFE,0.9715894460678101,reflection_only,in_the_wild
/Users/ahooker/Documents/Dissertation/virtushield/final-datasets/in-the-wild-final-small/SAFE/1/frame_8700.jpg,SAFE,UNSAFE,0.5974090695381165,reflection_only,in_the_wild
/Users/ahooker/Documents/Dissertation/virtushield/final-datasets/in-the-wild-final-small/SAFE/1/frame_8720.jpg,SAFE,UNSAFE,0.9595411419868469,reflection_only,in_the_wild
/Users/ahooker/Documents/Dissertation/virtushield/final-datasets/in-the-wild-final-small/SAFE/1/frame_8720__1.jpg,SAFE,UNSAFE,0.5097670555114746,reflection_only,in_the_wild
/Users/ahooker/Documents/Dissertation/virtushield/final-datasets/in-the-wild-final-small/SAFE/1/frame_8760.jpg,SAFE,SAFE,0.4403659999370575,reflection_only,in_the_wild
/Users/ahooker/Documents/Dissertation/virtushield/final-datasets/in-the-wild-final-small/SAFE/1/frame_8900.jpg,SAFE,UNSAFE,0.8152069449424744,reflection_only,in_the_wild
/Users/ahooker/Documents/Dissertation/virtushield/final-datasets/in-the-wild-final-small/SAFE/1/frame_8960.jpg,SAFE,SAFE,0.38715437054634094,reflection_only,in_the_wild
/Users/ahooker/Documents/Dissertation/virtushield/final-datasets/in-the-wild-final-small/SAFE/1/frame_900.jpg,SAFE,SAFE,0.34526175260543823,reflection_only,in_the_wild
/Users/ahooker/Documents/Dissertation/virtushield/final-datasets/in-the-wild-final-small/SAFE/1/frame_9000.jpg,SAFE,SAFE,0.4569074511528015,reflection_only,in_the_wild
/Users/ahooker/Documents/Dissertation/virtushield/final-datasets/in-the-wild-final-small/SAFE/1/frame_9040.jpg,SAFE,UNSAFE,0.9469312429428101,reflection_only,in_the_wild
/Users/ahooker/Documents/Dissertation/virtushield/final-datasets/in-the-wild-final-small/SAFE/1/frame_9080.jpg,SAFE,UNSAFE,0.9704764485359192,reflection_only,in_the_wild
/Users/ahooker/Documents/Dissertation/virtushield/final-datasets/in-the-wild-final-small/SAFE/1/frame_9120.jpg,SAFE,UNSAFE,0.7635074853897095,reflection_only,in_the_wild
/Users/ahooker/Documents/Dissertation/virtushield/final-datasets/in-the-wild-final-small/SAFE/1/frame_9140.jpg,SAFE,SAFE,0.4628530442714691,reflection_only,in_the_wild
/Users/ahooker/Documents/Dissertation/virtushield/final-datasets/in-the-wild-final-small/SAFE/1/frame_9160.jpg,SAFE,SAFE,0.12782946228981018,reflection_only,in_the_wild
/Users/ahooker/Documents/Dissertation/virtushield/final-datasets/in-the-wild-final-small/SAFE/1/frame_9160__1.jpg,SAFE,SAFE,0.12782946228981018,reflection_only,in_the_wild
/Users/ahooker/Documents/Dissertation/virtushield/final-datasets/in-the-wild-final-small/SAFE/1/frame_9180.jpg,SAFE,UNSAFE,0.7410069108009338,reflection_only,in_the_wild
/Users/ahooker/Documents/Dissertation/virtushield/final-datasets/in-the-wild-final-small/SAFE/1/frame_9220.jpg,SAFE,UNSAFE,0.9127646088600159,reflection_only,in_the_wild
/Users/ahooker/Documents/Dissertation/virtushield/final-datasets/in-the-wild-final-small/SAFE/1/frame_9220__1.jpg,SAFE,UNSAFE,0.8609208464622498,reflection_only,in_the_wild
/Users/ahooker/Documents/Dissertation/virtushield/final-datasets/in-the-wild-final-small/SAFE/1/frame_9280.jpg,SAFE,SAFE,0.3085530996322632,reflection_only,in_the_wild
/Users/ahooker/Documents/Dissertation/virtushield/final-datasets/in-the-wild-final-small/SAFE/1/frame_9300.jpg,SAFE,UNSAFE,0.8787930607795715,reflection_only,in_the_wild
/Users/ahooker/Documents/Dissertation/virtushield/final-datasets/in-the-wild-final-small/SAFE/1/frame_9300__1.jpg,SAFE,UNSAFE,0.893998920917511,reflection_only,in_the_wild
/Users/ahooker/Documents/Dissertation/virtushield/final-datasets/in-the-wild-final-small/SAFE/1/frame_9340.jpg,SAFE,UNSAFE,0.8780868053436279,reflection_only,in_the_wild
/Users/ahooker/Documents/Dissertation/virtushield/final-datasets/in-the-wild-final-small/SAFE/1/frame_9340__1.jpg,SAFE,SAFE,0.3431449234485626,reflection_only,in_the_wild
/Users/ahooker/Documents/Dissertation/virtushield/final-datasets/in-the-wild-final-small/SAFE/1/frame_9380.jpg,SAFE,UNSAFE,0.7979269623756409,reflection_only,in_the_wild
/Users/ahooker/Documents/Dissertation/virtushield/final-datasets/in-the-wild-final-small/SAFE/1/frame_9460.jpg,SAFE,SAFE,0.3752829134464264,reflection_only,in_the_wild
/Users/ahooker/Documents/Dissertation/virtushield/final-datasets/in-the-wild-final-small/SAFE/1/frame_9600.jpg,SAFE,UNSAFE,0.5089602470397949,reflection_only,in_the_wild
/Users/ahooker/Documents/Dissertation/virtushield/final-datasets/in-the-wild-final-small/SAFE/1/frame_9660.jpg,SAFE,UNSAFE,0.8783419132232666,reflection_only,in_the_wild
/Users/ahooker/Documents/Dissertation/virtushield/final-datasets/in-the-wild-final-small/SAFE/1/frame_9740.jpg,SAFE,UNSAFE,0.8143661618232727,reflection_only,in_the_wild
/Users/ahooker/Documents/Dissertation/virtushield/final-datasets/in-the-wild-final-small/SAFE/1/frame_9780.jpg,SAFE,UNSAFE,0.7804919481277466,reflection_only,in_the_wild
/Users/ahooker/Documents/Dissertation/virtushield/final-datasets/in-the-wild-final-small/SAFE/1/frame_980.jpg,SAFE,SAFE,0.3575565814971924,reflection_only,in_the_wild
/Users/ahooker/Documents/Dissertation/virtushield/final-datasets/in-the-wild-final-small/SAFE/1/frame_9800.jpg,SAFE,UNSAFE,0.9136499166488647,reflection_only,in_the_wild
/Users/ahooker/Documents/Dissertation/virtushield/final-datasets/in-the-wild-final-small/SAFE/1/frame_9840.jpg,SAFE,UNSAFE,0.8048020601272583,reflection_only,in_the_wild
/Users/ahooker/Documents/Dissertation/virtushield/final-datasets/in-the-wild-final-small/SAFE/1/frame_9860.jpg,SAFE,UNSAFE,0.771497368812561,reflection_only,in_the_wild
/Users/ahooker/Documents/Dissertation/virtushield/final-datasets/in-the-wild-final-small/SAFE/1/frame_9900.jpg,SAFE,UNSAFE,0.5170373916625977,reflection_only,in_the_wild
/Users/ahooker/Documents/Dissertation/virtushield/final-datasets/in-the-wild-final-small/SAFE/1/frame_9920.jpg,SAFE,UNSAFE,0.9390532970428467,reflection_only,in_the_wild
/Users/ahooker/Documents/Dissertation/virtushield/final-datasets/in-the-wild-final-small/SAFE/1/frame_9940.jpg,SAFE,UNSAFE,0.8354106545448303,reflection_only,in_the_wild
/Users/ahooker/Documents/Dissertation/virtushield/final-datasets/in-the-wild-final-small/SAFE/1/frame_9960.jpg,SAFE,UNSAFE,0.7349064946174622,reflection_only,in_the_wild
/Users/ahooker/Documents/Dissertation/virtushield/final-datasets/in-the-wild-final-small/SAFE/1/frame_9960__1.jpg,SAFE,SAFE,0.3439194858074188,reflection_only,in_the_wild
/Users/ahooker/Documents/Dissertation/virtushield/final-datasets/in-the-wild-final-small/SAFE/1/frame_9980.jpg,SAFE,SAFE,0.16121137142181396,reflection_only,in_the_wild
