image_path,ground_truth,prediction,nsfw_prob,config,dataset
/Users/ahooker/Documents/Dissertation/virtushield/final-datasets/in-the-wild-final-small/UNSAFE/0/frame_100.jpg,UNSAFE,UNSAFE,0.9607642889022827,baseline,in_the_wild
/Users/ahooker/Documents/Dissertation/virtushield/final-datasets/in-the-wild-final-small/UNSAFE/0/frame_1000.jpg,UNSAFE,UNSAFE,0.9151697754859924,baseline,in_the_wild
/Users/ahooker/Documents/Dissertation/virtushield/final-datasets/in-the-wild-final-small/UNSAFE/0/frame_100__1.jpg,UNSAFE,UNSAFE,0.9809836745262146,baseline,in_the_wild
/Users/ahooker/Documents/Dissertation/virtushield/final-datasets/in-the-wild-final-small/UNSAFE/0/frame_101.jpg,UNSAFE,UNSAFE,0.6605159044265747,baseline,in_the_wild
/Users/ahooker/Documents/Dissertation/virtushield/final-datasets/in-the-wild-final-small/UNSAFE/0/frame_1011.jpg,UNSAFE,UNSAFE,0.7786680459976196,baseline,in_the_wild
/Users/ahooker/Documents/Dissertation/virtushield/final-datasets/in-the-wild-final-small/UNSAFE/0/frame_1012.jpg,UNSAFE,UNSAFE,0.7797430157661438,baseline,in_the_wild
/Users/ahooker/Documents/Dissertation/virtushield/final-datasets/in-the-wild-final-small/UNSAFE/0/frame_1013.jpg,UNSAFE,UNSAFE,0.9326046109199524,baseline,in_the_wild
/Users/ahooker/Documents/Dissertation/virtushield/final-datasets/in-the-wild-final-small/UNSAFE/0/frame_1018.jpg,UNSAFE,UNSAFE,0.9459827542304993,baseline,in_the_wild
/Users/ahooker/Documents/Dissertation/virtushield/final-datasets/in-the-wild-final-small/UNSAFE/0/frame_1019.jpg,UNSAFE,UNSAFE,0.9242890477180481,baseline,in_the_wild
/Users/ahooker/Documents/Dissertation/virtushield/final-datasets/in-the-wild-final-small/UNSAFE/0/frame_102.jpg,UNSAFE,UNSAFE,0.7070236206054688,baseline,in_the_wild
/Users/ahooker/Documents/Dissertation/virtushield/final-datasets/in-the-wild-final-small/UNSAFE/0/frame_1022.jpg,UNSAFE,UNSAFE,0.8635636568069458,baseline,in_the_wild
/Users/ahooker/Documents/Dissertation/virtushield/final-datasets/in-the-wild-final-small/UNSAFE/0/frame_102__1.jpg,UNSAFE,UNSAFE,0.6996642351150513,baseline,in_the_wild
/Users/ahooker/Documents/Dissertation/virtushield/final-datasets/in-the-wild-final-small/UNSAFE/0/frame_103.jpg,UNSAFE,UNSAFE,0.8618929982185364,baseline,in_the_wild
/Users/ahooker/Documents/Dissertation/virtushield/final-datasets/in-the-wild-final-small/UNSAFE/0/frame_1030.jpg,UNSAFE,UNSAFE,0.9439592361450195,baseline,in_the_wild
/Users/ahooker/Documents/Dissertation/virtushield/final-datasets/in-the-wild-final-small/UNSAFE/0/frame_1054.jpg,UNSAFE,UNSAFE,0.8933577537536621,baseline,in_the_wild
/Users/ahooker/Documents/Dissertation/virtushield/final-datasets/in-the-wild-final-small/UNSAFE/0/frame_106.jpg,UNSAFE,UNSAFE,0.9103562831878662,baseline,in_the_wild
/Users/ahooker/Documents/Dissertation/virtushield/final-datasets/in-the-wild-final-small/UNSAFE/0/frame_107.jpg,UNSAFE,UNSAFE,0.9893211126327515,baseline,in_the_wild
/Users/ahooker/Documents/Dissertation/virtushield/final-datasets/in-the-wild-final-small/UNSAFE/0/frame_108.jpg,UNSAFE,UNSAFE,0.9325138330459595,baseline,in_the_wild
/Users/ahooker/Documents/Dissertation/virtushield/final-datasets/in-the-wild-final-small/UNSAFE/0/frame_108__1.jpg,UNSAFE,UNSAFE,0.968026876449585,baseline,in_the_wild
/Users/ahooker/Documents/Dissertation/virtushield/final-datasets/in-the-wild-final-small/UNSAFE/0/frame_11.jpg,UNSAFE,UNSAFE,0.9423983097076416,baseline,in_the_wild
/Users/ahooker/Documents/Dissertation/virtushield/final-datasets/in-the-wild-final-small/UNSAFE/0/frame_110.jpg,UNSAFE,UNSAFE,0.9143088459968567,baseline,in_the_wild
/Users/ahooker/Documents/Dissertation/virtushield/final-datasets/in-the-wild-final-small/UNSAFE/0/frame_111.jpg,UNSAFE,UNSAFE,0.949055552482605,baseline,in_the_wild
/Users/ahooker/Documents/Dissertation/virtushield/final-datasets/in-the-wild-final-small/UNSAFE/0/frame_112.jpg,UNSAFE,UNSAFE,0.5794431567192078,baseline,in_the_wild
/Users/ahooker/Documents/Dissertation/virtushield/final-datasets/in-the-wild-final-small/UNSAFE/0/frame_112__1.jpg,UNSAFE,UNSAFE,0.9347411394119263,baseline,in_the_wild
/Users/ahooker/Documents/Dissertation/virtushield/final-datasets/in-the-wild-final-small/UNSAFE/0/frame_113.jpg,UNSAFE,UNSAFE,0.9668729305267334,baseline,in_the_wild
/Users/ahooker/Documents/Dissertation/virtushield/final-datasets/in-the-wild-final-small/UNSAFE/0/frame_113__1.jpg,UNSAFE,UNSAFE,0.9398578405380249,baseline,in_the_wild
/Users/ahooker/Documents/Dissertation/virtushield/final-datasets/in-the-wild-final-small/UNSAFE/0/frame_113__2.jpg,UNSAFE,UNSAFE,0.982466995716095,baseline,in_the_wild
/Users/ahooker/Documents/Dissertation/virtushield/final-datasets/in-the-wild-final-small/UNSAFE/0/frame_115.jpg,UNSAFE,UNSAFE,0.9788604378700256,baseline,in_the_wild
/Users/ahooker/Documents/Dissertation/virtushield/final-datasets/in-the-wild-final-small/UNSAFE/0/frame_115__1.jpg,UNSAFE,UNSAFE,0.8934955596923828,baseline,in_the_wild
/Users/ahooker/Documents/Dissertation/virtushield/final-datasets/in-the-wild-final-small/UNSAFE/0/frame_115__2.jpg,UNSAFE,UNSAFE,0.6669540405273438,baseline,in_the_wild
/Users/ahooker/Documents/Dissertation/virtushield/final-datasets/in-the-wild-final-small/UNSAFE/0/frame_116.jpg,UNSAFE,SAFE,0.4013582468032837,baseline,in_the_wild
/Users/ahooker/Documents/Dissertation/virtushield/final-datasets/in-the-wild-final-small/UNSAFE/0/frame_117.jpg,UNSAFE,UNSAFE,0.5406387448310852,baseline,in_the_wild
/Users/ahooker/Documents/Dissertation/virtushield/final-datasets/in-the-wild-final-small/UNSAFE/0/frame_118.jpg,UNSAFE,UNSAFE,0.9732120633125305,baseline,in_the_wild
/Users/ahooker/Documents/Dissertation/virtushield/final-datasets/in-the-wild-final-small/UNSAFE/0/frame_118__1.jpg,UNSAFE,UNSAFE,0.9629092216491699,baseline,in_the_wild
/Users/ahooker/Documents/Dissertation/virtushield/final-datasets/in-the-wild-final-small/UNSAFE/0/frame_119.jpg,UNSAFE,UNSAFE,0.8278200030326843,baseline,in_the_wild
/Users/ahooker/Documents/Dissertation/virtushield/final-datasets/in-the-wild-final-small/UNSAFE/0/frame_119__1.jpg,UNSAFE,UNSAFE,0.9750867486000061,baseline,in_the_wild
/Users/ahooker/Documents/Dissertation/virtushield/final-datasets/in-the-wild-final-small/UNSAFE/0/frame_119__2.jpg,UNSAFE,UNSAFE,0.8877290487289429,baseline,in_the_wild
/Users/ahooker/Documents/Dissertation/virtushield/final-datasets/in-the-wild-final-small/UNSAFE/0/frame_12.jpg,UNSAFE,UNSAFE,0.8073206543922424,baseline,in_the_wild
/Users/ahooker/Documents/Dissertation/virtushield/final-datasets/in-the-wild-final-small/UNSAFE/0/frame_120.jpg,UNSAFE,UNSAFE,0.9639676809310913,baseline,in_the_wild
/Users/ahooker/Documents/Dissertation/virtushield/final-datasets/in-the-wild-final-small/UNSAFE/0/frame_120__1.jpg,UNSAFE,UNSAFE,0.5590168237686157,baseline,in_the_wild
/Users/ahooker/Documents/Dissertation/virtushield/final-datasets/in-the-wild-final-small/UNSAFE/0/frame_122.jpg,UNSAFE,SAFE,0.457504540681839,baseline,in_the_wild
/Users/ahooker/Documents/Dissertation/virtushield/final-datasets/in-the-wild-final-small/UNSAFE/0/frame_122__1.jpg,UNSAFE,UNSAFE,0.9518629312515259,baseline,in_the_wild
/Users/ahooker/Documents/Dissertation/virtushield/final-datasets/in-the-wild-final-small/UNSAFE/0/frame_122__2.jpg,UNSAFE,UNSAFE,0.9447216987609863,baseline,in_the_wild
/Users/ahooker/Documents/Dissertation/virtushield/final-datasets/in-the-wild-final-small/UNSAFE/0/frame_122__3.jpg,UNSAFE,UNSAFE,0.9617079496383667,baseline,in_the_wild
/Users/ahooker/Documents/Dissertation/virtushield/final-datasets/in-the-wild-final-small/UNSAFE/0/frame_123.jpg,UNSAFE,UNSAFE,0.9404842853546143,baseline,in_the_wild
/Users/ahooker/Documents/Dissertation/virtushield/final-datasets/in-the-wild-final-small/UNSAFE/0/frame_125.jpg,UNSAFE,UNSAFE,0.9717360734939575,baseline,in_the_wild
/Users/ahooker/Documents/Dissertation/virtushield/final-datasets/in-the-wild-final-small/UNSAFE/0/frame_130.jpg,UNSAFE,UNSAFE,0.9800826907157898,baseline,in_the_wild
/Users/ahooker/Documents/Dissertation/virtushield/final-datasets/in-the-wild-final-small/UNSAFE/0/frame_131.jpg,UNSAFE,UNSAFE,0.8734694719314575,baseline,in_the_wild
/Users/ahooker/Documents/Dissertation/virtushield/final-datasets/in-the-wild-final-small/UNSAFE/0/frame_131__1.jpg,UNSAFE,UNSAFE,0.8728551864624023,baseline,in_the_wild
/Users/ahooker/Documents/Dissertation/virtushield/final-datasets/in-the-wild-final-small/UNSAFE/0/frame_131__2.jpg,UNSAFE,UNSAFE,0.8734694719314575,baseline,in_the_wild
/Users/ahooker/Documents/Dissertation/virtushield/final-datasets/in-the-wild-final-small/UNSAFE/0/frame_132.jpg,UNSAFE,UNSAFE,0.7911732792854309,baseline,in_the_wild
/Users/ahooker/Documents/Dissertation/virtushield/final-datasets/in-the-wild-final-small/UNSAFE/0/frame_133.jpg,UNSAFE,UNSAFE,0.9790570735931396,baseline,in_the_wild
/Users/ahooker/Documents/Dissertation/virtushield/final-datasets/in-the-wild-final-small/UNSAFE/0/frame_134.jpg,UNSAFE,UNSAFE,0.8978003263473511,baseline,in_the_wild
/Users/ahooker/Documents/Dissertation/virtushield/final-datasets/in-the-wild-final-small/UNSAFE/0/frame_134__1.jpg,UNSAFE,UNSAFE,0.981063723564148,baseline,in_the_wild
/Users/ahooker/Documents/Dissertation/virtushield/final-datasets/in-the-wild-final-small/UNSAFE/0/frame_134__2.jpg,UNSAFE,UNSAFE,0.7814332842826843,baseline,in_the_wild
/Users/ahooker/Documents/Dissertation/virtushield/final-datasets/in-the-wild-final-small/UNSAFE/0/frame_135.jpg,UNSAFE,UNSAFE,0.8913000822067261,baseline,in_the_wild
/Users/ahooker/Documents/Dissertation/virtushield/final-datasets/in-the-wild-final-small/UNSAFE/0/frame_137.jpg,UNSAFE,UNSAFE,0.9495334625244141,baseline,in_the_wild
/Users/ahooker/Documents/Dissertation/virtushield/final-datasets/in-the-wild-final-small/UNSAFE/0/frame_138.jpg,UNSAFE,UNSAFE,0.9523165822029114,baseline,in_the_wild
/Users/ahooker/Documents/Dissertation/virtushield/final-datasets/in-the-wild-final-small/UNSAFE/0/frame_138__1.jpg,UNSAFE,UNSAFE,0.9523165822029114,baseline,in_the_wild
/Users/ahooker/Documents/Dissertation/virtushield/final-datasets/in-the-wild-final-small/UNSAFE/0/frame_139.jpg,UNSAFE,UNSAFE,0.8283158540725708,baseline,in_the_wild
/Users/ahooker/Documents/Dissertation/virtushield/final-datasets/in-the-wild-final-small/UNSAFE/0/frame_139__1.jpg,UNSAFE,UNSAFE,0.9722464084625244,baseline,in_the_wild
/Users/ahooker/Documents/Dissertation/virtushield/final-datasets/in-the-wild-final-small/UNSAFE/0/frame_140.jpg,UNSAFE,UNSAFE,0.9842526316642761,baseline,in_the_wild
/Users/ahooker/Documents/Dissertation/virtushield/final-datasets/in-the-wild-final-small/UNSAFE/0/frame_140__1.jpg,UNSAFE,UNSAFE,0.991071879863739,baseline,in_the_wild
/Users/ahooker/Documents/Dissertation/virtushield/final-datasets/in-the-wild-final-small/UNSAFE/0/frame_141.jpg,UNSAFE,UNSAFE,0.8395642042160034,baseline,in_the_wild
/Users/ahooker/Documents/Dissertation/virtushield/final-datasets/in-the-wild-final-small/UNSAFE/0/frame_142.jpg,UNSAFE,UNSAFE,0.8828652501106262,baseline,in_the_wild
/Users/ahooker/Documents/Dissertation/virtushield/final-datasets/in-the-wild-final-small/UNSAFE/0/frame_143.jpg,UNSAFE,UNSAFE,0.8540619015693665,baseline,in_the_wild
/Users/ahooker/Documents/Dissertation/virtushield/final-datasets/in-the-wild-final-small/UNSAFE/0/frame_143__1.jpg,UNSAFE,UNSAFE,0.982062041759491,baseline,in_the_wild
/Users/ahooker/Documents/Dissertation/virtushield/final-datasets/in-the-wild-final-small/UNSAFE/0/frame_144.jpg,UNSAFE,UNSAFE,0.9524713158607483,baseline,in_the_wild
/Users/ahooker/Documents/Dissertation/virtushield/final-datasets/in-the-wild-final-small/UNSAFE/0/frame_145.jpg,UNSAFE,UNSAFE,0.8184685707092285,baseline,in_the_wild
/Users/ahooker/Documents/Dissertation/virtushield/final-datasets/in-the-wild-final-small/UNSAFE/0/frame_149.jpg,UNSAFE,UNSAFE,0.8962407112121582,baseline,in_the_wild
/Users/ahooker/Documents/Dissertation/virtushield/final-datasets/in-the-wild-final-small/UNSAFE/0/frame_150.jpg,UNSAFE,UNSAFE,0.9105826616287231,baseline,in_the_wild
/Users/ahooker/Documents/Dissertation/virtushield/final-datasets/in-the-wild-final-small/UNSAFE/0/frame_151.jpg,UNSAFE,UNSAFE,0.9532809257507324,baseline,in_the_wild
/Users/ahooker/Documents/Dissertation/virtushield/final-datasets/in-the-wild-final-small/UNSAFE/0/frame_151__1.jpg,UNSAFE,UNSAFE,0.9834829568862915,baseline,in_the_wild
/Users/ahooker/Documents/Dissertation/virtushield/final-datasets/in-the-wild-final-small/UNSAFE/0/frame_152.jpg,UNSAFE,UNSAFE,0.9873731732368469,baseline,in_the_wild
/Users/ahooker/Documents/Dissertation/virtushield/final-datasets/in-the-wild-final-small/UNSAFE/0/frame_153.jpg,UNSAFE,UNSAFE,0.9855424165725708,baseline,in_the_wild
/Users/ahooker/Documents/Dissertation/virtushield/final-datasets/in-the-wild-final-small/UNSAFE/0/frame_153__1.jpg,UNSAFE,UNSAFE,0.989015519618988,baseline,in_the_wild
/Users/ahooker/Documents/Dissertation/virtushield/final-datasets/in-the-wild-final-small/UNSAFE/0/frame_155.jpg,UNSAFE,UNSAFE,0.8372673392295837,baseline,in_the_wild
/Users/ahooker/Documents/Dissertation/virtushield/final-datasets/in-the-wild-final-small/UNSAFE/0/frame_156.jpg,UNSAFE,UNSAFE,0.9901600480079651,baseline,in_the_wild
/Users/ahooker/Documents/Dissertation/virtushield/final-datasets/in-the-wild-final-small/UNSAFE/0/frame_156__1.jpg,UNSAFE,UNSAFE,0.7873349189758301,baseline,in_the_wild
/Users/ahooker/Documents/Dissertation/virtushield/final-datasets/in-the-wild-final-small/UNSAFE/0/frame_156__2.jpg,UNSAFE,UNSAFE,0.9814695119857788,baseline,in_the_wild
/Users/ahooker/Documents/Dissertation/virtushield/final-datasets/in-the-wild-final-small/UNSAFE/0/frame_161.jpg,UNSAFE,UNSAFE,0.8049436807632446,baseline,in_the_wild
/Users/ahooker/Documents/Dissertation/virtushield/final-datasets/in-the-wild-final-small/UNSAFE/0/frame_161__1.jpg,UNSAFE,UNSAFE,0.9546558856964111,baseline,in_the_wild
/Users/ahooker/Documents/Dissertation/virtushield/final-datasets/in-the-wild-final-small/UNSAFE/0/frame_162.jpg,UNSAFE,UNSAFE,0.9873702526092529,baseline,in_the_wild
/Users/ahooker/Documents/Dissertation/virtushield/final-datasets/in-the-wild-final-small/UNSAFE/0/frame_162__1.jpg,UNSAFE,UNSAFE,0.9243686199188232,baseline,in_the_wild
/Users/ahooker/Documents/Dissertation/virtushield/final-datasets/in-the-wild-final-small/UNSAFE/0/frame_163.jpg,UNSAFE,UNSAFE,0.8065385222434998,baseline,in_the_wild
/Users/ahooker/Documents/Dissertation/virtushield/final-datasets/in-the-wild-final-small/UNSAFE/0/frame_163__1.jpg,UNSAFE,UNSAFE,0.9888112545013428,baseline,in_the_wild
/Users/ahooker/Documents/Dissertation/virtushield/final-datasets/in-the-wild-final-small/UNSAFE/0/frame_164.jpg,UNSAFE,UNSAFE,0.9949520826339722,baseline,in_the_wild
/Users/ahooker/Documents/Dissertation/virtushield/final-datasets/in-the-wild-final-small/UNSAFE/0/frame_166.jpg,UNSAFE,UNSAFE,0.9918679594993591,baseline,in_the_wild
/Users/ahooker/Documents/Dissertation/virtushield/final-datasets/in-the-wild-final-small/UNSAFE/0/frame_166__1.jpg,UNSAFE,UNSAFE,0.9584270715713501,baseline,in_the_wild
/Users/ahooker/Documents/Dissertation/virtushield/final-datasets/in-the-wild-final-small/UNSAFE/0/frame_166__2.jpg,UNSAFE,UNSAFE,0.8916271924972534,baseline,in_the_wild
/Users/ahooker/Documents/Dissertation/virtushield/final-datasets/in-the-wild-final-small/UNSAFE/0/frame_167.jpg,UNSAFE,UNSAFE,0.9717434048652649,baseline,in_the_wild
/Users/ahooker/Documents/Dissertation/virtushield/final-datasets/in-the-wild-final-small/UNSAFE/0/frame_167__1.jpg,UNSAFE,UNSAFE,0.7827555537223816,baseline,in_the_wild
/Users/ahooker/Documents/Dissertation/virtushield/final-datasets/in-the-wild-final-small/UNSAFE/0/frame_168.jpg,UNSAFE,UNSAFE,0.957038402557373,baseline,in_the_wild
/Users/ahooker/Documents/Dissertation/virtushield/final-datasets/in-the-wild-final-small/UNSAFE/0/frame_168__1.jpg,UNSAFE,UNSAFE,0.9928867220878601,baseline,in_the_wild
/Users/ahooker/Documents/Dissertation/virtushield/final-datasets/in-the-wild-final-small/UNSAFE/0/frame_170.jpg,UNSAFE,UNSAFE,0.9408669471740723,baseline,in_the_wild
/Users/ahooker/Documents/Dissertation/virtushield/final-datasets/in-the-wild-final-small/UNSAFE/0/frame_173.jpg,UNSAFE,UNSAFE,0.981120765209198,baseline,in_the_wild
/Users/ahooker/Documents/Dissertation/virtushield/final-datasets/in-the-wild-final-small/UNSAFE/0/frame_174.jpg,UNSAFE,UNSAFE,0.9808911085128784,baseline,in_the_wild
/Users/ahooker/Documents/Dissertation/virtushield/final-datasets/in-the-wild-final-small/UNSAFE/0/frame_175.jpg,UNSAFE,UNSAFE,0.9942521452903748,baseline,in_the_wild
/Users/ahooker/Documents/Dissertation/virtushield/final-datasets/in-the-wild-final-small/UNSAFE/0/frame_175__1.jpg,UNSAFE,UNSAFE,0.8116647005081177,baseline,in_the_wild
/Users/ahooker/Documents/Dissertation/virtushield/final-datasets/in-the-wild-final-small/UNSAFE/0/frame_177.jpg,UNSAFE,UNSAFE,0.9909895062446594,baseline,in_the_wild
/Users/ahooker/Documents/Dissertation/virtushield/final-datasets/in-the-wild-final-small/UNSAFE/0/frame_178.jpg,UNSAFE,UNSAFE,0.7625522017478943,baseline,in_the_wild
/Users/ahooker/Documents/Dissertation/virtushield/final-datasets/in-the-wild-final-small/UNSAFE/0/frame_179.jpg,UNSAFE,UNSAFE,0.9831067323684692,baseline,in_the_wild
/Users/ahooker/Documents/Dissertation/virtushield/final-datasets/in-the-wild-final-small/UNSAFE/0/frame_18.jpg,UNSAFE,UNSAFE,0.5679337978363037,baseline,in_the_wild
/Users/ahooker/Documents/Dissertation/virtushield/final-datasets/in-the-wild-final-small/UNSAFE/0/frame_180.jpg,UNSAFE,UNSAFE,0.9305742979049683,baseline,in_the_wild
/Users/ahooker/Documents/Dissertation/virtushield/final-datasets/in-the-wild-final-small/UNSAFE/0/frame_180__1.jpg,UNSAFE,UNSAFE,0.9517228603363037,baseline,in_the_wild
/Users/ahooker/Documents/Dissertation/virtushield/final-datasets/in-the-wild-final-small/UNSAFE/0/frame_181.jpg,UNSAFE,UNSAFE,0.892264723777771,baseline,in_the_wild
/Users/ahooker/Documents/Dissertation/virtushield/final-datasets/in-the-wild-final-small/UNSAFE/0/frame_181__1.jpg,UNSAFE,UNSAFE,0.892264723777771,baseline,in_the_wild
/Users/ahooker/Documents/Dissertation/virtushield/final-datasets/in-the-wild-final-small/UNSAFE/0/frame_183.jpg,UNSAFE,UNSAFE,0.9763339757919312,baseline,in_the_wild
/Users/ahooker/Documents/Dissertation/virtushield/final-datasets/in-the-wild-final-small/UNSAFE/0/frame_184.jpg,UNSAFE,UNSAFE,0.8980157971382141,baseline,in_the_wild
/Users/ahooker/Documents/Dissertation/virtushield/final-datasets/in-the-wild-final-small/UNSAFE/0/frame_185.jpg,UNSAFE,UNSAFE,0.936479389667511,baseline,in_the_wild
/Users/ahooker/Documents/Dissertation/virtushield/final-datasets/in-the-wild-final-small/UNSAFE/0/frame_186.jpg,UNSAFE,UNSAFE,0.9591817259788513,baseline,in_the_wild
/Users/ahooker/Documents/Dissertation/virtushield/final-datasets/in-the-wild-final-small/UNSAFE/0/frame_187.jpg,UNSAFE,UNSAFE,0.9349498152732849,baseline,in_the_wild
/Users/ahooker/Documents/Dissertation/virtushield/final-datasets/in-the-wild-final-small/UNSAFE/0/frame_187__1.jpg,UNSAFE,UNSAFE,0.9075517654418945,baseline,in_the_wild
/Users/ahooker/Documents/Dissertation/virtushield/final-datasets/in-the-wild-final-small/UNSAFE/0/frame_188.jpg,UNSAFE,UNSAFE,0.848749041557312,baseline,in_the_wild
/Users/ahooker/Documents/Dissertation/virtushield/final-datasets/in-the-wild-final-small/UNSAFE/0/frame_189.jpg,UNSAFE,UNSAFE,0.8783227801322937,baseline,in_the_wild
/Users/ahooker/Documents/Dissertation/virtushield/final-datasets/in-the-wild-final-small/UNSAFE/0/frame_190.jpg,UNSAFE,UNSAFE,0.8016705513000488,baseline,in_the_wild
/Users/ahooker/Documents/Dissertation/virtushield/final-datasets/in-the-wild-final-small/UNSAFE/0/frame_191.jpg,UNSAFE,UNSAFE,0.9576200246810913,baseline,in_the_wild
/Users/ahooker/Documents/Dissertation/virtushield/final-datasets/in-the-wild-final-small/UNSAFE/0/frame_191__1.jpg,UNSAFE,UNSAFE,0.9775811433792114,baseline,in_the_wild
/Users/ahooker/Documents/Dissertation/virtushield/final-datasets/in-the-wild-final-small/UNSAFE/0/frame_192.jpg,UNSAFE,UNSAFE,0.7337373495101929,baseline,in_the_wild
/Users/ahooker/Documents/Dissertation/virtushield/final-datasets/in-the-wild-final-small/UNSAFE/0/frame_192__1.jpg,UNSAFE,UNSAFE,0.9432709813117981,baseline,in_the_wild
/Users/ahooker/Documents/Dissertation/virtushield/final-datasets/in-the-wild-final-small/UNSAFE/0/frame_192__2.jpg,UNSAFE,UNSAFE,0.8565061688423157,baseline,in_the_wild
/Users/ahooker/Documents/Dissertation/virtushield/final-datasets/in-the-wild-final-small/UNSAFE/0/frame_193.jpg,UNSAFE,UNSAFE,0.9523695111274719,baseline,in_the_wild
/Users/ahooker/Documents/Dissertation/virtushield/final-datasets/in-the-wild-final-small/UNSAFE/0/frame_193__1.jpg,UNSAFE,UNSAFE,0.9648722410202026,baseline,in_the_wild
/Users/ahooker/Documents/Dissertation/virtushield/final-datasets/in-the-wild-final-small/UNSAFE/0/frame_194.jpg,UNSAFE,UNSAFE,0.9610304236412048,baseline,in_the_wild
/Users/ahooker/Documents/Dissertation/virtushield/final-datasets/in-the-wild-final-small/UNSAFE/0/frame_194__1.jpg,UNSAFE,UNSAFE,0.9610304236412048,baseline,in_the_wild
/Users/ahooker/Documents/Dissertation/virtushield/final-datasets/in-the-wild-final-small/UNSAFE/0/frame_194__2.jpg,UNSAFE,UNSAFE,0.9707651734352112,baseline,in_the_wild
/Users/ahooker/Documents/Dissertation/virtushield/final-datasets/in-the-wild-final-small/UNSAFE/0/frame_195.jpg,UNSAFE,UNSAFE,0.8626495599746704,baseline,in_the_wild
/Users/ahooker/Documents/Dissertation/virtushield/final-datasets/in-the-wild-final-small/UNSAFE/0/frame_197.jpg,UNSAFE,UNSAFE,0.7657743692398071,baseline,in_the_wild
/Users/ahooker/Documents/Dissertation/virtushield/final-datasets/in-the-wild-final-small/UNSAFE/0/frame_197__1.jpg,UNSAFE,UNSAFE,0.9662943482398987,baseline,in_the_wild
/Users/ahooker/Documents/Dissertation/virtushield/final-datasets/in-the-wild-final-small/UNSAFE/0/frame_198.jpg,UNSAFE,UNSAFE,0.986630380153656,baseline,in_the_wild
/Users/ahooker/Documents/Dissertation/virtushield/final-datasets/in-the-wild-final-small/UNSAFE/0/frame_199.jpg,UNSAFE,UNSAFE,0.975135862827301,baseline,in_the_wild
/Users/ahooker/Documents/Dissertation/virtushield/final-datasets/in-the-wild-final-small/UNSAFE/0/frame_200.jpg,UNSAFE,UNSAFE,0.8547125458717346,baseline,in_the_wild
/Users/ahooker/Documents/Dissertation/virtushield/final-datasets/in-the-wild-final-small/UNSAFE/0/frame_201.jpg,UNSAFE,UNSAFE,0.9677525758743286,baseline,in_the_wild
/Users/ahooker/Documents/Dissertation/virtushield/final-datasets/in-the-wild-final-small/UNSAFE/0/frame_201__1.jpg,UNSAFE,UNSAFE,0.9142783284187317,baseline,in_the_wild
/Users/ahooker/Documents/Dissertation/virtushield/final-datasets/in-the-wild-final-small/UNSAFE/0/frame_205.jpg,UNSAFE,UNSAFE,0.9064262509346008,baseline,in_the_wild
/Users/ahooker/Documents/Dissertation/virtushield/final-datasets/in-the-wild-final-small/UNSAFE/0/frame_206.jpg,UNSAFE,UNSAFE,0.9359267950057983,baseline,in_the_wild
/Users/ahooker/Documents/Dissertation/virtushield/final-datasets/in-the-wild-final-small/UNSAFE/0/frame_207.jpg,UNSAFE,UNSAFE,0.9807722568511963,baseline,in_the_wild
/Users/ahooker/Documents/Dissertation/virtushield/final-datasets/in-the-wild-final-small/UNSAFE/0/frame_210.jpg,UNSAFE,UNSAFE,0.9706715941429138,baseline,in_the_wild
/Users/ahooker/Documents/Dissertation/virtushield/final-datasets/in-the-wild-final-small/UNSAFE/0/frame_216.jpg,UNSAFE,UNSAFE,0.8628869652748108,baseline,in_the_wild
/Users/ahooker/Documents/Dissertation/virtushield/final-datasets/in-the-wild-final-small/UNSAFE/0/frame_216__1.jpg,UNSAFE,UNSAFE,0.8628869652748108,baseline,in_the_wild
/Users/ahooker/Documents/Dissertation/virtushield/final-datasets/in-the-wild-final-small/UNSAFE/0/frame_216__2.jpg,UNSAFE,UNSAFE,0.9694855213165283,baseline,in_the_wild
/Users/ahooker/Documents/Dissertation/virtushield/final-datasets/in-the-wild-final-small/UNSAFE/0/frame_217.jpg,UNSAFE,UNSAFE,0.8735082149505615,baseline,in_the_wild
/Users/ahooker/Documents/Dissertation/virtushield/final-datasets/in-the-wild-final-small/UNSAFE/0/frame_217__1.jpg,UNSAFE,UNSAFE,0.970524251461029,baseline,in_the_wild
/Users/ahooker/Documents/Dissertation/virtushield/final-datasets/in-the-wild-final-small/UNSAFE/0/frame_218.jpg,UNSAFE,UNSAFE,0.896104097366333,baseline,in_the_wild
/Users/ahooker/Documents/Dissertation/virtushield/final-datasets/in-the-wild-final-small/UNSAFE/0/frame_218__1.jpg,UNSAFE,UNSAFE,0.7637667655944824,baseline,in_the_wild
/Users/ahooker/Documents/Dissertation/virtushield/final-datasets/in-the-wild-final-small/UNSAFE/0/frame_220.jpg,UNSAFE,UNSAFE,0.9306645393371582,baseline,in_the_wild
/Users/ahooker/Documents/Dissertation/virtushield/final-datasets/in-the-wild-final-small/UNSAFE/0/frame_221.jpg,UNSAFE,UNSAFE,0.9263726472854614,baseline,in_the_wild
/Users/ahooker/Documents/Dissertation/virtushield/final-datasets/in-the-wild-final-small/UNSAFE/0/frame_222.jpg,UNSAFE,UNSAFE,0.9561650156974792,baseline,in_the_wild
/Users/ahooker/Documents/Dissertation/virtushield/final-datasets/in-the-wild-final-small/UNSAFE/0/frame_223.jpg,UNSAFE,UNSAFE,0.9456294775009155,baseline,in_the_wild
/Users/ahooker/Documents/Dissertation/virtushield/final-datasets/in-the-wild-final-small/UNSAFE/0/frame_223__1.jpg,UNSAFE,UNSAFE,0.9625078439712524,baseline,in_the_wild
/Users/ahooker/Documents/Dissertation/virtushield/final-datasets/in-the-wild-final-small/UNSAFE/0/frame_224.jpg,UNSAFE,UNSAFE,0.9495608806610107,baseline,in_the_wild
/Users/ahooker/Documents/Dissertation/virtushield/final-datasets/in-the-wild-final-small/UNSAFE/0/frame_225.jpg,UNSAFE,UNSAFE,0.9781423211097717,baseline,in_the_wild
/Users/ahooker/Documents/Dissertation/virtushield/final-datasets/in-the-wild-final-small/UNSAFE/0/frame_225__1.jpg,UNSAFE,UNSAFE,0.9781423211097717,baseline,in_the_wild
/Users/ahooker/Documents/Dissertation/virtushield/final-datasets/in-the-wild-final-small/UNSAFE/0/frame_226.jpg,UNSAFE,UNSAFE,0.9415702819824219,baseline,in_the_wild
/Users/ahooker/Documents/Dissertation/virtushield/final-datasets/in-the-wild-final-small/UNSAFE/0/frame_23.jpg,UNSAFE,UNSAFE,0.9179913997650146,baseline,in_the_wild
/Users/ahooker/Documents/Dissertation/virtushield/final-datasets/in-the-wild-final-small/UNSAFE/0/frame_230.jpg,UNSAFE,UNSAFE,0.9847638010978699,baseline,in_the_wild
/Users/ahooker/Documents/Dissertation/virtushield/final-datasets/in-the-wild-final-small/UNSAFE/0/frame_230__1.jpg,UNSAFE,UNSAFE,0.9255667924880981,baseline,in_the_wild
/Users/ahooker/Documents/Dissertation/virtushield/final-datasets/in-the-wild-final-small/UNSAFE/0/frame_231.jpg,UNSAFE,UNSAFE,0.8117856383323669,baseline,in_the_wild
/Users/ahooker/Documents/Dissertation/virtushield/final-datasets/in-the-wild-final-small/UNSAFE/0/frame_233.jpg,UNSAFE,UNSAFE,0.9492722749710083,baseline,in_the_wild
/Users/ahooker/Documents/Dissertation/virtushield/final-datasets/in-the-wild-final-small/UNSAFE/0/frame_233__1.jpg,UNSAFE,UNSAFE,0.8946685194969177,baseline,in_the_wild
/Users/ahooker/Documents/Dissertation/virtushield/final-datasets/in-the-wild-final-small/UNSAFE/0/frame_234.jpg,UNSAFE,UNSAFE,0.9415112137794495,baseline,in_the_wild
/Users/ahooker/Documents/Dissertation/virtushield/final-datasets/in-the-wild-final-small/UNSAFE/0/frame_235.jpg,UNSAFE,UNSAFE,0.9006832242012024,baseline,in_the_wild
/Users/ahooker/Documents/Dissertation/virtushield/final-datasets/in-the-wild-final-small/UNSAFE/0/frame_236.jpg,UNSAFE,UNSAFE,0.9853341579437256,baseline,in_the_wild
/Users/ahooker/Documents/Dissertation/virtushield/final-datasets/in-the-wild-final-small/UNSAFE/0/frame_236__1.jpg,UNSAFE,UNSAFE,0.9696006774902344,baseline,in_the_wild
/Users/ahooker/Documents/Dissertation/virtushield/final-datasets/in-the-wild-final-small/UNSAFE/0/frame_237.jpg,UNSAFE,UNSAFE,0.8089410066604614,baseline,in_the_wild
/Users/ahooker/Documents/Dissertation/virtushield/final-datasets/in-the-wild-final-small/UNSAFE/0/frame_237__1.jpg,UNSAFE,UNSAFE,0.989930272102356,baseline,in_the_wild
/Users/ahooker/Documents/Dissertation/virtushield/final-datasets/in-the-wild-final-small/UNSAFE/0/frame_239.jpg,UNSAFE,UNSAFE,0.8703392148017883,baseline,in_the_wild
/Users/ahooker/Documents/Dissertation/virtushield/final-datasets/in-the-wild-final-small/UNSAFE/0/frame_24.jpg,UNSAFE,UNSAFE,0.8749976754188538,baseline,in_the_wild
/Users/ahooker/Documents/Dissertation/virtushield/final-datasets/in-the-wild-final-small/UNSAFE/0/frame_240.jpg,UNSAFE,UNSAFE,0.8857417106628418,baseline,in_the_wild
/Users/ahooker/Documents/Dissertation/virtushield/final-datasets/in-the-wild-final-small/UNSAFE/0/frame_240__1.jpg,UNSAFE,UNSAFE,0.9860804677009583,baseline,in_the_wild
/Users/ahooker/Documents/Dissertation/virtushield/final-datasets/in-the-wild-final-small/UNSAFE/0/frame_240__2.jpg,UNSAFE,UNSAFE,0.9713994264602661,baseline,in_the_wild
/Users/ahooker/Documents/Dissertation/virtushield/final-datasets/in-the-wild-final-small/UNSAFE/0/frame_242.jpg,UNSAFE,UNSAFE,0.9835388660430908,baseline,in_the_wild
/Users/ahooker/Documents/Dissertation/virtushield/final-datasets/in-the-wild-final-small/UNSAFE/0/frame_244.jpg,UNSAFE,UNSAFE,0.9760673642158508,baseline,in_the_wild
/Users/ahooker/Documents/Dissertation/virtushield/final-datasets/in-the-wild-final-small/UNSAFE/0/frame_245.jpg,UNSAFE,UNSAFE,0.7687036991119385,baseline,in_the_wild
/Users/ahooker/Documents/Dissertation/virtushield/final-datasets/in-the-wild-final-small/UNSAFE/0/frame_245__1.jpg,UNSAFE,UNSAFE,0.9596412181854248,baseline,in_the_wild
/Users/ahooker/Documents/Dissertation/virtushield/final-datasets/in-the-wild-final-small/UNSAFE/0/frame_245__2.jpg,UNSAFE,UNSAFE,0.9596412181854248,baseline,in_the_wild
/Users/ahooker/Documents/Dissertation/virtushield/final-datasets/in-the-wild-final-small/UNSAFE/0/frame_245__3.jpg,UNSAFE,UNSAFE,0.9726871848106384,baseline,in_the_wild
/Users/ahooker/Documents/Dissertation/virtushield/final-datasets/in-the-wild-final-small/UNSAFE/0/frame_246.jpg,UNSAFE,UNSAFE,0.9717687368392944,baseline,in_the_wild
/Users/ahooker/Documents/Dissertation/virtushield/final-datasets/in-the-wild-final-small/UNSAFE/0/frame_246__1.jpg,UNSAFE,UNSAFE,0.9685829281806946,baseline,in_the_wild
/Users/ahooker/Documents/Dissertation/virtushield/final-datasets/in-the-wild-final-small/UNSAFE/0/frame_247.jpg,UNSAFE,UNSAFE,0.9815247058868408,baseline,in_the_wild
/Users/ahooker/Documents/Dissertation/virtushield/final-datasets/in-the-wild-final-small/UNSAFE/0/frame_248.jpg,UNSAFE,UNSAFE,0.9676777720451355,baseline,in_the_wild
/Users/ahooker/Documents/Dissertation/virtushield/final-datasets/in-the-wild-final-small/UNSAFE/0/frame_249.jpg,UNSAFE,UNSAFE,0.9089184999465942,baseline,in_the_wild
/Users/ahooker/Documents/Dissertation/virtushield/final-datasets/in-the-wild-final-small/UNSAFE/0/frame_25.jpg,UNSAFE,UNSAFE,0.6355432868003845,baseline,in_the_wild
/Users/ahooker/Documents/Dissertation/virtushield/final-datasets/in-the-wild-final-small/UNSAFE/0/frame_250.jpg,UNSAFE,UNSAFE,0.9855602383613586,baseline,in_the_wild
/Users/ahooker/Documents/Dissertation/virtushield/final-datasets/in-the-wild-final-small/UNSAFE/0/frame_250__1.jpg,UNSAFE,UNSAFE,0.9159199595451355,baseline,in_the_wild
/Users/ahooker/Documents/Dissertation/virtushield/final-datasets/in-the-wild-final-small/UNSAFE/0/frame_251.jpg,UNSAFE,UNSAFE,0.9328595399856567,baseline,in_the_wild
/Users/ahooker/Documents/Dissertation/virtushield/final-datasets/in-the-wild-final-small/UNSAFE/0/frame_251__1.jpg,UNSAFE,UNSAFE,0.9103911519050598,baseline,in_the_wild
/Users/ahooker/Documents/Dissertation/virtushield/final-datasets/in-the-wild-final-small/UNSAFE/0/frame_251__2.jpg,UNSAFE,UNSAFE,0.9103911519050598,baseline,in_the_wild
/Users/ahooker/Documents/Dissertation/virtushield/final-datasets/in-the-wild-final-small/UNSAFE/0/frame_252.jpg,UNSAFE,UNSAFE,0.9552744626998901,baseline,in_the_wild
/Users/ahooker/Documents/Dissertation/virtushield/final-datasets/in-the-wild-final-small/UNSAFE/0/frame_252__1.jpg,UNSAFE,UNSAFE,0.9552744626998901,baseline,in_the_wild
/Users/ahooker/Documents/Dissertation/virtushield/final-datasets/in-the-wild-final-small/UNSAFE/0/frame_253.jpg,UNSAFE,UNSAFE,0.9237847924232483,baseline,in_the_wild
/Users/ahooker/Documents/Dissertation/virtushield/final-datasets/in-the-wild-final-small/UNSAFE/0/frame_255.jpg,UNSAFE,UNSAFE,0.9110525846481323,baseline,in_the_wild
/Users/ahooker/Documents/Dissertation/virtushield/final-datasets/in-the-wild-final-small/UNSAFE/0/frame_256.jpg,UNSAFE,UNSAFE,0.9241605401039124,baseline,in_the_wild
/Users/ahooker/Documents/Dissertation/virtushield/final-datasets/in-the-wild-final-small/UNSAFE/0/frame_258.jpg,UNSAFE,UNSAFE,0.8562211394309998,baseline,in_the_wild
/Users/ahooker/Documents/Dissertation/virtushield/final-datasets/in-the-wild-final-small/UNSAFE/0/frame_258__1.jpg,UNSAFE,UNSAFE,0.9266922473907471,baseline,in_the_wild
/Users/ahooker/Documents/Dissertation/virtushield/final-datasets/in-the-wild-final-small/UNSAFE/0/frame_259.jpg,UNSAFE,UNSAFE,0.9170496463775635,baseline,in_the_wild
/Users/ahooker/Documents/Dissertation/virtushield/final-datasets/in-the-wild-final-small/UNSAFE/0/frame_259__1.jpg,UNSAFE,UNSAFE,0.957179069519043,baseline,in_the_wild
/Users/ahooker/Documents/Dissertation/virtushield/final-datasets/in-the-wild-final-small/UNSAFE/0/frame_25__1.jpg,UNSAFE,UNSAFE,0.9288619756698608,baseline,in_the_wild
/Users/ahooker/Documents/Dissertation/virtushield/final-datasets/in-the-wild-final-small/UNSAFE/0/frame_260.jpg,UNSAFE,UNSAFE,0.954651951789856,baseline,in_the_wild
/Users/ahooker/Documents/Dissertation/virtushield/final-datasets/in-the-wild-final-small/UNSAFE/0/frame_260__1.jpg,UNSAFE,UNSAFE,0.959923267364502,baseline,in_the_wild
/Users/ahooker/Documents/Dissertation/virtushield/final-datasets/in-the-wild-final-small/UNSAFE/0/frame_262.jpg,UNSAFE,UNSAFE,0.9865326881408691,baseline,in_the_wild
/Users/ahooker/Documents/Dissertation/virtushield/final-datasets/in-the-wild-final-small/UNSAFE/0/frame_262__1.jpg,UNSAFE,UNSAFE,0.9669287800788879,baseline,in_the_wild
/Users/ahooker/Documents/Dissertation/virtushield/final-datasets/in-the-wild-final-small/UNSAFE/0/frame_264.jpg,UNSAFE,UNSAFE,0.9765501618385315,baseline,in_the_wild
/Users/ahooker/Documents/Dissertation/virtushield/final-datasets/in-the-wild-final-small/UNSAFE/0/frame_265.jpg,UNSAFE,UNSAFE,0.9815929532051086,baseline,in_the_wild
/Users/ahooker/Documents/Dissertation/virtushield/final-datasets/in-the-wild-final-small/UNSAFE/0/frame_265__1.jpg,UNSAFE,UNSAFE,0.9815929532051086,baseline,in_the_wild
/Users/ahooker/Documents/Dissertation/virtushield/final-datasets/in-the-wild-final-small/UNSAFE/0/frame_267.jpg,UNSAFE,UNSAFE,0.8857578039169312,baseline,in_the_wild
/Users/ahooker/Documents/Dissertation/virtushield/final-datasets/in-the-wild-final-small/UNSAFE/0/frame_268.jpg,UNSAFE,UNSAFE,0.9379346370697021,baseline,in_the_wild
/Users/ahooker/Documents/Dissertation/virtushield/final-datasets/in-the-wild-final-small/UNSAFE/0/frame_268__1.jpg,UNSAFE,UNSAFE,0.9645929932594299,baseline,in_the_wild
/Users/ahooker/Documents/Dissertation/virtushield/final-datasets/in-the-wild-final-small/UNSAFE/0/frame_269.jpg,UNSAFE,UNSAFE,0.9386322498321533,baseline,in_the_wild
/Users/ahooker/Documents/Dissertation/virtushield/final-datasets/in-the-wild-final-small/UNSAFE/0/frame_269__1.jpg,UNSAFE,UNSAFE,0.9570817351341248,baseline,in_the_wild
/Users/ahooker/Documents/Dissertation/virtushield/final-datasets/in-the-wild-final-small/UNSAFE/0/frame_269__2.jpg,UNSAFE,UNSAFE,0.6556766629219055,baseline,in_the_wild
/Users/ahooker/Documents/Dissertation/virtushield/final-datasets/in-the-wild-final-small/UNSAFE/0/frame_269__3.jpg,UNSAFE,UNSAFE,0.9699714779853821,baseline,in_the_wild
/Users/ahooker/Documents/Dissertation/virtushield/final-datasets/in-the-wild-final-small/UNSAFE/0/frame_270.jpg,UNSAFE,UNSAFE,0.8930220603942871,baseline,in_the_wild
/Users/ahooker/Documents/Dissertation/virtushield/final-datasets/in-the-wild-final-small/UNSAFE/0/frame_270__1.jpg,UNSAFE,UNSAFE,0.9702571034431458,baseline,in_the_wild
/Users/ahooker/Documents/Dissertation/virtushield/final-datasets/in-the-wild-final-small/UNSAFE/0/frame_270__2.jpg,UNSAFE,UNSAFE,0.8925584554672241,baseline,in_the_wild
/Users/ahooker/Documents/Dissertation/virtushield/final-datasets/in-the-wild-final-small/UNSAFE/0/frame_271.jpg,UNSAFE,UNSAFE,0.926384687423706,baseline,in_the_wild
/Users/ahooker/Documents/Dissertation/virtushield/final-datasets/in-the-wild-final-small/UNSAFE/0/frame_275.jpg,UNSAFE,UNSAFE,0.8158923983573914,baseline,in_the_wild
/Users/ahooker/Documents/Dissertation/virtushield/final-datasets/in-the-wild-final-small/UNSAFE/0/frame_276.jpg,UNSAFE,UNSAFE,0.8844258785247803,baseline,in_the_wild
/Users/ahooker/Documents/Dissertation/virtushield/final-datasets/in-the-wild-final-small/UNSAFE/0/frame_279.jpg,UNSAFE,UNSAFE,0.914716899394989,baseline,in_the_wild
/Users/ahooker/Documents/Dissertation/virtushield/final-datasets/in-the-wild-final-small/UNSAFE/0/frame_280.jpg,UNSAFE,UNSAFE,0.88935387134552,baseline,in_the_wild
/Users/ahooker/Documents/Dissertation/virtushield/final-datasets/in-the-wild-final-small/UNSAFE/0/frame_281.jpg,UNSAFE,UNSAFE,0.91362464427948,baseline,in_the_wild
/Users/ahooker/Documents/Dissertation/virtushield/final-datasets/in-the-wild-final-small/UNSAFE/0/frame_282.jpg,UNSAFE,UNSAFE,0.9724235534667969,baseline,in_the_wild
/Users/ahooker/Documents/Dissertation/virtushield/final-datasets/in-the-wild-final-small/UNSAFE/0/frame_282__1.jpg,UNSAFE,UNSAFE,0.936445415019989,baseline,in_the_wild
/Users/ahooker/Documents/Dissertation/virtushield/final-datasets/in-the-wild-final-small/UNSAFE/0/frame_283.jpg,UNSAFE,UNSAFE,0.8603109121322632,baseline,in_the_wild
/Users/ahooker/Documents/Dissertation/virtushield/final-datasets/in-the-wild-final-small/UNSAFE/0/frame_285.jpg,UNSAFE,UNSAFE,0.9146600365638733,baseline,in_the_wild
/Users/ahooker/Documents/Dissertation/virtushield/final-datasets/in-the-wild-final-small/UNSAFE/0/frame_288.jpg,UNSAFE,UNSAFE,0.9446417689323425,baseline,in_the_wild
/Users/ahooker/Documents/Dissertation/virtushield/final-datasets/in-the-wild-final-small/UNSAFE/0/frame_291.jpg,UNSAFE,UNSAFE,0.9408332705497742,baseline,in_the_wild
/Users/ahooker/Documents/Dissertation/virtushield/final-datasets/in-the-wild-final-small/UNSAFE/0/frame_291__1.jpg,UNSAFE,UNSAFE,0.9131028056144714,baseline,in_the_wild
/Users/ahooker/Documents/Dissertation/virtushield/final-datasets/in-the-wild-final-small/UNSAFE/0/frame_291__2.jpg,UNSAFE,UNSAFE,0.9467732310295105,baseline,in_the_wild
/Users/ahooker/Documents/Dissertation/virtushield/final-datasets/in-the-wild-final-small/UNSAFE/0/frame_292.jpg,UNSAFE,UNSAFE,0.9457515478134155,baseline,in_the_wild
/Users/ahooker/Documents/Dissertation/virtushield/final-datasets/in-the-wild-final-small/UNSAFE/0/frame_292__1.jpg,UNSAFE,UNSAFE,0.8947792053222656,baseline,in_the_wild
/Users/ahooker/Documents/Dissertation/virtushield/final-datasets/in-the-wild-final-small/UNSAFE/0/frame_295.jpg,UNSAFE,UNSAFE,0.953389048576355,baseline,in_the_wild
/Users/ahooker/Documents/Dissertation/virtushield/final-datasets/in-the-wild-final-small/UNSAFE/0/frame_297.jpg,UNSAFE,UNSAFE,0.8530144691467285,baseline,in_the_wild
/Users/ahooker/Documents/Dissertation/virtushield/final-datasets/in-the-wild-final-small/UNSAFE/0/frame_30.jpg,UNSAFE,UNSAFE,0.903718113899231,baseline,in_the_wild
/Users/ahooker/Documents/Dissertation/virtushield/final-datasets/in-the-wild-final-small/UNSAFE/0/frame_300.jpg,UNSAFE,UNSAFE,0.956244945526123,baseline,in_the_wild
/Users/ahooker/Documents/Dissertation/virtushield/final-datasets/in-the-wild-final-small/UNSAFE/0/frame_300__1.jpg,UNSAFE,UNSAFE,0.879910945892334,baseline,in_the_wild
/Users/ahooker/Documents/Dissertation/virtushield/final-datasets/in-the-wild-final-small/UNSAFE/0/frame_301.jpg,UNSAFE,UNSAFE,0.9729673266410828,baseline,in_the_wild
/Users/ahooker/Documents/Dissertation/virtushield/final-datasets/in-the-wild-final-small/UNSAFE/0/frame_302.jpg,UNSAFE,UNSAFE,0.9174153208732605,baseline,in_the_wild
/Users/ahooker/Documents/Dissertation/virtushield/final-datasets/in-the-wild-final-small/UNSAFE/0/frame_304.jpg,UNSAFE,UNSAFE,0.9181463122367859,baseline,in_the_wild
/Users/ahooker/Documents/Dissertation/virtushield/final-datasets/in-the-wild-final-small/UNSAFE/0/frame_305.jpg,UNSAFE,SAFE,0.23568066954612732,baseline,in_the_wild
/Users/ahooker/Documents/Dissertation/virtushield/final-datasets/in-the-wild-final-small/UNSAFE/0/frame_306.jpg,UNSAFE,UNSAFE,0.8960452675819397,baseline,in_the_wild
/Users/ahooker/Documents/Dissertation/virtushield/final-datasets/in-the-wild-final-small/UNSAFE/0/frame_307.jpg,UNSAFE,UNSAFE,0.9741920232772827,baseline,in_the_wild
/Users/ahooker/Documents/Dissertation/virtushield/final-datasets/in-the-wild-final-small/UNSAFE/0/frame_308.jpg,UNSAFE,UNSAFE,0.9792587757110596,baseline,in_the_wild
/Users/ahooker/Documents/Dissertation/virtushield/final-datasets/in-the-wild-final-small/UNSAFE/0/frame_31.jpg,UNSAFE,UNSAFE,0.7632963061332703,baseline,in_the_wild
/Users/ahooker/Documents/Dissertation/virtushield/final-datasets/in-the-wild-final-small/UNSAFE/0/frame_311.jpg,UNSAFE,UNSAFE,0.9754785299301147,baseline,in_the_wild
/Users/ahooker/Documents/Dissertation/virtushield/final-datasets/in-the-wild-final-small/UNSAFE/0/frame_311__1.jpg,UNSAFE,UNSAFE,0.9714377522468567,baseline,in_the_wild
/Users/ahooker/Documents/Dissertation/virtushield/final-datasets/in-the-wild-final-small/UNSAFE/0/frame_312.jpg,UNSAFE,UNSAFE,0.9622400999069214,baseline,in_the_wild
/Users/ahooker/Documents/Dissertation/virtushield/final-datasets/in-the-wild-final-small/UNSAFE/0/frame_315.jpg,UNSAFE,UNSAFE,0.9162198901176453,baseline,in_the_wild
/Users/ahooker/Documents/Dissertation/virtushield/final-datasets/in-the-wild-final-small/UNSAFE/0/frame_317.jpg,UNSAFE,UNSAFE,0.9220400452613831,baseline,in_the_wild
/Users/ahooker/Documents/Dissertation/virtushield/final-datasets/in-the-wild-final-small/UNSAFE/0/frame_318.jpg,UNSAFE,UNSAFE,0.917842447757721,baseline,in_the_wild
/Users/ahooker/Documents/Dissertation/virtushield/final-datasets/in-the-wild-final-small/UNSAFE/0/frame_319.jpg,UNSAFE,UNSAFE,0.952534556388855,baseline,in_the_wild
/Users/ahooker/Documents/Dissertation/virtushield/final-datasets/in-the-wild-final-small/UNSAFE/0/frame_32.jpg,UNSAFE,UNSAFE,0.8449012637138367,baseline,in_the_wild
/Users/ahooker/Documents/Dissertation/virtushield/final-datasets/in-the-wild-final-small/UNSAFE/0/frame_321.jpg,UNSAFE,UNSAFE,0.9547330141067505,baseline,in_the_wild
/Users/ahooker/Documents/Dissertation/virtushield/final-datasets/in-the-wild-final-small/UNSAFE/0/frame_321__1.jpg,UNSAFE,UNSAFE,0.7876716256141663,baseline,in_the_wild
/Users/ahooker/Documents/Dissertation/virtushield/final-datasets/in-the-wild-final-small/UNSAFE/0/frame_324.jpg,UNSAFE,UNSAFE,0.9507225155830383,baseline,in_the_wild
/Users/ahooker/Documents/Dissertation/virtushield/final-datasets/in-the-wild-final-small/UNSAFE/0/frame_325.jpg,UNSAFE,UNSAFE,0.9844377636909485,baseline,in_the_wild
/Users/ahooker/Documents/Dissertation/virtushield/final-datasets/in-the-wild-final-small/UNSAFE/0/frame_325__1.jpg,UNSAFE,UNSAFE,0.9844377636909485,baseline,in_the_wild
/Users/ahooker/Documents/Dissertation/virtushield/final-datasets/in-the-wild-final-small/UNSAFE/0/frame_328.jpg,UNSAFE,UNSAFE,0.9753760695457458,baseline,in_the_wild
/Users/ahooker/Documents/Dissertation/virtushield/final-datasets/in-the-wild-final-small/UNSAFE/0/frame_329.jpg,UNSAFE,UNSAFE,0.9587864875793457,baseline,in_the_wild
/Users/ahooker/Documents/Dissertation/virtushield/final-datasets/in-the-wild-final-small/UNSAFE/0/frame_32__1.jpg,UNSAFE,UNSAFE,0.9761025905609131,baseline,in_the_wild
/Users/ahooker/Documents/Dissertation/virtushield/final-datasets/in-the-wild-final-small/UNSAFE/0/frame_330.jpg,UNSAFE,UNSAFE,0.9746310114860535,baseline,in_the_wild
/Users/ahooker/Documents/Dissertation/virtushield/final-datasets/in-the-wild-final-small/UNSAFE/0/frame_331.jpg,UNSAFE,UNSAFE,0.9725167751312256,baseline,in_the_wild
/Users/ahooker/Documents/Dissertation/virtushield/final-datasets/in-the-wild-final-small/UNSAFE/0/frame_333.jpg,UNSAFE,UNSAFE,0.913776695728302,baseline,in_the_wild
/Users/ahooker/Documents/Dissertation/virtushield/final-datasets/in-the-wild-final-small/UNSAFE/0/frame_334.jpg,UNSAFE,UNSAFE,0.9319812059402466,baseline,in_the_wild
/Users/ahooker/Documents/Dissertation/virtushield/final-datasets/in-the-wild-final-small/UNSAFE/0/frame_334__1.jpg,UNSAFE,UNSAFE,0.9439046382904053,baseline,in_the_wild
/Users/ahooker/Documents/Dissertation/virtushield/final-datasets/in-the-wild-final-small/UNSAFE/0/frame_336.jpg,UNSAFE,UNSAFE,0.9470250606536865,baseline,in_the_wild
/Users/ahooker/Documents/Dissertation/virtushield/final-datasets/in-the-wild-final-small/UNSAFE/0/frame_339.jpg,UNSAFE,UNSAFE,0.9328711628913879,baseline,in_the_wild
/Users/ahooker/Documents/Dissertation/virtushield/final-datasets/in-the-wild-final-small/UNSAFE/0/frame_343.jpg,UNSAFE,UNSAFE,0.9452815651893616,baseline,in_the_wild
/Users/ahooker/Documents/Dissertation/virtushield/final-datasets/in-the-wild-final-small/UNSAFE/0/frame_344.jpg,UNSAFE,UNSAFE,0.9197670221328735,baseline,in_the_wild
/Users/ahooker/Documents/Dissertation/virtushield/final-datasets/in-the-wild-final-small/UNSAFE/0/frame_344__1.jpg,UNSAFE,UNSAFE,0.9539484977722168,baseline,in_the_wild
/Users/ahooker/Documents/Dissertation/virtushield/final-datasets/in-the-wild-final-small/UNSAFE/0/frame_345.jpg,UNSAFE,UNSAFE,0.9778856039047241,baseline,in_the_wild
/Users/ahooker/Documents/Dissertation/virtushield/final-datasets/in-the-wild-final-small/UNSAFE/0/frame_347.jpg,UNSAFE,UNSAFE,0.9468960762023926,baseline,in_the_wild
/Users/ahooker/Documents/Dissertation/virtushield/final-datasets/in-the-wild-final-small/UNSAFE/0/frame_347__1.jpg,UNSAFE,UNSAFE,0.9862189888954163,baseline,in_the_wild
/Users/ahooker/Documents/Dissertation/virtushield/final-datasets/in-the-wild-final-small/UNSAFE/0/frame_348.jpg,UNSAFE,UNSAFE,0.9660460948944092,baseline,in_the_wild
/Users/ahooker/Documents/Dissertation/virtushield/final-datasets/in-the-wild-final-small/UNSAFE/0/frame_349.jpg,UNSAFE,UNSAFE,0.970203697681427,baseline,in_the_wild
/Users/ahooker/Documents/Dissertation/virtushield/final-datasets/in-the-wild-final-small/UNSAFE/0/frame_350.jpg,UNSAFE,UNSAFE,0.9613702297210693,baseline,in_the_wild
/Users/ahooker/Documents/Dissertation/virtushield/final-datasets/in-the-wild-final-small/UNSAFE/0/frame_351.jpg,UNSAFE,UNSAFE,0.9247387051582336,baseline,in_the_wild
/Users/ahooker/Documents/Dissertation/virtushield/final-datasets/in-the-wild-final-small/UNSAFE/0/frame_352.jpg,UNSAFE,UNSAFE,0.9838643074035645,baseline,in_the_wild
/Users/ahooker/Documents/Dissertation/virtushield/final-datasets/in-the-wild-final-small/UNSAFE/0/frame_352__1.jpg,UNSAFE,UNSAFE,0.922565221786499,baseline,in_the_wild
/Users/ahooker/Documents/Dissertation/virtushield/final-datasets/in-the-wild-final-small/UNSAFE/0/frame_355.jpg,UNSAFE,UNSAFE,0.9835694432258606,baseline,in_the_wild
/Users/ahooker/Documents/Dissertation/virtushield/final-datasets/in-the-wild-final-small/UNSAFE/0/frame_355__1.jpg,UNSAFE,UNSAFE,0.9407944679260254,baseline,in_the_wild
/Users/ahooker/Documents/Dissertation/virtushield/final-datasets/in-the-wild-final-small/UNSAFE/0/frame_355__2.jpg,UNSAFE,UNSAFE,0.9835694432258606,baseline,in_the_wild
/Users/ahooker/Documents/Dissertation/virtushield/final-datasets/in-the-wild-final-small/UNSAFE/0/frame_355__3.jpg,UNSAFE,UNSAFE,0.9430789351463318,baseline,in_the_wild
/Users/ahooker/Documents/Dissertation/virtushield/final-datasets/in-the-wild-final-small/UNSAFE/0/frame_359.jpg,UNSAFE,UNSAFE,0.9701392650604248,baseline,in_the_wild
/Users/ahooker/Documents/Dissertation/virtushield/final-datasets/in-the-wild-final-small/UNSAFE/0/frame_36.jpg,UNSAFE,UNSAFE,0.6906071901321411,baseline,in_the_wild
/Users/ahooker/Documents/Dissertation/virtushield/final-datasets/in-the-wild-final-small/UNSAFE/0/frame_362.jpg,UNSAFE,UNSAFE,0.9293351173400879,baseline,in_the_wild
/Users/ahooker/Documents/Dissertation/virtushield/final-datasets/in-the-wild-final-small/UNSAFE/0/frame_363.jpg,UNSAFE,UNSAFE,0.8671019673347473,baseline,in_the_wild
/Users/ahooker/Documents/Dissertation/virtushield/final-datasets/in-the-wild-final-small/UNSAFE/0/frame_364.jpg,UNSAFE,UNSAFE,0.8868630528450012,baseline,in_the_wild
/Users/ahooker/Documents/Dissertation/virtushield/final-datasets/in-the-wild-final-small/UNSAFE/0/frame_364__1.jpg,UNSAFE,UNSAFE,0.962405800819397,baseline,in_the_wild
/Users/ahooker/Documents/Dissertation/virtushield/final-datasets/in-the-wild-final-small/UNSAFE/0/frame_364__2.jpg,UNSAFE,UNSAFE,0.6543979048728943,baseline,in_the_wild
/Users/ahooker/Documents/Dissertation/virtushield/final-datasets/in-the-wild-final-small/UNSAFE/0/frame_365.jpg,UNSAFE,UNSAFE,0.9618026614189148,baseline,in_the_wild
/Users/ahooker/Documents/Dissertation/virtushield/final-datasets/in-the-wild-final-small/UNSAFE/0/frame_366.jpg,UNSAFE,UNSAFE,0.9205218553543091,baseline,in_the_wild
/Users/ahooker/Documents/Dissertation/virtushield/final-datasets/in-the-wild-final-small/UNSAFE/0/frame_369.jpg,UNSAFE,UNSAFE,0.9400728940963745,baseline,in_the_wild
/Users/ahooker/Documents/Dissertation/virtushield/final-datasets/in-the-wild-final-small/UNSAFE/0/frame_369__1.jpg,UNSAFE,UNSAFE,0.9581385254859924,baseline,in_the_wild
/Users/ahooker/Documents/Dissertation/virtushield/final-datasets/in-the-wild-final-small/UNSAFE/0/frame_370.jpg,UNSAFE,UNSAFE,0.9408077597618103,baseline,in_the_wild
/Users/ahooker/Documents/Dissertation/virtushield/final-datasets/in-the-wild-final-small/UNSAFE/0/frame_370__1.jpg,UNSAFE,UNSAFE,0.9412336945533752,baseline,in_the_wild
/Users/ahooker/Documents/Dissertation/virtushield/final-datasets/in-the-wild-final-small/UNSAFE/0/frame_370__2.jpg,UNSAFE,UNSAFE,0.9412336945533752,baseline,in_the_wild
/Users/ahooker/Documents/Dissertation/virtushield/final-datasets/in-the-wild-final-small/UNSAFE/0/frame_370__3.jpg,UNSAFE,UNSAFE,0.9365453720092773,baseline,in_the_wild
/Users/ahooker/Documents/Dissertation/virtushield/final-datasets/in-the-wild-final-small/UNSAFE/0/frame_372.jpg,UNSAFE,UNSAFE,0.9089758396148682,baseline,in_the_wild
/Users/ahooker/Documents/Dissertation/virtushield/final-datasets/in-the-wild-final-small/UNSAFE/0/frame_374.jpg,UNSAFE,UNSAFE,0.9216246008872986,baseline,in_the_wild
/Users/ahooker/Documents/Dissertation/virtushield/final-datasets/in-the-wild-final-small/UNSAFE/0/frame_377.jpg,UNSAFE,UNSAFE,0.951444685459137,baseline,in_the_wild
/Users/ahooker/Documents/Dissertation/virtushield/final-datasets/in-the-wild-final-small/UNSAFE/0/frame_377__1.jpg,UNSAFE,UNSAFE,0.5894689559936523,baseline,in_the_wild
/Users/ahooker/Documents/Dissertation/virtushield/final-datasets/in-the-wild-final-small/UNSAFE/0/frame_378.jpg,UNSAFE,UNSAFE,0.9882318377494812,baseline,in_the_wild
/Users/ahooker/Documents/Dissertation/virtushield/final-datasets/in-the-wild-final-small/UNSAFE/0/frame_379.jpg,UNSAFE,UNSAFE,0.812153697013855,baseline,in_the_wild
/Users/ahooker/Documents/Dissertation/virtushield/final-datasets/in-the-wild-final-small/UNSAFE/0/frame_380.jpg,UNSAFE,UNSAFE,0.625041663646698,baseline,in_the_wild
/Users/ahooker/Documents/Dissertation/virtushield/final-datasets/in-the-wild-final-small/UNSAFE/0/frame_382.jpg,UNSAFE,UNSAFE,0.9914932250976562,baseline,in_the_wild
/Users/ahooker/Documents/Dissertation/virtushield/final-datasets/in-the-wild-final-small/UNSAFE/0/frame_383.jpg,UNSAFE,UNSAFE,0.9249805808067322,baseline,in_the_wild
/Users/ahooker/Documents/Dissertation/virtushield/final-datasets/in-the-wild-final-small/UNSAFE/0/frame_385.jpg,UNSAFE,UNSAFE,0.9566450715065002,baseline,in_the_wild
/Users/ahooker/Documents/Dissertation/virtushield/final-datasets/in-the-wild-final-small/UNSAFE/0/frame_386.jpg,UNSAFE,UNSAFE,0.9651407599449158,baseline,in_the_wild
/Users/ahooker/Documents/Dissertation/virtushield/final-datasets/in-the-wild-final-small/UNSAFE/0/frame_388.jpg,UNSAFE,UNSAFE,0.978066086769104,baseline,in_the_wild
/Users/ahooker/Documents/Dissertation/virtushield/final-datasets/in-the-wild-final-small/UNSAFE/0/frame_389.jpg,UNSAFE,UNSAFE,0.7664865255355835,baseline,in_the_wild
/Users/ahooker/Documents/Dissertation/virtushield/final-datasets/in-the-wild-final-small/UNSAFE/0/frame_391.jpg,UNSAFE,UNSAFE,0.9892497062683105,baseline,in_the_wild
/Users/ahooker/Documents/Dissertation/virtushield/final-datasets/in-the-wild-final-small/UNSAFE/0/frame_393.jpg,UNSAFE,UNSAFE,0.8613219261169434,baseline,in_the_wild
/Users/ahooker/Documents/Dissertation/virtushield/final-datasets/in-the-wild-final-small/UNSAFE/0/frame_394.jpg,UNSAFE,UNSAFE,0.9769946336746216,baseline,in_the_wild
/Users/ahooker/Documents/Dissertation/virtushield/final-datasets/in-the-wild-final-small/UNSAFE/0/frame_395.jpg,UNSAFE,UNSAFE,0.9685726165771484,baseline,in_the_wild
/Users/ahooker/Documents/Dissertation/virtushield/final-datasets/in-the-wild-final-small/UNSAFE/0/frame_395__1.jpg,UNSAFE,UNSAFE,0.8448662757873535,baseline,in_the_wild
/Users/ahooker/Documents/Dissertation/virtushield/final-datasets/in-the-wild-final-small/UNSAFE/0/frame_398.jpg,UNSAFE,UNSAFE,0.8348515033721924,baseline,in_the_wild
/Users/ahooker/Documents/Dissertation/virtushield/final-datasets/in-the-wild-final-small/UNSAFE/0/frame_403.jpg,UNSAFE,UNSAFE,0.9858137965202332,baseline,in_the_wild
/Users/ahooker/Documents/Dissertation/virtushield/final-datasets/in-the-wild-final-small/UNSAFE/0/frame_406.jpg,UNSAFE,UNSAFE,0.9884520173072815,baseline,in_the_wild
/Users/ahooker/Documents/Dissertation/virtushield/final-datasets/in-the-wild-final-small/UNSAFE/0/frame_407.jpg,UNSAFE,UNSAFE,0.9727557897567749,baseline,in_the_wild
/Users/ahooker/Documents/Dissertation/virtushield/final-datasets/in-the-wild-final-small/UNSAFE/0/frame_409.jpg,UNSAFE,UNSAFE,0.9881801605224609,baseline,in_the_wild
/Users/ahooker/Documents/Dissertation/virtushield/final-datasets/in-the-wild-final-small/UNSAFE/0/frame_41.jpg,UNSAFE,UNSAFE,0.8551890850067139,baseline,in_the_wild
/Users/ahooker/Documents/Dissertation/virtushield/final-datasets/in-the-wild-final-small/UNSAFE/0/frame_412.jpg,UNSAFE,UNSAFE,0.9139778017997742,baseline,in_the_wild
/Users/ahooker/Documents/Dissertation/virtushield/final-datasets/in-the-wild-final-small/UNSAFE/0/frame_413.jpg,UNSAFE,UNSAFE,0.9917130470275879,baseline,in_the_wild
/Users/ahooker/Documents/Dissertation/virtushield/final-datasets/in-the-wild-final-small/UNSAFE/0/frame_414.jpg,UNSAFE,UNSAFE,0.9674821496009827,baseline,in_the_wild
/Users/ahooker/Documents/Dissertation/virtushield/final-datasets/in-the-wild-final-small/UNSAFE/0/frame_415.jpg,UNSAFE,UNSAFE,0.9947366118431091,baseline,in_the_wild
/Users/ahooker/Documents/Dissertation/virtushield/final-datasets/in-the-wild-final-small/UNSAFE/0/frame_416.jpg,UNSAFE,UNSAFE,0.9865886569023132,baseline,in_the_wild
/Users/ahooker/Documents/Dissertation/virtushield/final-datasets/in-the-wild-final-small/UNSAFE/0/frame_418.jpg,UNSAFE,UNSAFE,0.9671776294708252,baseline,in_the_wild
/Users/ahooker/Documents/Dissertation/virtushield/final-datasets/in-the-wild-final-small/UNSAFE/0/frame_420.jpg,UNSAFE,UNSAFE,0.9854111671447754,baseline,in_the_wild
/Users/ahooker/Documents/Dissertation/virtushield/final-datasets/in-the-wild-final-small/UNSAFE/0/frame_422.jpg,UNSAFE,UNSAFE,0.9859025478363037,baseline,in_the_wild
/Users/ahooker/Documents/Dissertation/virtushield/final-datasets/in-the-wild-final-small/UNSAFE/0/frame_423.jpg,UNSAFE,UNSAFE,0.9036017060279846,baseline,in_the_wild
/Users/ahooker/Documents/Dissertation/virtushield/final-datasets/in-the-wild-final-small/UNSAFE/0/frame_423__1.jpg,UNSAFE,UNSAFE,0.9012196063995361,baseline,in_the_wild
/Users/ahooker/Documents/Dissertation/virtushield/final-datasets/in-the-wild-final-small/UNSAFE/0/frame_424.jpg,UNSAFE,UNSAFE,0.9765161871910095,baseline,in_the_wild
/Users/ahooker/Documents/Dissertation/virtushield/final-datasets/in-the-wild-final-small/UNSAFE/0/frame_426.jpg,UNSAFE,UNSAFE,0.9640129208564758,baseline,in_the_wild
/Users/ahooker/Documents/Dissertation/virtushield/final-datasets/in-the-wild-final-small/UNSAFE/0/frame_426__1.jpg,UNSAFE,UNSAFE,0.9707539081573486,baseline,in_the_wild
/Users/ahooker/Documents/Dissertation/virtushield/final-datasets/in-the-wild-final-small/UNSAFE/0/frame_427.jpg,UNSAFE,UNSAFE,0.9894157648086548,baseline,in_the_wild
/Users/ahooker/Documents/Dissertation/virtushield/final-datasets/in-the-wild-final-small/UNSAFE/0/frame_427__1.jpg,UNSAFE,UNSAFE,0.964131772518158,baseline,in_the_wild
/Users/ahooker/Documents/Dissertation/virtushield/final-datasets/in-the-wild-final-small/UNSAFE/0/frame_43.jpg,UNSAFE,UNSAFE,0.963663637638092,baseline,in_the_wild
/Users/ahooker/Documents/Dissertation/virtushield/final-datasets/in-the-wild-final-small/UNSAFE/0/frame_430.jpg,UNSAFE,UNSAFE,0.9482799768447876,baseline,in_the_wild
/Users/ahooker/Documents/Dissertation/virtushield/final-datasets/in-the-wild-final-small/UNSAFE/0/frame_433.jpg,UNSAFE,UNSAFE,0.9561524987220764,baseline,in_the_wild
/Users/ahooker/Documents/Dissertation/virtushield/final-datasets/in-the-wild-final-small/UNSAFE/0/frame_435.jpg,UNSAFE,UNSAFE,0.8649821281433105,baseline,in_the_wild
/Users/ahooker/Documents/Dissertation/virtushield/final-datasets/in-the-wild-final-small/UNSAFE/0/frame_435__1.jpg,UNSAFE,UNSAFE,0.9423795938491821,baseline,in_the_wild
/Users/ahooker/Documents/Dissertation/virtushield/final-datasets/in-the-wild-final-small/UNSAFE/0/frame_437.jpg,UNSAFE,UNSAFE,0.9022604823112488,baseline,in_the_wild
/Users/ahooker/Documents/Dissertation/virtushield/final-datasets/in-the-wild-final-small/UNSAFE/0/frame_438.jpg,UNSAFE,UNSAFE,0.914844810962677,baseline,in_the_wild
/Users/ahooker/Documents/Dissertation/virtushield/final-datasets/in-the-wild-final-small/UNSAFE/0/frame_442.jpg,UNSAFE,UNSAFE,0.9485486745834351,baseline,in_the_wild
/Users/ahooker/Documents/Dissertation/virtushield/final-datasets/in-the-wild-final-small/UNSAFE/0/frame_448.jpg,UNSAFE,UNSAFE,0.9777277708053589,baseline,in_the_wild
/Users/ahooker/Documents/Dissertation/virtushield/final-datasets/in-the-wild-final-small/UNSAFE/0/frame_454.jpg,UNSAFE,UNSAFE,0.9888864159584045,baseline,in_the_wild
/Users/ahooker/Documents/Dissertation/virtushield/final-datasets/in-the-wild-final-small/UNSAFE/0/frame_456.jpg,UNSAFE,UNSAFE,0.9663341045379639,baseline,in_the_wild
/Users/ahooker/Documents/Dissertation/virtushield/final-datasets/in-the-wild-final-small/UNSAFE/0/frame_459.jpg,UNSAFE,UNSAFE,0.8705430626869202,baseline,in_the_wild
/Users/ahooker/Documents/Dissertation/virtushield/final-datasets/in-the-wild-final-small/UNSAFE/0/frame_46.jpg,UNSAFE,UNSAFE,0.7314262986183167,baseline,in_the_wild
/Users/ahooker/Documents/Dissertation/virtushield/final-datasets/in-the-wild-final-small/UNSAFE/0/frame_460.jpg,UNSAFE,UNSAFE,0.9361163377761841,baseline,in_the_wild
/Users/ahooker/Documents/Dissertation/virtushield/final-datasets/in-the-wild-final-small/UNSAFE/0/frame_463.jpg,UNSAFE,UNSAFE,0.9677607417106628,baseline,in_the_wild
/Users/ahooker/Documents/Dissertation/virtushield/final-datasets/in-the-wild-final-small/UNSAFE/0/frame_463__1.jpg,UNSAFE,UNSAFE,0.9889543056488037,baseline,in_the_wild
/Users/ahooker/Documents/Dissertation/virtushield/final-datasets/in-the-wild-final-small/UNSAFE/0/frame_465.jpg,UNSAFE,UNSAFE,0.9644125699996948,baseline,in_the_wild
/Users/ahooker/Documents/Dissertation/virtushield/final-datasets/in-the-wild-final-small/UNSAFE/0/frame_467.jpg,UNSAFE,UNSAFE,0.9815860390663147,baseline,in_the_wild
/Users/ahooker/Documents/Dissertation/virtushield/final-datasets/in-the-wild-final-small/UNSAFE/0/frame_474.jpg,UNSAFE,UNSAFE,0.9825122356414795,baseline,in_the_wild
/Users/ahooker/Documents/Dissertation/virtushield/final-datasets/in-the-wild-final-small/UNSAFE/0/frame_475.jpg,UNSAFE,UNSAFE,0.9243592023849487,baseline,in_the_wild
/Users/ahooker/Documents/Dissertation/virtushield/final-datasets/in-the-wild-final-small/UNSAFE/0/frame_475__1.jpg,UNSAFE,UNSAFE,0.9670239686965942,baseline,in_the_wild
/Users/ahooker/Documents/Dissertation/virtushield/final-datasets/in-the-wild-final-small/UNSAFE/0/frame_476.jpg,UNSAFE,UNSAFE,0.9393644332885742,baseline,in_the_wild
/Users/ahooker/Documents/Dissertation/virtushield/final-datasets/in-the-wild-final-small/UNSAFE/0/frame_478.jpg,UNSAFE,UNSAFE,0.8173459768295288,baseline,in_the_wild
/Users/ahooker/Documents/Dissertation/virtushield/final-datasets/in-the-wild-final-small/UNSAFE/0/frame_481.jpg,UNSAFE,UNSAFE,0.9015095829963684,baseline,in_the_wild
/Users/ahooker/Documents/Dissertation/virtushield/final-datasets/in-the-wild-final-small/UNSAFE/0/frame_488.jpg,UNSAFE,UNSAFE,0.9716230034828186,baseline,in_the_wild
/Users/ahooker/Documents/Dissertation/virtushield/final-datasets/in-the-wild-final-small/UNSAFE/0/frame_489.jpg,UNSAFE,UNSAFE,0.849745512008667,baseline,in_the_wild
/Users/ahooker/Documents/Dissertation/virtushield/final-datasets/in-the-wild-final-small/UNSAFE/0/frame_492.jpg,UNSAFE,UNSAFE,0.9678730368614197,baseline,in_the_wild
/Users/ahooker/Documents/Dissertation/virtushield/final-datasets/in-the-wild-final-small/UNSAFE/0/frame_496.jpg,UNSAFE,UNSAFE,0.963322103023529,baseline,in_the_wild
/Users/ahooker/Documents/Dissertation/virtushield/final-datasets/in-the-wild-final-small/UNSAFE/0/frame_498.jpg,UNSAFE,UNSAFE,0.8743037581443787,baseline,in_the_wild
/Users/ahooker/Documents/Dissertation/virtushield/final-datasets/in-the-wild-final-small/UNSAFE/0/frame_50.jpg,UNSAFE,UNSAFE,0.9741390943527222,baseline,in_the_wild
/Users/ahooker/Documents/Dissertation/virtushield/final-datasets/in-the-wild-final-small/UNSAFE/0/frame_505.jpg,UNSAFE,UNSAFE,0.947217583656311,baseline,in_the_wild
/Users/ahooker/Documents/Dissertation/virtushield/final-datasets/in-the-wild-final-small/UNSAFE/0/frame_509.jpg,UNSAFE,UNSAFE,0.9823281764984131,baseline,in_the_wild
/Users/ahooker/Documents/Dissertation/virtushield/final-datasets/in-the-wild-final-small/UNSAFE/0/frame_510.jpg,UNSAFE,UNSAFE,0.910968005657196,baseline,in_the_wild
/Users/ahooker/Documents/Dissertation/virtushield/final-datasets/in-the-wild-final-small/UNSAFE/0/frame_523.jpg,UNSAFE,UNSAFE,0.8620309829711914,baseline,in_the_wild
/Users/ahooker/Documents/Dissertation/virtushield/final-datasets/in-the-wild-final-small/UNSAFE/0/frame_523__1.jpg,UNSAFE,UNSAFE,0.7957538366317749,baseline,in_the_wild
/Users/ahooker/Documents/Dissertation/virtushield/final-datasets/in-the-wild-final-small/UNSAFE/0/frame_524.jpg,UNSAFE,UNSAFE,0.9053665995597839,baseline,in_the_wild
/Users/ahooker/Documents/Dissertation/virtushield/final-datasets/in-the-wild-final-small/UNSAFE/0/frame_525.jpg,UNSAFE,UNSAFE,0.6569214463233948,baseline,in_the_wild
/Users/ahooker/Documents/Dissertation/virtushield/final-datasets/in-the-wild-final-small/UNSAFE/0/frame_528.jpg,UNSAFE,UNSAFE,0.7540189623832703,baseline,in_the_wild
/Users/ahooker/Documents/Dissertation/virtushield/final-datasets/in-the-wild-final-small/UNSAFE/0/frame_534.jpg,UNSAFE,UNSAFE,0.9711208343505859,baseline,in_the_wild
/Users/ahooker/Documents/Dissertation/virtushield/final-datasets/in-the-wild-final-small/UNSAFE/0/frame_542.jpg,UNSAFE,UNSAFE,0.8772590160369873,baseline,in_the_wild
/Users/ahooker/Documents/Dissertation/virtushield/final-datasets/in-the-wild-final-small/UNSAFE/0/frame_544.jpg,UNSAFE,UNSAFE,0.836765706539154,baseline,in_the_wild
/Users/ahooker/Documents/Dissertation/virtushield/final-datasets/in-the-wild-final-small/UNSAFE/0/frame_548.jpg,UNSAFE,UNSAFE,0.9140647649765015,baseline,in_the_wild
/Users/ahooker/Documents/Dissertation/virtushield/final-datasets/in-the-wild-final-small/UNSAFE/0/frame_551.jpg,UNSAFE,UNSAFE,0.8404442071914673,baseline,in_the_wild
/Users/ahooker/Documents/Dissertation/virtushield/final-datasets/in-the-wild-final-small/UNSAFE/0/frame_553.jpg,UNSAFE,UNSAFE,0.9678154587745667,baseline,in_the_wild
/Users/ahooker/Documents/Dissertation/virtushield/final-datasets/in-the-wild-final-small/UNSAFE/0/frame_555.jpg,UNSAFE,UNSAFE,0.9833976626396179,baseline,in_the_wild
/Users/ahooker/Documents/Dissertation/virtushield/final-datasets/in-the-wild-final-small/UNSAFE/0/frame_56.jpg,UNSAFE,UNSAFE,0.9907265901565552,baseline,in_the_wild
/Users/ahooker/Documents/Dissertation/virtushield/final-datasets/in-the-wild-final-small/UNSAFE/0/frame_561.jpg,UNSAFE,UNSAFE,0.8206996917724609,baseline,in_the_wild
/Users/ahooker/Documents/Dissertation/virtushield/final-datasets/in-the-wild-final-small/UNSAFE/0/frame_563.jpg,UNSAFE,UNSAFE,0.7572548389434814,baseline,in_the_wild
/Users/ahooker/Documents/Dissertation/virtushield/final-datasets/in-the-wild-final-small/UNSAFE/0/frame_570.jpg,UNSAFE,UNSAFE,0.874027669429779,baseline,in_the_wild
/Users/ahooker/Documents/Dissertation/virtushield/final-datasets/in-the-wild-final-small/UNSAFE/0/frame_58.jpg,UNSAFE,UNSAFE,0.7014910578727722,baseline,in_the_wild
/Users/ahooker/Documents/Dissertation/virtushield/final-datasets/in-the-wild-final-small/UNSAFE/0/frame_583.jpg,UNSAFE,UNSAFE,0.7888203263282776,baseline,in_the_wild
/Users/ahooker/Documents/Dissertation/virtushield/final-datasets/in-the-wild-final-small/UNSAFE/0/frame_586.jpg,UNSAFE,UNSAFE,0.6023334860801697,baseline,in_the_wild
/Users/ahooker/Documents/Dissertation/virtushield/final-datasets/in-the-wild-final-small/UNSAFE/0/frame_593.jpg,UNSAFE,UNSAFE,0.9207000732421875,baseline,in_the_wild
/Users/ahooker/Documents/Dissertation/virtushield/final-datasets/in-the-wild-final-small/UNSAFE/0/frame_594.jpg,UNSAFE,UNSAFE,0.9130772948265076,baseline,in_the_wild
/Users/ahooker/Documents/Dissertation/virtushield/final-datasets/in-the-wild-final-small/UNSAFE/0/frame_60.jpg,UNSAFE,UNSAFE,0.9481374025344849,baseline,in_the_wild
/Users/ahooker/Documents/Dissertation/virtushield/final-datasets/in-the-wild-final-small/UNSAFE/0/frame_60__1.jpg,UNSAFE,UNSAFE,0.8644052743911743,baseline,in_the_wild
/Users/ahooker/Documents/Dissertation/virtushield/final-datasets/in-the-wild-final-small/UNSAFE/0/frame_61.jpg,UNSAFE,UNSAFE,0.7120042443275452,baseline,in_the_wild
/Users/ahooker/Documents/Dissertation/virtushield/final-datasets/in-the-wild-final-small/UNSAFE/0/frame_612.jpg,UNSAFE,UNSAFE,0.9659255146980286,baseline,in_the_wild
/Users/ahooker/Documents/Dissertation/virtushield/final-datasets/in-the-wild-final-small/UNSAFE/0/frame_61__1.jpg,UNSAFE,UNSAFE,0.7120042443275452,baseline,in_the_wild
/Users/ahooker/Documents/Dissertation/virtushield/final-datasets/in-the-wild-final-small/UNSAFE/0/frame_62.jpg,UNSAFE,UNSAFE,0.7955793142318726,baseline,in_the_wild
/Users/ahooker/Documents/Dissertation/virtushield/final-datasets/in-the-wild-final-small/UNSAFE/0/frame_620.jpg,UNSAFE,UNSAFE,0.8563105463981628,baseline,in_the_wild
/Users/ahooker/Documents/Dissertation/virtushield/final-datasets/in-the-wild-final-small/UNSAFE/0/frame_627.jpg,UNSAFE,SAFE,0.4182160496711731,baseline,in_the_wild
/Users/ahooker/Documents/Dissertation/virtushield/final-datasets/in-the-wild-final-small/UNSAFE/0/frame_628.jpg,UNSAFE,UNSAFE,0.988436222076416,baseline,in_the_wild
/Users/ahooker/Documents/Dissertation/virtushield/final-datasets/in-the-wild-final-small/UNSAFE/0/frame_629.jpg,UNSAFE,UNSAFE,0.9788768887519836,baseline,in_the_wild
/Users/ahooker/Documents/Dissertation/virtushield/final-datasets/in-the-wild-final-small/UNSAFE/0/frame_63.jpg,UNSAFE,UNSAFE,0.8437312245368958,baseline,in_the_wild
/Users/ahooker/Documents/Dissertation/virtushield/final-datasets/in-the-wild-final-small/UNSAFE/0/frame_63__1.jpg,UNSAFE,UNSAFE,0.9332854151725769,baseline,in_the_wild
/Users/ahooker/Documents/Dissertation/virtushield/final-datasets/in-the-wild-final-small/UNSAFE/0/frame_64.jpg,UNSAFE,UNSAFE,0.8739120960235596,baseline,in_the_wild
/Users/ahooker/Documents/Dissertation/virtushield/final-datasets/in-the-wild-final-small/UNSAFE/0/frame_644.jpg,UNSAFE,UNSAFE,0.9582865834236145,baseline,in_the_wild
/Users/ahooker/Documents/Dissertation/virtushield/final-datasets/in-the-wild-final-small/UNSAFE/0/frame_65.jpg,UNSAFE,UNSAFE,0.7354691624641418,baseline,in_the_wild
/Users/ahooker/Documents/Dissertation/virtushield/final-datasets/in-the-wild-final-small/UNSAFE/0/frame_652.jpg,UNSAFE,UNSAFE,0.7521284818649292,baseline,in_the_wild
/Users/ahooker/Documents/Dissertation/virtushield/final-datasets/in-the-wild-final-small/UNSAFE/0/frame_655.jpg,UNSAFE,UNSAFE,0.9758564233779907,baseline,in_the_wild
/Users/ahooker/Documents/Dissertation/virtushield/final-datasets/in-the-wild-final-small/UNSAFE/0/frame_66.jpg,UNSAFE,UNSAFE,0.9673200249671936,baseline,in_the_wild
/Users/ahooker/Documents/Dissertation/virtushield/final-datasets/in-the-wild-final-small/UNSAFE/0/frame_66__1.jpg,UNSAFE,UNSAFE,0.735300600528717,baseline,in_the_wild
/Users/ahooker/Documents/Dissertation/virtushield/final-datasets/in-the-wild-final-small/UNSAFE/0/frame_67.jpg,UNSAFE,UNSAFE,0.9588624238967896,baseline,in_the_wild
/Users/ahooker/Documents/Dissertation/virtushield/final-datasets/in-the-wild-final-small/UNSAFE/0/frame_675.jpg,UNSAFE,UNSAFE,0.8591987490653992,baseline,in_the_wild
/Users/ahooker/Documents/Dissertation/virtushield/final-datasets/in-the-wild-final-small/UNSAFE/0/frame_677.jpg,UNSAFE,UNSAFE,0.9717146158218384,baseline,in_the_wild
/Users/ahooker/Documents/Dissertation/virtushield/final-datasets/in-the-wild-final-small/UNSAFE/0/frame_679.jpg,UNSAFE,UNSAFE,0.9447084665298462,baseline,in_the_wild
/Users/ahooker/Documents/Dissertation/virtushield/final-datasets/in-the-wild-final-small/UNSAFE/0/frame_67__1.jpg,UNSAFE,UNSAFE,0.9352534413337708,baseline,in_the_wild
/Users/ahooker/Documents/Dissertation/virtushield/final-datasets/in-the-wild-final-small/UNSAFE/0/frame_68.jpg,UNSAFE,UNSAFE,0.7330806255340576,baseline,in_the_wild
/Users/ahooker/Documents/Dissertation/virtushield/final-datasets/in-the-wild-final-small/UNSAFE/0/frame_681.jpg,UNSAFE,UNSAFE,0.91726154088974,baseline,in_the_wild
/Users/ahooker/Documents/Dissertation/virtushield/final-datasets/in-the-wild-final-small/UNSAFE/0/frame_683.jpg,UNSAFE,UNSAFE,0.8875535726547241,baseline,in_the_wild
/Users/ahooker/Documents/Dissertation/virtushield/final-datasets/in-the-wild-final-small/UNSAFE/0/frame_684.jpg,UNSAFE,UNSAFE,0.9542241096496582,baseline,in_the_wild
/Users/ahooker/Documents/Dissertation/virtushield/final-datasets/in-the-wild-final-small/UNSAFE/0/frame_687.jpg,UNSAFE,UNSAFE,0.7111234068870544,baseline,in_the_wild
/Users/ahooker/Documents/Dissertation/virtushield/final-datasets/in-the-wild-final-small/UNSAFE/0/frame_688.jpg,UNSAFE,UNSAFE,0.9730129241943359,baseline,in_the_wild
/Users/ahooker/Documents/Dissertation/virtushield/final-datasets/in-the-wild-final-small/UNSAFE/0/frame_691.jpg,UNSAFE,UNSAFE,0.7662567496299744,baseline,in_the_wild
/Users/ahooker/Documents/Dissertation/virtushield/final-datasets/in-the-wild-final-small/UNSAFE/0/frame_693.jpg,UNSAFE,UNSAFE,0.9739011526107788,baseline,in_the_wild
/Users/ahooker/Documents/Dissertation/virtushield/final-datasets/in-the-wild-final-small/UNSAFE/0/frame_695.jpg,UNSAFE,UNSAFE,0.8231518268585205,baseline,in_the_wild
/Users/ahooker/Documents/Dissertation/virtushield/final-datasets/in-the-wild-final-small/UNSAFE/0/frame_696.jpg,UNSAFE,UNSAFE,0.7383913397789001,baseline,in_the_wild
/Users/ahooker/Documents/Dissertation/virtushield/final-datasets/in-the-wild-final-small/UNSAFE/0/frame_70.jpg,UNSAFE,UNSAFE,0.9052591919898987,baseline,in_the_wild
/Users/ahooker/Documents/Dissertation/virtushield/final-datasets/in-the-wild-final-small/UNSAFE/0/frame_701.jpg,UNSAFE,UNSAFE,0.8581328392028809,baseline,in_the_wild
/Users/ahooker/Documents/Dissertation/virtushield/final-datasets/in-the-wild-final-small/UNSAFE/0/frame_703.jpg,UNSAFE,UNSAFE,0.9540785551071167,baseline,in_the_wild
/Users/ahooker/Documents/Dissertation/virtushield/final-datasets/in-the-wild-final-small/UNSAFE/0/frame_704.jpg,UNSAFE,UNSAFE,0.9276424050331116,baseline,in_the_wild
/Users/ahooker/Documents/Dissertation/virtushield/final-datasets/in-the-wild-final-small/UNSAFE/0/frame_706.jpg,UNSAFE,UNSAFE,0.9190109372138977,baseline,in_the_wild
/Users/ahooker/Documents/Dissertation/virtushield/final-datasets/in-the-wild-final-small/UNSAFE/0/frame_71.jpg,UNSAFE,UNSAFE,0.9619642496109009,baseline,in_the_wild
/Users/ahooker/Documents/Dissertation/virtushield/final-datasets/in-the-wild-final-small/UNSAFE/0/frame_714.jpg,UNSAFE,UNSAFE,0.9793097972869873,baseline,in_the_wild
/Users/ahooker/Documents/Dissertation/virtushield/final-datasets/in-the-wild-final-small/UNSAFE/0/frame_718.jpg,UNSAFE,UNSAFE,0.9755287766456604,baseline,in_the_wild
/Users/ahooker/Documents/Dissertation/virtushield/final-datasets/in-the-wild-final-small/UNSAFE/0/frame_718__1.jpg,UNSAFE,UNSAFE,0.8425964713096619,baseline,in_the_wild
/Users/ahooker/Documents/Dissertation/virtushield/final-datasets/in-the-wild-final-small/UNSAFE/0/frame_721.jpg,UNSAFE,UNSAFE,0.9778780937194824,baseline,in_the_wild
/Users/ahooker/Documents/Dissertation/virtushield/final-datasets/in-the-wild-final-small/UNSAFE/0/frame_729.jpg,UNSAFE,UNSAFE,0.9568952918052673,baseline,in_the_wild
/Users/ahooker/Documents/Dissertation/virtushield/final-datasets/in-the-wild-final-small/UNSAFE/0/frame_73.jpg,UNSAFE,UNSAFE,0.9311116933822632,baseline,in_the_wild
/Users/ahooker/Documents/Dissertation/virtushield/final-datasets/in-the-wild-final-small/UNSAFE/0/frame_73__1.jpg,UNSAFE,UNSAFE,0.9821785092353821,baseline,in_the_wild
/Users/ahooker/Documents/Dissertation/virtushield/final-datasets/in-the-wild-final-small/UNSAFE/0/frame_73__2.jpg,UNSAFE,UNSAFE,0.9311116933822632,baseline,in_the_wild
/Users/ahooker/Documents/Dissertation/virtushield/final-datasets/in-the-wild-final-small/UNSAFE/0/frame_74.jpg,UNSAFE,UNSAFE,0.8792787790298462,baseline,in_the_wild
/Users/ahooker/Documents/Dissertation/virtushield/final-datasets/in-the-wild-final-small/UNSAFE/0/frame_744.jpg,UNSAFE,UNSAFE,0.9676198363304138,baseline,in_the_wild
/Users/ahooker/Documents/Dissertation/virtushield/final-datasets/in-the-wild-final-small/UNSAFE/0/frame_74__1.jpg,UNSAFE,UNSAFE,0.8792787790298462,baseline,in_the_wild
/Users/ahooker/Documents/Dissertation/virtushield/final-datasets/in-the-wild-final-small/UNSAFE/0/frame_750.jpg,UNSAFE,UNSAFE,0.9638357162475586,baseline,in_the_wild
/Users/ahooker/Documents/Dissertation/virtushield/final-datasets/in-the-wild-final-small/UNSAFE/0/frame_751.jpg,UNSAFE,UNSAFE,0.9535379409790039,baseline,in_the_wild
/Users/ahooker/Documents/Dissertation/virtushield/final-datasets/in-the-wild-final-small/UNSAFE/0/frame_758.jpg,UNSAFE,UNSAFE,0.9293621778488159,baseline,in_the_wild
/Users/ahooker/Documents/Dissertation/virtushield/final-datasets/in-the-wild-final-small/UNSAFE/0/frame_759.jpg,UNSAFE,UNSAFE,0.952014148235321,baseline,in_the_wild
/Users/ahooker/Documents/Dissertation/virtushield/final-datasets/in-the-wild-final-small/UNSAFE/0/frame_761.jpg,UNSAFE,UNSAFE,0.974182665348053,baseline,in_the_wild
/Users/ahooker/Documents/Dissertation/virtushield/final-datasets/in-the-wild-final-small/UNSAFE/0/frame_77.jpg,UNSAFE,UNSAFE,0.9636250138282776,baseline,in_the_wild
/Users/ahooker/Documents/Dissertation/virtushield/final-datasets/in-the-wild-final-small/UNSAFE/0/frame_775.jpg,UNSAFE,UNSAFE,0.9692860841751099,baseline,in_the_wild
/Users/ahooker/Documents/Dissertation/virtushield/final-datasets/in-the-wild-final-small/UNSAFE/0/frame_776.jpg,UNSAFE,UNSAFE,0.9877128601074219,baseline,in_the_wild
/Users/ahooker/Documents/Dissertation/virtushield/final-datasets/in-the-wild-final-small/UNSAFE/0/frame_781.jpg,UNSAFE,UNSAFE,0.9246230125427246,baseline,in_the_wild
/Users/ahooker/Documents/Dissertation/virtushield/final-datasets/in-the-wild-final-small/UNSAFE/0/frame_784.jpg,UNSAFE,UNSAFE,0.9355544447898865,baseline,in_the_wild
/Users/ahooker/Documents/Dissertation/virtushield/final-datasets/in-the-wild-final-small/UNSAFE/0/frame_79.jpg,UNSAFE,UNSAFE,0.8786816596984863,baseline,in_the_wild
/Users/ahooker/Documents/Dissertation/virtushield/final-datasets/in-the-wild-final-small/UNSAFE/0/frame_797.jpg,UNSAFE,UNSAFE,0.988760769367218,baseline,in_the_wild
/Users/ahooker/Documents/Dissertation/virtushield/final-datasets/in-the-wild-final-small/UNSAFE/0/frame_79__1.jpg,UNSAFE,UNSAFE,0.6921699047088623,baseline,in_the_wild
/Users/ahooker/Documents/Dissertation/virtushield/final-datasets/in-the-wild-final-small/UNSAFE/0/frame_8.jpg,UNSAFE,UNSAFE,0.90427166223526,baseline,in_the_wild
/Users/ahooker/Documents/Dissertation/virtushield/final-datasets/in-the-wild-final-small/UNSAFE/0/frame_803.jpg,UNSAFE,UNSAFE,0.9632154703140259,baseline,in_the_wild
/Users/ahooker/Documents/Dissertation/virtushield/final-datasets/in-the-wild-final-small/UNSAFE/0/frame_813.jpg,UNSAFE,UNSAFE,0.9937706589698792,baseline,in_the_wild
/Users/ahooker/Documents/Dissertation/virtushield/final-datasets/in-the-wild-final-small/UNSAFE/0/frame_820.jpg,UNSAFE,UNSAFE,0.9719645380973816,baseline,in_the_wild
/Users/ahooker/Documents/Dissertation/virtushield/final-datasets/in-the-wild-final-small/UNSAFE/0/frame_824.jpg,UNSAFE,UNSAFE,0.9802125692367554,baseline,in_the_wild
/Users/ahooker/Documents/Dissertation/virtushield/final-datasets/in-the-wild-final-small/UNSAFE/0/frame_825.jpg,UNSAFE,UNSAFE,0.9777826070785522,baseline,in_the_wild
/Users/ahooker/Documents/Dissertation/virtushield/final-datasets/in-the-wild-final-small/UNSAFE/0/frame_826.jpg,UNSAFE,UNSAFE,0.9812712073326111,baseline,in_the_wild
/Users/ahooker/Documents/Dissertation/virtushield/final-datasets/in-the-wild-final-small/UNSAFE/0/frame_830.jpg,UNSAFE,UNSAFE,0.9443548917770386,baseline,in_the_wild
/Users/ahooker/Documents/Dissertation/virtushield/final-datasets/in-the-wild-final-small/UNSAFE/0/frame_832.jpg,UNSAFE,UNSAFE,0.9690741300582886,baseline,in_the_wild
/Users/ahooker/Documents/Dissertation/virtushield/final-datasets/in-the-wild-final-small/UNSAFE/0/frame_834.jpg,UNSAFE,UNSAFE,0.976484477519989,baseline,in_the_wild
/Users/ahooker/Documents/Dissertation/virtushield/final-datasets/in-the-wild-final-small/UNSAFE/0/frame_835.jpg,UNSAFE,UNSAFE,0.9269595146179199,baseline,in_the_wild
/Users/ahooker/Documents/Dissertation/virtushield/final-datasets/in-the-wild-final-small/UNSAFE/0/frame_836.jpg,UNSAFE,UNSAFE,0.9476292133331299,baseline,in_the_wild
/Users/ahooker/Documents/Dissertation/virtushield/final-datasets/in-the-wild-final-small/UNSAFE/0/frame_84.jpg,UNSAFE,UNSAFE,0.9891383051872253,baseline,in_the_wild
/Users/ahooker/Documents/Dissertation/virtushield/final-datasets/in-the-wild-final-small/UNSAFE/0/frame_842.jpg,UNSAFE,UNSAFE,0.9669874310493469,baseline,in_the_wild
/Users/ahooker/Documents/Dissertation/virtushield/final-datasets/in-the-wild-final-small/UNSAFE/0/frame_843.jpg,UNSAFE,UNSAFE,0.9690160155296326,baseline,in_the_wild
/Users/ahooker/Documents/Dissertation/virtushield/final-datasets/in-the-wild-final-small/UNSAFE/0/frame_847.jpg,UNSAFE,UNSAFE,0.9820948243141174,baseline,in_the_wild
/Users/ahooker/Documents/Dissertation/virtushield/final-datasets/in-the-wild-final-small/UNSAFE/0/frame_85.jpg,UNSAFE,UNSAFE,0.9759288430213928,baseline,in_the_wild
/Users/ahooker/Documents/Dissertation/virtushield/final-datasets/in-the-wild-final-small/UNSAFE/0/frame_850.jpg,UNSAFE,UNSAFE,0.9851794838905334,baseline,in_the_wild
/Users/ahooker/Documents/Dissertation/virtushield/final-datasets/in-the-wild-final-small/UNSAFE/0/frame_858.jpg,UNSAFE,UNSAFE,0.98131263256073,baseline,in_the_wild
/Users/ahooker/Documents/Dissertation/virtushield/final-datasets/in-the-wild-final-small/UNSAFE/0/frame_85__1.jpg,UNSAFE,UNSAFE,0.9759288430213928,baseline,in_the_wild
/Users/ahooker/Documents/Dissertation/virtushield/final-datasets/in-the-wild-final-small/UNSAFE/0/frame_85__2.jpg,UNSAFE,UNSAFE,0.9843399524688721,baseline,in_the_wild
/Users/ahooker/Documents/Dissertation/virtushield/final-datasets/in-the-wild-final-small/UNSAFE/0/frame_86.jpg,UNSAFE,UNSAFE,0.8764553666114807,baseline,in_the_wild
/Users/ahooker/Documents/Dissertation/virtushield/final-datasets/in-the-wild-final-small/UNSAFE/0/frame_861.jpg,UNSAFE,UNSAFE,0.9040665030479431,baseline,in_the_wild
/Users/ahooker/Documents/Dissertation/virtushield/final-datasets/in-the-wild-final-small/UNSAFE/0/frame_86__1.jpg,UNSAFE,UNSAFE,0.8764553666114807,baseline,in_the_wild
/Users/ahooker/Documents/Dissertation/virtushield/final-datasets/in-the-wild-final-small/UNSAFE/0/frame_87.jpg,UNSAFE,UNSAFE,0.9946916699409485,baseline,in_the_wild
/Users/ahooker/Documents/Dissertation/virtushield/final-datasets/in-the-wild-final-small/UNSAFE/0/frame_88.jpg,UNSAFE,UNSAFE,0.8095769286155701,baseline,in_the_wild
/Users/ahooker/Documents/Dissertation/virtushield/final-datasets/in-the-wild-final-small/UNSAFE/0/frame_88__1.jpg,UNSAFE,SAFE,0.4059794545173645,baseline,in_the_wild
/Users/ahooker/Documents/Dissertation/virtushield/final-datasets/in-the-wild-final-small/UNSAFE/0/frame_9.jpg,UNSAFE,UNSAFE,0.6057713031768799,baseline,in_the_wild
/Users/ahooker/Documents/Dissertation/virtushield/final-datasets/in-the-wild-final-small/UNSAFE/0/frame_90.jpg,UNSAFE,UNSAFE,0.9723250269889832,baseline,in_the_wild
/Users/ahooker/Documents/Dissertation/virtushield/final-datasets/in-the-wild-final-small/UNSAFE/0/frame_91.jpg,UNSAFE,UNSAFE,0.7698871493339539,baseline,in_the_wild
/Users/ahooker/Documents/Dissertation/virtushield/final-datasets/in-the-wild-final-small/UNSAFE/0/frame_92.jpg,UNSAFE,UNSAFE,0.7950387597084045,baseline,in_the_wild
/Users/ahooker/Documents/Dissertation/virtushield/final-datasets/in-the-wild-final-small/UNSAFE/0/frame_93.jpg,UNSAFE,UNSAFE,0.6178644299507141,baseline,in_the_wild
/Users/ahooker/Documents/Dissertation/virtushield/final-datasets/in-the-wild-final-small/UNSAFE/0/frame_95.jpg,UNSAFE,UNSAFE,0.7052710652351379,baseline,in_the_wild
/Users/ahooker/Documents/Dissertation/virtushield/final-datasets/in-the-wild-final-small/UNSAFE/0/frame_952.jpg,UNSAFE,UNSAFE,0.7027906775474548,baseline,in_the_wild
/Users/ahooker/Documents/Dissertation/virtushield/final-datasets/in-the-wild-final-small/UNSAFE/0/frame_958.jpg,UNSAFE,UNSAFE,0.6838876605033875,baseline,in_the_wild
/Users/ahooker/Documents/Dissertation/virtushield/final-datasets/in-the-wild-final-small/UNSAFE/0/frame_96.jpg,UNSAFE,UNSAFE,0.9885664582252502,baseline,in_the_wild
/Users/ahooker/Documents/Dissertation/virtushield/final-datasets/in-the-wild-final-small/UNSAFE/0/frame_963.jpg,UNSAFE,UNSAFE,0.8725183010101318,baseline,in_the_wild
/Users/ahooker/Documents/Dissertation/virtushield/final-datasets/in-the-wild-final-small/UNSAFE/0/frame_968.jpg,UNSAFE,UNSAFE,0.8526277542114258,baseline,in_the_wild
/Users/ahooker/Documents/Dissertation/virtushield/final-datasets/in-the-wild-final-small/UNSAFE/0/frame_976.jpg,UNSAFE,UNSAFE,0.7694695591926575,baseline,in_the_wild
/Users/ahooker/Documents/Dissertation/virtushield/final-datasets/in-the-wild-final-small/UNSAFE/0/frame_978.jpg,UNSAFE,UNSAFE,0.8263253569602966,baseline,in_the_wild
/Users/ahooker/Documents/Dissertation/virtushield/final-datasets/in-the-wild-final-small/UNSAFE/0/frame_979.jpg,UNSAFE,UNSAFE,0.5628899335861206,baseline,in_the_wild
/Users/ahooker/Documents/Dissertation/virtushield/final-datasets/in-the-wild-final-small/UNSAFE/0/frame_98.jpg,UNSAFE,UNSAFE,0.9621608257293701,baseline,in_the_wild
/Users/ahooker/Documents/Dissertation/virtushield/final-datasets/in-the-wild-final-small/UNSAFE/0/frame_980.jpg,UNSAFE,UNSAFE,0.7698280215263367,baseline,in_the_wild
/Users/ahooker/Documents/Dissertation/virtushield/final-datasets/in-the-wild-final-small/UNSAFE/0/frame_99.jpg,UNSAFE,UNSAFE,0.9511505961418152,baseline,in_the_wild
/Users/ahooker/Documents/Dissertation/virtushield/final-datasets/in-the-wild-final-small/UNSAFE/0/frame_998.jpg,UNSAFE,UNSAFE,0.9684061408042908,baseline,in_the_wild
/Users/ahooker/Documents/Dissertation/virtushield/final-datasets/in-the-wild-final-small/UNSAFE/1/frame_1006.jpg,UNSAFE,UNSAFE,0.807508111000061,baseline,in_the_wild
/Users/ahooker/Documents/Dissertation/virtushield/final-datasets/in-the-wild-final-small/UNSAFE/1/frame_1007.jpg,UNSAFE,UNSAFE,0.9036747217178345,baseline,in_the_wild
/Users/ahooker/Documents/Dissertation/virtushield/final-datasets/in-the-wild-final-small/UNSAFE/1/frame_101.jpg,UNSAFE,UNSAFE,0.9763131141662598,baseline,in_the_wild
/Users/ahooker/Documents/Dissertation/virtushield/final-datasets/in-the-wild-final-small/UNSAFE/1/frame_1017.jpg,UNSAFE,UNSAFE,0.8870959281921387,baseline,in_the_wild
/Users/ahooker/Documents/Dissertation/virtushield/final-datasets/in-the-wild-final-small/UNSAFE/1/frame_101__1.jpg,UNSAFE,UNSAFE,0.9497749209403992,baseline,in_the_wild
/Users/ahooker/Documents/Dissertation/virtushield/final-datasets/in-the-wild-final-small/UNSAFE/1/frame_102.jpg,UNSAFE,UNSAFE,0.6996642351150513,baseline,in_the_wild
/Users/ahooker/Documents/Dissertation/virtushield/final-datasets/in-the-wild-final-small/UNSAFE/1/frame_1028.jpg,UNSAFE,UNSAFE,0.9480080008506775,baseline,in_the_wild
/Users/ahooker/Documents/Dissertation/virtushield/final-datasets/in-the-wild-final-small/UNSAFE/1/frame_102__1.jpg,UNSAFE,UNSAFE,0.9928417205810547,baseline,in_the_wild
/Users/ahooker/Documents/Dissertation/virtushield/final-datasets/in-the-wild-final-small/UNSAFE/1/frame_103.jpg,UNSAFE,UNSAFE,0.9804521203041077,baseline,in_the_wild
/Users/ahooker/Documents/Dissertation/virtushield/final-datasets/in-the-wild-final-small/UNSAFE/1/frame_1032.jpg,UNSAFE,UNSAFE,0.9649953246116638,baseline,in_the_wild
/Users/ahooker/Documents/Dissertation/virtushield/final-datasets/in-the-wild-final-small/UNSAFE/1/frame_1038.jpg,UNSAFE,UNSAFE,0.8057767152786255,baseline,in_the_wild
/Users/ahooker/Documents/Dissertation/virtushield/final-datasets/in-the-wild-final-small/UNSAFE/1/frame_103__1.jpg,UNSAFE,UNSAFE,0.9733778238296509,baseline,in_the_wild
/Users/ahooker/Documents/Dissertation/virtushield/final-datasets/in-the-wild-final-small/UNSAFE/1/frame_103__2.jpg,UNSAFE,UNSAFE,0.7795130610466003,baseline,in_the_wild
/Users/ahooker/Documents/Dissertation/virtushield/final-datasets/in-the-wild-final-small/UNSAFE/1/frame_104.jpg,UNSAFE,UNSAFE,0.8330218195915222,baseline,in_the_wild
/Users/ahooker/Documents/Dissertation/virtushield/final-datasets/in-the-wild-final-small/UNSAFE/1/frame_104__1.jpg,UNSAFE,UNSAFE,0.8330218195915222,baseline,in_the_wild
/Users/ahooker/Documents/Dissertation/virtushield/final-datasets/in-the-wild-final-small/UNSAFE/1/frame_104__2.jpg,UNSAFE,SAFE,0.38489770889282227,baseline,in_the_wild
/Users/ahooker/Documents/Dissertation/virtushield/final-datasets/in-the-wild-final-small/UNSAFE/1/frame_105.jpg,UNSAFE,UNSAFE,0.8707669377326965,baseline,in_the_wild
/Users/ahooker/Documents/Dissertation/virtushield/final-datasets/in-the-wild-final-small/UNSAFE/1/frame_105__1.jpg,UNSAFE,UNSAFE,0.7229772210121155,baseline,in_the_wild
/Users/ahooker/Documents/Dissertation/virtushield/final-datasets/in-the-wild-final-small/UNSAFE/1/frame_106.jpg,UNSAFE,UNSAFE,0.9604343175888062,baseline,in_the_wild
/Users/ahooker/Documents/Dissertation/virtushield/final-datasets/in-the-wild-final-small/UNSAFE/1/frame_106__1.jpg,UNSAFE,UNSAFE,0.8620570302009583,baseline,in_the_wild
/Users/ahooker/Documents/Dissertation/virtushield/final-datasets/in-the-wild-final-small/UNSAFE/1/frame_108.jpg,UNSAFE,UNSAFE,0.9737935066223145,baseline,in_the_wild
/Users/ahooker/Documents/Dissertation/virtushield/final-datasets/in-the-wild-final-small/UNSAFE/1/frame_109.jpg,UNSAFE,UNSAFE,0.9732241034507751,baseline,in_the_wild
/Users/ahooker/Documents/Dissertation/virtushield/final-datasets/in-the-wild-final-small/UNSAFE/1/frame_110.jpg,UNSAFE,UNSAFE,0.7220763564109802,baseline,in_the_wild
/Users/ahooker/Documents/Dissertation/virtushield/final-datasets/in-the-wild-final-small/UNSAFE/1/frame_111.jpg,UNSAFE,UNSAFE,0.8946776986122131,baseline,in_the_wild
/Users/ahooker/Documents/Dissertation/virtushield/final-datasets/in-the-wild-final-small/UNSAFE/1/frame_112.jpg,UNSAFE,UNSAFE,0.6730863451957703,baseline,in_the_wild
/Users/ahooker/Documents/Dissertation/virtushield/final-datasets/in-the-wild-final-small/UNSAFE/1/frame_112__1.jpg,UNSAFE,UNSAFE,0.9671627879142761,baseline,in_the_wild
/Users/ahooker/Documents/Dissertation/virtushield/final-datasets/in-the-wild-final-small/UNSAFE/1/frame_113.jpg,UNSAFE,UNSAFE,0.710027813911438,baseline,in_the_wild
/Users/ahooker/Documents/Dissertation/virtushield/final-datasets/in-the-wild-final-small/UNSAFE/1/frame_114.jpg,UNSAFE,UNSAFE,0.9744728207588196,baseline,in_the_wild
/Users/ahooker/Documents/Dissertation/virtushield/final-datasets/in-the-wild-final-small/UNSAFE/1/frame_114__1.jpg,UNSAFE,UNSAFE,0.9782524704933167,baseline,in_the_wild
/Users/ahooker/Documents/Dissertation/virtushield/final-datasets/in-the-wild-final-small/UNSAFE/1/frame_116.jpg,UNSAFE,UNSAFE,0.9788835048675537,baseline,in_the_wild
/Users/ahooker/Documents/Dissertation/virtushield/final-datasets/in-the-wild-final-small/UNSAFE/1/frame_116__1.jpg,UNSAFE,UNSAFE,0.7520406246185303,baseline,in_the_wild
/Users/ahooker/Documents/Dissertation/virtushield/final-datasets/in-the-wild-final-small/UNSAFE/1/frame_116__2.jpg,UNSAFE,UNSAFE,0.8850195407867432,baseline,in_the_wild
/Users/ahooker/Documents/Dissertation/virtushield/final-datasets/in-the-wild-final-small/UNSAFE/1/frame_116__3.jpg,UNSAFE,UNSAFE,0.8424666523933411,baseline,in_the_wild
/Users/ahooker/Documents/Dissertation/virtushield/final-datasets/in-the-wild-final-small/UNSAFE/1/frame_116__4.jpg,UNSAFE,UNSAFE,0.8850195407867432,baseline,in_the_wild
/Users/ahooker/Documents/Dissertation/virtushield/final-datasets/in-the-wild-final-small/UNSAFE/1/frame_117.jpg,UNSAFE,UNSAFE,0.9432558417320251,baseline,in_the_wild
/Users/ahooker/Documents/Dissertation/virtushield/final-datasets/in-the-wild-final-small/UNSAFE/1/frame_118.jpg,UNSAFE,UNSAFE,0.7558915615081787,baseline,in_the_wild
/Users/ahooker/Documents/Dissertation/virtushield/final-datasets/in-the-wild-final-small/UNSAFE/1/frame_119.jpg,UNSAFE,UNSAFE,0.9066414833068848,baseline,in_the_wild
/Users/ahooker/Documents/Dissertation/virtushield/final-datasets/in-the-wild-final-small/UNSAFE/1/frame_12.jpg,UNSAFE,UNSAFE,0.6129166483879089,baseline,in_the_wild
/Users/ahooker/Documents/Dissertation/virtushield/final-datasets/in-the-wild-final-small/UNSAFE/1/frame_120.jpg,UNSAFE,UNSAFE,0.981082558631897,baseline,in_the_wild
/Users/ahooker/Documents/Dissertation/virtushield/final-datasets/in-the-wild-final-small/UNSAFE/1/frame_121.jpg,UNSAFE,UNSAFE,0.924464225769043,baseline,in_the_wild
/Users/ahooker/Documents/Dissertation/virtushield/final-datasets/in-the-wild-final-small/UNSAFE/1/frame_122.jpg,UNSAFE,UNSAFE,0.8111766576766968,baseline,in_the_wild
/Users/ahooker/Documents/Dissertation/virtushield/final-datasets/in-the-wild-final-small/UNSAFE/1/frame_123.jpg,UNSAFE,UNSAFE,0.9530127644538879,baseline,in_the_wild
/Users/ahooker/Documents/Dissertation/virtushield/final-datasets/in-the-wild-final-small/UNSAFE/1/frame_124.jpg,UNSAFE,UNSAFE,0.9660283923149109,baseline,in_the_wild
/Users/ahooker/Documents/Dissertation/virtushield/final-datasets/in-the-wild-final-small/UNSAFE/1/frame_124__1.jpg,UNSAFE,UNSAFE,0.9624606966972351,baseline,in_the_wild
/Users/ahooker/Documents/Dissertation/virtushield/final-datasets/in-the-wild-final-small/UNSAFE/1/frame_126.jpg,UNSAFE,UNSAFE,0.8047525882720947,baseline,in_the_wild
/Users/ahooker/Documents/Dissertation/virtushield/final-datasets/in-the-wild-final-small/UNSAFE/1/frame_128.jpg,UNSAFE,UNSAFE,0.8151267766952515,baseline,in_the_wild
/Users/ahooker/Documents/Dissertation/virtushield/final-datasets/in-the-wild-final-small/UNSAFE/1/frame_128__1.jpg,UNSAFE,UNSAFE,0.9795140027999878,baseline,in_the_wild
/Users/ahooker/Documents/Dissertation/virtushield/final-datasets/in-the-wild-final-small/UNSAFE/1/frame_128__2.jpg,UNSAFE,UNSAFE,0.8447637557983398,baseline,in_the_wild
/Users/ahooker/Documents/Dissertation/virtushield/final-datasets/in-the-wild-final-small/UNSAFE/1/frame_129.jpg,UNSAFE,UNSAFE,0.8536158204078674,baseline,in_the_wild
/Users/ahooker/Documents/Dissertation/virtushield/final-datasets/in-the-wild-final-small/UNSAFE/1/frame_129__1.jpg,UNSAFE,UNSAFE,0.9881747961044312,baseline,in_the_wild
/Users/ahooker/Documents/Dissertation/virtushield/final-datasets/in-the-wild-final-small/UNSAFE/1/frame_130.jpg,UNSAFE,UNSAFE,0.9718292951583862,baseline,in_the_wild
/Users/ahooker/Documents/Dissertation/virtushield/final-datasets/in-the-wild-final-small/UNSAFE/1/frame_130__1.jpg,UNSAFE,UNSAFE,0.8564550280570984,baseline,in_the_wild
/Users/ahooker/Documents/Dissertation/virtushield/final-datasets/in-the-wild-final-small/UNSAFE/1/frame_130__2.jpg,UNSAFE,UNSAFE,0.8774776458740234,baseline,in_the_wild
/Users/ahooker/Documents/Dissertation/virtushield/final-datasets/in-the-wild-final-small/UNSAFE/1/frame_132.jpg,UNSAFE,UNSAFE,0.8253580927848816,baseline,in_the_wild
/Users/ahooker/Documents/Dissertation/virtushield/final-datasets/in-the-wild-final-small/UNSAFE/1/frame_133.jpg,UNSAFE,UNSAFE,0.8938796520233154,baseline,in_the_wild
/Users/ahooker/Documents/Dissertation/virtushield/final-datasets/in-the-wild-final-small/UNSAFE/1/frame_133__1.jpg,UNSAFE,UNSAFE,0.8963390588760376,baseline,in_the_wild
/Users/ahooker/Documents/Dissertation/virtushield/final-datasets/in-the-wild-final-small/UNSAFE/1/frame_134.jpg,UNSAFE,UNSAFE,0.9366959929466248,baseline,in_the_wild
/Users/ahooker/Documents/Dissertation/virtushield/final-datasets/in-the-wild-final-small/UNSAFE/1/frame_135.jpg,UNSAFE,UNSAFE,0.9668563604354858,baseline,in_the_wild
/Users/ahooker/Documents/Dissertation/virtushield/final-datasets/in-the-wild-final-small/UNSAFE/1/frame_136.jpg,UNSAFE,UNSAFE,0.9874974489212036,baseline,in_the_wild
/Users/ahooker/Documents/Dissertation/virtushield/final-datasets/in-the-wild-final-small/UNSAFE/1/frame_136__1.jpg,UNSAFE,UNSAFE,0.9760873317718506,baseline,in_the_wild
/Users/ahooker/Documents/Dissertation/virtushield/final-datasets/in-the-wild-final-small/UNSAFE/1/frame_137.jpg,UNSAFE,UNSAFE,0.9836345911026001,baseline,in_the_wild
/Users/ahooker/Documents/Dissertation/virtushield/final-datasets/in-the-wild-final-small/UNSAFE/1/frame_137__1.jpg,UNSAFE,UNSAFE,0.9704052209854126,baseline,in_the_wild
/Users/ahooker/Documents/Dissertation/virtushield/final-datasets/in-the-wild-final-small/UNSAFE/1/frame_138.jpg,UNSAFE,UNSAFE,0.9650529623031616,baseline,in_the_wild
/Users/ahooker/Documents/Dissertation/virtushield/final-datasets/in-the-wild-final-small/UNSAFE/1/frame_139.jpg,UNSAFE,UNSAFE,0.9643526077270508,baseline,in_the_wild
/Users/ahooker/Documents/Dissertation/virtushield/final-datasets/in-the-wild-final-small/UNSAFE/1/frame_139__1.jpg,UNSAFE,UNSAFE,0.8669539093971252,baseline,in_the_wild
/Users/ahooker/Documents/Dissertation/virtushield/final-datasets/in-the-wild-final-small/UNSAFE/1/frame_14.jpg,UNSAFE,UNSAFE,0.7508922219276428,baseline,in_the_wild
/Users/ahooker/Documents/Dissertation/virtushield/final-datasets/in-the-wild-final-small/UNSAFE/1/frame_140.jpg,UNSAFE,UNSAFE,0.9761517643928528,baseline,in_the_wild
/Users/ahooker/Documents/Dissertation/virtushield/final-datasets/in-the-wild-final-small/UNSAFE/1/frame_145.jpg,UNSAFE,UNSAFE,0.9089876413345337,baseline,in_the_wild
/Users/ahooker/Documents/Dissertation/virtushield/final-datasets/in-the-wild-final-small/UNSAFE/1/frame_146.jpg,UNSAFE,UNSAFE,0.8336438536643982,baseline,in_the_wild
/Users/ahooker/Documents/Dissertation/virtushield/final-datasets/in-the-wild-final-small/UNSAFE/1/frame_146__1.jpg,UNSAFE,UNSAFE,0.8336438536643982,baseline,in_the_wild
/Users/ahooker/Documents/Dissertation/virtushield/final-datasets/in-the-wild-final-small/UNSAFE/1/frame_147.jpg,UNSAFE,UNSAFE,0.9139026403427124,baseline,in_the_wild
/Users/ahooker/Documents/Dissertation/virtushield/final-datasets/in-the-wild-final-small/UNSAFE/1/frame_147__1.jpg,UNSAFE,UNSAFE,0.8425635099411011,baseline,in_the_wild
/Users/ahooker/Documents/Dissertation/virtushield/final-datasets/in-the-wild-final-small/UNSAFE/1/frame_148.jpg,UNSAFE,UNSAFE,0.8653912544250488,baseline,in_the_wild
/Users/ahooker/Documents/Dissertation/virtushield/final-datasets/in-the-wild-final-small/UNSAFE/1/frame_148__1.jpg,UNSAFE,UNSAFE,0.968227207660675,baseline,in_the_wild
/Users/ahooker/Documents/Dissertation/virtushield/final-datasets/in-the-wild-final-small/UNSAFE/1/frame_149.jpg,UNSAFE,UNSAFE,0.9391294121742249,baseline,in_the_wild
/Users/ahooker/Documents/Dissertation/virtushield/final-datasets/in-the-wild-final-small/UNSAFE/1/frame_151.jpg,UNSAFE,UNSAFE,0.6399514079093933,baseline,in_the_wild
/Users/ahooker/Documents/Dissertation/virtushield/final-datasets/in-the-wild-final-small/UNSAFE/1/frame_151__1.jpg,UNSAFE,UNSAFE,0.994163453578949,baseline,in_the_wild
/Users/ahooker/Documents/Dissertation/virtushield/final-datasets/in-the-wild-final-small/UNSAFE/1/frame_151__2.jpg,UNSAFE,UNSAFE,0.8710343837738037,baseline,in_the_wild
/Users/ahooker/Documents/Dissertation/virtushield/final-datasets/in-the-wild-final-small/UNSAFE/1/frame_152.jpg,UNSAFE,UNSAFE,0.9612535834312439,baseline,in_the_wild
/Users/ahooker/Documents/Dissertation/virtushield/final-datasets/in-the-wild-final-small/UNSAFE/1/frame_152__1.jpg,UNSAFE,UNSAFE,0.9873731732368469,baseline,in_the_wild
/Users/ahooker/Documents/Dissertation/virtushield/final-datasets/in-the-wild-final-small/UNSAFE/1/frame_153.jpg,UNSAFE,UNSAFE,0.7407692670822144,baseline,in_the_wild
/Users/ahooker/Documents/Dissertation/virtushield/final-datasets/in-the-wild-final-small/UNSAFE/1/frame_153__1.jpg,UNSAFE,UNSAFE,0.9473678469657898,baseline,in_the_wild
/Users/ahooker/Documents/Dissertation/virtushield/final-datasets/in-the-wild-final-small/UNSAFE/1/frame_154.jpg,UNSAFE,UNSAFE,0.95646071434021,baseline,in_the_wild
/Users/ahooker/Documents/Dissertation/virtushield/final-datasets/in-the-wild-final-small/UNSAFE/1/frame_155.jpg,UNSAFE,UNSAFE,0.9436442852020264,baseline,in_the_wild
/Users/ahooker/Documents/Dissertation/virtushield/final-datasets/in-the-wild-final-small/UNSAFE/1/frame_155__1.jpg,UNSAFE,UNSAFE,0.8879882097244263,baseline,in_the_wild
/Users/ahooker/Documents/Dissertation/virtushield/final-datasets/in-the-wild-final-small/UNSAFE/1/frame_157.jpg,UNSAFE,UNSAFE,0.6450897455215454,baseline,in_the_wild
/Users/ahooker/Documents/Dissertation/virtushield/final-datasets/in-the-wild-final-small/UNSAFE/1/frame_158.jpg,UNSAFE,UNSAFE,0.9667195081710815,baseline,in_the_wild
/Users/ahooker/Documents/Dissertation/virtushield/final-datasets/in-the-wild-final-small/UNSAFE/1/frame_158__1.jpg,UNSAFE,UNSAFE,0.9750924110412598,baseline,in_the_wild
/Users/ahooker/Documents/Dissertation/virtushield/final-datasets/in-the-wild-final-small/UNSAFE/1/frame_159.jpg,UNSAFE,UNSAFE,0.813946545124054,baseline,in_the_wild
/Users/ahooker/Documents/Dissertation/virtushield/final-datasets/in-the-wild-final-small/UNSAFE/1/frame_159__1.jpg,UNSAFE,UNSAFE,0.921895444393158,baseline,in_the_wild
/Users/ahooker/Documents/Dissertation/virtushield/final-datasets/in-the-wild-final-small/UNSAFE/1/frame_16.jpg,UNSAFE,UNSAFE,0.6049405932426453,baseline,in_the_wild
/Users/ahooker/Documents/Dissertation/virtushield/final-datasets/in-the-wild-final-small/UNSAFE/1/frame_161.jpg,UNSAFE,UNSAFE,0.7877079844474792,baseline,in_the_wild
/Users/ahooker/Documents/Dissertation/virtushield/final-datasets/in-the-wild-final-small/UNSAFE/1/frame_162.jpg,UNSAFE,UNSAFE,0.731046199798584,baseline,in_the_wild
/Users/ahooker/Documents/Dissertation/virtushield/final-datasets/in-the-wild-final-small/UNSAFE/1/frame_163.jpg,UNSAFE,UNSAFE,0.7874594330787659,baseline,in_the_wild
/Users/ahooker/Documents/Dissertation/virtushield/final-datasets/in-the-wild-final-small/UNSAFE/1/frame_164.jpg,UNSAFE,UNSAFE,0.8898935914039612,baseline,in_the_wild
/Users/ahooker/Documents/Dissertation/virtushield/final-datasets/in-the-wild-final-small/UNSAFE/1/frame_164__1.jpg,UNSAFE,UNSAFE,0.9804102778434753,baseline,in_the_wild
/Users/ahooker/Documents/Dissertation/virtushield/final-datasets/in-the-wild-final-small/UNSAFE/1/frame_165.jpg,UNSAFE,UNSAFE,0.9659825563430786,baseline,in_the_wild
/Users/ahooker/Documents/Dissertation/virtushield/final-datasets/in-the-wild-final-small/UNSAFE/1/frame_165__1.jpg,UNSAFE,UNSAFE,0.9936841130256653,baseline,in_the_wild
/Users/ahooker/Documents/Dissertation/virtushield/final-datasets/in-the-wild-final-small/UNSAFE/1/frame_168.jpg,UNSAFE,UNSAFE,0.961870014667511,baseline,in_the_wild
/Users/ahooker/Documents/Dissertation/virtushield/final-datasets/in-the-wild-final-small/UNSAFE/1/frame_169.jpg,UNSAFE,UNSAFE,0.8108120560646057,baseline,in_the_wild
/Users/ahooker/Documents/Dissertation/virtushield/final-datasets/in-the-wild-final-small/UNSAFE/1/frame_170.jpg,UNSAFE,UNSAFE,0.8694649338722229,baseline,in_the_wild
/Users/ahooker/Documents/Dissertation/virtushield/final-datasets/in-the-wild-final-small/UNSAFE/1/frame_171.jpg,UNSAFE,UNSAFE,0.9896174669265747,baseline,in_the_wild
/Users/ahooker/Documents/Dissertation/virtushield/final-datasets/in-the-wild-final-small/UNSAFE/1/frame_171__1.jpg,UNSAFE,UNSAFE,0.9806346893310547,baseline,in_the_wild
/Users/ahooker/Documents/Dissertation/virtushield/final-datasets/in-the-wild-final-small/UNSAFE/1/frame_172.jpg,UNSAFE,UNSAFE,0.95328688621521,baseline,in_the_wild
/Users/ahooker/Documents/Dissertation/virtushield/final-datasets/in-the-wild-final-small/UNSAFE/1/frame_174.jpg,UNSAFE,UNSAFE,0.9870831966400146,baseline,in_the_wild
/Users/ahooker/Documents/Dissertation/virtushield/final-datasets/in-the-wild-final-small/UNSAFE/1/frame_175.jpg,UNSAFE,UNSAFE,0.9505136609077454,baseline,in_the_wild
/Users/ahooker/Documents/Dissertation/virtushield/final-datasets/in-the-wild-final-small/UNSAFE/1/frame_177.jpg,UNSAFE,UNSAFE,0.8199479579925537,baseline,in_the_wild
/Users/ahooker/Documents/Dissertation/virtushield/final-datasets/in-the-wild-final-small/UNSAFE/1/frame_177__1.jpg,UNSAFE,UNSAFE,0.9842808246612549,baseline,in_the_wild
/Users/ahooker/Documents/Dissertation/virtushield/final-datasets/in-the-wild-final-small/UNSAFE/1/frame_178.jpg,UNSAFE,UNSAFE,0.8347355127334595,baseline,in_the_wild
/Users/ahooker/Documents/Dissertation/virtushield/final-datasets/in-the-wild-final-small/UNSAFE/1/frame_179.jpg,UNSAFE,UNSAFE,0.8870903849601746,baseline,in_the_wild
/Users/ahooker/Documents/Dissertation/virtushield/final-datasets/in-the-wild-final-small/UNSAFE/1/frame_180.jpg,UNSAFE,UNSAFE,0.9904986023902893,baseline,in_the_wild
/Users/ahooker/Documents/Dissertation/virtushield/final-datasets/in-the-wild-final-small/UNSAFE/1/frame_180__1.jpg,UNSAFE,UNSAFE,0.8047783374786377,baseline,in_the_wild
/Users/ahooker/Documents/Dissertation/virtushield/final-datasets/in-the-wild-final-small/UNSAFE/1/frame_181.jpg,UNSAFE,UNSAFE,0.7643822431564331,baseline,in_the_wild
/Users/ahooker/Documents/Dissertation/virtushield/final-datasets/in-the-wild-final-small/UNSAFE/1/frame_181__1.jpg,UNSAFE,UNSAFE,0.990885317325592,baseline,in_the_wild
/Users/ahooker/Documents/Dissertation/virtushield/final-datasets/in-the-wild-final-small/UNSAFE/1/frame_184.jpg,UNSAFE,UNSAFE,0.7548659443855286,baseline,in_the_wild
/Users/ahooker/Documents/Dissertation/virtushield/final-datasets/in-the-wild-final-small/UNSAFE/1/frame_184__1.jpg,UNSAFE,UNSAFE,0.9021586775779724,baseline,in_the_wild
/Users/ahooker/Documents/Dissertation/virtushield/final-datasets/in-the-wild-final-small/UNSAFE/1/frame_184__2.jpg,UNSAFE,UNSAFE,0.9021586775779724,baseline,in_the_wild
/Users/ahooker/Documents/Dissertation/virtushield/final-datasets/in-the-wild-final-small/UNSAFE/1/frame_185.jpg,UNSAFE,UNSAFE,0.7805830836296082,baseline,in_the_wild
/Users/ahooker/Documents/Dissertation/virtushield/final-datasets/in-the-wild-final-small/UNSAFE/1/frame_189.jpg,UNSAFE,UNSAFE,0.8141607642173767,baseline,in_the_wild
/Users/ahooker/Documents/Dissertation/virtushield/final-datasets/in-the-wild-final-small/UNSAFE/1/frame_191.jpg,UNSAFE,UNSAFE,0.7992532253265381,baseline,in_the_wild
/Users/ahooker/Documents/Dissertation/virtushield/final-datasets/in-the-wild-final-small/UNSAFE/1/frame_192.jpg,UNSAFE,UNSAFE,0.9863568544387817,baseline,in_the_wild
/Users/ahooker/Documents/Dissertation/virtushield/final-datasets/in-the-wild-final-small/UNSAFE/1/frame_196.jpg,UNSAFE,UNSAFE,0.9398276209831238,baseline,in_the_wild
/Users/ahooker/Documents/Dissertation/virtushield/final-datasets/in-the-wild-final-small/UNSAFE/1/frame_199.jpg,UNSAFE,UNSAFE,0.9827255010604858,baseline,in_the_wild
/Users/ahooker/Documents/Dissertation/virtushield/final-datasets/in-the-wild-final-small/UNSAFE/1/frame_20.jpg,UNSAFE,UNSAFE,0.920470118522644,baseline,in_the_wild
/Users/ahooker/Documents/Dissertation/virtushield/final-datasets/in-the-wild-final-small/UNSAFE/1/frame_200.jpg,UNSAFE,UNSAFE,0.8914667963981628,baseline,in_the_wild
/Users/ahooker/Documents/Dissertation/virtushield/final-datasets/in-the-wild-final-small/UNSAFE/1/frame_201.jpg,UNSAFE,UNSAFE,0.7210485935211182,baseline,in_the_wild
/Users/ahooker/Documents/Dissertation/virtushield/final-datasets/in-the-wild-final-small/UNSAFE/1/frame_201__1.jpg,UNSAFE,UNSAFE,0.9688775539398193,baseline,in_the_wild
/Users/ahooker/Documents/Dissertation/virtushield/final-datasets/in-the-wild-final-small/UNSAFE/1/frame_202.jpg,UNSAFE,UNSAFE,0.9458094239234924,baseline,in_the_wild
/Users/ahooker/Documents/Dissertation/virtushield/final-datasets/in-the-wild-final-small/UNSAFE/1/frame_203.jpg,UNSAFE,UNSAFE,0.9034311771392822,baseline,in_the_wild
/Users/ahooker/Documents/Dissertation/virtushield/final-datasets/in-the-wild-final-small/UNSAFE/1/frame_204.jpg,UNSAFE,UNSAFE,0.9845584034919739,baseline,in_the_wild
/Users/ahooker/Documents/Dissertation/virtushield/final-datasets/in-the-wild-final-small/UNSAFE/1/frame_205.jpg,UNSAFE,SAFE,0.4885888695716858,baseline,in_the_wild
/Users/ahooker/Documents/Dissertation/virtushield/final-datasets/in-the-wild-final-small/UNSAFE/1/frame_205__1.jpg,UNSAFE,UNSAFE,0.9851851463317871,baseline,in_the_wild
/Users/ahooker/Documents/Dissertation/virtushield/final-datasets/in-the-wild-final-small/UNSAFE/1/frame_205__2.jpg,UNSAFE,UNSAFE,0.9134743809700012,baseline,in_the_wild
/Users/ahooker/Documents/Dissertation/virtushield/final-datasets/in-the-wild-final-small/UNSAFE/1/frame_207.jpg,UNSAFE,UNSAFE,0.9766319394111633,baseline,in_the_wild
/Users/ahooker/Documents/Dissertation/virtushield/final-datasets/in-the-wild-final-small/UNSAFE/1/frame_207__1.jpg,UNSAFE,UNSAFE,0.9402603507041931,baseline,in_the_wild
/Users/ahooker/Documents/Dissertation/virtushield/final-datasets/in-the-wild-final-small/UNSAFE/1/frame_208.jpg,UNSAFE,UNSAFE,0.8984679579734802,baseline,in_the_wild
/Users/ahooker/Documents/Dissertation/virtushield/final-datasets/in-the-wild-final-small/UNSAFE/1/frame_208__1.jpg,UNSAFE,UNSAFE,0.9441431760787964,baseline,in_the_wild
/Users/ahooker/Documents/Dissertation/virtushield/final-datasets/in-the-wild-final-small/UNSAFE/1/frame_208__2.jpg,UNSAFE,UNSAFE,0.6617098450660706,baseline,in_the_wild
/Users/ahooker/Documents/Dissertation/virtushield/final-datasets/in-the-wild-final-small/UNSAFE/1/frame_208__3.jpg,UNSAFE,UNSAFE,0.9849379062652588,baseline,in_the_wild
/Users/ahooker/Documents/Dissertation/virtushield/final-datasets/in-the-wild-final-small/UNSAFE/1/frame_209.jpg,UNSAFE,UNSAFE,0.917700469493866,baseline,in_the_wild
/Users/ahooker/Documents/Dissertation/virtushield/final-datasets/in-the-wild-final-small/UNSAFE/1/frame_209__1.jpg,UNSAFE,UNSAFE,0.8152161240577698,baseline,in_the_wild
/Users/ahooker/Documents/Dissertation/virtushield/final-datasets/in-the-wild-final-small/UNSAFE/1/frame_20__1.jpg,UNSAFE,UNSAFE,0.8244854211807251,baseline,in_the_wild
/Users/ahooker/Documents/Dissertation/virtushield/final-datasets/in-the-wild-final-small/UNSAFE/1/frame_21.jpg,UNSAFE,UNSAFE,0.7212768197059631,baseline,in_the_wild
/Users/ahooker/Documents/Dissertation/virtushield/final-datasets/in-the-wild-final-small/UNSAFE/1/frame_210.jpg,UNSAFE,UNSAFE,0.9338214993476868,baseline,in_the_wild
/Users/ahooker/Documents/Dissertation/virtushield/final-datasets/in-the-wild-final-small/UNSAFE/1/frame_210__1.jpg,UNSAFE,UNSAFE,0.9773331880569458,baseline,in_the_wild
/Users/ahooker/Documents/Dissertation/virtushield/final-datasets/in-the-wild-final-small/UNSAFE/1/frame_215.jpg,UNSAFE,UNSAFE,0.9580004215240479,baseline,in_the_wild
/Users/ahooker/Documents/Dissertation/virtushield/final-datasets/in-the-wild-final-small/UNSAFE/1/frame_215__1.jpg,UNSAFE,UNSAFE,0.8781200647354126,baseline,in_the_wild
/Users/ahooker/Documents/Dissertation/virtushield/final-datasets/in-the-wild-final-small/UNSAFE/1/frame_217.jpg,UNSAFE,UNSAFE,0.9168961644172668,baseline,in_the_wild
/Users/ahooker/Documents/Dissertation/virtushield/final-datasets/in-the-wild-final-small/UNSAFE/1/frame_219.jpg,UNSAFE,UNSAFE,0.8903717398643494,baseline,in_the_wild
/Users/ahooker/Documents/Dissertation/virtushield/final-datasets/in-the-wild-final-small/UNSAFE/1/frame_219__1.jpg,UNSAFE,UNSAFE,0.8903717398643494,baseline,in_the_wild
/Users/ahooker/Documents/Dissertation/virtushield/final-datasets/in-the-wild-final-small/UNSAFE/1/frame_22.jpg,UNSAFE,UNSAFE,0.9068934321403503,baseline,in_the_wild
/Users/ahooker/Documents/Dissertation/virtushield/final-datasets/in-the-wild-final-small/UNSAFE/1/frame_222.jpg,UNSAFE,UNSAFE,0.9468799233436584,baseline,in_the_wild
/Users/ahooker/Documents/Dissertation/virtushield/final-datasets/in-the-wild-final-small/UNSAFE/1/frame_222__1.jpg,UNSAFE,UNSAFE,0.8329289555549622,baseline,in_the_wild
/Users/ahooker/Documents/Dissertation/virtushield/final-datasets/in-the-wild-final-small/UNSAFE/1/frame_223.jpg,UNSAFE,UNSAFE,0.898426353931427,baseline,in_the_wild
/Users/ahooker/Documents/Dissertation/virtushield/final-datasets/in-the-wild-final-small/UNSAFE/1/frame_227.jpg,UNSAFE,UNSAFE,0.8663742542266846,baseline,in_the_wild
/Users/ahooker/Documents/Dissertation/virtushield/final-datasets/in-the-wild-final-small/UNSAFE/1/frame_229.jpg,UNSAFE,UNSAFE,0.9180637001991272,baseline,in_the_wild
/Users/ahooker/Documents/Dissertation/virtushield/final-datasets/in-the-wild-final-small/UNSAFE/1/frame_230.jpg,UNSAFE,UNSAFE,0.9284510612487793,baseline,in_the_wild
/Users/ahooker/Documents/Dissertation/virtushield/final-datasets/in-the-wild-final-small/UNSAFE/1/frame_231.jpg,UNSAFE,UNSAFE,0.8726412653923035,baseline,in_the_wild
/Users/ahooker/Documents/Dissertation/virtushield/final-datasets/in-the-wild-final-small/UNSAFE/1/frame_232.jpg,UNSAFE,UNSAFE,0.9266975522041321,baseline,in_the_wild
/Users/ahooker/Documents/Dissertation/virtushield/final-datasets/in-the-wild-final-small/UNSAFE/1/frame_232__1.jpg,UNSAFE,UNSAFE,0.9794466495513916,baseline,in_the_wild
/Users/ahooker/Documents/Dissertation/virtushield/final-datasets/in-the-wild-final-small/UNSAFE/1/frame_234.jpg,UNSAFE,UNSAFE,0.9342319369316101,baseline,in_the_wild
/Users/ahooker/Documents/Dissertation/virtushield/final-datasets/in-the-wild-final-small/UNSAFE/1/frame_235.jpg,UNSAFE,UNSAFE,0.9601176977157593,baseline,in_the_wild
/Users/ahooker/Documents/Dissertation/virtushield/final-datasets/in-the-wild-final-small/UNSAFE/1/frame_236.jpg,UNSAFE,UNSAFE,0.8910474181175232,baseline,in_the_wild
/Users/ahooker/Documents/Dissertation/virtushield/final-datasets/in-the-wild-final-small/UNSAFE/1/frame_238.jpg,UNSAFE,UNSAFE,0.9310752153396606,baseline,in_the_wild
/Users/ahooker/Documents/Dissertation/virtushield/final-datasets/in-the-wild-final-small/UNSAFE/1/frame_238__1.jpg,UNSAFE,UNSAFE,0.9525743722915649,baseline,in_the_wild
/Users/ahooker/Documents/Dissertation/virtushield/final-datasets/in-the-wild-final-small/UNSAFE/1/frame_239.jpg,UNSAFE,UNSAFE,0.8703392148017883,baseline,in_the_wild
/Users/ahooker/Documents/Dissertation/virtushield/final-datasets/in-the-wild-final-small/UNSAFE/1/frame_24.jpg,UNSAFE,UNSAFE,0.7124150991439819,baseline,in_the_wild
/Users/ahooker/Documents/Dissertation/virtushield/final-datasets/in-the-wild-final-small/UNSAFE/1/frame_240.jpg,UNSAFE,UNSAFE,0.9533085227012634,baseline,in_the_wild
/Users/ahooker/Documents/Dissertation/virtushield/final-datasets/in-the-wild-final-small/UNSAFE/1/frame_244.jpg,UNSAFE,UNSAFE,0.9615975618362427,baseline,in_the_wild
/Users/ahooker/Documents/Dissertation/virtushield/final-datasets/in-the-wild-final-small/UNSAFE/1/frame_245.jpg,UNSAFE,UNSAFE,0.9436278343200684,baseline,in_the_wild
/Users/ahooker/Documents/Dissertation/virtushield/final-datasets/in-the-wild-final-small/UNSAFE/1/frame_246.jpg,UNSAFE,UNSAFE,0.9456954598426819,baseline,in_the_wild
/Users/ahooker/Documents/Dissertation/virtushield/final-datasets/in-the-wild-final-small/UNSAFE/1/frame_248.jpg,UNSAFE,UNSAFE,0.9863923192024231,baseline,in_the_wild
/Users/ahooker/Documents/Dissertation/virtushield/final-datasets/in-the-wild-final-small/UNSAFE/1/frame_248__1.jpg,UNSAFE,UNSAFE,0.9676777720451355,baseline,in_the_wild
/Users/ahooker/Documents/Dissertation/virtushield/final-datasets/in-the-wild-final-small/UNSAFE/1/frame_250.jpg,UNSAFE,UNSAFE,0.9159199595451355,baseline,in_the_wild
/Users/ahooker/Documents/Dissertation/virtushield/final-datasets/in-the-wild-final-small/UNSAFE/1/frame_253.jpg,UNSAFE,UNSAFE,0.969535231590271,baseline,in_the_wild
/Users/ahooker/Documents/Dissertation/virtushield/final-datasets/in-the-wild-final-small/UNSAFE/1/frame_254.jpg,UNSAFE,UNSAFE,0.9544001221656799,baseline,in_the_wild
/Users/ahooker/Documents/Dissertation/virtushield/final-datasets/in-the-wild-final-small/UNSAFE/1/frame_254__1.jpg,UNSAFE,UNSAFE,0.9379783868789673,baseline,in_the_wild
/Users/ahooker/Documents/Dissertation/virtushield/final-datasets/in-the-wild-final-small/UNSAFE/1/frame_254__2.jpg,UNSAFE,UNSAFE,0.9544001221656799,baseline,in_the_wild
/Users/ahooker/Documents/Dissertation/virtushield/final-datasets/in-the-wild-final-small/UNSAFE/1/frame_255.jpg,UNSAFE,UNSAFE,0.9354727864265442,baseline,in_the_wild
/Users/ahooker/Documents/Dissertation/virtushield/final-datasets/in-the-wild-final-small/UNSAFE/1/frame_261.jpg,UNSAFE,UNSAFE,0.9772043228149414,baseline,in_the_wild
/Users/ahooker/Documents/Dissertation/virtushield/final-datasets/in-the-wild-final-small/UNSAFE/1/frame_262.jpg,UNSAFE,UNSAFE,0.915178656578064,baseline,in_the_wild
/Users/ahooker/Documents/Dissertation/virtushield/final-datasets/in-the-wild-final-small/UNSAFE/1/frame_263.jpg,UNSAFE,UNSAFE,0.956198513507843,baseline,in_the_wild
/Users/ahooker/Documents/Dissertation/virtushield/final-datasets/in-the-wild-final-small/UNSAFE/1/frame_263__1.jpg,UNSAFE,UNSAFE,0.9242331385612488,baseline,in_the_wild
/Users/ahooker/Documents/Dissertation/virtushield/final-datasets/in-the-wild-final-small/UNSAFE/1/frame_264.jpg,UNSAFE,UNSAFE,0.934246301651001,baseline,in_the_wild
/Users/ahooker/Documents/Dissertation/virtushield/final-datasets/in-the-wild-final-small/UNSAFE/1/frame_266.jpg,UNSAFE,UNSAFE,0.9616991281509399,baseline,in_the_wild
/Users/ahooker/Documents/Dissertation/virtushield/final-datasets/in-the-wild-final-small/UNSAFE/1/frame_268.jpg,UNSAFE,UNSAFE,0.9472633600234985,baseline,in_the_wild
/Users/ahooker/Documents/Dissertation/virtushield/final-datasets/in-the-wild-final-small/UNSAFE/1/frame_272.jpg,UNSAFE,UNSAFE,0.9428367614746094,baseline,in_the_wild
/Users/ahooker/Documents/Dissertation/virtushield/final-datasets/in-the-wild-final-small/UNSAFE/1/frame_273.jpg,UNSAFE,UNSAFE,0.9592553973197937,baseline,in_the_wild
/Users/ahooker/Documents/Dissertation/virtushield/final-datasets/in-the-wild-final-small/UNSAFE/1/frame_274.jpg,UNSAFE,UNSAFE,0.9628298878669739,baseline,in_the_wild
/Users/ahooker/Documents/Dissertation/virtushield/final-datasets/in-the-wild-final-small/UNSAFE/1/frame_274__1.jpg,UNSAFE,UNSAFE,0.9653986096382141,baseline,in_the_wild
/Users/ahooker/Documents/Dissertation/virtushield/final-datasets/in-the-wild-final-small/UNSAFE/1/frame_275.jpg,UNSAFE,UNSAFE,0.9650399684906006,baseline,in_the_wild
/Users/ahooker/Documents/Dissertation/virtushield/final-datasets/in-the-wild-final-small/UNSAFE/1/frame_276.jpg,UNSAFE,UNSAFE,0.9195109009742737,baseline,in_the_wild
/Users/ahooker/Documents/Dissertation/virtushield/final-datasets/in-the-wild-final-small/UNSAFE/1/frame_276__1.jpg,UNSAFE,UNSAFE,0.9689968824386597,baseline,in_the_wild
/Users/ahooker/Documents/Dissertation/virtushield/final-datasets/in-the-wild-final-small/UNSAFE/1/frame_276__2.jpg,UNSAFE,UNSAFE,0.9631147384643555,baseline,in_the_wild
/Users/ahooker/Documents/Dissertation/virtushield/final-datasets/in-the-wild-final-small/UNSAFE/1/frame_278.jpg,UNSAFE,UNSAFE,0.9736747145652771,baseline,in_the_wild
/Users/ahooker/Documents/Dissertation/virtushield/final-datasets/in-the-wild-final-small/UNSAFE/1/frame_279.jpg,UNSAFE,UNSAFE,0.9548434615135193,baseline,in_the_wild
/Users/ahooker/Documents/Dissertation/virtushield/final-datasets/in-the-wild-final-small/UNSAFE/1/frame_28.jpg,UNSAFE,UNSAFE,0.7966004014015198,baseline,in_the_wild
/Users/ahooker/Documents/Dissertation/virtushield/final-datasets/in-the-wild-final-small/UNSAFE/1/frame_281.jpg,UNSAFE,UNSAFE,0.6281735301017761,baseline,in_the_wild
/Users/ahooker/Documents/Dissertation/virtushield/final-datasets/in-the-wild-final-small/UNSAFE/1/frame_281__1.jpg,UNSAFE,UNSAFE,0.91362464427948,baseline,in_the_wild
/Users/ahooker/Documents/Dissertation/virtushield/final-datasets/in-the-wild-final-small/UNSAFE/1/frame_282.jpg,UNSAFE,UNSAFE,0.9380230903625488,baseline,in_the_wild
/Users/ahooker/Documents/Dissertation/virtushield/final-datasets/in-the-wild-final-small/UNSAFE/1/frame_286.jpg,UNSAFE,UNSAFE,0.9864212274551392,baseline,in_the_wild
/Users/ahooker/Documents/Dissertation/virtushield/final-datasets/in-the-wild-final-small/UNSAFE/1/frame_286__1.jpg,UNSAFE,UNSAFE,0.8824094533920288,baseline,in_the_wild
/Users/ahooker/Documents/Dissertation/virtushield/final-datasets/in-the-wild-final-small/UNSAFE/1/frame_287.jpg,UNSAFE,UNSAFE,0.9840841889381409,baseline,in_the_wild
/Users/ahooker/Documents/Dissertation/virtushield/final-datasets/in-the-wild-final-small/UNSAFE/1/frame_288.jpg,UNSAFE,UNSAFE,0.973244309425354,baseline,in_the_wild
/Users/ahooker/Documents/Dissertation/virtushield/final-datasets/in-the-wild-final-small/UNSAFE/1/frame_288__1.jpg,UNSAFE,UNSAFE,0.9722982048988342,baseline,in_the_wild
/Users/ahooker/Documents/Dissertation/virtushield/final-datasets/in-the-wild-final-small/UNSAFE/1/frame_289.jpg,UNSAFE,UNSAFE,0.9782085418701172,baseline,in_the_wild
/Users/ahooker/Documents/Dissertation/virtushield/final-datasets/in-the-wild-final-small/UNSAFE/1/frame_289__1.jpg,UNSAFE,UNSAFE,0.8752080202102661,baseline,in_the_wild
/Users/ahooker/Documents/Dissertation/virtushield/final-datasets/in-the-wild-final-small/UNSAFE/1/frame_28__1.jpg,UNSAFE,UNSAFE,0.9760401248931885,baseline,in_the_wild
/Users/ahooker/Documents/Dissertation/virtushield/final-datasets/in-the-wild-final-small/UNSAFE/1/frame_290.jpg,UNSAFE,UNSAFE,0.9240752458572388,baseline,in_the_wild
/Users/ahooker/Documents/Dissertation/virtushield/final-datasets/in-the-wild-final-small/UNSAFE/1/frame_290__1.jpg,UNSAFE,UNSAFE,0.9638633728027344,baseline,in_the_wild
/Users/ahooker/Documents/Dissertation/virtushield/final-datasets/in-the-wild-final-small/UNSAFE/1/frame_291.jpg,UNSAFE,UNSAFE,0.986672043800354,baseline,in_the_wild
/Users/ahooker/Documents/Dissertation/virtushield/final-datasets/in-the-wild-final-small/UNSAFE/1/frame_292.jpg,UNSAFE,UNSAFE,0.9466254711151123,baseline,in_the_wild
/Users/ahooker/Documents/Dissertation/virtushield/final-datasets/in-the-wild-final-small/UNSAFE/1/frame_293.jpg,UNSAFE,UNSAFE,0.9764214754104614,baseline,in_the_wild
/Users/ahooker/Documents/Dissertation/virtushield/final-datasets/in-the-wild-final-small/UNSAFE/1/frame_294.jpg,UNSAFE,UNSAFE,0.9307240843772888,baseline,in_the_wild
/Users/ahooker/Documents/Dissertation/virtushield/final-datasets/in-the-wild-final-small/UNSAFE/1/frame_294__1.jpg,UNSAFE,UNSAFE,0.8849297165870667,baseline,in_the_wild
/Users/ahooker/Documents/Dissertation/virtushield/final-datasets/in-the-wild-final-small/UNSAFE/1/frame_296.jpg,UNSAFE,UNSAFE,0.9106013178825378,baseline,in_the_wild
/Users/ahooker/Documents/Dissertation/virtushield/final-datasets/in-the-wild-final-small/UNSAFE/1/frame_297.jpg,UNSAFE,UNSAFE,0.9479659199714661,baseline,in_the_wild
/Users/ahooker/Documents/Dissertation/virtushield/final-datasets/in-the-wild-final-small/UNSAFE/1/frame_298.jpg,UNSAFE,UNSAFE,0.9310757517814636,baseline,in_the_wild
/Users/ahooker/Documents/Dissertation/virtushield/final-datasets/in-the-wild-final-small/UNSAFE/1/frame_30.jpg,UNSAFE,UNSAFE,0.9760564565658569,baseline,in_the_wild
/Users/ahooker/Documents/Dissertation/virtushield/final-datasets/in-the-wild-final-small/UNSAFE/1/frame_300.jpg,UNSAFE,UNSAFE,0.879910945892334,baseline,in_the_wild
/Users/ahooker/Documents/Dissertation/virtushield/final-datasets/in-the-wild-final-small/UNSAFE/1/frame_301.jpg,UNSAFE,UNSAFE,0.9729673266410828,baseline,in_the_wild
/Users/ahooker/Documents/Dissertation/virtushield/final-datasets/in-the-wild-final-small/UNSAFE/1/frame_303.jpg,UNSAFE,UNSAFE,0.9808881878852844,baseline,in_the_wild
/Users/ahooker/Documents/Dissertation/virtushield/final-datasets/in-the-wild-final-small/UNSAFE/1/frame_309.jpg,UNSAFE,UNSAFE,0.9647953510284424,baseline,in_the_wild
/Users/ahooker/Documents/Dissertation/virtushield/final-datasets/in-the-wild-final-small/UNSAFE/1/frame_310.jpg,UNSAFE,UNSAFE,0.9593474268913269,baseline,in_the_wild
/Users/ahooker/Documents/Dissertation/virtushield/final-datasets/in-the-wild-final-small/UNSAFE/1/frame_310__1.jpg,UNSAFE,UNSAFE,0.9593474268913269,baseline,in_the_wild
/Users/ahooker/Documents/Dissertation/virtushield/final-datasets/in-the-wild-final-small/UNSAFE/1/frame_313.jpg,UNSAFE,UNSAFE,0.9117693305015564,baseline,in_the_wild
/Users/ahooker/Documents/Dissertation/virtushield/final-datasets/in-the-wild-final-small/UNSAFE/1/frame_314.jpg,UNSAFE,UNSAFE,0.7826017737388611,baseline,in_the_wild
/Users/ahooker/Documents/Dissertation/virtushield/final-datasets/in-the-wild-final-small/UNSAFE/1/frame_315.jpg,UNSAFE,UNSAFE,0.8497034311294556,baseline,in_the_wild
/Users/ahooker/Documents/Dissertation/virtushield/final-datasets/in-the-wild-final-small/UNSAFE/1/frame_320.jpg,UNSAFE,UNSAFE,0.9458478093147278,baseline,in_the_wild
/Users/ahooker/Documents/Dissertation/virtushield/final-datasets/in-the-wild-final-small/UNSAFE/1/frame_323.jpg,UNSAFE,UNSAFE,0.97421795129776,baseline,in_the_wild
/Users/ahooker/Documents/Dissertation/virtushield/final-datasets/in-the-wild-final-small/UNSAFE/1/frame_323__1.jpg,UNSAFE,UNSAFE,0.9615159034729004,baseline,in_the_wild
/Users/ahooker/Documents/Dissertation/virtushield/final-datasets/in-the-wild-final-small/UNSAFE/1/frame_323__2.jpg,UNSAFE,UNSAFE,0.9767948985099792,baseline,in_the_wild
/Users/ahooker/Documents/Dissertation/virtushield/final-datasets/in-the-wild-final-small/UNSAFE/1/frame_324.jpg,UNSAFE,UNSAFE,0.983260452747345,baseline,in_the_wild
/Users/ahooker/Documents/Dissertation/virtushield/final-datasets/in-the-wild-final-small/UNSAFE/1/frame_325.jpg,UNSAFE,UNSAFE,0.9624688625335693,baseline,in_the_wild
/Users/ahooker/Documents/Dissertation/virtushield/final-datasets/in-the-wild-final-small/UNSAFE/1/frame_326.jpg,UNSAFE,UNSAFE,0.8877744078636169,baseline,in_the_wild
/Users/ahooker/Documents/Dissertation/virtushield/final-datasets/in-the-wild-final-small/UNSAFE/1/frame_327.jpg,UNSAFE,UNSAFE,0.9788234233856201,baseline,in_the_wild
/Users/ahooker/Documents/Dissertation/virtushield/final-datasets/in-the-wild-final-small/UNSAFE/1/frame_327__1.jpg,UNSAFE,UNSAFE,0.8861975073814392,baseline,in_the_wild
/Users/ahooker/Documents/Dissertation/virtushield/final-datasets/in-the-wild-final-small/UNSAFE/1/frame_329.jpg,UNSAFE,UNSAFE,0.9398369789123535,baseline,in_the_wild
/Users/ahooker/Documents/Dissertation/virtushield/final-datasets/in-the-wild-final-small/UNSAFE/1/frame_331.jpg,UNSAFE,UNSAFE,0.9725167751312256,baseline,in_the_wild
/Users/ahooker/Documents/Dissertation/virtushield/final-datasets/in-the-wild-final-small/UNSAFE/1/frame_332.jpg,UNSAFE,UNSAFE,0.9763192534446716,baseline,in_the_wild
/Users/ahooker/Documents/Dissertation/virtushield/final-datasets/in-the-wild-final-small/UNSAFE/1/frame_333.jpg,UNSAFE,UNSAFE,0.9730402231216431,baseline,in_the_wild
/Users/ahooker/Documents/Dissertation/virtushield/final-datasets/in-the-wild-final-small/UNSAFE/1/frame_335.jpg,UNSAFE,UNSAFE,0.9796486496925354,baseline,in_the_wild
/Users/ahooker/Documents/Dissertation/virtushield/final-datasets/in-the-wild-final-small/UNSAFE/1/frame_335__1.jpg,UNSAFE,UNSAFE,0.9796486496925354,baseline,in_the_wild
/Users/ahooker/Documents/Dissertation/virtushield/final-datasets/in-the-wild-final-small/UNSAFE/1/frame_338.jpg,UNSAFE,UNSAFE,0.8913565278053284,baseline,in_the_wild
/Users/ahooker/Documents/Dissertation/virtushield/final-datasets/in-the-wild-final-small/UNSAFE/1/frame_339.jpg,UNSAFE,UNSAFE,0.9022347331047058,baseline,in_the_wild
/Users/ahooker/Documents/Dissertation/virtushield/final-datasets/in-the-wild-final-small/UNSAFE/1/frame_34.jpg,UNSAFE,UNSAFE,0.6118432283401489,baseline,in_the_wild
/Users/ahooker/Documents/Dissertation/virtushield/final-datasets/in-the-wild-final-small/UNSAFE/1/frame_341.jpg,UNSAFE,UNSAFE,0.6563374400138855,baseline,in_the_wild
/Users/ahooker/Documents/Dissertation/virtushield/final-datasets/in-the-wild-final-small/UNSAFE/1/frame_345.jpg,UNSAFE,UNSAFE,0.9751586318016052,baseline,in_the_wild
/Users/ahooker/Documents/Dissertation/virtushield/final-datasets/in-the-wild-final-small/UNSAFE/1/frame_345__1.jpg,UNSAFE,UNSAFE,0.9778856039047241,baseline,in_the_wild
/Users/ahooker/Documents/Dissertation/virtushield/final-datasets/in-the-wild-final-small/UNSAFE/1/frame_346.jpg,UNSAFE,UNSAFE,0.9776100516319275,baseline,in_the_wild
/Users/ahooker/Documents/Dissertation/virtushield/final-datasets/in-the-wild-final-small/UNSAFE/1/frame_346__1.jpg,UNSAFE,UNSAFE,0.9710074067115784,baseline,in_the_wild
/Users/ahooker/Documents/Dissertation/virtushield/final-datasets/in-the-wild-final-small/UNSAFE/1/frame_348.jpg,UNSAFE,UNSAFE,0.9702858328819275,baseline,in_the_wild
/Users/ahooker/Documents/Dissertation/virtushield/final-datasets/in-the-wild-final-small/UNSAFE/1/frame_349.jpg,UNSAFE,UNSAFE,0.9011068940162659,baseline,in_the_wild
/Users/ahooker/Documents/Dissertation/virtushield/final-datasets/in-the-wild-final-small/UNSAFE/1/frame_349__1.jpg,UNSAFE,UNSAFE,0.970203697681427,baseline,in_the_wild
/Users/ahooker/Documents/Dissertation/virtushield/final-datasets/in-the-wild-final-small/UNSAFE/1/frame_34__1.jpg,UNSAFE,UNSAFE,0.8261556029319763,baseline,in_the_wild
/Users/ahooker/Documents/Dissertation/virtushield/final-datasets/in-the-wild-final-small/UNSAFE/1/frame_35.jpg,UNSAFE,UNSAFE,0.9034370183944702,baseline,in_the_wild
/Users/ahooker/Documents/Dissertation/virtushield/final-datasets/in-the-wild-final-small/UNSAFE/1/frame_350.jpg,UNSAFE,UNSAFE,0.9613702297210693,baseline,in_the_wild
/Users/ahooker/Documents/Dissertation/virtushield/final-datasets/in-the-wild-final-small/UNSAFE/1/frame_351.jpg,UNSAFE,UNSAFE,0.9830573201179504,baseline,in_the_wild
/Users/ahooker/Documents/Dissertation/virtushield/final-datasets/in-the-wild-final-small/UNSAFE/1/frame_352.jpg,UNSAFE,UNSAFE,0.9126614332199097,baseline,in_the_wild
/Users/ahooker/Documents/Dissertation/virtushield/final-datasets/in-the-wild-final-small/UNSAFE/1/frame_353.jpg,UNSAFE,UNSAFE,0.9639264941215515,baseline,in_the_wild
/Users/ahooker/Documents/Dissertation/virtushield/final-datasets/in-the-wild-final-small/UNSAFE/1/frame_356.jpg,UNSAFE,UNSAFE,0.9407047033309937,baseline,in_the_wild
/Users/ahooker/Documents/Dissertation/virtushield/final-datasets/in-the-wild-final-small/UNSAFE/1/frame_357.jpg,UNSAFE,UNSAFE,0.9564226269721985,baseline,in_the_wild
/Users/ahooker/Documents/Dissertation/virtushield/final-datasets/in-the-wild-final-small/UNSAFE/1/frame_357__1.jpg,UNSAFE,UNSAFE,0.931919276714325,baseline,in_the_wild
/Users/ahooker/Documents/Dissertation/virtushield/final-datasets/in-the-wild-final-small/UNSAFE/1/frame_358.jpg,UNSAFE,UNSAFE,0.9691215753555298,baseline,in_the_wild
/Users/ahooker/Documents/Dissertation/virtushield/final-datasets/in-the-wild-final-small/UNSAFE/1/frame_358__1.jpg,UNSAFE,UNSAFE,0.9691215753555298,baseline,in_the_wild
/Users/ahooker/Documents/Dissertation/virtushield/final-datasets/in-the-wild-final-small/UNSAFE/1/frame_35__1.jpg,UNSAFE,UNSAFE,0.7986825108528137,baseline,in_the_wild
/Users/ahooker/Documents/Dissertation/virtushield/final-datasets/in-the-wild-final-small/UNSAFE/1/frame_36.jpg,UNSAFE,UNSAFE,0.8579504489898682,baseline,in_the_wild
/Users/ahooker/Documents/Dissertation/virtushield/final-datasets/in-the-wild-final-small/UNSAFE/1/frame_360.jpg,UNSAFE,UNSAFE,0.9289518594741821,baseline,in_the_wild
/Users/ahooker/Documents/Dissertation/virtushield/final-datasets/in-the-wild-final-small/UNSAFE/1/frame_360__1.jpg,UNSAFE,UNSAFE,0.9546914100646973,baseline,in_the_wild
/Users/ahooker/Documents/Dissertation/virtushield/final-datasets/in-the-wild-final-small/UNSAFE/1/frame_361.jpg,UNSAFE,UNSAFE,0.7789256572723389,baseline,in_the_wild
/Users/ahooker/Documents/Dissertation/virtushield/final-datasets/in-the-wild-final-small/UNSAFE/1/frame_363.jpg,UNSAFE,UNSAFE,0.8671019673347473,baseline,in_the_wild
/Users/ahooker/Documents/Dissertation/virtushield/final-datasets/in-the-wild-final-small/UNSAFE/1/frame_365.jpg,UNSAFE,UNSAFE,0.9891782999038696,baseline,in_the_wild
/Users/ahooker/Documents/Dissertation/virtushield/final-datasets/in-the-wild-final-small/UNSAFE/1/frame_365__1.jpg,UNSAFE,UNSAFE,0.9618026614189148,baseline,in_the_wild
/Users/ahooker/Documents/Dissertation/virtushield/final-datasets/in-the-wild-final-small/UNSAFE/1/frame_367.jpg,UNSAFE,UNSAFE,0.8901253342628479,baseline,in_the_wild
/Users/ahooker/Documents/Dissertation/virtushield/final-datasets/in-the-wild-final-small/UNSAFE/1/frame_368.jpg,UNSAFE,SAFE,0.3807603120803833,baseline,in_the_wild
/Users/ahooker/Documents/Dissertation/virtushield/final-datasets/in-the-wild-final-small/UNSAFE/1/frame_371.jpg,UNSAFE,UNSAFE,0.9611909985542297,baseline,in_the_wild
/Users/ahooker/Documents/Dissertation/virtushield/final-datasets/in-the-wild-final-small/UNSAFE/1/frame_371__1.jpg,UNSAFE,UNSAFE,0.9202719330787659,baseline,in_the_wild
/Users/ahooker/Documents/Dissertation/virtushield/final-datasets/in-the-wild-final-small/UNSAFE/1/frame_371__2.jpg,UNSAFE,UNSAFE,0.943284273147583,baseline,in_the_wild
/Users/ahooker/Documents/Dissertation/virtushield/final-datasets/in-the-wild-final-small/UNSAFE/1/frame_372.jpg,UNSAFE,UNSAFE,0.9089758396148682,baseline,in_the_wild
/Users/ahooker/Documents/Dissertation/virtushield/final-datasets/in-the-wild-final-small/UNSAFE/1/frame_373.jpg,UNSAFE,UNSAFE,0.9009145498275757,baseline,in_the_wild
/Users/ahooker/Documents/Dissertation/virtushield/final-datasets/in-the-wild-final-small/UNSAFE/1/frame_373__1.jpg,UNSAFE,UNSAFE,0.9569668769836426,baseline,in_the_wild
/Users/ahooker/Documents/Dissertation/virtushield/final-datasets/in-the-wild-final-small/UNSAFE/1/frame_381.jpg,UNSAFE,UNSAFE,0.9047459363937378,baseline,in_the_wild
/Users/ahooker/Documents/Dissertation/virtushield/final-datasets/in-the-wild-final-small/UNSAFE/1/frame_384.jpg,UNSAFE,UNSAFE,0.9914950132369995,baseline,in_the_wild
/Users/ahooker/Documents/Dissertation/virtushield/final-datasets/in-the-wild-final-small/UNSAFE/1/frame_385.jpg,UNSAFE,UNSAFE,0.9834164381027222,baseline,in_the_wild
/Users/ahooker/Documents/Dissertation/virtushield/final-datasets/in-the-wild-final-small/UNSAFE/1/frame_387.jpg,UNSAFE,UNSAFE,0.9626062512397766,baseline,in_the_wild
/Users/ahooker/Documents/Dissertation/virtushield/final-datasets/in-the-wild-final-small/UNSAFE/1/frame_39.jpg,UNSAFE,UNSAFE,0.897688090801239,baseline,in_the_wild
/Users/ahooker/Documents/Dissertation/virtushield/final-datasets/in-the-wild-final-small/UNSAFE/1/frame_390.jpg,UNSAFE,UNSAFE,0.9364133477210999,baseline,in_the_wild
/Users/ahooker/Documents/Dissertation/virtushield/final-datasets/in-the-wild-final-small/UNSAFE/1/frame_392.jpg,UNSAFE,UNSAFE,0.9894455075263977,baseline,in_the_wild
/Users/ahooker/Documents/Dissertation/virtushield/final-datasets/in-the-wild-final-small/UNSAFE/1/frame_393.jpg,UNSAFE,UNSAFE,0.8606736063957214,baseline,in_the_wild
/Users/ahooker/Documents/Dissertation/virtushield/final-datasets/in-the-wild-final-small/UNSAFE/1/frame_393__1.jpg,UNSAFE,UNSAFE,0.9745060801506042,baseline,in_the_wild
/Users/ahooker/Documents/Dissertation/virtushield/final-datasets/in-the-wild-final-small/UNSAFE/1/frame_395.jpg,UNSAFE,UNSAFE,0.8365654945373535,baseline,in_the_wild
/Users/ahooker/Documents/Dissertation/virtushield/final-datasets/in-the-wild-final-small/UNSAFE/1/frame_396.jpg,UNSAFE,UNSAFE,0.8384724259376526,baseline,in_the_wild
/Users/ahooker/Documents/Dissertation/virtushield/final-datasets/in-the-wild-final-small/UNSAFE/1/frame_397.jpg,UNSAFE,UNSAFE,0.98776775598526,baseline,in_the_wild
/Users/ahooker/Documents/Dissertation/virtushield/final-datasets/in-the-wild-final-small/UNSAFE/1/frame_401.jpg,UNSAFE,UNSAFE,0.8517758250236511,baseline,in_the_wild
/Users/ahooker/Documents/Dissertation/virtushield/final-datasets/in-the-wild-final-small/UNSAFE/1/frame_402.jpg,UNSAFE,UNSAFE,0.9818117022514343,baseline,in_the_wild
/Users/ahooker/Documents/Dissertation/virtushield/final-datasets/in-the-wild-final-small/UNSAFE/1/frame_403.jpg,UNSAFE,UNSAFE,0.9532122611999512,baseline,in_the_wild
/Users/ahooker/Documents/Dissertation/virtushield/final-datasets/in-the-wild-final-small/UNSAFE/1/frame_404.jpg,UNSAFE,UNSAFE,0.7559517025947571,baseline,in_the_wild
/Users/ahooker/Documents/Dissertation/virtushield/final-datasets/in-the-wild-final-small/UNSAFE/1/frame_406.jpg,UNSAFE,UNSAFE,0.9909460544586182,baseline,in_the_wild
/Users/ahooker/Documents/Dissertation/virtushield/final-datasets/in-the-wild-final-small/UNSAFE/1/frame_410.jpg,UNSAFE,UNSAFE,0.9773414731025696,baseline,in_the_wild
/Users/ahooker/Documents/Dissertation/virtushield/final-datasets/in-the-wild-final-small/UNSAFE/1/frame_410__1.jpg,UNSAFE,UNSAFE,0.9883943796157837,baseline,in_the_wild
/Users/ahooker/Documents/Dissertation/virtushield/final-datasets/in-the-wild-final-small/UNSAFE/1/frame_418.jpg,UNSAFE,UNSAFE,0.989617109298706,baseline,in_the_wild
/Users/ahooker/Documents/Dissertation/virtushield/final-datasets/in-the-wild-final-small/UNSAFE/1/frame_419.jpg,UNSAFE,UNSAFE,0.9799665808677673,baseline,in_the_wild
/Users/ahooker/Documents/Dissertation/virtushield/final-datasets/in-the-wild-final-small/UNSAFE/1/frame_42.jpg,UNSAFE,UNSAFE,0.6994497179985046,baseline,in_the_wild
/Users/ahooker/Documents/Dissertation/virtushield/final-datasets/in-the-wild-final-small/UNSAFE/1/frame_421.jpg,UNSAFE,UNSAFE,0.9744588732719421,baseline,in_the_wild
/Users/ahooker/Documents/Dissertation/virtushield/final-datasets/in-the-wild-final-small/UNSAFE/1/frame_425.jpg,UNSAFE,UNSAFE,0.9694143533706665,baseline,in_the_wild
/Users/ahooker/Documents/Dissertation/virtushield/final-datasets/in-the-wild-final-small/UNSAFE/1/frame_42__1.jpg,UNSAFE,UNSAFE,0.9900778532028198,baseline,in_the_wild
/Users/ahooker/Documents/Dissertation/virtushield/final-datasets/in-the-wild-final-small/UNSAFE/1/frame_430.jpg,UNSAFE,UNSAFE,0.9915300607681274,baseline,in_the_wild
/Users/ahooker/Documents/Dissertation/virtushield/final-datasets/in-the-wild-final-small/UNSAFE/1/frame_435.jpg,UNSAFE,UNSAFE,0.9739267230033875,baseline,in_the_wild
/Users/ahooker/Documents/Dissertation/virtushield/final-datasets/in-the-wild-final-small/UNSAFE/1/frame_436.jpg,UNSAFE,UNSAFE,0.970241367816925,baseline,in_the_wild
/Users/ahooker/Documents/Dissertation/virtushield/final-datasets/in-the-wild-final-small/UNSAFE/1/frame_436__1.jpg,UNSAFE,UNSAFE,0.8476581573486328,baseline,in_the_wild
/Users/ahooker/Documents/Dissertation/virtushield/final-datasets/in-the-wild-final-small/UNSAFE/1/frame_44.jpg,UNSAFE,UNSAFE,0.9836347103118896,baseline,in_the_wild
/Users/ahooker/Documents/Dissertation/virtushield/final-datasets/in-the-wild-final-small/UNSAFE/1/frame_441.jpg,UNSAFE,UNSAFE,0.976063072681427,baseline,in_the_wild
/Users/ahooker/Documents/Dissertation/virtushield/final-datasets/in-the-wild-final-small/UNSAFE/1/frame_444.jpg,UNSAFE,UNSAFE,0.9850831031799316,baseline,in_the_wild
/Users/ahooker/Documents/Dissertation/virtushield/final-datasets/in-the-wild-final-small/UNSAFE/1/frame_445.jpg,UNSAFE,UNSAFE,0.8079329133033752,baseline,in_the_wild
/Users/ahooker/Documents/Dissertation/virtushield/final-datasets/in-the-wild-final-small/UNSAFE/1/frame_445__1.jpg,UNSAFE,UNSAFE,0.9883483052253723,baseline,in_the_wild
/Users/ahooker/Documents/Dissertation/virtushield/final-datasets/in-the-wild-final-small/UNSAFE/1/frame_446.jpg,UNSAFE,UNSAFE,0.8409342169761658,baseline,in_the_wild
/Users/ahooker/Documents/Dissertation/virtushield/final-datasets/in-the-wild-final-small/UNSAFE/1/frame_446__1.jpg,UNSAFE,UNSAFE,0.9427039623260498,baseline,in_the_wild
/Users/ahooker/Documents/Dissertation/virtushield/final-datasets/in-the-wild-final-small/UNSAFE/1/frame_447.jpg,UNSAFE,UNSAFE,0.9434856176376343,baseline,in_the_wild
/Users/ahooker/Documents/Dissertation/virtushield/final-datasets/in-the-wild-final-small/UNSAFE/1/frame_447__1.jpg,UNSAFE,UNSAFE,0.9060418009757996,baseline,in_the_wild
/Users/ahooker/Documents/Dissertation/virtushield/final-datasets/in-the-wild-final-small/UNSAFE/1/frame_448.jpg,UNSAFE,UNSAFE,0.9331371188163757,baseline,in_the_wild
/Users/ahooker/Documents/Dissertation/virtushield/final-datasets/in-the-wild-final-small/UNSAFE/1/frame_449.jpg,UNSAFE,UNSAFE,0.976625919342041,baseline,in_the_wild
/Users/ahooker/Documents/Dissertation/virtushield/final-datasets/in-the-wild-final-small/UNSAFE/1/frame_45.jpg,UNSAFE,UNSAFE,0.9865921139717102,baseline,in_the_wild
/Users/ahooker/Documents/Dissertation/virtushield/final-datasets/in-the-wild-final-small/UNSAFE/1/frame_452.jpg,UNSAFE,UNSAFE,0.9725006818771362,baseline,in_the_wild
/Users/ahooker/Documents/Dissertation/virtushield/final-datasets/in-the-wild-final-small/UNSAFE/1/frame_454.jpg,UNSAFE,UNSAFE,0.9658626317977905,baseline,in_the_wild
/Users/ahooker/Documents/Dissertation/virtushield/final-datasets/in-the-wild-final-small/UNSAFE/1/frame_457.jpg,UNSAFE,UNSAFE,0.9811035394668579,baseline,in_the_wild
/Users/ahooker/Documents/Dissertation/virtushield/final-datasets/in-the-wild-final-small/UNSAFE/1/frame_461.jpg,UNSAFE,UNSAFE,0.9772413969039917,baseline,in_the_wild
/Users/ahooker/Documents/Dissertation/virtushield/final-datasets/in-the-wild-final-small/UNSAFE/1/frame_464.jpg,UNSAFE,UNSAFE,0.9403434991836548,baseline,in_the_wild
/Users/ahooker/Documents/Dissertation/virtushield/final-datasets/in-the-wild-final-small/UNSAFE/1/frame_464__1.jpg,UNSAFE,UNSAFE,0.9819079041481018,baseline,in_the_wild
/Users/ahooker/Documents/Dissertation/virtushield/final-datasets/in-the-wild-final-small/UNSAFE/1/frame_466.jpg,UNSAFE,UNSAFE,0.983421266078949,baseline,in_the_wild
/Users/ahooker/Documents/Dissertation/virtushield/final-datasets/in-the-wild-final-small/UNSAFE/1/frame_468.jpg,UNSAFE,UNSAFE,0.9834536910057068,baseline,in_the_wild
/Users/ahooker/Documents/Dissertation/virtushield/final-datasets/in-the-wild-final-small/UNSAFE/1/frame_469.jpg,UNSAFE,UNSAFE,0.9207783937454224,baseline,in_the_wild
/Users/ahooker/Documents/Dissertation/virtushield/final-datasets/in-the-wild-final-small/UNSAFE/1/frame_47.jpg,UNSAFE,UNSAFE,0.966914713382721,baseline,in_the_wild
/Users/ahooker/Documents/Dissertation/virtushield/final-datasets/in-the-wild-final-small/UNSAFE/1/frame_471.jpg,UNSAFE,UNSAFE,0.9917820692062378,baseline,in_the_wild
/Users/ahooker/Documents/Dissertation/virtushield/final-datasets/in-the-wild-final-small/UNSAFE/1/frame_477.jpg,UNSAFE,UNSAFE,0.9291782379150391,baseline,in_the_wild
/Users/ahooker/Documents/Dissertation/virtushield/final-datasets/in-the-wild-final-small/UNSAFE/1/frame_479.jpg,UNSAFE,UNSAFE,0.8818491697311401,baseline,in_the_wild
/Users/ahooker/Documents/Dissertation/virtushield/final-datasets/in-the-wild-final-small/UNSAFE/1/frame_482.jpg,UNSAFE,UNSAFE,0.8386929035186768,baseline,in_the_wild
/Users/ahooker/Documents/Dissertation/virtushield/final-datasets/in-the-wild-final-small/UNSAFE/1/frame_483.jpg,UNSAFE,UNSAFE,0.9674175381660461,baseline,in_the_wild
/Users/ahooker/Documents/Dissertation/virtushield/final-datasets/in-the-wild-final-small/UNSAFE/1/frame_486.jpg,UNSAFE,UNSAFE,0.9633550643920898,baseline,in_the_wild
/Users/ahooker/Documents/Dissertation/virtushield/final-datasets/in-the-wild-final-small/UNSAFE/1/frame_488.jpg,UNSAFE,UNSAFE,0.9615739583969116,baseline,in_the_wild
/Users/ahooker/Documents/Dissertation/virtushield/final-datasets/in-the-wild-final-small/UNSAFE/1/frame_49.jpg,UNSAFE,UNSAFE,0.9424692988395691,baseline,in_the_wild
/Users/ahooker/Documents/Dissertation/virtushield/final-datasets/in-the-wild-final-small/UNSAFE/1/frame_490.jpg,UNSAFE,UNSAFE,0.8809947967529297,baseline,in_the_wild
/Users/ahooker/Documents/Dissertation/virtushield/final-datasets/in-the-wild-final-small/UNSAFE/1/frame_496.jpg,UNSAFE,UNSAFE,0.9255234003067017,baseline,in_the_wild
/Users/ahooker/Documents/Dissertation/virtushield/final-datasets/in-the-wild-final-small/UNSAFE/1/frame_497.jpg,UNSAFE,UNSAFE,0.9026246666908264,baseline,in_the_wild
/Users/ahooker/Documents/Dissertation/virtushield/final-datasets/in-the-wild-final-small/UNSAFE/1/frame_499.jpg,UNSAFE,UNSAFE,0.7718508839607239,baseline,in_the_wild
/Users/ahooker/Documents/Dissertation/virtushield/final-datasets/in-the-wild-final-small/UNSAFE/1/frame_50.jpg,UNSAFE,UNSAFE,0.6155452132225037,baseline,in_the_wild
/Users/ahooker/Documents/Dissertation/virtushield/final-datasets/in-the-wild-final-small/UNSAFE/1/frame_501.jpg,UNSAFE,UNSAFE,0.956487774848938,baseline,in_the_wild
/Users/ahooker/Documents/Dissertation/virtushield/final-datasets/in-the-wild-final-small/UNSAFE/1/frame_503.jpg,UNSAFE,UNSAFE,0.8338968753814697,baseline,in_the_wild
/Users/ahooker/Documents/Dissertation/virtushield/final-datasets/in-the-wild-final-small/UNSAFE/1/frame_504.jpg,UNSAFE,UNSAFE,0.8737632632255554,baseline,in_the_wild
/Users/ahooker/Documents/Dissertation/virtushield/final-datasets/in-the-wild-final-small/UNSAFE/1/frame_506.jpg,UNSAFE,UNSAFE,0.9223833680152893,baseline,in_the_wild
/Users/ahooker/Documents/Dissertation/virtushield/final-datasets/in-the-wild-final-small/UNSAFE/1/frame_507.jpg,UNSAFE,UNSAFE,0.9364531636238098,baseline,in_the_wild
/Users/ahooker/Documents/Dissertation/virtushield/final-datasets/in-the-wild-final-small/UNSAFE/1/frame_509.jpg,UNSAFE,UNSAFE,0.9301583766937256,baseline,in_the_wild
/Users/ahooker/Documents/Dissertation/virtushield/final-datasets/in-the-wild-final-small/UNSAFE/1/frame_514.jpg,UNSAFE,UNSAFE,0.9614907503128052,baseline,in_the_wild
/Users/ahooker/Documents/Dissertation/virtushield/final-datasets/in-the-wild-final-small/UNSAFE/1/frame_516.jpg,UNSAFE,UNSAFE,0.8544753193855286,baseline,in_the_wild
/Users/ahooker/Documents/Dissertation/virtushield/final-datasets/in-the-wild-final-small/UNSAFE/1/frame_518.jpg,UNSAFE,UNSAFE,0.9200755953788757,baseline,in_the_wild
/Users/ahooker/Documents/Dissertation/virtushield/final-datasets/in-the-wild-final-small/UNSAFE/1/frame_519.jpg,UNSAFE,UNSAFE,0.7825673818588257,baseline,in_the_wild
/Users/ahooker/Documents/Dissertation/virtushield/final-datasets/in-the-wild-final-small/UNSAFE/1/frame_519__1.jpg,UNSAFE,UNSAFE,0.9240026473999023,baseline,in_the_wild
/Users/ahooker/Documents/Dissertation/virtushield/final-datasets/in-the-wild-final-small/UNSAFE/1/frame_524.jpg,UNSAFE,UNSAFE,0.5919264554977417,baseline,in_the_wild
/Users/ahooker/Documents/Dissertation/virtushield/final-datasets/in-the-wild-final-small/UNSAFE/1/frame_53.jpg,UNSAFE,UNSAFE,0.9075385928153992,baseline,in_the_wild
/Users/ahooker/Documents/Dissertation/virtushield/final-datasets/in-the-wild-final-small/UNSAFE/1/frame_535.jpg,UNSAFE,UNSAFE,0.9262709617614746,baseline,in_the_wild
/Users/ahooker/Documents/Dissertation/virtushield/final-datasets/in-the-wild-final-small/UNSAFE/1/frame_536.jpg,UNSAFE,UNSAFE,0.9557121992111206,baseline,in_the_wild
/Users/ahooker/Documents/Dissertation/virtushield/final-datasets/in-the-wild-final-small/UNSAFE/1/frame_538.jpg,UNSAFE,UNSAFE,0.980679988861084,baseline,in_the_wild
/Users/ahooker/Documents/Dissertation/virtushield/final-datasets/in-the-wild-final-small/UNSAFE/1/frame_539.jpg,UNSAFE,UNSAFE,0.9611800909042358,baseline,in_the_wild
/Users/ahooker/Documents/Dissertation/virtushield/final-datasets/in-the-wild-final-small/UNSAFE/1/frame_54.jpg,UNSAFE,UNSAFE,0.9805440306663513,baseline,in_the_wild
/Users/ahooker/Documents/Dissertation/virtushield/final-datasets/in-the-wild-final-small/UNSAFE/1/frame_540.jpg,UNSAFE,UNSAFE,0.8778934478759766,baseline,in_the_wild
/Users/ahooker/Documents/Dissertation/virtushield/final-datasets/in-the-wild-final-small/UNSAFE/1/frame_545.jpg,UNSAFE,UNSAFE,0.8400365710258484,baseline,in_the_wild
/Users/ahooker/Documents/Dissertation/virtushield/final-datasets/in-the-wild-final-small/UNSAFE/1/frame_545__1.jpg,UNSAFE,UNSAFE,0.9768755435943604,baseline,in_the_wild
/Users/ahooker/Documents/Dissertation/virtushield/final-datasets/in-the-wild-final-small/UNSAFE/1/frame_548.jpg,UNSAFE,UNSAFE,0.9380377531051636,baseline,in_the_wild
/Users/ahooker/Documents/Dissertation/virtushield/final-datasets/in-the-wild-final-small/UNSAFE/1/frame_552.jpg,UNSAFE,UNSAFE,0.8941420316696167,baseline,in_the_wild
/Users/ahooker/Documents/Dissertation/virtushield/final-datasets/in-the-wild-final-small/UNSAFE/1/frame_557.jpg,UNSAFE,UNSAFE,0.919735312461853,baseline,in_the_wild
/Users/ahooker/Documents/Dissertation/virtushield/final-datasets/in-the-wild-final-small/UNSAFE/1/frame_56.jpg,UNSAFE,UNSAFE,0.7684027552604675,baseline,in_the_wild
/Users/ahooker/Documents/Dissertation/virtushield/final-datasets/in-the-wild-final-small/UNSAFE/1/frame_563.jpg,UNSAFE,UNSAFE,0.7910578846931458,baseline,in_the_wild
/Users/ahooker/Documents/Dissertation/virtushield/final-datasets/in-the-wild-final-small/UNSAFE/1/frame_566.jpg,UNSAFE,UNSAFE,0.9370344877243042,baseline,in_the_wild
/Users/ahooker/Documents/Dissertation/virtushield/final-datasets/in-the-wild-final-small/UNSAFE/1/frame_57.jpg,UNSAFE,UNSAFE,0.9299010038375854,baseline,in_the_wild
/Users/ahooker/Documents/Dissertation/virtushield/final-datasets/in-the-wild-final-small/UNSAFE/1/frame_573.jpg,UNSAFE,UNSAFE,0.8126464486122131,baseline,in_the_wild
/Users/ahooker/Documents/Dissertation/virtushield/final-datasets/in-the-wild-final-small/UNSAFE/1/frame_577.jpg,UNSAFE,UNSAFE,0.7195160388946533,baseline,in_the_wild
/Users/ahooker/Documents/Dissertation/virtushield/final-datasets/in-the-wild-final-small/UNSAFE/1/frame_57__1.jpg,UNSAFE,UNSAFE,0.5950279831886292,baseline,in_the_wild
/Users/ahooker/Documents/Dissertation/virtushield/final-datasets/in-the-wild-final-small/UNSAFE/1/frame_586.jpg,UNSAFE,UNSAFE,0.9321095943450928,baseline,in_the_wild
/Users/ahooker/Documents/Dissertation/virtushield/final-datasets/in-the-wild-final-small/UNSAFE/1/frame_59.jpg,UNSAFE,UNSAFE,0.9075208306312561,baseline,in_the_wild
/Users/ahooker/Documents/Dissertation/virtushield/final-datasets/in-the-wild-final-small/UNSAFE/1/frame_592.jpg,UNSAFE,UNSAFE,0.9203903675079346,baseline,in_the_wild
/Users/ahooker/Documents/Dissertation/virtushield/final-datasets/in-the-wild-final-small/UNSAFE/1/frame_59__1.jpg,UNSAFE,UNSAFE,0.7729132175445557,baseline,in_the_wild
/Users/ahooker/Documents/Dissertation/virtushield/final-datasets/in-the-wild-final-small/UNSAFE/1/frame_60.jpg,UNSAFE,UNSAFE,0.8954323530197144,baseline,in_the_wild
/Users/ahooker/Documents/Dissertation/virtushield/final-datasets/in-the-wild-final-small/UNSAFE/1/frame_602.jpg,UNSAFE,UNSAFE,0.7580116987228394,baseline,in_the_wild
/Users/ahooker/Documents/Dissertation/virtushield/final-datasets/in-the-wild-final-small/UNSAFE/1/frame_609.jpg,UNSAFE,UNSAFE,0.910540759563446,baseline,in_the_wild
/Users/ahooker/Documents/Dissertation/virtushield/final-datasets/in-the-wild-final-small/UNSAFE/1/frame_61.jpg,UNSAFE,UNSAFE,0.9112022519111633,baseline,in_the_wild
/Users/ahooker/Documents/Dissertation/virtushield/final-datasets/in-the-wild-final-small/UNSAFE/1/frame_619.jpg,UNSAFE,UNSAFE,0.9265551567077637,baseline,in_the_wild
/Users/ahooker/Documents/Dissertation/virtushield/final-datasets/in-the-wild-final-small/UNSAFE/1/frame_624.jpg,UNSAFE,UNSAFE,0.910692572593689,baseline,in_the_wild
/Users/ahooker/Documents/Dissertation/virtushield/final-datasets/in-the-wild-final-small/UNSAFE/1/frame_626.jpg,UNSAFE,UNSAFE,0.9357285499572754,baseline,in_the_wild
/Users/ahooker/Documents/Dissertation/virtushield/final-datasets/in-the-wild-final-small/UNSAFE/1/frame_628.jpg,UNSAFE,UNSAFE,0.8662517070770264,baseline,in_the_wild
/Users/ahooker/Documents/Dissertation/virtushield/final-datasets/in-the-wild-final-small/UNSAFE/1/frame_632.jpg,UNSAFE,UNSAFE,0.9556499123573303,baseline,in_the_wild
/Users/ahooker/Documents/Dissertation/virtushield/final-datasets/in-the-wild-final-small/UNSAFE/1/frame_632__1.jpg,UNSAFE,UNSAFE,0.9784042239189148,baseline,in_the_wild
/Users/ahooker/Documents/Dissertation/virtushield/final-datasets/in-the-wild-final-small/UNSAFE/1/frame_636.jpg,UNSAFE,UNSAFE,0.9772328734397888,baseline,in_the_wild
/Users/ahooker/Documents/Dissertation/virtushield/final-datasets/in-the-wild-final-small/UNSAFE/1/frame_64.jpg,UNSAFE,UNSAFE,0.9194243550300598,baseline,in_the_wild
/Users/ahooker/Documents/Dissertation/virtushield/final-datasets/in-the-wild-final-small/UNSAFE/1/frame_640.jpg,UNSAFE,UNSAFE,0.9238223433494568,baseline,in_the_wild
/Users/ahooker/Documents/Dissertation/virtushield/final-datasets/in-the-wild-final-small/UNSAFE/1/frame_641.jpg,UNSAFE,UNSAFE,0.9492442607879639,baseline,in_the_wild
/Users/ahooker/Documents/Dissertation/virtushield/final-datasets/in-the-wild-final-small/UNSAFE/1/frame_643.jpg,UNSAFE,UNSAFE,0.8160516023635864,baseline,in_the_wild
/Users/ahooker/Documents/Dissertation/virtushield/final-datasets/in-the-wild-final-small/UNSAFE/1/frame_64__1.jpg,UNSAFE,UNSAFE,0.902342677116394,baseline,in_the_wild
/Users/ahooker/Documents/Dissertation/virtushield/final-datasets/in-the-wild-final-small/UNSAFE/1/frame_65.jpg,UNSAFE,UNSAFE,0.7354691624641418,baseline,in_the_wild
/Users/ahooker/Documents/Dissertation/virtushield/final-datasets/in-the-wild-final-small/UNSAFE/1/frame_653.jpg,UNSAFE,UNSAFE,0.9815962910652161,baseline,in_the_wild
/Users/ahooker/Documents/Dissertation/virtushield/final-datasets/in-the-wild-final-small/UNSAFE/1/frame_656.jpg,UNSAFE,UNSAFE,0.9693116545677185,baseline,in_the_wild
/Users/ahooker/Documents/Dissertation/virtushield/final-datasets/in-the-wild-final-small/UNSAFE/1/frame_65__1.jpg,UNSAFE,UNSAFE,0.6941654086112976,baseline,in_the_wild
/Users/ahooker/Documents/Dissertation/virtushield/final-datasets/in-the-wild-final-small/UNSAFE/1/frame_65__2.jpg,UNSAFE,UNSAFE,0.971253514289856,baseline,in_the_wild
/Users/ahooker/Documents/Dissertation/virtushield/final-datasets/in-the-wild-final-small/UNSAFE/1/frame_665.jpg,UNSAFE,UNSAFE,0.8185736536979675,baseline,in_the_wild
/Users/ahooker/Documents/Dissertation/virtushield/final-datasets/in-the-wild-final-small/UNSAFE/1/frame_666.jpg,UNSAFE,UNSAFE,0.97540682554245,baseline,in_the_wild
/Users/ahooker/Documents/Dissertation/virtushield/final-datasets/in-the-wild-final-small/UNSAFE/1/frame_668.jpg,UNSAFE,UNSAFE,0.9443459510803223,baseline,in_the_wild
/Users/ahooker/Documents/Dissertation/virtushield/final-datasets/in-the-wild-final-small/UNSAFE/1/frame_672.jpg,UNSAFE,UNSAFE,0.9706937074661255,baseline,in_the_wild
/Users/ahooker/Documents/Dissertation/virtushield/final-datasets/in-the-wild-final-small/UNSAFE/1/frame_676.jpg,UNSAFE,UNSAFE,0.9530761241912842,baseline,in_the_wild
/Users/ahooker/Documents/Dissertation/virtushield/final-datasets/in-the-wild-final-small/UNSAFE/1/frame_682.jpg,UNSAFE,UNSAFE,0.9198569655418396,baseline,in_the_wild
/Users/ahooker/Documents/Dissertation/virtushield/final-datasets/in-the-wild-final-small/UNSAFE/1/frame_686.jpg,UNSAFE,UNSAFE,0.9671317934989929,baseline,in_the_wild
/Users/ahooker/Documents/Dissertation/virtushield/final-datasets/in-the-wild-final-small/UNSAFE/1/frame_689.jpg,UNSAFE,UNSAFE,0.9167847633361816,baseline,in_the_wild
/Users/ahooker/Documents/Dissertation/virtushield/final-datasets/in-the-wild-final-small/UNSAFE/1/frame_69.jpg,UNSAFE,UNSAFE,0.7774134278297424,baseline,in_the_wild
/Users/ahooker/Documents/Dissertation/virtushield/final-datasets/in-the-wild-final-small/UNSAFE/1/frame_692.jpg,UNSAFE,UNSAFE,0.8463605642318726,baseline,in_the_wild
/Users/ahooker/Documents/Dissertation/virtushield/final-datasets/in-the-wild-final-small/UNSAFE/1/frame_697.jpg,UNSAFE,UNSAFE,0.9737157821655273,baseline,in_the_wild
/Users/ahooker/Documents/Dissertation/virtushield/final-datasets/in-the-wild-final-small/UNSAFE/1/frame_70.jpg,UNSAFE,SAFE,0.4762584865093231,baseline,in_the_wild
/Users/ahooker/Documents/Dissertation/virtushield/final-datasets/in-the-wild-final-small/UNSAFE/1/frame_700.jpg,UNSAFE,UNSAFE,0.9050052762031555,baseline,in_the_wild
/Users/ahooker/Documents/Dissertation/virtushield/final-datasets/in-the-wild-final-small/UNSAFE/1/frame_70__1.jpg,UNSAFE,UNSAFE,0.9470583200454712,baseline,in_the_wild
/Users/ahooker/Documents/Dissertation/virtushield/final-datasets/in-the-wild-final-small/UNSAFE/1/frame_71.jpg,UNSAFE,UNSAFE,0.9619642496109009,baseline,in_the_wild
/Users/ahooker/Documents/Dissertation/virtushield/final-datasets/in-the-wild-final-small/UNSAFE/1/frame_710.jpg,UNSAFE,UNSAFE,0.9370176196098328,baseline,in_the_wild
/Users/ahooker/Documents/Dissertation/virtushield/final-datasets/in-the-wild-final-small/UNSAFE/1/frame_711.jpg,UNSAFE,UNSAFE,0.9808681607246399,baseline,in_the_wild
/Users/ahooker/Documents/Dissertation/virtushield/final-datasets/in-the-wild-final-small/UNSAFE/1/frame_713.jpg,UNSAFE,UNSAFE,0.976592481136322,baseline,in_the_wild
/Users/ahooker/Documents/Dissertation/virtushield/final-datasets/in-the-wild-final-small/UNSAFE/1/frame_717.jpg,UNSAFE,UNSAFE,0.9853739738464355,baseline,in_the_wild
/Users/ahooker/Documents/Dissertation/virtushield/final-datasets/in-the-wild-final-small/UNSAFE/1/frame_719.jpg,UNSAFE,UNSAFE,0.9874547719955444,baseline,in_the_wild
/Users/ahooker/Documents/Dissertation/virtushield/final-datasets/in-the-wild-final-small/UNSAFE/1/frame_719__1.jpg,UNSAFE,UNSAFE,0.7226027250289917,baseline,in_the_wild
/Users/ahooker/Documents/Dissertation/virtushield/final-datasets/in-the-wild-final-small/UNSAFE/1/frame_71__1.jpg,UNSAFE,UNSAFE,0.9756475687026978,baseline,in_the_wild
/Users/ahooker/Documents/Dissertation/virtushield/final-datasets/in-the-wild-final-small/UNSAFE/1/frame_724.jpg,UNSAFE,UNSAFE,0.986729085445404,baseline,in_the_wild
/Users/ahooker/Documents/Dissertation/virtushield/final-datasets/in-the-wild-final-small/UNSAFE/1/frame_726.jpg,UNSAFE,UNSAFE,0.9878330230712891,baseline,in_the_wild
/Users/ahooker/Documents/Dissertation/virtushield/final-datasets/in-the-wild-final-small/UNSAFE/1/frame_728.jpg,UNSAFE,UNSAFE,0.9617907404899597,baseline,in_the_wild
/Users/ahooker/Documents/Dissertation/virtushield/final-datasets/in-the-wild-final-small/UNSAFE/1/frame_734.jpg,UNSAFE,UNSAFE,0.9527131915092468,baseline,in_the_wild
/Users/ahooker/Documents/Dissertation/virtushield/final-datasets/in-the-wild-final-small/UNSAFE/1/frame_735.jpg,UNSAFE,UNSAFE,0.9735147356987,baseline,in_the_wild
/Users/ahooker/Documents/Dissertation/virtushield/final-datasets/in-the-wild-final-small/UNSAFE/1/frame_736.jpg,UNSAFE,UNSAFE,0.9171213507652283,baseline,in_the_wild
/Users/ahooker/Documents/Dissertation/virtushield/final-datasets/in-the-wild-final-small/UNSAFE/1/frame_738.jpg,UNSAFE,UNSAFE,0.9371494054794312,baseline,in_the_wild
/Users/ahooker/Documents/Dissertation/virtushield/final-datasets/in-the-wild-final-small/UNSAFE/1/frame_74.jpg,UNSAFE,UNSAFE,0.8769313097000122,baseline,in_the_wild
/Users/ahooker/Documents/Dissertation/virtushield/final-datasets/in-the-wild-final-small/UNSAFE/1/frame_740.jpg,UNSAFE,UNSAFE,0.9677293300628662,baseline,in_the_wild
/Users/ahooker/Documents/Dissertation/virtushield/final-datasets/in-the-wild-final-small/UNSAFE/1/frame_745.jpg,UNSAFE,UNSAFE,0.958386242389679,baseline,in_the_wild
/Users/ahooker/Documents/Dissertation/virtushield/final-datasets/in-the-wild-final-small/UNSAFE/1/frame_747.jpg,UNSAFE,UNSAFE,0.9616798162460327,baseline,in_the_wild
/Users/ahooker/Documents/Dissertation/virtushield/final-datasets/in-the-wild-final-small/UNSAFE/1/frame_752.jpg,UNSAFE,UNSAFE,0.9731507301330566,baseline,in_the_wild
/Users/ahooker/Documents/Dissertation/virtushield/final-datasets/in-the-wild-final-small/UNSAFE/1/frame_754.jpg,UNSAFE,UNSAFE,0.964544951915741,baseline,in_the_wild
/Users/ahooker/Documents/Dissertation/virtushield/final-datasets/in-the-wild-final-small/UNSAFE/1/frame_755.jpg,UNSAFE,UNSAFE,0.963551938533783,baseline,in_the_wild
/Users/ahooker/Documents/Dissertation/virtushield/final-datasets/in-the-wild-final-small/UNSAFE/1/frame_76.jpg,UNSAFE,UNSAFE,0.8597608208656311,baseline,in_the_wild
/Users/ahooker/Documents/Dissertation/virtushield/final-datasets/in-the-wild-final-small/UNSAFE/1/frame_760.jpg,UNSAFE,UNSAFE,0.9571478962898254,baseline,in_the_wild
/Users/ahooker/Documents/Dissertation/virtushield/final-datasets/in-the-wild-final-small/UNSAFE/1/frame_763.jpg,UNSAFE,UNSAFE,0.9839310050010681,baseline,in_the_wild
/Users/ahooker/Documents/Dissertation/virtushield/final-datasets/in-the-wild-final-small/UNSAFE/1/frame_764.jpg,UNSAFE,UNSAFE,0.9870120882987976,baseline,in_the_wild
/Users/ahooker/Documents/Dissertation/virtushield/final-datasets/in-the-wild-final-small/UNSAFE/1/frame_766.jpg,UNSAFE,UNSAFE,0.9785516858100891,baseline,in_the_wild
/Users/ahooker/Documents/Dissertation/virtushield/final-datasets/in-the-wild-final-small/UNSAFE/1/frame_767.jpg,UNSAFE,UNSAFE,0.9975202679634094,baseline,in_the_wild
/Users/ahooker/Documents/Dissertation/virtushield/final-datasets/in-the-wild-final-small/UNSAFE/1/frame_768.jpg,UNSAFE,UNSAFE,0.9927065968513489,baseline,in_the_wild
/Users/ahooker/Documents/Dissertation/virtushield/final-datasets/in-the-wild-final-small/UNSAFE/1/frame_770.jpg,UNSAFE,UNSAFE,0.9922978281974792,baseline,in_the_wild
/Users/ahooker/Documents/Dissertation/virtushield/final-datasets/in-the-wild-final-small/UNSAFE/1/frame_771.jpg,UNSAFE,UNSAFE,0.9885089993476868,baseline,in_the_wild
/Users/ahooker/Documents/Dissertation/virtushield/final-datasets/in-the-wild-final-small/UNSAFE/1/frame_778.jpg,UNSAFE,UNSAFE,0.9855983853340149,baseline,in_the_wild
/Users/ahooker/Documents/Dissertation/virtushield/final-datasets/in-the-wild-final-small/UNSAFE/1/frame_78.jpg,UNSAFE,UNSAFE,0.836021363735199,baseline,in_the_wild
/Users/ahooker/Documents/Dissertation/virtushield/final-datasets/in-the-wild-final-small/UNSAFE/1/frame_782.jpg,UNSAFE,UNSAFE,0.9338554739952087,baseline,in_the_wild
/Users/ahooker/Documents/Dissertation/virtushield/final-datasets/in-the-wild-final-small/UNSAFE/1/frame_789.jpg,UNSAFE,UNSAFE,0.9911438226699829,baseline,in_the_wild
/Users/ahooker/Documents/Dissertation/virtushield/final-datasets/in-the-wild-final-small/UNSAFE/1/frame_78__1.jpg,UNSAFE,UNSAFE,0.957871675491333,baseline,in_the_wild
/Users/ahooker/Documents/Dissertation/virtushield/final-datasets/in-the-wild-final-small/UNSAFE/1/frame_792.jpg,UNSAFE,UNSAFE,0.9666863083839417,baseline,in_the_wild
/Users/ahooker/Documents/Dissertation/virtushield/final-datasets/in-the-wild-final-small/UNSAFE/1/frame_796.jpg,UNSAFE,UNSAFE,0.9798808693885803,baseline,in_the_wild
/Users/ahooker/Documents/Dissertation/virtushield/final-datasets/in-the-wild-final-small/UNSAFE/1/frame_799.jpg,UNSAFE,UNSAFE,0.9861149787902832,baseline,in_the_wild
/Users/ahooker/Documents/Dissertation/virtushield/final-datasets/in-the-wild-final-small/UNSAFE/1/frame_8.jpg,UNSAFE,UNSAFE,0.6674394607543945,baseline,in_the_wild
/Users/ahooker/Documents/Dissertation/virtushield/final-datasets/in-the-wild-final-small/UNSAFE/1/frame_80.jpg,UNSAFE,UNSAFE,0.727317750453949,baseline,in_the_wild
/Users/ahooker/Documents/Dissertation/virtushield/final-datasets/in-the-wild-final-small/UNSAFE/1/frame_802.jpg,UNSAFE,UNSAFE,0.9666882157325745,baseline,in_the_wild
/Users/ahooker/Documents/Dissertation/virtushield/final-datasets/in-the-wild-final-small/UNSAFE/1/frame_805.jpg,UNSAFE,UNSAFE,0.9959946870803833,baseline,in_the_wild
/Users/ahooker/Documents/Dissertation/virtushield/final-datasets/in-the-wild-final-small/UNSAFE/1/frame_809.jpg,UNSAFE,UNSAFE,0.9919373393058777,baseline,in_the_wild
/Users/ahooker/Documents/Dissertation/virtushield/final-datasets/in-the-wild-final-small/UNSAFE/1/frame_81.jpg,UNSAFE,UNSAFE,0.9869453310966492,baseline,in_the_wild
/Users/ahooker/Documents/Dissertation/virtushield/final-datasets/in-the-wild-final-small/UNSAFE/1/frame_814.jpg,UNSAFE,UNSAFE,0.9933326840400696,baseline,in_the_wild
/Users/ahooker/Documents/Dissertation/virtushield/final-datasets/in-the-wild-final-small/UNSAFE/1/frame_81__1.jpg,UNSAFE,UNSAFE,0.7778088450431824,baseline,in_the_wild
/Users/ahooker/Documents/Dissertation/virtushield/final-datasets/in-the-wild-final-small/UNSAFE/1/frame_81__2.jpg,UNSAFE,UNSAFE,0.9119091033935547,baseline,in_the_wild
/Users/ahooker/Documents/Dissertation/virtushield/final-datasets/in-the-wild-final-small/UNSAFE/1/frame_823.jpg,UNSAFE,UNSAFE,0.9480592012405396,baseline,in_the_wild
/Users/ahooker/Documents/Dissertation/virtushield/final-datasets/in-the-wild-final-small/UNSAFE/1/frame_828.jpg,UNSAFE,UNSAFE,0.9629295468330383,baseline,in_the_wild
/Users/ahooker/Documents/Dissertation/virtushield/final-datasets/in-the-wild-final-small/UNSAFE/1/frame_829.jpg,UNSAFE,UNSAFE,0.9491166472434998,baseline,in_the_wild
/Users/ahooker/Documents/Dissertation/virtushield/final-datasets/in-the-wild-final-small/UNSAFE/1/frame_83.jpg,UNSAFE,UNSAFE,0.8316314816474915,baseline,in_the_wild
/Users/ahooker/Documents/Dissertation/virtushield/final-datasets/in-the-wild-final-small/UNSAFE/1/frame_839.jpg,UNSAFE,UNSAFE,0.9805506467819214,baseline,in_the_wild
/Users/ahooker/Documents/Dissertation/virtushield/final-datasets/in-the-wild-final-small/UNSAFE/1/frame_83__1.jpg,UNSAFE,UNSAFE,0.9457806348800659,baseline,in_the_wild
/Users/ahooker/Documents/Dissertation/virtushield/final-datasets/in-the-wild-final-small/UNSAFE/1/frame_84.jpg,UNSAFE,UNSAFE,0.9500634670257568,baseline,in_the_wild
/Users/ahooker/Documents/Dissertation/virtushield/final-datasets/in-the-wild-final-small/UNSAFE/1/frame_845.jpg,UNSAFE,UNSAFE,0.9775245189666748,baseline,in_the_wild
/Users/ahooker/Documents/Dissertation/virtushield/final-datasets/in-the-wild-final-small/UNSAFE/1/frame_85.jpg,UNSAFE,UNSAFE,0.9778789281845093,baseline,in_the_wild
/Users/ahooker/Documents/Dissertation/virtushield/final-datasets/in-the-wild-final-small/UNSAFE/1/frame_853.jpg,UNSAFE,UNSAFE,0.9712737798690796,baseline,in_the_wild
/Users/ahooker/Documents/Dissertation/virtushield/final-datasets/in-the-wild-final-small/UNSAFE/1/frame_856.jpg,UNSAFE,UNSAFE,0.9899857044219971,baseline,in_the_wild
/Users/ahooker/Documents/Dissertation/virtushield/final-datasets/in-the-wild-final-small/UNSAFE/1/frame_86.jpg,UNSAFE,UNSAFE,0.9495013356208801,baseline,in_the_wild
/Users/ahooker/Documents/Dissertation/virtushield/final-datasets/in-the-wild-final-small/UNSAFE/1/frame_87.jpg,UNSAFE,UNSAFE,0.8412533402442932,baseline,in_the_wild
/Users/ahooker/Documents/Dissertation/virtushield/final-datasets/in-the-wild-final-small/UNSAFE/1/frame_87__1.jpg,UNSAFE,UNSAFE,0.9820544719696045,baseline,in_the_wild
/Users/ahooker/Documents/Dissertation/virtushield/final-datasets/in-the-wild-final-small/UNSAFE/1/frame_90.jpg,UNSAFE,UNSAFE,0.94366455078125,baseline,in_the_wild
/Users/ahooker/Documents/Dissertation/virtushield/final-datasets/in-the-wild-final-small/UNSAFE/1/frame_91.jpg,UNSAFE,UNSAFE,0.7698871493339539,baseline,in_the_wild
/Users/ahooker/Documents/Dissertation/virtushield/final-datasets/in-the-wild-final-small/UNSAFE/1/frame_92.jpg,UNSAFE,UNSAFE,0.9916146993637085,baseline,in_the_wild
/Users/ahooker/Documents/Dissertation/virtushield/final-datasets/in-the-wild-final-small/UNSAFE/1/frame_92__1.jpg,UNSAFE,UNSAFE,0.9831464886665344,baseline,in_the_wild
/Users/ahooker/Documents/Dissertation/virtushield/final-datasets/in-the-wild-final-small/UNSAFE/1/frame_93.jpg,UNSAFE,UNSAFE,0.9800195693969727,baseline,in_the_wild
/Users/ahooker/Documents/Dissertation/virtushield/final-datasets/in-the-wild-final-small/UNSAFE/1/frame_93__1.jpg,UNSAFE,UNSAFE,0.9908661246299744,baseline,in_the_wild
/Users/ahooker/Documents/Dissertation/virtushield/final-datasets/in-the-wild-final-small/UNSAFE/1/frame_94.jpg,UNSAFE,UNSAFE,0.985673189163208,baseline,in_the_wild
/Users/ahooker/Documents/Dissertation/virtushield/final-datasets/in-the-wild-final-small/UNSAFE/1/frame_94__1.jpg,UNSAFE,UNSAFE,0.9570885300636292,baseline,in_the_wild
/Users/ahooker/Documents/Dissertation/virtushield/final-datasets/in-the-wild-final-small/UNSAFE/1/frame_94__2.jpg,UNSAFE,UNSAFE,0.9773067831993103,baseline,in_the_wild
/Users/ahooker/Documents/Dissertation/virtushield/final-datasets/in-the-wild-final-small/UNSAFE/1/frame_95.jpg,UNSAFE,UNSAFE,0.9708280563354492,baseline,in_the_wild
/Users/ahooker/Documents/Dissertation/virtushield/final-datasets/in-the-wild-final-small/UNSAFE/1/frame_96.jpg,UNSAFE,UNSAFE,0.9708654880523682,baseline,in_the_wild
/Users/ahooker/Documents/Dissertation/virtushield/final-datasets/in-the-wild-final-small/UNSAFE/1/frame_960.jpg,UNSAFE,UNSAFE,0.8831564784049988,baseline,in_the_wild
/Users/ahooker/Documents/Dissertation/virtushield/final-datasets/in-the-wild-final-small/UNSAFE/1/frame_962.jpg,UNSAFE,UNSAFE,0.9618704915046692,baseline,in_the_wild
/Users/ahooker/Documents/Dissertation/virtushield/final-datasets/in-the-wild-final-small/UNSAFE/1/frame_964.jpg,UNSAFE,UNSAFE,0.772487461566925,baseline,in_the_wild
/Users/ahooker/Documents/Dissertation/virtushield/final-datasets/in-the-wild-final-small/UNSAFE/1/frame_965.jpg,UNSAFE,UNSAFE,0.8621017932891846,baseline,in_the_wild
/Users/ahooker/Documents/Dissertation/virtushield/final-datasets/in-the-wild-final-small/UNSAFE/1/frame_969.jpg,UNSAFE,UNSAFE,0.878070592880249,baseline,in_the_wild
/Users/ahooker/Documents/Dissertation/virtushield/final-datasets/in-the-wild-final-small/UNSAFE/1/frame_96__1.jpg,UNSAFE,UNSAFE,0.8953154683113098,baseline,in_the_wild
/Users/ahooker/Documents/Dissertation/virtushield/final-datasets/in-the-wild-final-small/UNSAFE/1/frame_97.jpg,UNSAFE,UNSAFE,0.9521757364273071,baseline,in_the_wild
/Users/ahooker/Documents/Dissertation/virtushield/final-datasets/in-the-wild-final-small/UNSAFE/1/frame_973.jpg,UNSAFE,UNSAFE,0.9132952690124512,baseline,in_the_wild
/Users/ahooker/Documents/Dissertation/virtushield/final-datasets/in-the-wild-final-small/UNSAFE/1/frame_977.jpg,UNSAFE,UNSAFE,0.903516948223114,baseline,in_the_wild
/Users/ahooker/Documents/Dissertation/virtushield/final-datasets/in-the-wild-final-small/UNSAFE/1/frame_984.jpg,UNSAFE,UNSAFE,0.7416225075721741,baseline,in_the_wild
/Users/ahooker/Documents/Dissertation/virtushield/final-datasets/in-the-wild-final-small/UNSAFE/1/frame_99.jpg,UNSAFE,UNSAFE,0.9740118384361267,baseline,in_the_wild
/Users/ahooker/Documents/Dissertation/virtushield/final-datasets/in-the-wild-final-small/UNSAFE/1/frame_996.jpg,UNSAFE,UNSAFE,0.9050728678703308,baseline,in_the_wild
/Users/ahooker/Documents/Dissertation/virtushield/final-datasets/in-the-wild-final-small/SAFE/0/frame_1000.jpg,SAFE,UNSAFE,0.7672463059425354,baseline,in_the_wild
/Users/ahooker/Documents/Dissertation/virtushield/final-datasets/in-the-wild-final-small/SAFE/0/frame_10020.jpg,SAFE,UNSAFE,0.9197039604187012,baseline,in_the_wild
/Users/ahooker/Documents/Dissertation/virtushield/final-datasets/in-the-wild-final-small/SAFE/0/frame_10080.jpg,SAFE,UNSAFE,0.5425788164138794,baseline,in_the_wild
/Users/ahooker/Documents/Dissertation/virtushield/final-datasets/in-the-wild-final-small/SAFE/0/frame_10080__1.jpg,SAFE,UNSAFE,0.751226007938385,baseline,in_the_wild
/Users/ahooker/Documents/Dissertation/virtushield/final-datasets/in-the-wild-final-small/SAFE/0/frame_10140.jpg,SAFE,SAFE,0.11135175824165344,baseline,in_the_wild
/Users/ahooker/Documents/Dissertation/virtushield/final-datasets/in-the-wild-final-small/SAFE/0/frame_10180.jpg,SAFE,UNSAFE,0.7600010633468628,baseline,in_the_wild
/Users/ahooker/Documents/Dissertation/virtushield/final-datasets/in-the-wild-final-small/SAFE/0/frame_10180__1.jpg,SAFE,UNSAFE,0.7600010633468628,baseline,in_the_wild
/Users/ahooker/Documents/Dissertation/virtushield/final-datasets/in-the-wild-final-small/SAFE/0/frame_1020.jpg,SAFE,UNSAFE,0.9482348561286926,baseline,in_the_wild
/Users/ahooker/Documents/Dissertation/virtushield/final-datasets/in-the-wild-final-small/SAFE/0/frame_10200.jpg,SAFE,UNSAFE,0.863865852355957,baseline,in_the_wild
/Users/ahooker/Documents/Dissertation/virtushield/final-datasets/in-the-wild-final-small/SAFE/0/frame_10220.jpg,SAFE,UNSAFE,0.7271584868431091,baseline,in_the_wild
/Users/ahooker/Documents/Dissertation/virtushield/final-datasets/in-the-wild-final-small/SAFE/0/frame_10260.jpg,SAFE,UNSAFE,0.8567090630531311,baseline,in_the_wild
/Users/ahooker/Documents/Dissertation/virtushield/final-datasets/in-the-wild-final-small/SAFE/0/frame_10280.jpg,SAFE,UNSAFE,0.9652629494667053,baseline,in_the_wild
/Users/ahooker/Documents/Dissertation/virtushield/final-datasets/in-the-wild-final-small/SAFE/0/frame_10280__1.jpg,SAFE,UNSAFE,0.9551987648010254,baseline,in_the_wild
/Users/ahooker/Documents/Dissertation/virtushield/final-datasets/in-the-wild-final-small/SAFE/0/frame_10300.jpg,SAFE,UNSAFE,0.6968551874160767,baseline,in_the_wild
/Users/ahooker/Documents/Dissertation/virtushield/final-datasets/in-the-wild-final-small/SAFE/0/frame_10320.jpg,SAFE,UNSAFE,0.602306067943573,baseline,in_the_wild
/Users/ahooker/Documents/Dissertation/virtushield/final-datasets/in-the-wild-final-small/SAFE/0/frame_10340.jpg,SAFE,UNSAFE,0.7556172609329224,baseline,in_the_wild
/Users/ahooker/Documents/Dissertation/virtushield/final-datasets/in-the-wild-final-small/SAFE/0/frame_10360.jpg,SAFE,UNSAFE,0.888448178768158,baseline,in_the_wild
/Users/ahooker/Documents/Dissertation/virtushield/final-datasets/in-the-wild-final-small/SAFE/0/frame_10360__1.jpg,SAFE,SAFE,0.17462708055973053,baseline,in_the_wild
/Users/ahooker/Documents/Dissertation/virtushield/final-datasets/in-the-wild-final-small/SAFE/0/frame_10420.jpg,SAFE,UNSAFE,0.9126024842262268,baseline,in_the_wild
/Users/ahooker/Documents/Dissertation/virtushield/final-datasets/in-the-wild-final-small/SAFE/0/frame_10420__1.jpg,SAFE,UNSAFE,0.9433479905128479,baseline,in_the_wild
/Users/ahooker/Documents/Dissertation/virtushield/final-datasets/in-the-wild-final-small/SAFE/0/frame_10440.jpg,SAFE,UNSAFE,0.5324650406837463,baseline,in_the_wild
/Users/ahooker/Documents/Dissertation/virtushield/final-datasets/in-the-wild-final-small/SAFE/0/frame_10540.jpg,SAFE,UNSAFE,0.7045390009880066,baseline,in_the_wild
/Users/ahooker/Documents/Dissertation/virtushield/final-datasets/in-the-wild-final-small/SAFE/0/frame_10600.jpg,SAFE,UNSAFE,0.8227889537811279,baseline,in_the_wild
/Users/ahooker/Documents/Dissertation/virtushield/final-datasets/in-the-wild-final-small/SAFE/0/frame_10620.jpg,SAFE,UNSAFE,0.7886441946029663,baseline,in_the_wild
/Users/ahooker/Documents/Dissertation/virtushield/final-datasets/in-the-wild-final-small/SAFE/0/frame_10640.jpg,SAFE,UNSAFE,0.6664213538169861,baseline,in_the_wild
/Users/ahooker/Documents/Dissertation/virtushield/final-datasets/in-the-wild-final-small/SAFE/0/frame_10660.jpg,SAFE,SAFE,0.47074466943740845,baseline,in_the_wild
/Users/ahooker/Documents/Dissertation/virtushield/final-datasets/in-the-wild-final-small/SAFE/0/frame_10680.jpg,SAFE,UNSAFE,0.8949783444404602,baseline,in_the_wild
/Users/ahooker/Documents/Dissertation/virtushield/final-datasets/in-the-wild-final-small/SAFE/0/frame_1080.jpg,SAFE,SAFE,0.4265972971916199,baseline,in_the_wild
/Users/ahooker/Documents/Dissertation/virtushield/final-datasets/in-the-wild-final-small/SAFE/0/frame_10800.jpg,SAFE,SAFE,0.28050434589385986,baseline,in_the_wild
/Users/ahooker/Documents/Dissertation/virtushield/final-datasets/in-the-wild-final-small/SAFE/0/frame_1080__1.jpg,SAFE,SAFE,0.17539016902446747,baseline,in_the_wild
/Users/ahooker/Documents/Dissertation/virtushield/final-datasets/in-the-wild-final-small/SAFE/0/frame_10920.jpg,SAFE,SAFE,0.4377000331878662,baseline,in_the_wild
/Users/ahooker/Documents/Dissertation/virtushield/final-datasets/in-the-wild-final-small/SAFE/0/frame_10920__1.jpg,SAFE,SAFE,0.1422588974237442,baseline,in_the_wild
/Users/ahooker/Documents/Dissertation/virtushield/final-datasets/in-the-wild-final-small/SAFE/0/frame_11120.jpg,SAFE,UNSAFE,0.986086905002594,baseline,in_the_wild
/Users/ahooker/Documents/Dissertation/virtushield/final-datasets/in-the-wild-final-small/SAFE/0/frame_11120__1.jpg,SAFE,SAFE,0.22801277041435242,baseline,in_the_wild
/Users/ahooker/Documents/Dissertation/virtushield/final-datasets/in-the-wild-final-small/SAFE/0/frame_11120__2.jpg,SAFE,UNSAFE,0.7393022179603577,baseline,in_the_wild
/Users/ahooker/Documents/Dissertation/virtushield/final-datasets/in-the-wild-final-small/SAFE/0/frame_11140.jpg,SAFE,UNSAFE,0.6285445690155029,baseline,in_the_wild
/Users/ahooker/Documents/Dissertation/virtushield/final-datasets/in-the-wild-final-small/SAFE/0/frame_11140__1.jpg,SAFE,UNSAFE,0.7524867653846741,baseline,in_the_wild
/Users/ahooker/Documents/Dissertation/virtushield/final-datasets/in-the-wild-final-small/SAFE/0/frame_11160.jpg,SAFE,SAFE,0.15532079339027405,baseline,in_the_wild
/Users/ahooker/Documents/Dissertation/virtushield/final-datasets/in-the-wild-final-small/SAFE/0/frame_11160__1.jpg,SAFE,UNSAFE,0.8876403570175171,baseline,in_the_wild
/Users/ahooker/Documents/Dissertation/virtushield/final-datasets/in-the-wild-final-small/SAFE/0/frame_11180.jpg,SAFE,SAFE,0.36945638060569763,baseline,in_the_wild
/Users/ahooker/Documents/Dissertation/virtushield/final-datasets/in-the-wild-final-small/SAFE/0/frame_11260.jpg,SAFE,UNSAFE,0.7758520245552063,baseline,in_the_wild
/Users/ahooker/Documents/Dissertation/virtushield/final-datasets/in-the-wild-final-small/SAFE/0/frame_11280.jpg,SAFE,UNSAFE,0.8600040078163147,baseline,in_the_wild
/Users/ahooker/Documents/Dissertation/virtushield/final-datasets/in-the-wild-final-small/SAFE/0/frame_1140.jpg,SAFE,UNSAFE,0.7943126559257507,baseline,in_the_wild
/Users/ahooker/Documents/Dissertation/virtushield/final-datasets/in-the-wild-final-small/SAFE/0/frame_11400.jpg,SAFE,SAFE,0.22505348920822144,baseline,in_the_wild
/Users/ahooker/Documents/Dissertation/virtushield/final-datasets/in-the-wild-final-small/SAFE/0/frame_11420.jpg,SAFE,UNSAFE,0.6620359420776367,baseline,in_the_wild
/Users/ahooker/Documents/Dissertation/virtushield/final-datasets/in-the-wild-final-small/SAFE/0/frame_11460.jpg,SAFE,UNSAFE,0.912241518497467,baseline,in_the_wild
/Users/ahooker/Documents/Dissertation/virtushield/final-datasets/in-the-wild-final-small/SAFE/0/frame_11480.jpg,SAFE,UNSAFE,0.8433740139007568,baseline,in_the_wild
/Users/ahooker/Documents/Dissertation/virtushield/final-datasets/in-the-wild-final-small/SAFE/0/frame_11500.jpg,SAFE,SAFE,0.2764039635658264,baseline,in_the_wild
/Users/ahooker/Documents/Dissertation/virtushield/final-datasets/in-the-wild-final-small/SAFE/0/frame_11520.jpg,SAFE,UNSAFE,0.9444208741188049,baseline,in_the_wild
/Users/ahooker/Documents/Dissertation/virtushield/final-datasets/in-the-wild-final-small/SAFE/0/frame_11560.jpg,SAFE,SAFE,0.47693318128585815,baseline,in_the_wild
/Users/ahooker/Documents/Dissertation/virtushield/final-datasets/in-the-wild-final-small/SAFE/0/frame_11580.jpg,SAFE,UNSAFE,0.6091518402099609,baseline,in_the_wild
/Users/ahooker/Documents/Dissertation/virtushield/final-datasets/in-the-wild-final-small/SAFE/0/frame_11580__1.jpg,SAFE,UNSAFE,0.9380114078521729,baseline,in_the_wild
/Users/ahooker/Documents/Dissertation/virtushield/final-datasets/in-the-wild-final-small/SAFE/0/frame_11580__2.jpg,SAFE,UNSAFE,0.607982337474823,baseline,in_the_wild
/Users/ahooker/Documents/Dissertation/virtushield/final-datasets/in-the-wild-final-small/SAFE/0/frame_11580__3.jpg,SAFE,UNSAFE,0.8767514824867249,baseline,in_the_wild
/Users/ahooker/Documents/Dissertation/virtushield/final-datasets/in-the-wild-final-small/SAFE/0/frame_11660.jpg,SAFE,UNSAFE,0.7927289009094238,baseline,in_the_wild
/Users/ahooker/Documents/Dissertation/virtushield/final-datasets/in-the-wild-final-small/SAFE/0/frame_11700.jpg,SAFE,UNSAFE,0.9655633568763733,baseline,in_the_wild
/Users/ahooker/Documents/Dissertation/virtushield/final-datasets/in-the-wild-final-small/SAFE/0/frame_11720.jpg,SAFE,UNSAFE,0.7291601896286011,baseline,in_the_wild
/Users/ahooker/Documents/Dissertation/virtushield/final-datasets/in-the-wild-final-small/SAFE/0/frame_11720__1.jpg,SAFE,UNSAFE,0.8411580920219421,baseline,in_the_wild
/Users/ahooker/Documents/Dissertation/virtushield/final-datasets/in-the-wild-final-small/SAFE/0/frame_11720__2.jpg,SAFE,UNSAFE,0.7080485224723816,baseline,in_the_wild
/Users/ahooker/Documents/Dissertation/virtushield/final-datasets/in-the-wild-final-small/SAFE/0/frame_11760.jpg,SAFE,SAFE,0.10406457632780075,baseline,in_the_wild
/Users/ahooker/Documents/Dissertation/virtushield/final-datasets/in-the-wild-final-small/SAFE/0/frame_1180.jpg,SAFE,UNSAFE,0.5127549767494202,baseline,in_the_wild
/Users/ahooker/Documents/Dissertation/virtushield/final-datasets/in-the-wild-final-small/SAFE/0/frame_11840.jpg,SAFE,SAFE,0.47772642970085144,baseline,in_the_wild
/Users/ahooker/Documents/Dissertation/virtushield/final-datasets/in-the-wild-final-small/SAFE/0/frame_11840__1.jpg,SAFE,UNSAFE,0.7365996837615967,baseline,in_the_wild
/Users/ahooker/Documents/Dissertation/virtushield/final-datasets/in-the-wild-final-small/SAFE/0/frame_11860.jpg,SAFE,UNSAFE,0.7107393145561218,baseline,in_the_wild
/Users/ahooker/Documents/Dissertation/virtushield/final-datasets/in-the-wild-final-small/SAFE/0/frame_11860__1.jpg,SAFE,UNSAFE,0.8493818640708923,baseline,in_the_wild
/Users/ahooker/Documents/Dissertation/virtushield/final-datasets/in-the-wild-final-small/SAFE/0/frame_11920.jpg,SAFE,SAFE,0.44450873136520386,baseline,in_the_wild
/Users/ahooker/Documents/Dissertation/virtushield/final-datasets/in-the-wild-final-small/SAFE/0/frame_11980.jpg,SAFE,UNSAFE,0.5167569518089294,baseline,in_the_wild
/Users/ahooker/Documents/Dissertation/virtushield/final-datasets/in-the-wild-final-small/SAFE/0/frame_120.jpg,SAFE,UNSAFE,0.8168661594390869,baseline,in_the_wild
/Users/ahooker/Documents/Dissertation/virtushield/final-datasets/in-the-wild-final-small/SAFE/0/frame_12000.jpg,SAFE,UNSAFE,0.7675465941429138,baseline,in_the_wild
/Users/ahooker/Documents/Dissertation/virtushield/final-datasets/in-the-wild-final-small/SAFE/0/frame_12020.jpg,SAFE,UNSAFE,0.7631660103797913,baseline,in_the_wild
/Users/ahooker/Documents/Dissertation/virtushield/final-datasets/in-the-wild-final-small/SAFE/0/frame_12040.jpg,SAFE,SAFE,0.3109191060066223,baseline,in_the_wild
/Users/ahooker/Documents/Dissertation/virtushield/final-datasets/in-the-wild-final-small/SAFE/0/frame_12060.jpg,SAFE,SAFE,0.1419048011302948,baseline,in_the_wild
/Users/ahooker/Documents/Dissertation/virtushield/final-datasets/in-the-wild-final-small/SAFE/0/frame_12100.jpg,SAFE,SAFE,0.49669700860977173,baseline,in_the_wild
/Users/ahooker/Documents/Dissertation/virtushield/final-datasets/in-the-wild-final-small/SAFE/0/frame_12120.jpg,SAFE,UNSAFE,0.8418899178504944,baseline,in_the_wild
/Users/ahooker/Documents/Dissertation/virtushield/final-datasets/in-the-wild-final-small/SAFE/0/frame_12200.jpg,SAFE,UNSAFE,0.7034289240837097,baseline,in_the_wild
/Users/ahooker/Documents/Dissertation/virtushield/final-datasets/in-the-wild-final-small/SAFE/0/frame_12200__1.jpg,SAFE,UNSAFE,0.927122175693512,baseline,in_the_wild
/Users/ahooker/Documents/Dissertation/virtushield/final-datasets/in-the-wild-final-small/SAFE/0/frame_12200__2.jpg,SAFE,UNSAFE,0.6453631520271301,baseline,in_the_wild
/Users/ahooker/Documents/Dissertation/virtushield/final-datasets/in-the-wild-final-small/SAFE/0/frame_12220.jpg,SAFE,UNSAFE,0.9389525055885315,baseline,in_the_wild
/Users/ahooker/Documents/Dissertation/virtushield/final-datasets/in-the-wild-final-small/SAFE/0/frame_12260.jpg,SAFE,SAFE,0.4378910958766937,baseline,in_the_wild
/Users/ahooker/Documents/Dissertation/virtushield/final-datasets/in-the-wild-final-small/SAFE/0/frame_12260__1.jpg,SAFE,UNSAFE,0.915338397026062,baseline,in_the_wild
/Users/ahooker/Documents/Dissertation/virtushield/final-datasets/in-the-wild-final-small/SAFE/0/frame_12320.jpg,SAFE,SAFE,0.3841474652290344,baseline,in_the_wild
/Users/ahooker/Documents/Dissertation/virtushield/final-datasets/in-the-wild-final-small/SAFE/0/frame_12340.jpg,SAFE,UNSAFE,0.830012857913971,baseline,in_the_wild
/Users/ahooker/Documents/Dissertation/virtushield/final-datasets/in-the-wild-final-small/SAFE/0/frame_12460.jpg,SAFE,UNSAFE,0.8039021492004395,baseline,in_the_wild
/Users/ahooker/Documents/Dissertation/virtushield/final-datasets/in-the-wild-final-small/SAFE/0/frame_12480.jpg,SAFE,UNSAFE,0.7989339232444763,baseline,in_the_wild
/Users/ahooker/Documents/Dissertation/virtushield/final-datasets/in-the-wild-final-small/SAFE/0/frame_12540.jpg,SAFE,UNSAFE,0.5099493265151978,baseline,in_the_wild
/Users/ahooker/Documents/Dissertation/virtushield/final-datasets/in-the-wild-final-small/SAFE/0/frame_12540__1.jpg,SAFE,UNSAFE,0.7155680060386658,baseline,in_the_wild
/Users/ahooker/Documents/Dissertation/virtushield/final-datasets/in-the-wild-final-small/SAFE/0/frame_12560.jpg,SAFE,SAFE,0.3398447334766388,baseline,in_the_wild
/Users/ahooker/Documents/Dissertation/virtushield/final-datasets/in-the-wild-final-small/SAFE/0/frame_12560__1.jpg,SAFE,SAFE,0.168129563331604,baseline,in_the_wild
/Users/ahooker/Documents/Dissertation/virtushield/final-datasets/in-the-wild-final-small/SAFE/0/frame_12560__2.jpg,SAFE,SAFE,0.48178762197494507,baseline,in_the_wild
/Users/ahooker/Documents/Dissertation/virtushield/final-datasets/in-the-wild-final-small/SAFE/0/frame_12600.jpg,SAFE,SAFE,0.13645076751708984,baseline,in_the_wild
/Users/ahooker/Documents/Dissertation/virtushield/final-datasets/in-the-wild-final-small/SAFE/0/frame_12620.jpg,SAFE,UNSAFE,0.7587571144104004,baseline,in_the_wild
/Users/ahooker/Documents/Dissertation/virtushield/final-datasets/in-the-wild-final-small/SAFE/0/frame_12640.jpg,SAFE,UNSAFE,0.6748834252357483,baseline,in_the_wild
/Users/ahooker/Documents/Dissertation/virtushield/final-datasets/in-the-wild-final-small/SAFE/0/frame_12680.jpg,SAFE,UNSAFE,0.7957352995872498,baseline,in_the_wild
/Users/ahooker/Documents/Dissertation/virtushield/final-datasets/in-the-wild-final-small/SAFE/0/frame_12760.jpg,SAFE,UNSAFE,0.7863572835922241,baseline,in_the_wild
/Users/ahooker/Documents/Dissertation/virtushield/final-datasets/in-the-wild-final-small/SAFE/0/frame_1280.jpg,SAFE,UNSAFE,0.956417977809906,baseline,in_the_wild
/Users/ahooker/Documents/Dissertation/virtushield/final-datasets/in-the-wild-final-small/SAFE/0/frame_12820.jpg,SAFE,UNSAFE,0.9347869753837585,baseline,in_the_wild
/Users/ahooker/Documents/Dissertation/virtushield/final-datasets/in-the-wild-final-small/SAFE/0/frame_12820__1.jpg,SAFE,UNSAFE,0.8744152188301086,baseline,in_the_wild
/Users/ahooker/Documents/Dissertation/virtushield/final-datasets/in-the-wild-final-small/SAFE/0/frame_12860.jpg,SAFE,UNSAFE,0.8218095898628235,baseline,in_the_wild
/Users/ahooker/Documents/Dissertation/virtushield/final-datasets/in-the-wild-final-small/SAFE/0/frame_12880.jpg,SAFE,UNSAFE,0.8943995237350464,baseline,in_the_wild
/Users/ahooker/Documents/Dissertation/virtushield/final-datasets/in-the-wild-final-small/SAFE/0/frame_12920.jpg,SAFE,UNSAFE,0.9487897753715515,baseline,in_the_wild
/Users/ahooker/Documents/Dissertation/virtushield/final-datasets/in-the-wild-final-small/SAFE/0/frame_12920__1.jpg,SAFE,UNSAFE,0.5611316561698914,baseline,in_the_wild
/Users/ahooker/Documents/Dissertation/virtushield/final-datasets/in-the-wild-final-small/SAFE/0/frame_13060.jpg,SAFE,UNSAFE,0.8379812836647034,baseline,in_the_wild
/Users/ahooker/Documents/Dissertation/virtushield/final-datasets/in-the-wild-final-small/SAFE/0/frame_13100.jpg,SAFE,UNSAFE,0.7058313488960266,baseline,in_the_wild
/Users/ahooker/Documents/Dissertation/virtushield/final-datasets/in-the-wild-final-small/SAFE/0/frame_13100__1.jpg,SAFE,UNSAFE,0.8299095034599304,baseline,in_the_wild
/Users/ahooker/Documents/Dissertation/virtushield/final-datasets/in-the-wild-final-small/SAFE/0/frame_13140.jpg,SAFE,UNSAFE,0.8188672661781311,baseline,in_the_wild
/Users/ahooker/Documents/Dissertation/virtushield/final-datasets/in-the-wild-final-small/SAFE/0/frame_13180.jpg,SAFE,SAFE,0.36986348032951355,baseline,in_the_wild
/Users/ahooker/Documents/Dissertation/virtushield/final-datasets/in-the-wild-final-small/SAFE/0/frame_1320.jpg,SAFE,SAFE,0.1349637657403946,baseline,in_the_wild
/Users/ahooker/Documents/Dissertation/virtushield/final-datasets/in-the-wild-final-small/SAFE/0/frame_13320.jpg,SAFE,SAFE,0.18627771735191345,baseline,in_the_wild
/Users/ahooker/Documents/Dissertation/virtushield/final-datasets/in-the-wild-final-small/SAFE/0/frame_13360.jpg,SAFE,UNSAFE,0.9071439504623413,baseline,in_the_wild
/Users/ahooker/Documents/Dissertation/virtushield/final-datasets/in-the-wild-final-small/SAFE/0/frame_13420.jpg,SAFE,UNSAFE,0.5770797729492188,baseline,in_the_wild
/Users/ahooker/Documents/Dissertation/virtushield/final-datasets/in-the-wild-final-small/SAFE/0/frame_13420__1.jpg,SAFE,UNSAFE,0.558318018913269,baseline,in_the_wild
/Users/ahooker/Documents/Dissertation/virtushield/final-datasets/in-the-wild-final-small/SAFE/0/frame_13500.jpg,SAFE,UNSAFE,0.6485393643379211,baseline,in_the_wild
/Users/ahooker/Documents/Dissertation/virtushield/final-datasets/in-the-wild-final-small/SAFE/0/frame_13540.jpg,SAFE,UNSAFE,0.9256855845451355,baseline,in_the_wild
/Users/ahooker/Documents/Dissertation/virtushield/final-datasets/in-the-wild-final-small/SAFE/0/frame_13580.jpg,SAFE,SAFE,0.17916448414325714,baseline,in_the_wild
/Users/ahooker/Documents/Dissertation/virtushield/final-datasets/in-the-wild-final-small/SAFE/0/frame_13600.jpg,SAFE,UNSAFE,0.5958113670349121,baseline,in_the_wild
/Users/ahooker/Documents/Dissertation/virtushield/final-datasets/in-the-wild-final-small/SAFE/0/frame_13620.jpg,SAFE,SAFE,0.34562018513679504,baseline,in_the_wild
/Users/ahooker/Documents/Dissertation/virtushield/final-datasets/in-the-wild-final-small/SAFE/0/frame_13660.jpg,SAFE,SAFE,0.19535233080387115,baseline,in_the_wild
/Users/ahooker/Documents/Dissertation/virtushield/final-datasets/in-the-wild-final-small/SAFE/0/frame_13700.jpg,SAFE,UNSAFE,0.7855483889579773,baseline,in_the_wild
/Users/ahooker/Documents/Dissertation/virtushield/final-datasets/in-the-wild-final-small/SAFE/0/frame_13700__1.jpg,SAFE,UNSAFE,0.9635728597640991,baseline,in_the_wild
/Users/ahooker/Documents/Dissertation/virtushield/final-datasets/in-the-wild-final-small/SAFE/0/frame_13720.jpg,SAFE,UNSAFE,0.968834400177002,baseline,in_the_wild
/Users/ahooker/Documents/Dissertation/virtushield/final-datasets/in-the-wild-final-small/SAFE/0/frame_13740.jpg,SAFE,UNSAFE,0.8084591627120972,baseline,in_the_wild
/Users/ahooker/Documents/Dissertation/virtushield/final-datasets/in-the-wild-final-small/SAFE/0/frame_13760.jpg,SAFE,UNSAFE,0.6310416460037231,baseline,in_the_wild
/Users/ahooker/Documents/Dissertation/virtushield/final-datasets/in-the-wild-final-small/SAFE/0/frame_13780.jpg,SAFE,UNSAFE,0.5015177726745605,baseline,in_the_wild
/Users/ahooker/Documents/Dissertation/virtushield/final-datasets/in-the-wild-final-small/SAFE/0/frame_13820.jpg,SAFE,UNSAFE,0.9560377597808838,baseline,in_the_wild
/Users/ahooker/Documents/Dissertation/virtushield/final-datasets/in-the-wild-final-small/SAFE/0/frame_13920.jpg,SAFE,UNSAFE,0.5406027436256409,baseline,in_the_wild
/Users/ahooker/Documents/Dissertation/virtushield/final-datasets/in-the-wild-final-small/SAFE/0/frame_13940.jpg,SAFE,UNSAFE,0.6044737100601196,baseline,in_the_wild
/Users/ahooker/Documents/Dissertation/virtushield/final-datasets/in-the-wild-final-small/SAFE/0/frame_13960.jpg,SAFE,UNSAFE,0.8569510579109192,baseline,in_the_wild
/Users/ahooker/Documents/Dissertation/virtushield/final-datasets/in-the-wild-final-small/SAFE/0/frame_14000.jpg,SAFE,UNSAFE,0.862529993057251,baseline,in_the_wild
/Users/ahooker/Documents/Dissertation/virtushield/final-datasets/in-the-wild-final-small/SAFE/0/frame_14020.jpg,SAFE,SAFE,0.38149091601371765,baseline,in_the_wild
/Users/ahooker/Documents/Dissertation/virtushield/final-datasets/in-the-wild-final-small/SAFE/0/frame_14080.jpg,SAFE,UNSAFE,0.9696530103683472,baseline,in_the_wild
/Users/ahooker/Documents/Dissertation/virtushield/final-datasets/in-the-wild-final-small/SAFE/0/frame_14120.jpg,SAFE,SAFE,0.24172529578208923,baseline,in_the_wild
/Users/ahooker/Documents/Dissertation/virtushield/final-datasets/in-the-wild-final-small/SAFE/0/frame_14200.jpg,SAFE,UNSAFE,0.721093475818634,baseline,in_the_wild
/Users/ahooker/Documents/Dissertation/virtushield/final-datasets/in-the-wild-final-small/SAFE/0/frame_14260.jpg,SAFE,UNSAFE,0.7749598026275635,baseline,in_the_wild
/Users/ahooker/Documents/Dissertation/virtushield/final-datasets/in-the-wild-final-small/SAFE/0/frame_14300.jpg,SAFE,UNSAFE,0.8412839770317078,baseline,in_the_wild
/Users/ahooker/Documents/Dissertation/virtushield/final-datasets/in-the-wild-final-small/SAFE/0/frame_14340.jpg,SAFE,UNSAFE,0.9793643355369568,baseline,in_the_wild
/Users/ahooker/Documents/Dissertation/virtushield/final-datasets/in-the-wild-final-small/SAFE/0/frame_1440.jpg,SAFE,UNSAFE,0.5450847148895264,baseline,in_the_wild
/Users/ahooker/Documents/Dissertation/virtushield/final-datasets/in-the-wild-final-small/SAFE/0/frame_14400.jpg,SAFE,UNSAFE,0.5612345337867737,baseline,in_the_wild
/Users/ahooker/Documents/Dissertation/virtushield/final-datasets/in-the-wild-final-small/SAFE/0/frame_14460.jpg,SAFE,SAFE,0.43307602405548096,baseline,in_the_wild
/Users/ahooker/Documents/Dissertation/virtushield/final-datasets/in-the-wild-final-small/SAFE/0/frame_14540.jpg,SAFE,UNSAFE,0.8488383889198303,baseline,in_the_wild
/Users/ahooker/Documents/Dissertation/virtushield/final-datasets/in-the-wild-final-small/SAFE/0/frame_14580.jpg,SAFE,UNSAFE,0.7867521643638611,baseline,in_the_wild
/Users/ahooker/Documents/Dissertation/virtushield/final-datasets/in-the-wild-final-small/SAFE/0/frame_14640.jpg,SAFE,UNSAFE,0.9193952083587646,baseline,in_the_wild
/Users/ahooker/Documents/Dissertation/virtushield/final-datasets/in-the-wild-final-small/SAFE/0/frame_14660.jpg,SAFE,UNSAFE,0.8798286318778992,baseline,in_the_wild
/Users/ahooker/Documents/Dissertation/virtushield/final-datasets/in-the-wild-final-small/SAFE/0/frame_14660__1.jpg,SAFE,UNSAFE,0.8625338077545166,baseline,in_the_wild
/Users/ahooker/Documents/Dissertation/virtushield/final-datasets/in-the-wild-final-small/SAFE/0/frame_14760.jpg,SAFE,UNSAFE,0.8524417281150818,baseline,in_the_wild
/Users/ahooker/Documents/Dissertation/virtushield/final-datasets/in-the-wild-final-small/SAFE/0/frame_1480.jpg,SAFE,UNSAFE,0.700423538684845,baseline,in_the_wild
/Users/ahooker/Documents/Dissertation/virtushield/final-datasets/in-the-wild-final-small/SAFE/0/frame_14800.jpg,SAFE,SAFE,0.2819879949092865,baseline,in_the_wild
/Users/ahooker/Documents/Dissertation/virtushield/final-datasets/in-the-wild-final-small/SAFE/0/frame_1480__1.jpg,SAFE,UNSAFE,0.9705678224563599,baseline,in_the_wild
/Users/ahooker/Documents/Dissertation/virtushield/final-datasets/in-the-wild-final-small/SAFE/0/frame_14820.jpg,SAFE,UNSAFE,0.8344728350639343,baseline,in_the_wild
/Users/ahooker/Documents/Dissertation/virtushield/final-datasets/in-the-wild-final-small/SAFE/0/frame_14840.jpg,SAFE,UNSAFE,0.9308270812034607,baseline,in_the_wild
/Users/ahooker/Documents/Dissertation/virtushield/final-datasets/in-the-wild-final-small/SAFE/0/frame_15000.jpg,SAFE,UNSAFE,0.8575205206871033,baseline,in_the_wild
/Users/ahooker/Documents/Dissertation/virtushield/final-datasets/in-the-wild-final-small/SAFE/0/frame_15060.jpg,SAFE,SAFE,0.48155951499938965,baseline,in_the_wild
/Users/ahooker/Documents/Dissertation/virtushield/final-datasets/in-the-wild-final-small/SAFE/0/frame_15160.jpg,SAFE,UNSAFE,0.7050465941429138,baseline,in_the_wild
/Users/ahooker/Documents/Dissertation/virtushield/final-datasets/in-the-wild-final-small/SAFE/0/frame_15160__1.jpg,SAFE,UNSAFE,0.9366800785064697,baseline,in_the_wild
/Users/ahooker/Documents/Dissertation/virtushield/final-datasets/in-the-wild-final-small/SAFE/0/frame_1520.jpg,SAFE,UNSAFE,0.6246634721755981,baseline,in_the_wild
/Users/ahooker/Documents/Dissertation/virtushield/final-datasets/in-the-wild-final-small/SAFE/0/frame_15220.jpg,SAFE,UNSAFE,0.6058619022369385,baseline,in_the_wild
/Users/ahooker/Documents/Dissertation/virtushield/final-datasets/in-the-wild-final-small/SAFE/0/frame_15280.jpg,SAFE,UNSAFE,0.9372692108154297,baseline,in_the_wild
/Users/ahooker/Documents/Dissertation/virtushield/final-datasets/in-the-wild-final-small/SAFE/0/frame_15280__1.jpg,SAFE,UNSAFE,0.8831911683082581,baseline,in_the_wild
/Users/ahooker/Documents/Dissertation/virtushield/final-datasets/in-the-wild-final-small/SAFE/0/frame_15280__2.jpg,SAFE,UNSAFE,0.6313124299049377,baseline,in_the_wild
/Users/ahooker/Documents/Dissertation/virtushield/final-datasets/in-the-wild-final-small/SAFE/0/frame_15460.jpg,SAFE,UNSAFE,0.9540066123008728,baseline,in_the_wild
/Users/ahooker/Documents/Dissertation/virtushield/final-datasets/in-the-wild-final-small/SAFE/0/frame_15520.jpg,SAFE,SAFE,0.45234405994415283,baseline,in_the_wild
/Users/ahooker/Documents/Dissertation/virtushield/final-datasets/in-the-wild-final-small/SAFE/0/frame_15560.jpg,SAFE,UNSAFE,0.9268404841423035,baseline,in_the_wild
/Users/ahooker/Documents/Dissertation/virtushield/final-datasets/in-the-wild-final-small/SAFE/0/frame_15580.jpg,SAFE,UNSAFE,0.9260125756263733,baseline,in_the_wild
/Users/ahooker/Documents/Dissertation/virtushield/final-datasets/in-the-wild-final-small/SAFE/0/frame_15640.jpg,SAFE,UNSAFE,0.9021573066711426,baseline,in_the_wild
/Users/ahooker/Documents/Dissertation/virtushield/final-datasets/in-the-wild-final-small/SAFE/0/frame_15720.jpg,SAFE,UNSAFE,0.9506449699401855,baseline,in_the_wild
/Users/ahooker/Documents/Dissertation/virtushield/final-datasets/in-the-wild-final-small/SAFE/0/frame_15740.jpg,SAFE,UNSAFE,0.9093506336212158,baseline,in_the_wild
/Users/ahooker/Documents/Dissertation/virtushield/final-datasets/in-the-wild-final-small/SAFE/0/frame_1580.jpg,SAFE,SAFE,0.18934449553489685,baseline,in_the_wild
/Users/ahooker/Documents/Dissertation/virtushield/final-datasets/in-the-wild-final-small/SAFE/0/frame_15820.jpg,SAFE,UNSAFE,0.7185106873512268,baseline,in_the_wild
/Users/ahooker/Documents/Dissertation/virtushield/final-datasets/in-the-wild-final-small/SAFE/0/frame_15820__1.jpg,SAFE,UNSAFE,0.7185106873512268,baseline,in_the_wild
/Users/ahooker/Documents/Dissertation/virtushield/final-datasets/in-the-wild-final-small/SAFE/0/frame_15900.jpg,SAFE,UNSAFE,0.8222947716712952,baseline,in_the_wild
/Users/ahooker/Documents/Dissertation/virtushield/final-datasets/in-the-wild-final-small/SAFE/0/frame_15920.jpg,SAFE,UNSAFE,0.8100572824478149,baseline,in_the_wild
/Users/ahooker/Documents/Dissertation/virtushield/final-datasets/in-the-wild-final-small/SAFE/0/frame_15960.jpg,SAFE,UNSAFE,0.8841651678085327,baseline,in_the_wild
/Users/ahooker/Documents/Dissertation/virtushield/final-datasets/in-the-wild-final-small/SAFE/0/frame_15980.jpg,SAFE,UNSAFE,0.9228120446205139,baseline,in_the_wild
/Users/ahooker/Documents/Dissertation/virtushield/final-datasets/in-the-wild-final-small/SAFE/0/frame_16120.jpg,SAFE,UNSAFE,0.5732659697532654,baseline,in_the_wild
/Users/ahooker/Documents/Dissertation/virtushield/final-datasets/in-the-wild-final-small/SAFE/0/frame_1620.jpg,SAFE,UNSAFE,0.5508518218994141,baseline,in_the_wild
/Users/ahooker/Documents/Dissertation/virtushield/final-datasets/in-the-wild-final-small/SAFE/0/frame_16280.jpg,SAFE,UNSAFE,0.5404123067855835,baseline,in_the_wild
/Users/ahooker/Documents/Dissertation/virtushield/final-datasets/in-the-wild-final-small/SAFE/0/frame_16360.jpg,SAFE,UNSAFE,0.7877140641212463,baseline,in_the_wild
/Users/ahooker/Documents/Dissertation/virtushield/final-datasets/in-the-wild-final-small/SAFE/0/frame_16380.jpg,SAFE,UNSAFE,0.9668565392494202,baseline,in_the_wild
/Users/ahooker/Documents/Dissertation/virtushield/final-datasets/in-the-wild-final-small/SAFE/0/frame_1640.jpg,SAFE,UNSAFE,0.7098177075386047,baseline,in_the_wild
/Users/ahooker/Documents/Dissertation/virtushield/final-datasets/in-the-wild-final-small/SAFE/0/frame_1640__1.jpg,SAFE,UNSAFE,0.9763256907463074,baseline,in_the_wild
/Users/ahooker/Documents/Dissertation/virtushield/final-datasets/in-the-wild-final-small/SAFE/0/frame_16500.jpg,SAFE,UNSAFE,0.6497991681098938,baseline,in_the_wild
/Users/ahooker/Documents/Dissertation/virtushield/final-datasets/in-the-wild-final-small/SAFE/0/frame_16560.jpg,SAFE,SAFE,0.4005267918109894,baseline,in_the_wild
/Users/ahooker/Documents/Dissertation/virtushield/final-datasets/in-the-wild-final-small/SAFE/0/frame_16580.jpg,SAFE,UNSAFE,0.9626453518867493,baseline,in_the_wild
/Users/ahooker/Documents/Dissertation/virtushield/final-datasets/in-the-wild-final-small/SAFE/0/frame_16580__1.jpg,SAFE,UNSAFE,0.8179703950881958,baseline,in_the_wild
/Users/ahooker/Documents/Dissertation/virtushield/final-datasets/in-the-wild-final-small/SAFE/0/frame_1660.jpg,SAFE,SAFE,0.35437285900115967,baseline,in_the_wild
/Users/ahooker/Documents/Dissertation/virtushield/final-datasets/in-the-wild-final-small/SAFE/0/frame_16600.jpg,SAFE,UNSAFE,0.9520710110664368,baseline,in_the_wild
/Users/ahooker/Documents/Dissertation/virtushield/final-datasets/in-the-wild-final-small/SAFE/0/frame_16720.jpg,SAFE,SAFE,0.17809882760047913,baseline,in_the_wild
/Users/ahooker/Documents/Dissertation/virtushield/final-datasets/in-the-wild-final-small/SAFE/0/frame_16740.jpg,SAFE,UNSAFE,0.8817402720451355,baseline,in_the_wild
/Users/ahooker/Documents/Dissertation/virtushield/final-datasets/in-the-wild-final-small/SAFE/0/frame_16800.jpg,SAFE,UNSAFE,0.5874485373497009,baseline,in_the_wild
/Users/ahooker/Documents/Dissertation/virtushield/final-datasets/in-the-wild-final-small/SAFE/0/frame_16920.jpg,SAFE,SAFE,0.4008501470088959,baseline,in_the_wild
/Users/ahooker/Documents/Dissertation/virtushield/final-datasets/in-the-wild-final-small/SAFE/0/frame_16960.jpg,SAFE,UNSAFE,0.970569372177124,baseline,in_the_wild
/Users/ahooker/Documents/Dissertation/virtushield/final-datasets/in-the-wild-final-small/SAFE/0/frame_17000.jpg,SAFE,UNSAFE,0.8967955112457275,baseline,in_the_wild
/Users/ahooker/Documents/Dissertation/virtushield/final-datasets/in-the-wild-final-small/SAFE/0/frame_17220.jpg,SAFE,UNSAFE,0.9132089614868164,baseline,in_the_wild
/Users/ahooker/Documents/Dissertation/virtushield/final-datasets/in-the-wild-final-small/SAFE/0/frame_17320.jpg,SAFE,UNSAFE,0.9567286372184753,baseline,in_the_wild
/Users/ahooker/Documents/Dissertation/virtushield/final-datasets/in-the-wild-final-small/SAFE/0/frame_17340.jpg,SAFE,UNSAFE,0.9247774481773376,baseline,in_the_wild
/Users/ahooker/Documents/Dissertation/virtushield/final-datasets/in-the-wild-final-small/SAFE/0/frame_17360.jpg,SAFE,UNSAFE,0.9588045477867126,baseline,in_the_wild
/Users/ahooker/Documents/Dissertation/virtushield/final-datasets/in-the-wild-final-small/SAFE/0/frame_17460.jpg,SAFE,SAFE,0.43971163034439087,baseline,in_the_wild
/Users/ahooker/Documents/Dissertation/virtushield/final-datasets/in-the-wild-final-small/SAFE/0/frame_17660.jpg,SAFE,UNSAFE,0.627936065196991,baseline,in_the_wild
/Users/ahooker/Documents/Dissertation/virtushield/final-datasets/in-the-wild-final-small/SAFE/0/frame_17660__1.jpg,SAFE,SAFE,0.14205002784729004,baseline,in_the_wild
/Users/ahooker/Documents/Dissertation/virtushield/final-datasets/in-the-wild-final-small/SAFE/0/frame_17680.jpg,SAFE,UNSAFE,0.6240559220314026,baseline,in_the_wild
/Users/ahooker/Documents/Dissertation/virtushield/final-datasets/in-the-wild-final-small/SAFE/0/frame_1780.jpg,SAFE,SAFE,0.2518043518066406,baseline,in_the_wild
/Users/ahooker/Documents/Dissertation/virtushield/final-datasets/in-the-wild-final-small/SAFE/0/frame_1780__1.jpg,SAFE,UNSAFE,0.9454857707023621,baseline,in_the_wild
/Users/ahooker/Documents/Dissertation/virtushield/final-datasets/in-the-wild-final-small/SAFE/0/frame_17820.jpg,SAFE,UNSAFE,0.6161836981773376,baseline,in_the_wild
/Users/ahooker/Documents/Dissertation/virtushield/final-datasets/in-the-wild-final-small/SAFE/0/frame_17840.jpg,SAFE,UNSAFE,0.8578650951385498,baseline,in_the_wild
/Users/ahooker/Documents/Dissertation/virtushield/final-datasets/in-the-wild-final-small/SAFE/0/frame_17880.jpg,SAFE,UNSAFE,0.8916633129119873,baseline,in_the_wild
/Users/ahooker/Documents/Dissertation/virtushield/final-datasets/in-the-wild-final-small/SAFE/0/frame_17920.jpg,SAFE,UNSAFE,0.7336878180503845,baseline,in_the_wild
/Users/ahooker/Documents/Dissertation/virtushield/final-datasets/in-the-wild-final-small/SAFE/0/frame_180.jpg,SAFE,UNSAFE,0.6540679335594177,baseline,in_the_wild
/Users/ahooker/Documents/Dissertation/virtushield/final-datasets/in-the-wild-final-small/SAFE/0/frame_18260.jpg,SAFE,UNSAFE,0.6204069256782532,baseline,in_the_wild
/Users/ahooker/Documents/Dissertation/virtushield/final-datasets/in-the-wild-final-small/SAFE/0/frame_18320.jpg,SAFE,UNSAFE,0.8659141063690186,baseline,in_the_wild
/Users/ahooker/Documents/Dissertation/virtushield/final-datasets/in-the-wild-final-small/SAFE/0/frame_18420.jpg,SAFE,SAFE,0.24719400703907013,baseline,in_the_wild
/Users/ahooker/Documents/Dissertation/virtushield/final-datasets/in-the-wild-final-small/SAFE/0/frame_18580.jpg,SAFE,SAFE,0.439767062664032,baseline,in_the_wild
/Users/ahooker/Documents/Dissertation/virtushield/final-datasets/in-the-wild-final-small/SAFE/0/frame_18680.jpg,SAFE,UNSAFE,0.94625324010849,baseline,in_the_wild
/Users/ahooker/Documents/Dissertation/virtushield/final-datasets/in-the-wild-final-small/SAFE/0/frame_18740.jpg,SAFE,UNSAFE,0.9600852131843567,baseline,in_the_wild
/Users/ahooker/Documents/Dissertation/virtushield/final-datasets/in-the-wild-final-small/SAFE/0/frame_18740__1.jpg,SAFE,UNSAFE,0.528911292552948,baseline,in_the_wild
/Users/ahooker/Documents/Dissertation/virtushield/final-datasets/in-the-wild-final-small/SAFE/0/frame_18780.jpg,SAFE,SAFE,0.3979955315589905,baseline,in_the_wild
/Users/ahooker/Documents/Dissertation/virtushield/final-datasets/in-the-wild-final-small/SAFE/0/frame_1880.jpg,SAFE,UNSAFE,0.9291207790374756,baseline,in_the_wild
/Users/ahooker/Documents/Dissertation/virtushield/final-datasets/in-the-wild-final-small/SAFE/0/frame_18980.jpg,SAFE,UNSAFE,0.8100783824920654,baseline,in_the_wild
/Users/ahooker/Documents/Dissertation/virtushield/final-datasets/in-the-wild-final-small/SAFE/0/frame_18980__1.jpg,SAFE,UNSAFE,0.8338878154754639,baseline,in_the_wild
/Users/ahooker/Documents/Dissertation/virtushield/final-datasets/in-the-wild-final-small/SAFE/0/frame_1900.jpg,SAFE,UNSAFE,0.899037778377533,baseline,in_the_wild
/Users/ahooker/Documents/Dissertation/virtushield/final-datasets/in-the-wild-final-small/SAFE/0/frame_19060.jpg,SAFE,UNSAFE,0.5563054084777832,baseline,in_the_wild
/Users/ahooker/Documents/Dissertation/virtushield/final-datasets/in-the-wild-final-small/SAFE/0/frame_19080.jpg,SAFE,SAFE,0.27806341648101807,baseline,in_the_wild
/Users/ahooker/Documents/Dissertation/virtushield/final-datasets/in-the-wild-final-small/SAFE/0/frame_19120.jpg,SAFE,UNSAFE,0.5330670475959778,baseline,in_the_wild
/Users/ahooker/Documents/Dissertation/virtushield/final-datasets/in-the-wild-final-small/SAFE/0/frame_19120__1.jpg,SAFE,UNSAFE,0.8596407175064087,baseline,in_the_wild
/Users/ahooker/Documents/Dissertation/virtushield/final-datasets/in-the-wild-final-small/SAFE/0/frame_19160.jpg,SAFE,UNSAFE,0.7645078897476196,baseline,in_the_wild
/Users/ahooker/Documents/Dissertation/virtushield/final-datasets/in-the-wild-final-small/SAFE/0/frame_19280.jpg,SAFE,SAFE,0.16868248581886292,baseline,in_the_wild
/Users/ahooker/Documents/Dissertation/virtushield/final-datasets/in-the-wild-final-small/SAFE/0/frame_19280__1.jpg,SAFE,UNSAFE,0.9392898678779602,baseline,in_the_wild
/Users/ahooker/Documents/Dissertation/virtushield/final-datasets/in-the-wild-final-small/SAFE/0/frame_19340.jpg,SAFE,UNSAFE,0.9608256816864014,baseline,in_the_wild
/Users/ahooker/Documents/Dissertation/virtushield/final-datasets/in-the-wild-final-small/SAFE/0/frame_19400.jpg,SAFE,UNSAFE,0.7847488522529602,baseline,in_the_wild
/Users/ahooker/Documents/Dissertation/virtushield/final-datasets/in-the-wild-final-small/SAFE/0/frame_19520.jpg,SAFE,UNSAFE,0.945321798324585,baseline,in_the_wild
/Users/ahooker/Documents/Dissertation/virtushield/final-datasets/in-the-wild-final-small/SAFE/0/frame_19540.jpg,SAFE,UNSAFE,0.584802508354187,baseline,in_the_wild
/Users/ahooker/Documents/Dissertation/virtushield/final-datasets/in-the-wild-final-small/SAFE/0/frame_19580.jpg,SAFE,UNSAFE,0.8792053461074829,baseline,in_the_wild
/Users/ahooker/Documents/Dissertation/virtushield/final-datasets/in-the-wild-final-small/SAFE/0/frame_19620.jpg,SAFE,UNSAFE,0.9553806185722351,baseline,in_the_wild
/Users/ahooker/Documents/Dissertation/virtushield/final-datasets/in-the-wild-final-small/SAFE/0/frame_19640.jpg,SAFE,SAFE,0.378300279378891,baseline,in_the_wild
/Users/ahooker/Documents/Dissertation/virtushield/final-datasets/in-the-wild-final-small/SAFE/0/frame_19700.jpg,SAFE,UNSAFE,0.8695571422576904,baseline,in_the_wild
/Users/ahooker/Documents/Dissertation/virtushield/final-datasets/in-the-wild-final-small/SAFE/0/frame_19740.jpg,SAFE,UNSAFE,0.9489223957061768,baseline,in_the_wild
/Users/ahooker/Documents/Dissertation/virtushield/final-datasets/in-the-wild-final-small/SAFE/0/frame_1980.jpg,SAFE,UNSAFE,0.869573175907135,baseline,in_the_wild
/Users/ahooker/Documents/Dissertation/virtushield/final-datasets/in-the-wild-final-small/SAFE/0/frame_19800.jpg,SAFE,UNSAFE,0.8350026607513428,baseline,in_the_wild
/Users/ahooker/Documents/Dissertation/virtushield/final-datasets/in-the-wild-final-small/SAFE/0/frame_19880.jpg,SAFE,UNSAFE,0.8904664516448975,baseline,in_the_wild
/Users/ahooker/Documents/Dissertation/virtushield/final-datasets/in-the-wild-final-small/SAFE/0/frame_19920.jpg,SAFE,UNSAFE,0.9223449230194092,baseline,in_the_wild
/Users/ahooker/Documents/Dissertation/virtushield/final-datasets/in-the-wild-final-small/SAFE/0/frame_19940.jpg,SAFE,UNSAFE,0.8056306838989258,baseline,in_the_wild
/Users/ahooker/Documents/Dissertation/virtushield/final-datasets/in-the-wild-final-small/SAFE/0/frame_2000.jpg,SAFE,UNSAFE,0.5446471571922302,baseline,in_the_wild
/Users/ahooker/Documents/Dissertation/virtushield/final-datasets/in-the-wild-final-small/SAFE/0/frame_20020.jpg,SAFE,UNSAFE,0.6565172076225281,baseline,in_the_wild
/Users/ahooker/Documents/Dissertation/virtushield/final-datasets/in-the-wild-final-small/SAFE/0/frame_20160.jpg,SAFE,UNSAFE,0.947431743144989,baseline,in_the_wild
/Users/ahooker/Documents/Dissertation/virtushield/final-datasets/in-the-wild-final-small/SAFE/0/frame_20180.jpg,SAFE,SAFE,0.4834955036640167,baseline,in_the_wild
/Users/ahooker/Documents/Dissertation/virtushield/final-datasets/in-the-wild-final-small/SAFE/0/frame_2020.jpg,SAFE,SAFE,0.2554064095020294,baseline,in_the_wild
/Users/ahooker/Documents/Dissertation/virtushield/final-datasets/in-the-wild-final-small/SAFE/0/frame_20260.jpg,SAFE,UNSAFE,0.550150454044342,baseline,in_the_wild
/Users/ahooker/Documents/Dissertation/virtushield/final-datasets/in-the-wild-final-small/SAFE/0/frame_20300.jpg,SAFE,UNSAFE,0.5289326310157776,baseline,in_the_wild
/Users/ahooker/Documents/Dissertation/virtushield/final-datasets/in-the-wild-final-small/SAFE/0/frame_20400.jpg,SAFE,SAFE,0.36948567628860474,baseline,in_the_wild
/Users/ahooker/Documents/Dissertation/virtushield/final-datasets/in-the-wild-final-small/SAFE/0/frame_20400__1.jpg,SAFE,UNSAFE,0.9765357375144958,baseline,in_the_wild
/Users/ahooker/Documents/Dissertation/virtushield/final-datasets/in-the-wild-final-small/SAFE/0/frame_20440.jpg,SAFE,UNSAFE,0.7963394522666931,baseline,in_the_wild
/Users/ahooker/Documents/Dissertation/virtushield/final-datasets/in-the-wild-final-small/SAFE/0/frame_20540.jpg,SAFE,UNSAFE,0.7399160265922546,baseline,in_the_wild
/Users/ahooker/Documents/Dissertation/virtushield/final-datasets/in-the-wild-final-small/SAFE/0/frame_2060.jpg,SAFE,UNSAFE,0.8901862502098083,baseline,in_the_wild
/Users/ahooker/Documents/Dissertation/virtushield/final-datasets/in-the-wild-final-small/SAFE/0/frame_2060__1.jpg,SAFE,SAFE,0.19961103796958923,baseline,in_the_wild
/Users/ahooker/Documents/Dissertation/virtushield/final-datasets/in-the-wild-final-small/SAFE/0/frame_20620.jpg,SAFE,UNSAFE,0.9075177907943726,baseline,in_the_wild
/Users/ahooker/Documents/Dissertation/virtushield/final-datasets/in-the-wild-final-small/SAFE/0/frame_20640.jpg,SAFE,UNSAFE,0.7734373807907104,baseline,in_the_wild
/Users/ahooker/Documents/Dissertation/virtushield/final-datasets/in-the-wild-final-small/SAFE/0/frame_20680.jpg,SAFE,UNSAFE,0.930303692817688,baseline,in_the_wild
/Users/ahooker/Documents/Dissertation/virtushield/final-datasets/in-the-wild-final-small/SAFE/0/frame_20700.jpg,SAFE,UNSAFE,0.9052606821060181,baseline,in_the_wild
/Users/ahooker/Documents/Dissertation/virtushield/final-datasets/in-the-wild-final-small/SAFE/0/frame_20760.jpg,SAFE,UNSAFE,0.8116328716278076,baseline,in_the_wild
/Users/ahooker/Documents/Dissertation/virtushield/final-datasets/in-the-wild-final-small/SAFE/0/frame_20880.jpg,SAFE,UNSAFE,0.5656816363334656,baseline,in_the_wild
/Users/ahooker/Documents/Dissertation/virtushield/final-datasets/in-the-wild-final-small/SAFE/0/frame_20900.jpg,SAFE,UNSAFE,0.5646527409553528,baseline,in_the_wild
/Users/ahooker/Documents/Dissertation/virtushield/final-datasets/in-the-wild-final-small/SAFE/0/frame_21020.jpg,SAFE,UNSAFE,0.8641844391822815,baseline,in_the_wild
/Users/ahooker/Documents/Dissertation/virtushield/final-datasets/in-the-wild-final-small/SAFE/0/frame_21020__1.jpg,SAFE,UNSAFE,0.8197978734970093,baseline,in_the_wild
/Users/ahooker/Documents/Dissertation/virtushield/final-datasets/in-the-wild-final-small/SAFE/0/frame_21160.jpg,SAFE,UNSAFE,0.8640899658203125,baseline,in_the_wild
/Users/ahooker/Documents/Dissertation/virtushield/final-datasets/in-the-wild-final-small/SAFE/0/frame_21500.jpg,SAFE,UNSAFE,0.8475223779678345,baseline,in_the_wild
/Users/ahooker/Documents/Dissertation/virtushield/final-datasets/in-the-wild-final-small/SAFE/0/frame_21600.jpg,SAFE,UNSAFE,0.9590697288513184,baseline,in_the_wild
/Users/ahooker/Documents/Dissertation/virtushield/final-datasets/in-the-wild-final-small/SAFE/0/frame_21700.jpg,SAFE,SAFE,0.23008786141872406,baseline,in_the_wild
/Users/ahooker/Documents/Dissertation/virtushield/final-datasets/in-the-wild-final-small/SAFE/0/frame_21800.jpg,SAFE,UNSAFE,0.8429611325263977,baseline,in_the_wild
/Users/ahooker/Documents/Dissertation/virtushield/final-datasets/in-the-wild-final-small/SAFE/0/frame_21820.jpg,SAFE,SAFE,0.0708967000246048,baseline,in_the_wild
/Users/ahooker/Documents/Dissertation/virtushield/final-datasets/in-the-wild-final-small/SAFE/0/frame_21840.jpg,SAFE,UNSAFE,0.941418468952179,baseline,in_the_wild
/Users/ahooker/Documents/Dissertation/virtushield/final-datasets/in-the-wild-final-small/SAFE/0/frame_21900.jpg,SAFE,UNSAFE,0.7209848761558533,baseline,in_the_wild
/Users/ahooker/Documents/Dissertation/virtushield/final-datasets/in-the-wild-final-small/SAFE/0/frame_21940.jpg,SAFE,UNSAFE,0.9483667016029358,baseline,in_the_wild
/Users/ahooker/Documents/Dissertation/virtushield/final-datasets/in-the-wild-final-small/SAFE/0/frame_21960.jpg,SAFE,UNSAFE,0.8353917598724365,baseline,in_the_wild
/Users/ahooker/Documents/Dissertation/virtushield/final-datasets/in-the-wild-final-small/SAFE/0/frame_220.jpg,SAFE,UNSAFE,0.8216838240623474,baseline,in_the_wild
/Users/ahooker/Documents/Dissertation/virtushield/final-datasets/in-the-wild-final-small/SAFE/0/frame_22100.jpg,SAFE,UNSAFE,0.7693910002708435,baseline,in_the_wild
/Users/ahooker/Documents/Dissertation/virtushield/final-datasets/in-the-wild-final-small/SAFE/0/frame_22520.jpg,SAFE,SAFE,0.3115324079990387,baseline,in_the_wild
/Users/ahooker/Documents/Dissertation/virtushield/final-datasets/in-the-wild-final-small/SAFE/0/frame_22540.jpg,SAFE,SAFE,0.20355720818042755,baseline,in_the_wild
/Users/ahooker/Documents/Dissertation/virtushield/final-datasets/in-the-wild-final-small/SAFE/0/frame_2280.jpg,SAFE,SAFE,0.22361472249031067,baseline,in_the_wild
/Users/ahooker/Documents/Dissertation/virtushield/final-datasets/in-the-wild-final-small/SAFE/0/frame_22800.jpg,SAFE,SAFE,0.39147818088531494,baseline,in_the_wild
/Users/ahooker/Documents/Dissertation/virtushield/final-datasets/in-the-wild-final-small/SAFE/0/frame_22840.jpg,SAFE,SAFE,0.26075586676597595,baseline,in_the_wild
/Users/ahooker/Documents/Dissertation/virtushield/final-datasets/in-the-wild-final-small/SAFE/0/frame_22860.jpg,SAFE,SAFE,0.29352709650993347,baseline,in_the_wild
/Users/ahooker/Documents/Dissertation/virtushield/final-datasets/in-the-wild-final-small/SAFE/0/frame_22900.jpg,SAFE,UNSAFE,0.8720835447311401,baseline,in_the_wild
/Users/ahooker/Documents/Dissertation/virtushield/final-datasets/in-the-wild-final-small/SAFE/0/frame_22940.jpg,SAFE,UNSAFE,0.8919652104377747,baseline,in_the_wild
/Users/ahooker/Documents/Dissertation/virtushield/final-datasets/in-the-wild-final-small/SAFE/0/frame_22980.jpg,SAFE,UNSAFE,0.5501240491867065,baseline,in_the_wild
/Users/ahooker/Documents/Dissertation/virtushield/final-datasets/in-the-wild-final-small/SAFE/0/frame_22980__1.jpg,SAFE,SAFE,0.48345643281936646,baseline,in_the_wild
/Users/ahooker/Documents/Dissertation/virtushield/final-datasets/in-the-wild-final-small/SAFE/0/frame_2300.jpg,SAFE,UNSAFE,0.7722204923629761,baseline,in_the_wild
/Users/ahooker/Documents/Dissertation/virtushield/final-datasets/in-the-wild-final-small/SAFE/0/frame_23100.jpg,SAFE,UNSAFE,0.5729020237922668,baseline,in_the_wild
/Users/ahooker/Documents/Dissertation/virtushield/final-datasets/in-the-wild-final-small/SAFE/0/frame_23140.jpg,SAFE,SAFE,0.10838105529546738,baseline,in_the_wild
/Users/ahooker/Documents/Dissertation/virtushield/final-datasets/in-the-wild-final-small/SAFE/0/frame_23260.jpg,SAFE,SAFE,0.2158229500055313,baseline,in_the_wild
/Users/ahooker/Documents/Dissertation/virtushield/final-datasets/in-the-wild-final-small/SAFE/0/frame_23560.jpg,SAFE,UNSAFE,0.9285522699356079,baseline,in_the_wild
/Users/ahooker/Documents/Dissertation/virtushield/final-datasets/in-the-wild-final-small/SAFE/0/frame_23600.jpg,SAFE,SAFE,0.16696171462535858,baseline,in_the_wild
/Users/ahooker/Documents/Dissertation/virtushield/final-datasets/in-the-wild-final-small/SAFE/0/frame_23760.jpg,SAFE,SAFE,0.45339134335517883,baseline,in_the_wild
/Users/ahooker/Documents/Dissertation/virtushield/final-datasets/in-the-wild-final-small/SAFE/0/frame_2420.jpg,SAFE,SAFE,0.31998735666275024,baseline,in_the_wild
/Users/ahooker/Documents/Dissertation/virtushield/final-datasets/in-the-wild-final-small/SAFE/0/frame_2440.jpg,SAFE,SAFE,0.13825011253356934,baseline,in_the_wild
/Users/ahooker/Documents/Dissertation/virtushield/final-datasets/in-the-wild-final-small/SAFE/0/frame_2480.jpg,SAFE,UNSAFE,0.9178990721702576,baseline,in_the_wild
/Users/ahooker/Documents/Dissertation/virtushield/final-datasets/in-the-wild-final-small/SAFE/0/frame_2540.jpg,SAFE,SAFE,0.07347612828016281,baseline,in_the_wild
/Users/ahooker/Documents/Dissertation/virtushield/final-datasets/in-the-wild-final-small/SAFE/0/frame_2560.jpg,SAFE,UNSAFE,0.9772986769676208,baseline,in_the_wild
/Users/ahooker/Documents/Dissertation/virtushield/final-datasets/in-the-wild-final-small/SAFE/0/frame_2580.jpg,SAFE,SAFE,0.2964198887348175,baseline,in_the_wild
/Users/ahooker/Documents/Dissertation/virtushield/final-datasets/in-the-wild-final-small/SAFE/0/frame_2580__1.jpg,SAFE,SAFE,0.2964198887348175,baseline,in_the_wild
/Users/ahooker/Documents/Dissertation/virtushield/final-datasets/in-the-wild-final-small/SAFE/0/frame_2580__2.jpg,SAFE,UNSAFE,0.9791944622993469,baseline,in_the_wild
/Users/ahooker/Documents/Dissertation/virtushield/final-datasets/in-the-wild-final-small/SAFE/0/frame_25840.jpg,SAFE,UNSAFE,0.9502103328704834,baseline,in_the_wild
/Users/ahooker/Documents/Dissertation/virtushield/final-datasets/in-the-wild-final-small/SAFE/0/frame_2600.jpg,SAFE,UNSAFE,0.8594312071800232,baseline,in_the_wild
/Users/ahooker/Documents/Dissertation/virtushield/final-datasets/in-the-wild-final-small/SAFE/0/frame_2660.jpg,SAFE,UNSAFE,0.65578693151474,baseline,in_the_wild
/Users/ahooker/Documents/Dissertation/virtushield/final-datasets/in-the-wild-final-small/SAFE/0/frame_2680.jpg,SAFE,UNSAFE,0.6871767044067383,baseline,in_the_wild
/Users/ahooker/Documents/Dissertation/virtushield/final-datasets/in-the-wild-final-small/SAFE/0/frame_2700.jpg,SAFE,SAFE,0.22780972719192505,baseline,in_the_wild
/Users/ahooker/Documents/Dissertation/virtushield/final-datasets/in-the-wild-final-small/SAFE/0/frame_27000.jpg,SAFE,UNSAFE,0.8287174701690674,baseline,in_the_wild
/Users/ahooker/Documents/Dissertation/virtushield/final-datasets/in-the-wild-final-small/SAFE/0/frame_27120.jpg,SAFE,UNSAFE,0.8769199848175049,baseline,in_the_wild
/Users/ahooker/Documents/Dissertation/virtushield/final-datasets/in-the-wild-final-small/SAFE/0/frame_27220.jpg,SAFE,UNSAFE,0.7679360508918762,baseline,in_the_wild
/Users/ahooker/Documents/Dissertation/virtushield/final-datasets/in-the-wild-final-small/SAFE/0/frame_2760.jpg,SAFE,SAFE,0.4337312877178192,baseline,in_the_wild
/Users/ahooker/Documents/Dissertation/virtushield/final-datasets/in-the-wild-final-small/SAFE/0/frame_2760__1.jpg,SAFE,SAFE,0.3478187322616577,baseline,in_the_wild
/Users/ahooker/Documents/Dissertation/virtushield/final-datasets/in-the-wild-final-small/SAFE/0/frame_2860.jpg,SAFE,UNSAFE,0.6252915263175964,baseline,in_the_wild
/Users/ahooker/Documents/Dissertation/virtushield/final-datasets/in-the-wild-final-small/SAFE/0/frame_2880.jpg,SAFE,UNSAFE,0.8423068523406982,baseline,in_the_wild
/Users/ahooker/Documents/Dissertation/virtushield/final-datasets/in-the-wild-final-small/SAFE/0/frame_28820.jpg,SAFE,UNSAFE,0.9348217248916626,baseline,in_the_wild
/Users/ahooker/Documents/Dissertation/virtushield/final-datasets/in-the-wild-final-small/SAFE/0/frame_2960.jpg,SAFE,UNSAFE,0.7532217502593994,baseline,in_the_wild
/Users/ahooker/Documents/Dissertation/virtushield/final-datasets/in-the-wild-final-small/SAFE/0/frame_2980.jpg,SAFE,UNSAFE,0.6125469207763672,baseline,in_the_wild
/Users/ahooker/Documents/Dissertation/virtushield/final-datasets/in-the-wild-final-small/SAFE/0/frame_3020.jpg,SAFE,UNSAFE,0.9742496609687805,baseline,in_the_wild
/Users/ahooker/Documents/Dissertation/virtushield/final-datasets/in-the-wild-final-small/SAFE/0/frame_3080.jpg,SAFE,UNSAFE,0.9180290699005127,baseline,in_the_wild
/Users/ahooker/Documents/Dissertation/virtushield/final-datasets/in-the-wild-final-small/SAFE/0/frame_3080__1.jpg,SAFE,UNSAFE,0.9501537084579468,baseline,in_the_wild
/Users/ahooker/Documents/Dissertation/virtushield/final-datasets/in-the-wild-final-small/SAFE/0/frame_3100.jpg,SAFE,SAFE,0.4437119960784912,baseline,in_the_wild
/Users/ahooker/Documents/Dissertation/virtushield/final-datasets/in-the-wild-final-small/SAFE/0/frame_3160.jpg,SAFE,UNSAFE,0.94431072473526,baseline,in_the_wild
/Users/ahooker/Documents/Dissertation/virtushield/final-datasets/in-the-wild-final-small/SAFE/0/frame_3160__1.jpg,SAFE,SAFE,0.3636191189289093,baseline,in_the_wild
/Users/ahooker/Documents/Dissertation/virtushield/final-datasets/in-the-wild-final-small/SAFE/0/frame_3180.jpg,SAFE,SAFE,0.19831787049770355,baseline,in_the_wild
/Users/ahooker/Documents/Dissertation/virtushield/final-datasets/in-the-wild-final-small/SAFE/0/frame_3180__1.jpg,SAFE,SAFE,0.42384782433509827,baseline,in_the_wild
/Users/ahooker/Documents/Dissertation/virtushield/final-datasets/in-the-wild-final-small/SAFE/0/frame_320.jpg,SAFE,SAFE,0.3895969092845917,baseline,in_the_wild
/Users/ahooker/Documents/Dissertation/virtushield/final-datasets/in-the-wild-final-small/SAFE/0/frame_3200.jpg,SAFE,SAFE,0.4847535789012909,baseline,in_the_wild
/Users/ahooker/Documents/Dissertation/virtushield/final-datasets/in-the-wild-final-small/SAFE/0/frame_320__1.jpg,SAFE,SAFE,0.3813082277774811,baseline,in_the_wild
/Users/ahooker/Documents/Dissertation/virtushield/final-datasets/in-the-wild-final-small/SAFE/0/frame_3240.jpg,SAFE,SAFE,0.18319542706012726,baseline,in_the_wild
/Users/ahooker/Documents/Dissertation/virtushield/final-datasets/in-the-wild-final-small/SAFE/0/frame_3240__1.jpg,SAFE,SAFE,0.39075326919555664,baseline,in_the_wild
/Users/ahooker/Documents/Dissertation/virtushield/final-datasets/in-the-wild-final-small/SAFE/0/frame_3240__2.jpg,SAFE,UNSAFE,0.8577764630317688,baseline,in_the_wild
/Users/ahooker/Documents/Dissertation/virtushield/final-datasets/in-the-wild-final-small/SAFE/0/frame_3360.jpg,SAFE,UNSAFE,0.942299485206604,baseline,in_the_wild
/Users/ahooker/Documents/Dissertation/virtushield/final-datasets/in-the-wild-final-small/SAFE/0/frame_3420.jpg,SAFE,UNSAFE,0.8758498430252075,baseline,in_the_wild
/Users/ahooker/Documents/Dissertation/virtushield/final-datasets/in-the-wild-final-small/SAFE/0/frame_3420__1.jpg,SAFE,UNSAFE,0.8758498430252075,baseline,in_the_wild
/Users/ahooker/Documents/Dissertation/virtushield/final-datasets/in-the-wild-final-small/SAFE/0/frame_3460.jpg,SAFE,UNSAFE,0.6395391225814819,baseline,in_the_wild
/Users/ahooker/Documents/Dissertation/virtushield/final-datasets/in-the-wild-final-small/SAFE/0/frame_3520.jpg,SAFE,UNSAFE,0.9167453646659851,baseline,in_the_wild
/Users/ahooker/Documents/Dissertation/virtushield/final-datasets/in-the-wild-final-small/SAFE/0/frame_3520__1.jpg,SAFE,UNSAFE,0.8937727808952332,baseline,in_the_wild
/Users/ahooker/Documents/Dissertation/virtushield/final-datasets/in-the-wild-final-small/SAFE/0/frame_3560.jpg,SAFE,UNSAFE,0.8758556246757507,baseline,in_the_wild
/Users/ahooker/Documents/Dissertation/virtushield/final-datasets/in-the-wild-final-small/SAFE/0/frame_3560__1.jpg,SAFE,SAFE,0.42816054821014404,baseline,in_the_wild
/Users/ahooker/Documents/Dissertation/virtushield/final-datasets/in-the-wild-final-small/SAFE/0/frame_360.jpg,SAFE,UNSAFE,0.7556073665618896,baseline,in_the_wild
/Users/ahooker/Documents/Dissertation/virtushield/final-datasets/in-the-wild-final-small/SAFE/0/frame_3640.jpg,SAFE,SAFE,0.3870778977870941,baseline,in_the_wild
/Users/ahooker/Documents/Dissertation/virtushield/final-datasets/in-the-wild-final-small/SAFE/0/frame_3680.jpg,SAFE,UNSAFE,0.7148808240890503,baseline,in_the_wild
/Users/ahooker/Documents/Dissertation/virtushield/final-datasets/in-the-wild-final-small/SAFE/0/frame_3740.jpg,SAFE,SAFE,0.08613486588001251,baseline,in_the_wild
/Users/ahooker/Documents/Dissertation/virtushield/final-datasets/in-the-wild-final-small/SAFE/0/frame_3760.jpg,SAFE,UNSAFE,0.6486485004425049,baseline,in_the_wild
/Users/ahooker/Documents/Dissertation/virtushield/final-datasets/in-the-wild-final-small/SAFE/0/frame_3760__1.jpg,SAFE,UNSAFE,0.6831640005111694,baseline,in_the_wild
/Users/ahooker/Documents/Dissertation/virtushield/final-datasets/in-the-wild-final-small/SAFE/0/frame_3780.jpg,SAFE,UNSAFE,0.8708892464637756,baseline,in_the_wild
/Users/ahooker/Documents/Dissertation/virtushield/final-datasets/in-the-wild-final-small/SAFE/0/frame_3800.jpg,SAFE,SAFE,0.38603806495666504,baseline,in_the_wild
/Users/ahooker/Documents/Dissertation/virtushield/final-datasets/in-the-wild-final-small/SAFE/0/frame_3860.jpg,SAFE,UNSAFE,0.8765371441841125,baseline,in_the_wild
/Users/ahooker/Documents/Dissertation/virtushield/final-datasets/in-the-wild-final-small/SAFE/0/frame_3880.jpg,SAFE,UNSAFE,0.9605256915092468,baseline,in_the_wild
/Users/ahooker/Documents/Dissertation/virtushield/final-datasets/in-the-wild-final-small/SAFE/0/frame_3920.jpg,SAFE,UNSAFE,0.7267454266548157,baseline,in_the_wild
/Users/ahooker/Documents/Dissertation/virtushield/final-datasets/in-the-wild-final-small/SAFE/0/frame_3960.jpg,SAFE,UNSAFE,0.8852764368057251,baseline,in_the_wild
/Users/ahooker/Documents/Dissertation/virtushield/final-datasets/in-the-wild-final-small/SAFE/0/frame_3980.jpg,SAFE,UNSAFE,0.8483482003211975,baseline,in_the_wild
/Users/ahooker/Documents/Dissertation/virtushield/final-datasets/in-the-wild-final-small/SAFE/0/frame_40.jpg,SAFE,UNSAFE,0.5479658842086792,baseline,in_the_wild
/Users/ahooker/Documents/Dissertation/virtushield/final-datasets/in-the-wild-final-small/SAFE/0/frame_4020.jpg,SAFE,UNSAFE,0.9539376497268677,baseline,in_the_wild
/Users/ahooker/Documents/Dissertation/virtushield/final-datasets/in-the-wild-final-small/SAFE/0/frame_4020__1.jpg,SAFE,SAFE,0.4904267489910126,baseline,in_the_wild
/Users/ahooker/Documents/Dissertation/virtushield/final-datasets/in-the-wild-final-small/SAFE/0/frame_4020__2.jpg,SAFE,UNSAFE,0.7368531227111816,baseline,in_the_wild
/Users/ahooker/Documents/Dissertation/virtushield/final-datasets/in-the-wild-final-small/SAFE/0/frame_4080.jpg,SAFE,SAFE,0.28720641136169434,baseline,in_the_wild
/Users/ahooker/Documents/Dissertation/virtushield/final-datasets/in-the-wild-final-small/SAFE/0/frame_4100.jpg,SAFE,UNSAFE,0.7803239226341248,baseline,in_the_wild
/Users/ahooker/Documents/Dissertation/virtushield/final-datasets/in-the-wild-final-small/SAFE/0/frame_4120.jpg,SAFE,UNSAFE,0.8931854963302612,baseline,in_the_wild
/Users/ahooker/Documents/Dissertation/virtushield/final-datasets/in-the-wild-final-small/SAFE/0/frame_4120__1.jpg,SAFE,UNSAFE,0.794292688369751,baseline,in_the_wild
/Users/ahooker/Documents/Dissertation/virtushield/final-datasets/in-the-wild-final-small/SAFE/0/frame_4140.jpg,SAFE,UNSAFE,0.8958804607391357,baseline,in_the_wild
/Users/ahooker/Documents/Dissertation/virtushield/final-datasets/in-the-wild-final-small/SAFE/0/frame_4160.jpg,SAFE,SAFE,0.49314969778060913,baseline,in_the_wild
/Users/ahooker/Documents/Dissertation/virtushield/final-datasets/in-the-wild-final-small/SAFE/0/frame_4240.jpg,SAFE,SAFE,0.21738912165164948,baseline,in_the_wild
/Users/ahooker/Documents/Dissertation/virtushield/final-datasets/in-the-wild-final-small/SAFE/0/frame_4280.jpg,SAFE,UNSAFE,0.9008419513702393,baseline,in_the_wild
/Users/ahooker/Documents/Dissertation/virtushield/final-datasets/in-the-wild-final-small/SAFE/0/frame_4360.jpg,SAFE,SAFE,0.09962117671966553,baseline,in_the_wild
/Users/ahooker/Documents/Dissertation/virtushield/final-datasets/in-the-wild-final-small/SAFE/0/frame_4400.jpg,SAFE,UNSAFE,0.9503143429756165,baseline,in_the_wild
/Users/ahooker/Documents/Dissertation/virtushield/final-datasets/in-the-wild-final-small/SAFE/0/frame_4400__1.jpg,SAFE,UNSAFE,0.7683891654014587,baseline,in_the_wild
/Users/ahooker/Documents/Dissertation/virtushield/final-datasets/in-the-wild-final-small/SAFE/0/frame_4480.jpg,SAFE,UNSAFE,0.9629732370376587,baseline,in_the_wild
/Users/ahooker/Documents/Dissertation/virtushield/final-datasets/in-the-wild-final-small/SAFE/0/frame_4500.jpg,SAFE,UNSAFE,0.6109849214553833,baseline,in_the_wild
/Users/ahooker/Documents/Dissertation/virtushield/final-datasets/in-the-wild-final-small/SAFE/0/frame_4520.jpg,SAFE,UNSAFE,0.7487751841545105,baseline,in_the_wild
/Users/ahooker/Documents/Dissertation/virtushield/final-datasets/in-the-wild-final-small/SAFE/0/frame_4740.jpg,SAFE,UNSAFE,0.7407417893409729,baseline,in_the_wild
/Users/ahooker/Documents/Dissertation/virtushield/final-datasets/in-the-wild-final-small/SAFE/0/frame_4840.jpg,SAFE,UNSAFE,0.9761455059051514,baseline,in_the_wild
/Users/ahooker/Documents/Dissertation/virtushield/final-datasets/in-the-wild-final-small/SAFE/0/frame_4880.jpg,SAFE,SAFE,0.3727870285511017,baseline,in_the_wild
/Users/ahooker/Documents/Dissertation/virtushield/final-datasets/in-the-wild-final-small/SAFE/0/frame_4880__1.jpg,SAFE,UNSAFE,0.9060332179069519,baseline,in_the_wild
/Users/ahooker/Documents/Dissertation/virtushield/final-datasets/in-the-wild-final-small/SAFE/0/frame_4880__2.jpg,SAFE,UNSAFE,0.9387754201889038,baseline,in_the_wild
/Users/ahooker/Documents/Dissertation/virtushield/final-datasets/in-the-wild-final-small/SAFE/0/frame_4900.jpg,SAFE,UNSAFE,0.932570219039917,baseline,in_the_wild
/Users/ahooker/Documents/Dissertation/virtushield/final-datasets/in-the-wild-final-small/SAFE/0/frame_4900__1.jpg,SAFE,UNSAFE,0.9460538029670715,baseline,in_the_wild
/Users/ahooker/Documents/Dissertation/virtushield/final-datasets/in-the-wild-final-small/SAFE/0/frame_5000.jpg,SAFE,UNSAFE,0.7098687887191772,baseline,in_the_wild
/Users/ahooker/Documents/Dissertation/virtushield/final-datasets/in-the-wild-final-small/SAFE/0/frame_5040.jpg,SAFE,UNSAFE,0.8704732656478882,baseline,in_the_wild
/Users/ahooker/Documents/Dissertation/virtushield/final-datasets/in-the-wild-final-small/SAFE/0/frame_5040__1.jpg,SAFE,UNSAFE,0.690260648727417,baseline,in_the_wild
/Users/ahooker/Documents/Dissertation/virtushield/final-datasets/in-the-wild-final-small/SAFE/0/frame_5040__2.jpg,SAFE,UNSAFE,0.5803381204605103,baseline,in_the_wild
/Users/ahooker/Documents/Dissertation/virtushield/final-datasets/in-the-wild-final-small/SAFE/0/frame_5060.jpg,SAFE,UNSAFE,0.7021424174308777,baseline,in_the_wild
/Users/ahooker/Documents/Dissertation/virtushield/final-datasets/in-the-wild-final-small/SAFE/0/frame_5160.jpg,SAFE,UNSAFE,0.6736799478530884,baseline,in_the_wild
/Users/ahooker/Documents/Dissertation/virtushield/final-datasets/in-the-wild-final-small/SAFE/0/frame_5180.jpg,SAFE,UNSAFE,0.8831813335418701,baseline,in_the_wild
/Users/ahooker/Documents/Dissertation/virtushield/final-datasets/in-the-wild-final-small/SAFE/0/frame_5180__1.jpg,SAFE,SAFE,0.3974002003669739,baseline,in_the_wild
/Users/ahooker/Documents/Dissertation/virtushield/final-datasets/in-the-wild-final-small/SAFE/0/frame_5280.jpg,SAFE,UNSAFE,0.9121813178062439,baseline,in_the_wild
/Users/ahooker/Documents/Dissertation/virtushield/final-datasets/in-the-wild-final-small/SAFE/0/frame_5300.jpg,SAFE,UNSAFE,0.7355830073356628,baseline,in_the_wild
/Users/ahooker/Documents/Dissertation/virtushield/final-datasets/in-the-wild-final-small/SAFE/0/frame_5360.jpg,SAFE,UNSAFE,0.5296934843063354,baseline,in_the_wild
/Users/ahooker/Documents/Dissertation/virtushield/final-datasets/in-the-wild-final-small/SAFE/0/frame_5380.jpg,SAFE,UNSAFE,0.9155895113945007,baseline,in_the_wild
/Users/ahooker/Documents/Dissertation/virtushield/final-datasets/in-the-wild-final-small/SAFE/0/frame_5380__1.jpg,SAFE,UNSAFE,0.7980195879936218,baseline,in_the_wild
/Users/ahooker/Documents/Dissertation/virtushield/final-datasets/in-the-wild-final-small/SAFE/0/frame_540.jpg,SAFE,UNSAFE,0.9684911966323853,baseline,in_the_wild
/Users/ahooker/Documents/Dissertation/virtushield/final-datasets/in-the-wild-final-small/SAFE/0/frame_5420.jpg,SAFE,UNSAFE,0.9526371359825134,baseline,in_the_wild
/Users/ahooker/Documents/Dissertation/virtushield/final-datasets/in-the-wild-final-small/SAFE/0/frame_5440.jpg,SAFE,UNSAFE,0.8883736729621887,baseline,in_the_wild
/Users/ahooker/Documents/Dissertation/virtushield/final-datasets/in-the-wild-final-small/SAFE/0/frame_5440__1.jpg,SAFE,UNSAFE,0.8819066882133484,baseline,in_the_wild
/Users/ahooker/Documents/Dissertation/virtushield/final-datasets/in-the-wild-final-small/SAFE/0/frame_5500.jpg,SAFE,UNSAFE,0.6736971139907837,baseline,in_the_wild
/Users/ahooker/Documents/Dissertation/virtushield/final-datasets/in-the-wild-final-small/SAFE/0/frame_5540.jpg,SAFE,UNSAFE,0.9572740793228149,baseline,in_the_wild
/Users/ahooker/Documents/Dissertation/virtushield/final-datasets/in-the-wild-final-small/SAFE/0/frame_5620.jpg,SAFE,UNSAFE,0.8768969178199768,baseline,in_the_wild
/Users/ahooker/Documents/Dissertation/virtushield/final-datasets/in-the-wild-final-small/SAFE/0/frame_5640.jpg,SAFE,UNSAFE,0.8654698729515076,baseline,in_the_wild
/Users/ahooker/Documents/Dissertation/virtushield/final-datasets/in-the-wild-final-small/SAFE/0/frame_5700.jpg,SAFE,UNSAFE,0.6720303297042847,baseline,in_the_wild
/Users/ahooker/Documents/Dissertation/virtushield/final-datasets/in-the-wild-final-small/SAFE/0/frame_5720.jpg,SAFE,UNSAFE,0.9174550175666809,baseline,in_the_wild
/Users/ahooker/Documents/Dissertation/virtushield/final-datasets/in-the-wild-final-small/SAFE/0/frame_5760.jpg,SAFE,UNSAFE,0.638936460018158,baseline,in_the_wild
/Users/ahooker/Documents/Dissertation/virtushield/final-datasets/in-the-wild-final-small/SAFE/0/frame_5800.jpg,SAFE,UNSAFE,0.9185783267021179,baseline,in_the_wild
/Users/ahooker/Documents/Dissertation/virtushield/final-datasets/in-the-wild-final-small/SAFE/0/frame_5960.jpg,SAFE,UNSAFE,0.8587368726730347,baseline,in_the_wild
/Users/ahooker/Documents/Dissertation/virtushield/final-datasets/in-the-wild-final-small/SAFE/0/frame_600.jpg,SAFE,UNSAFE,0.6263937950134277,baseline,in_the_wild
/Users/ahooker/Documents/Dissertation/virtushield/final-datasets/in-the-wild-final-small/SAFE/0/frame_6020.jpg,SAFE,UNSAFE,0.9794065356254578,baseline,in_the_wild
/Users/ahooker/Documents/Dissertation/virtushield/final-datasets/in-the-wild-final-small/SAFE/0/frame_6080.jpg,SAFE,SAFE,0.2742066979408264,baseline,in_the_wild
/Users/ahooker/Documents/Dissertation/virtushield/final-datasets/in-the-wild-final-small/SAFE/0/frame_6120.jpg,SAFE,UNSAFE,0.6025769114494324,baseline,in_the_wild
/Users/ahooker/Documents/Dissertation/virtushield/final-datasets/in-the-wild-final-small/SAFE/0/frame_6140.jpg,SAFE,UNSAFE,0.5674993991851807,baseline,in_the_wild
/Users/ahooker/Documents/Dissertation/virtushield/final-datasets/in-the-wild-final-small/SAFE/0/frame_6180.jpg,SAFE,UNSAFE,0.9293256402015686,baseline,in_the_wild
/Users/ahooker/Documents/Dissertation/virtushield/final-datasets/in-the-wild-final-small/SAFE/0/frame_6240.jpg,SAFE,UNSAFE,0.7798668146133423,baseline,in_the_wild
/Users/ahooker/Documents/Dissertation/virtushield/final-datasets/in-the-wild-final-small/SAFE/0/frame_6280.jpg,SAFE,UNSAFE,0.9637887477874756,baseline,in_the_wild
/Users/ahooker/Documents/Dissertation/virtushield/final-datasets/in-the-wild-final-small/SAFE/0/frame_6300.jpg,SAFE,SAFE,0.23293083906173706,baseline,in_the_wild
/Users/ahooker/Documents/Dissertation/virtushield/final-datasets/in-the-wild-final-small/SAFE/0/frame_6300__1.jpg,SAFE,UNSAFE,0.9331547021865845,baseline,in_the_wild
/Users/ahooker/Documents/Dissertation/virtushield/final-datasets/in-the-wild-final-small/SAFE/0/frame_6440.jpg,SAFE,UNSAFE,0.9334328770637512,baseline,in_the_wild
/Users/ahooker/Documents/Dissertation/virtushield/final-datasets/in-the-wild-final-small/SAFE/0/frame_6480.jpg,SAFE,UNSAFE,0.890165388584137,baseline,in_the_wild
/Users/ahooker/Documents/Dissertation/virtushield/final-datasets/in-the-wild-final-small/SAFE/0/frame_6540.jpg,SAFE,SAFE,0.45636245608329773,baseline,in_the_wild
/Users/ahooker/Documents/Dissertation/virtushield/final-datasets/in-the-wild-final-small/SAFE/0/frame_6560.jpg,SAFE,UNSAFE,0.5409295558929443,baseline,in_the_wild
/Users/ahooker/Documents/Dissertation/virtushield/final-datasets/in-the-wild-final-small/SAFE/0/frame_6580.jpg,SAFE,UNSAFE,0.6707767844200134,baseline,in_the_wild
/Users/ahooker/Documents/Dissertation/virtushield/final-datasets/in-the-wild-final-small/SAFE/0/frame_660.jpg,SAFE,UNSAFE,0.802234411239624,baseline,in_the_wild
/Users/ahooker/Documents/Dissertation/virtushield/final-datasets/in-the-wild-final-small/SAFE/0/frame_6620.jpg,SAFE,UNSAFE,0.8460699319839478,baseline,in_the_wild
/Users/ahooker/Documents/Dissertation/virtushield/final-datasets/in-the-wild-final-small/SAFE/0/frame_6620__1.jpg,SAFE,UNSAFE,0.5302550196647644,baseline,in_the_wild
/Users/ahooker/Documents/Dissertation/virtushield/final-datasets/in-the-wild-final-small/SAFE/0/frame_6640.jpg,SAFE,UNSAFE,0.7316282391548157,baseline,in_the_wild
/Users/ahooker/Documents/Dissertation/virtushield/final-datasets/in-the-wild-final-small/SAFE/0/frame_6700.jpg,SAFE,UNSAFE,0.5766192674636841,baseline,in_the_wild
/Users/ahooker/Documents/Dissertation/virtushield/final-datasets/in-the-wild-final-small/SAFE/0/frame_6800.jpg,SAFE,UNSAFE,0.6384012699127197,baseline,in_the_wild
/Users/ahooker/Documents/Dissertation/virtushield/final-datasets/in-the-wild-final-small/SAFE/0/frame_6920.jpg,SAFE,SAFE,0.17986345291137695,baseline,in_the_wild
/Users/ahooker/Documents/Dissertation/virtushield/final-datasets/in-the-wild-final-small/SAFE/0/frame_6920__1.jpg,SAFE,SAFE,0.06512615829706192,baseline,in_the_wild
/Users/ahooker/Documents/Dissertation/virtushield/final-datasets/in-the-wild-final-small/SAFE/0/frame_6940.jpg,SAFE,SAFE,0.2496301233768463,baseline,in_the_wild
/Users/ahooker/Documents/Dissertation/virtushield/final-datasets/in-the-wild-final-small/SAFE/0/frame_6960.jpg,SAFE,SAFE,0.4843786656856537,baseline,in_the_wild
/Users/ahooker/Documents/Dissertation/virtushield/final-datasets/in-the-wild-final-small/SAFE/0/frame_7100.jpg,SAFE,SAFE,0.29577311873435974,baseline,in_the_wild
/Users/ahooker/Documents/Dissertation/virtushield/final-datasets/in-the-wild-final-small/SAFE/0/frame_7180.jpg,SAFE,UNSAFE,0.6726014018058777,baseline,in_the_wild
/Users/ahooker/Documents/Dissertation/virtushield/final-datasets/in-the-wild-final-small/SAFE/0/frame_7180__1.jpg,SAFE,UNSAFE,0.7338372468948364,baseline,in_the_wild
/Users/ahooker/Documents/Dissertation/virtushield/final-datasets/in-the-wild-final-small/SAFE/0/frame_720.jpg,SAFE,UNSAFE,0.8653548359870911,baseline,in_the_wild
/Users/ahooker/Documents/Dissertation/virtushield/final-datasets/in-the-wild-final-small/SAFE/0/frame_7200.jpg,SAFE,UNSAFE,0.6515371799468994,baseline,in_the_wild
/Users/ahooker/Documents/Dissertation/virtushield/final-datasets/in-the-wild-final-small/SAFE/0/frame_720__1.jpg,SAFE,UNSAFE,0.8511472940444946,baseline,in_the_wild
/Users/ahooker/Documents/Dissertation/virtushield/final-datasets/in-the-wild-final-small/SAFE/0/frame_7320.jpg,SAFE,SAFE,0.3558238446712494,baseline,in_the_wild
/Users/ahooker/Documents/Dissertation/virtushield/final-datasets/in-the-wild-final-small/SAFE/0/frame_7320__1.jpg,SAFE,UNSAFE,0.5214868783950806,baseline,in_the_wild
/Users/ahooker/Documents/Dissertation/virtushield/final-datasets/in-the-wild-final-small/SAFE/0/frame_7460.jpg,SAFE,UNSAFE,0.8649790287017822,baseline,in_the_wild
/Users/ahooker/Documents/Dissertation/virtushield/final-datasets/in-the-wild-final-small/SAFE/0/frame_7500.jpg,SAFE,SAFE,0.3224009573459625,baseline,in_the_wild
/Users/ahooker/Documents/Dissertation/virtushield/final-datasets/in-the-wild-final-small/SAFE/0/frame_7500__1.jpg,SAFE,UNSAFE,0.9283573031425476,baseline,in_the_wild
/Users/ahooker/Documents/Dissertation/virtushield/final-datasets/in-the-wild-final-small/SAFE/0/frame_7580.jpg,SAFE,UNSAFE,0.9028823971748352,baseline,in_the_wild
/Users/ahooker/Documents/Dissertation/virtushield/final-datasets/in-the-wild-final-small/SAFE/0/frame_7600.jpg,SAFE,UNSAFE,0.8035079836845398,baseline,in_the_wild
/Users/ahooker/Documents/Dissertation/virtushield/final-datasets/in-the-wild-final-small/SAFE/0/frame_7660.jpg,SAFE,UNSAFE,0.5843026638031006,baseline,in_the_wild
/Users/ahooker/Documents/Dissertation/virtushield/final-datasets/in-the-wild-final-small/SAFE/0/frame_7760.jpg,SAFE,UNSAFE,0.862108051776886,baseline,in_the_wild
/Users/ahooker/Documents/Dissertation/virtushield/final-datasets/in-the-wild-final-small/SAFE/0/frame_7800.jpg,SAFE,UNSAFE,0.8894498348236084,baseline,in_the_wild
/Users/ahooker/Documents/Dissertation/virtushield/final-datasets/in-the-wild-final-small/SAFE/0/frame_7800__1.jpg,SAFE,UNSAFE,0.960587203502655,baseline,in_the_wild
/Users/ahooker/Documents/Dissertation/virtushield/final-datasets/in-the-wild-final-small/SAFE/0/frame_7960.jpg,SAFE,SAFE,0.17302633821964264,baseline,in_the_wild
/Users/ahooker/Documents/Dissertation/virtushield/final-datasets/in-the-wild-final-small/SAFE/0/frame_7980.jpg,SAFE,UNSAFE,0.911185622215271,baseline,in_the_wild
/Users/ahooker/Documents/Dissertation/virtushield/final-datasets/in-the-wild-final-small/SAFE/0/frame_7980__1.jpg,SAFE,UNSAFE,0.9424945712089539,baseline,in_the_wild
/Users/ahooker/Documents/Dissertation/virtushield/final-datasets/in-the-wild-final-small/SAFE/0/frame_80.jpg,SAFE,UNSAFE,0.8952583074569702,baseline,in_the_wild
/Users/ahooker/Documents/Dissertation/virtushield/final-datasets/in-the-wild-final-small/SAFE/0/frame_8000.jpg,SAFE,UNSAFE,0.8581414222717285,baseline,in_the_wild
/Users/ahooker/Documents/Dissertation/virtushield/final-datasets/in-the-wild-final-small/SAFE/0/frame_8040.jpg,SAFE,UNSAFE,0.8876932263374329,baseline,in_the_wild
/Users/ahooker/Documents/Dissertation/virtushield/final-datasets/in-the-wild-final-small/SAFE/0/frame_8060.jpg,SAFE,UNSAFE,0.9038496017456055,baseline,in_the_wild
/Users/ahooker/Documents/Dissertation/virtushield/final-datasets/in-the-wild-final-small/SAFE/0/frame_8060__1.jpg,SAFE,UNSAFE,0.8351675868034363,baseline,in_the_wild
/Users/ahooker/Documents/Dissertation/virtushield/final-datasets/in-the-wild-final-small/SAFE/0/frame_8120.jpg,SAFE,UNSAFE,0.8963980078697205,baseline,in_the_wild
/Users/ahooker/Documents/Dissertation/virtushield/final-datasets/in-the-wild-final-small/SAFE/0/frame_8180.jpg,SAFE,UNSAFE,0.847909152507782,baseline,in_the_wild
/Users/ahooker/Documents/Dissertation/virtushield/final-datasets/in-the-wild-final-small/SAFE/0/frame_8200.jpg,SAFE,UNSAFE,0.8572093844413757,baseline,in_the_wild
/Users/ahooker/Documents/Dissertation/virtushield/final-datasets/in-the-wild-final-small/SAFE/0/frame_8200__1.jpg,SAFE,UNSAFE,0.9281964898109436,baseline,in_the_wild
/Users/ahooker/Documents/Dissertation/virtushield/final-datasets/in-the-wild-final-small/SAFE/0/frame_8260.jpg,SAFE,SAFE,0.16470900177955627,baseline,in_the_wild
/Users/ahooker/Documents/Dissertation/virtushield/final-datasets/in-the-wild-final-small/SAFE/0/frame_8480.jpg,SAFE,UNSAFE,0.8030184507369995,baseline,in_the_wild
/Users/ahooker/Documents/Dissertation/virtushield/final-datasets/in-the-wild-final-small/SAFE/0/frame_8480__1.jpg,SAFE,UNSAFE,0.9534181952476501,baseline,in_the_wild
/Users/ahooker/Documents/Dissertation/virtushield/final-datasets/in-the-wild-final-small/SAFE/0/frame_8500.jpg,SAFE,UNSAFE,0.9145709872245789,baseline,in_the_wild
/Users/ahooker/Documents/Dissertation/virtushield/final-datasets/in-the-wild-final-small/SAFE/0/frame_8520.jpg,SAFE,UNSAFE,0.8068172335624695,baseline,in_the_wild
/Users/ahooker/Documents/Dissertation/virtushield/final-datasets/in-the-wild-final-small/SAFE/0/frame_8560.jpg,SAFE,UNSAFE,0.9148426055908203,baseline,in_the_wild
/Users/ahooker/Documents/Dissertation/virtushield/final-datasets/in-the-wild-final-small/SAFE/0/frame_8600.jpg,SAFE,UNSAFE,0.6014779210090637,baseline,in_the_wild
/Users/ahooker/Documents/Dissertation/virtushield/final-datasets/in-the-wild-final-small/SAFE/0/frame_8660.jpg,SAFE,UNSAFE,0.9640374779701233,baseline,in_the_wild
/Users/ahooker/Documents/Dissertation/virtushield/final-datasets/in-the-wild-final-small/SAFE/0/frame_8700.jpg,SAFE,UNSAFE,0.8454004526138306,baseline,in_the_wild
/Users/ahooker/Documents/Dissertation/virtushield/final-datasets/in-the-wild-final-small/SAFE/0/frame_8700__1.jpg,SAFE,UNSAFE,0.9655312895774841,baseline,in_the_wild
/Users/ahooker/Documents/Dissertation/virtushield/final-datasets/in-the-wild-final-small/SAFE/0/frame_8820.jpg,SAFE,UNSAFE,0.8570907711982727,baseline,in_the_wild
/Users/ahooker/Documents/Dissertation/virtushield/final-datasets/in-the-wild-final-small/SAFE/0/frame_8960.jpg,SAFE,UNSAFE,0.5339765548706055,baseline,in_the_wild
/Users/ahooker/Documents/Dissertation/virtushield/final-datasets/in-the-wild-final-small/SAFE/0/frame_8960__1.jpg,SAFE,UNSAFE,0.9107341170310974,baseline,in_the_wild
/Users/ahooker/Documents/Dissertation/virtushield/final-datasets/in-the-wild-final-small/SAFE/0/frame_900.jpg,SAFE,UNSAFE,0.9105302691459656,baseline,in_the_wild
/Users/ahooker/Documents/Dissertation/virtushield/final-datasets/in-the-wild-final-small/SAFE/0/frame_9000.jpg,SAFE,UNSAFE,0.806813657283783,baseline,in_the_wild
/Users/ahooker/Documents/Dissertation/virtushield/final-datasets/in-the-wild-final-small/SAFE/0/frame_9000__1.jpg,SAFE,SAFE,0.41121846437454224,baseline,in_the_wild
/Users/ahooker/Documents/Dissertation/virtushield/final-datasets/in-the-wild-final-small/SAFE/0/frame_9020.jpg,SAFE,UNSAFE,0.5457136631011963,baseline,in_the_wild
/Users/ahooker/Documents/Dissertation/virtushield/final-datasets/in-the-wild-final-small/SAFE/0/frame_9020__1.jpg,SAFE,UNSAFE,0.9460105895996094,baseline,in_the_wild
/Users/ahooker/Documents/Dissertation/virtushield/final-datasets/in-the-wild-final-small/SAFE/0/frame_9040.jpg,SAFE,UNSAFE,0.5999100208282471,baseline,in_the_wild
/Users/ahooker/Documents/Dissertation/virtushield/final-datasets/in-the-wild-final-small/SAFE/0/frame_9060.jpg,SAFE,UNSAFE,0.7379918098449707,baseline,in_the_wild
/Users/ahooker/Documents/Dissertation/virtushield/final-datasets/in-the-wild-final-small/SAFE/0/frame_9100.jpg,SAFE,SAFE,0.2636612057685852,baseline,in_the_wild
/Users/ahooker/Documents/Dissertation/virtushield/final-datasets/in-the-wild-final-small/SAFE/0/frame_9140.jpg,SAFE,SAFE,0.31582581996917725,baseline,in_the_wild
/Users/ahooker/Documents/Dissertation/virtushield/final-datasets/in-the-wild-final-small/SAFE/0/frame_920.jpg,SAFE,UNSAFE,0.6584101915359497,baseline,in_the_wild
/Users/ahooker/Documents/Dissertation/virtushield/final-datasets/in-the-wild-final-small/SAFE/0/frame_920__1.jpg,SAFE,UNSAFE,0.7354460954666138,baseline,in_the_wild
/Users/ahooker/Documents/Dissertation/virtushield/final-datasets/in-the-wild-final-small/SAFE/0/frame_9220.jpg,SAFE,UNSAFE,0.8609208464622498,baseline,in_the_wild
/Users/ahooker/Documents/Dissertation/virtushield/final-datasets/in-the-wild-final-small/SAFE/0/frame_9280.jpg,SAFE,UNSAFE,0.67316734790802,baseline,in_the_wild
/Users/ahooker/Documents/Dissertation/virtushield/final-datasets/in-the-wild-final-small/SAFE/0/frame_9300.jpg,SAFE,UNSAFE,0.542224645614624,baseline,in_the_wild
/Users/ahooker/Documents/Dissertation/virtushield/final-datasets/in-the-wild-final-small/SAFE/0/frame_9340.jpg,SAFE,UNSAFE,0.5398845076560974,baseline,in_the_wild
/Users/ahooker/Documents/Dissertation/virtushield/final-datasets/in-the-wild-final-small/SAFE/0/frame_9360.jpg,SAFE,UNSAFE,0.5639563202857971,baseline,in_the_wild
/Users/ahooker/Documents/Dissertation/virtushield/final-datasets/in-the-wild-final-small/SAFE/0/frame_940.jpg,SAFE,UNSAFE,0.7668867707252502,baseline,in_the_wild
/Users/ahooker/Documents/Dissertation/virtushield/final-datasets/in-the-wild-final-small/SAFE/0/frame_9400.jpg,SAFE,UNSAFE,0.9020513892173767,baseline,in_the_wild
/Users/ahooker/Documents/Dissertation/virtushield/final-datasets/in-the-wild-final-small/SAFE/0/frame_9420.jpg,SAFE,SAFE,0.22159306704998016,baseline,in_the_wild
/Users/ahooker/Documents/Dissertation/virtushield/final-datasets/in-the-wild-final-small/SAFE/0/frame_9440.jpg,SAFE,UNSAFE,0.6698494553565979,baseline,in_the_wild
/Users/ahooker/Documents/Dissertation/virtushield/final-datasets/in-the-wild-final-small/SAFE/0/frame_9460.jpg,SAFE,UNSAFE,0.9206846356391907,baseline,in_the_wild
/Users/ahooker/Documents/Dissertation/virtushield/final-datasets/in-the-wild-final-small/SAFE/0/frame_9480.jpg,SAFE,UNSAFE,0.9270325303077698,baseline,in_the_wild
/Users/ahooker/Documents/Dissertation/virtushield/final-datasets/in-the-wild-final-small/SAFE/0/frame_9500.jpg,SAFE,UNSAFE,0.5124934315681458,baseline,in_the_wild
/Users/ahooker/Documents/Dissertation/virtushield/final-datasets/in-the-wild-final-small/SAFE/0/frame_9520.jpg,SAFE,SAFE,0.2946516275405884,baseline,in_the_wild
/Users/ahooker/Documents/Dissertation/virtushield/final-datasets/in-the-wild-final-small/SAFE/0/frame_9640.jpg,SAFE,SAFE,0.1968117207288742,baseline,in_the_wild
/Users/ahooker/Documents/Dissertation/virtushield/final-datasets/in-the-wild-final-small/SAFE/0/frame_9660.jpg,SAFE,UNSAFE,0.5409684181213379,baseline,in_the_wild
/Users/ahooker/Documents/Dissertation/virtushield/final-datasets/in-the-wild-final-small/SAFE/0/frame_9700.jpg,SAFE,UNSAFE,0.7563772797584534,baseline,in_the_wild
/Users/ahooker/Documents/Dissertation/virtushield/final-datasets/in-the-wild-final-small/SAFE/0/frame_9720.jpg,SAFE,UNSAFE,0.5083696246147156,baseline,in_the_wild
/Users/ahooker/Documents/Dissertation/virtushield/final-datasets/in-the-wild-final-small/SAFE/0/frame_9720__1.jpg,SAFE,SAFE,0.2812313139438629,baseline,in_the_wild
/Users/ahooker/Documents/Dissertation/virtushield/final-datasets/in-the-wild-final-small/SAFE/0/frame_9740.jpg,SAFE,UNSAFE,0.7701391577720642,baseline,in_the_wild
/Users/ahooker/Documents/Dissertation/virtushield/final-datasets/in-the-wild-final-small/SAFE/0/frame_9760.jpg,SAFE,UNSAFE,0.7434297204017639,baseline,in_the_wild
/Users/ahooker/Documents/Dissertation/virtushield/final-datasets/in-the-wild-final-small/SAFE/0/frame_9760__1.jpg,SAFE,UNSAFE,0.5604617595672607,baseline,in_the_wild
/Users/ahooker/Documents/Dissertation/virtushield/final-datasets/in-the-wild-final-small/SAFE/0/frame_9840.jpg,SAFE,UNSAFE,0.9700155258178711,baseline,in_the_wild
/Users/ahooker/Documents/Dissertation/virtushield/final-datasets/in-the-wild-final-small/SAFE/0/frame_9880.jpg,SAFE,UNSAFE,0.9131056070327759,baseline,in_the_wild
/Users/ahooker/Documents/Dissertation/virtushield/final-datasets/in-the-wild-final-small/SAFE/1/frame_10000.jpg,SAFE,SAFE,0.3736293613910675,baseline,in_the_wild
/Users/ahooker/Documents/Dissertation/virtushield/final-datasets/in-the-wild-final-small/SAFE/1/frame_10080.jpg,SAFE,UNSAFE,0.9314905405044556,baseline,in_the_wild
/Users/ahooker/Documents/Dissertation/virtushield/final-datasets/in-the-wild-final-small/SAFE/1/frame_10080__1.jpg,SAFE,UNSAFE,0.7611132264137268,baseline,in_the_wild
/Users/ahooker/Documents/Dissertation/virtushield/final-datasets/in-the-wild-final-small/SAFE/1/frame_10100.jpg,SAFE,SAFE,0.4764697551727295,baseline,in_the_wild
/Users/ahooker/Documents/Dissertation/virtushield/final-datasets/in-the-wild-final-small/SAFE/1/frame_10100__1.jpg,SAFE,UNSAFE,0.6380541920661926,baseline,in_the_wild
/Users/ahooker/Documents/Dissertation/virtushield/final-datasets/in-the-wild-final-small/SAFE/1/frame_10100__2.jpg,SAFE,UNSAFE,0.9370744228363037,baseline,in_the_wild
/Users/ahooker/Documents/Dissertation/virtushield/final-datasets/in-the-wild-final-small/SAFE/1/frame_10140.jpg,SAFE,UNSAFE,0.6788274049758911,baseline,in_the_wild
/Users/ahooker/Documents/Dissertation/virtushield/final-datasets/in-the-wild-final-small/SAFE/1/frame_10160.jpg,SAFE,SAFE,0.4762437343597412,baseline,in_the_wild
/Users/ahooker/Documents/Dissertation/virtushield/final-datasets/in-the-wild-final-small/SAFE/1/frame_10160__1.jpg,SAFE,UNSAFE,0.8803989887237549,baseline,in_the_wild
/Users/ahooker/Documents/Dissertation/virtushield/final-datasets/in-the-wild-final-small/SAFE/1/frame_10220.jpg,SAFE,UNSAFE,0.9056345820426941,baseline,in_the_wild
/Users/ahooker/Documents/Dissertation/virtushield/final-datasets/in-the-wild-final-small/SAFE/1/frame_10300.jpg,SAFE,UNSAFE,0.6727891564369202,baseline,in_the_wild
/Users/ahooker/Documents/Dissertation/virtushield/final-datasets/in-the-wild-final-small/SAFE/1/frame_10320.jpg,SAFE,UNSAFE,0.835715651512146,baseline,in_the_wild
/Users/ahooker/Documents/Dissertation/virtushield/final-datasets/in-the-wild-final-small/SAFE/1/frame_10360.jpg,SAFE,SAFE,0.15963584184646606,baseline,in_the_wild
/Users/ahooker/Documents/Dissertation/virtushield/final-datasets/in-the-wild-final-small/SAFE/1/frame_10380.jpg,SAFE,UNSAFE,0.6312121152877808,baseline,in_the_wild
/Users/ahooker/Documents/Dissertation/virtushield/final-datasets/in-the-wild-final-small/SAFE/1/frame_10440.jpg,SAFE,UNSAFE,0.6410120725631714,baseline,in_the_wild
/Users/ahooker/Documents/Dissertation/virtushield/final-datasets/in-the-wild-final-small/SAFE/1/frame_10440__1.jpg,SAFE,UNSAFE,0.5627144575119019,baseline,in_the_wild
/Users/ahooker/Documents/Dissertation/virtushield/final-datasets/in-the-wild-final-small/SAFE/1/frame_10460.jpg,SAFE,UNSAFE,0.6978402137756348,baseline,in_the_wild
/Users/ahooker/Documents/Dissertation/virtushield/final-datasets/in-the-wild-final-small/SAFE/1/frame_10480.jpg,SAFE,UNSAFE,0.8916381001472473,baseline,in_the_wild
/Users/ahooker/Documents/Dissertation/virtushield/final-datasets/in-the-wild-final-small/SAFE/1/frame_10500.jpg,SAFE,SAFE,0.3617211878299713,baseline,in_the_wild
/Users/ahooker/Documents/Dissertation/virtushield/final-datasets/in-the-wild-final-small/SAFE/1/frame_10520.jpg,SAFE,UNSAFE,0.9731202721595764,baseline,in_the_wild
/Users/ahooker/Documents/Dissertation/virtushield/final-datasets/in-the-wild-final-small/SAFE/1/frame_10580.jpg,SAFE,UNSAFE,0.9074827432632446,baseline,in_the_wild
/Users/ahooker/Documents/Dissertation/virtushield/final-datasets/in-the-wild-final-small/SAFE/1/frame_1060.jpg,SAFE,SAFE,0.3985719680786133,baseline,in_the_wild
/Users/ahooker/Documents/Dissertation/virtushield/final-datasets/in-the-wild-final-small/SAFE/1/frame_10660.jpg,SAFE,UNSAFE,0.9195680618286133,baseline,in_the_wild
/Users/ahooker/Documents/Dissertation/virtushield/final-datasets/in-the-wild-final-small/SAFE/1/frame_10700.jpg,SAFE,UNSAFE,0.8740524053573608,baseline,in_the_wild
/Users/ahooker/Documents/Dissertation/virtushield/final-datasets/in-the-wild-final-small/SAFE/1/frame_10720.jpg,SAFE,UNSAFE,0.9113357663154602,baseline,in_the_wild
/Users/ahooker/Documents/Dissertation/virtushield/final-datasets/in-the-wild-final-small/SAFE/1/frame_10740.jpg,SAFE,SAFE,0.4737228453159332,baseline,in_the_wild
/Users/ahooker/Documents/Dissertation/virtushield/final-datasets/in-the-wild-final-small/SAFE/1/frame_10740__1.jpg,SAFE,UNSAFE,0.658715546131134,baseline,in_the_wild
/Users/ahooker/Documents/Dissertation/virtushield/final-datasets/in-the-wild-final-small/SAFE/1/frame_10740__2.jpg,SAFE,UNSAFE,0.9224209785461426,baseline,in_the_wild
/Users/ahooker/Documents/Dissertation/virtushield/final-datasets/in-the-wild-final-small/SAFE/1/frame_1080.jpg,SAFE,UNSAFE,0.915597677230835,baseline,in_the_wild
/Users/ahooker/Documents/Dissertation/virtushield/final-datasets/in-the-wild-final-small/SAFE/1/frame_10800.jpg,SAFE,UNSAFE,0.9501922726631165,baseline,in_the_wild
/Users/ahooker/Documents/Dissertation/virtushield/final-datasets/in-the-wild-final-small/SAFE/1/frame_1080__1.jpg,SAFE,SAFE,0.3891139030456543,baseline,in_the_wild
/Users/ahooker/Documents/Dissertation/virtushield/final-datasets/in-the-wild-final-small/SAFE/1/frame_10840.jpg,SAFE,UNSAFE,0.7477742433547974,baseline,in_the_wild
/Users/ahooker/Documents/Dissertation/virtushield/final-datasets/in-the-wild-final-small/SAFE/1/frame_10840__1.jpg,SAFE,UNSAFE,0.9281432628631592,baseline,in_the_wild
/Users/ahooker/Documents/Dissertation/virtushield/final-datasets/in-the-wild-final-small/SAFE/1/frame_10860.jpg,SAFE,UNSAFE,0.9787698984146118,baseline,in_the_wild
/Users/ahooker/Documents/Dissertation/virtushield/final-datasets/in-the-wild-final-small/SAFE/1/frame_10880.jpg,SAFE,SAFE,0.3280263841152191,baseline,in_the_wild
/Users/ahooker/Documents/Dissertation/virtushield/final-datasets/in-the-wild-final-small/SAFE/1/frame_10920.jpg,SAFE,SAFE,0.4377000331878662,baseline,in_the_wild
/Users/ahooker/Documents/Dissertation/virtushield/final-datasets/in-the-wild-final-small/SAFE/1/frame_10940.jpg,SAFE,UNSAFE,0.9197545051574707,baseline,in_the_wild
/Users/ahooker/Documents/Dissertation/virtushield/final-datasets/in-the-wild-final-small/SAFE/1/frame_10960.jpg,SAFE,UNSAFE,0.8416032195091248,baseline,in_the_wild
/Users/ahooker/Documents/Dissertation/virtushield/final-datasets/in-the-wild-final-small/SAFE/1/frame_10960__1.jpg,SAFE,UNSAFE,0.5048144459724426,baseline,in_the_wild
/Users/ahooker/Documents/Dissertation/virtushield/final-datasets/in-the-wild-final-small/SAFE/1/frame_1100.jpg,SAFE,UNSAFE,0.6162130236625671,baseline,in_the_wild
/Users/ahooker/Documents/Dissertation/virtushield/final-datasets/in-the-wild-final-small/SAFE/1/frame_11020.jpg,SAFE,UNSAFE,0.9351348876953125,baseline,in_the_wild
/Users/ahooker/Documents/Dissertation/virtushield/final-datasets/in-the-wild-final-small/SAFE/1/frame_11140.jpg,SAFE,UNSAFE,0.9843265414237976,baseline,in_the_wild
/Users/ahooker/Documents/Dissertation/virtushield/final-datasets/in-the-wild-final-small/SAFE/1/frame_11160.jpg,SAFE,SAFE,0.15532079339027405,baseline,in_the_wild
/Users/ahooker/Documents/Dissertation/virtushield/final-datasets/in-the-wild-final-small/SAFE/1/frame_11180.jpg,SAFE,UNSAFE,0.9819861650466919,baseline,in_the_wild
/Users/ahooker/Documents/Dissertation/virtushield/final-datasets/in-the-wild-final-small/SAFE/1/frame_11240.jpg,SAFE,UNSAFE,0.7448887825012207,baseline,in_the_wild
/Users/ahooker/Documents/Dissertation/virtushield/final-datasets/in-the-wild-final-small/SAFE/1/frame_11240__1.jpg,SAFE,SAFE,0.27693870663642883,baseline,in_the_wild
/Users/ahooker/Documents/Dissertation/virtushield/final-datasets/in-the-wild-final-small/SAFE/1/frame_11280.jpg,SAFE,UNSAFE,0.9200882315635681,baseline,in_the_wild
/Users/ahooker/Documents/Dissertation/virtushield/final-datasets/in-the-wild-final-small/SAFE/1/frame_11300.jpg,SAFE,UNSAFE,0.8481935858726501,baseline,in_the_wild
/Users/ahooker/Documents/Dissertation/virtushield/final-datasets/in-the-wild-final-small/SAFE/1/frame_11320.jpg,SAFE,UNSAFE,0.6980597972869873,baseline,in_the_wild
/Users/ahooker/Documents/Dissertation/virtushield/final-datasets/in-the-wild-final-small/SAFE/1/frame_11320__1.jpg,SAFE,UNSAFE,0.7904731035232544,baseline,in_the_wild
/Users/ahooker/Documents/Dissertation/virtushield/final-datasets/in-the-wild-final-small/SAFE/1/frame_11340.jpg,SAFE,SAFE,0.1907305121421814,baseline,in_the_wild
/Users/ahooker/Documents/Dissertation/virtushield/final-datasets/in-the-wild-final-small/SAFE/1/frame_11360.jpg,SAFE,UNSAFE,0.8163388967514038,baseline,in_the_wild
/Users/ahooker/Documents/Dissertation/virtushield/final-datasets/in-the-wild-final-small/SAFE/1/frame_11360__1.jpg,SAFE,UNSAFE,0.6154833436012268,baseline,in_the_wild
/Users/ahooker/Documents/Dissertation/virtushield/final-datasets/in-the-wild-final-small/SAFE/1/frame_11380.jpg,SAFE,SAFE,0.4818204939365387,baseline,in_the_wild
/Users/ahooker/Documents/Dissertation/virtushield/final-datasets/in-the-wild-final-small/SAFE/1/frame_1140.jpg,SAFE,UNSAFE,0.9591270685195923,baseline,in_the_wild
/Users/ahooker/Documents/Dissertation/virtushield/final-datasets/in-the-wild-final-small/SAFE/1/frame_11500.jpg,SAFE,UNSAFE,0.6516302824020386,baseline,in_the_wild
/Users/ahooker/Documents/Dissertation/virtushield/final-datasets/in-the-wild-final-small/SAFE/1/frame_11560.jpg,SAFE,UNSAFE,0.8736858367919922,baseline,in_the_wild
/Users/ahooker/Documents/Dissertation/virtushield/final-datasets/in-the-wild-final-small/SAFE/1/frame_1160.jpg,SAFE,SAFE,0.35354241728782654,baseline,in_the_wild
/Users/ahooker/Documents/Dissertation/virtushield/final-datasets/in-the-wild-final-small/SAFE/1/frame_11600.jpg,SAFE,SAFE,0.13999812304973602,baseline,in_the_wild
/Users/ahooker/Documents/Dissertation/virtushield/final-datasets/in-the-wild-final-small/SAFE/1/frame_11620.jpg,SAFE,UNSAFE,0.9331446290016174,baseline,in_the_wild
/Users/ahooker/Documents/Dissertation/virtushield/final-datasets/in-the-wild-final-small/SAFE/1/frame_11620__1.jpg,SAFE,SAFE,0.22241830825805664,baseline,in_the_wild
/Users/ahooker/Documents/Dissertation/virtushield/final-datasets/in-the-wild-final-small/SAFE/1/frame_11620__2.jpg,SAFE,UNSAFE,0.804613471031189,baseline,in_the_wild
/Users/ahooker/Documents/Dissertation/virtushield/final-datasets/in-the-wild-final-small/SAFE/1/frame_11660.jpg,SAFE,UNSAFE,0.8702276349067688,baseline,in_the_wild
/Users/ahooker/Documents/Dissertation/virtushield/final-datasets/in-the-wild-final-small/SAFE/1/frame_11700.jpg,SAFE,UNSAFE,0.7605571746826172,baseline,in_the_wild
/Users/ahooker/Documents/Dissertation/virtushield/final-datasets/in-the-wild-final-small/SAFE/1/frame_11760.jpg,SAFE,UNSAFE,0.5519119501113892,baseline,in_the_wild
/Users/ahooker/Documents/Dissertation/virtushield/final-datasets/in-the-wild-final-small/SAFE/1/frame_11780.jpg,SAFE,UNSAFE,0.6712542772293091,baseline,in_the_wild
/Users/ahooker/Documents/Dissertation/virtushield/final-datasets/in-the-wild-final-small/SAFE/1/frame_11920.jpg,SAFE,UNSAFE,0.9441843628883362,baseline,in_the_wild
/Users/ahooker/Documents/Dissertation/virtushield/final-datasets/in-the-wild-final-small/SAFE/1/frame_11940.jpg,SAFE,UNSAFE,0.7724763751029968,baseline,in_the_wild
/Users/ahooker/Documents/Dissertation/virtushield/final-datasets/in-the-wild-final-small/SAFE/1/frame_11940__1.jpg,SAFE,UNSAFE,0.9481940269470215,baseline,in_the_wild
/Users/ahooker/Documents/Dissertation/virtushield/final-datasets/in-the-wild-final-small/SAFE/1/frame_11940__2.jpg,SAFE,UNSAFE,0.9254190325737,baseline,in_the_wild
/Users/ahooker/Documents/Dissertation/virtushield/final-datasets/in-the-wild-final-small/SAFE/1/frame_1200.jpg,SAFE,SAFE,0.3811219334602356,baseline,in_the_wild
/Users/ahooker/Documents/Dissertation/virtushield/final-datasets/in-the-wild-final-small/SAFE/1/frame_12020.jpg,SAFE,UNSAFE,0.8509013056755066,baseline,in_the_wild
/Users/ahooker/Documents/Dissertation/virtushield/final-datasets/in-the-wild-final-small/SAFE/1/frame_12120.jpg,SAFE,UNSAFE,0.9648604989051819,baseline,in_the_wild
/Users/ahooker/Documents/Dissertation/virtushield/final-datasets/in-the-wild-final-small/SAFE/1/frame_12160.jpg,SAFE,UNSAFE,0.9495570063591003,baseline,in_the_wild
/Users/ahooker/Documents/Dissertation/virtushield/final-datasets/in-the-wild-final-small/SAFE/1/frame_12260.jpg,SAFE,SAFE,0.40211740136146545,baseline,in_the_wild
/Users/ahooker/Documents/Dissertation/virtushield/final-datasets/in-the-wild-final-small/SAFE/1/frame_12260__1.jpg,SAFE,UNSAFE,0.960169792175293,baseline,in_the_wild
/Users/ahooker/Documents/Dissertation/virtushield/final-datasets/in-the-wild-final-small/SAFE/1/frame_12300.jpg,SAFE,UNSAFE,0.930952787399292,baseline,in_the_wild
/Users/ahooker/Documents/Dissertation/virtushield/final-datasets/in-the-wild-final-small/SAFE/1/frame_12320.jpg,SAFE,UNSAFE,0.909426748752594,baseline,in_the_wild
/Users/ahooker/Documents/Dissertation/virtushield/final-datasets/in-the-wild-final-small/SAFE/1/frame_12340.jpg,SAFE,UNSAFE,0.938363254070282,baseline,in_the_wild
/Users/ahooker/Documents/Dissertation/virtushield/final-datasets/in-the-wild-final-small/SAFE/1/frame_12380.jpg,SAFE,UNSAFE,0.9122582674026489,baseline,in_the_wild
/Users/ahooker/Documents/Dissertation/virtushield/final-datasets/in-the-wild-final-small/SAFE/1/frame_12420.jpg,SAFE,UNSAFE,0.92784184217453,baseline,in_the_wild
/Users/ahooker/Documents/Dissertation/virtushield/final-datasets/in-the-wild-final-small/SAFE/1/frame_12460.jpg,SAFE,UNSAFE,0.5151092410087585,baseline,in_the_wild
/Users/ahooker/Documents/Dissertation/virtushield/final-datasets/in-the-wild-final-small/SAFE/1/frame_12500.jpg,SAFE,UNSAFE,0.5560125708580017,baseline,in_the_wild
/Users/ahooker/Documents/Dissertation/virtushield/final-datasets/in-the-wild-final-small/SAFE/1/frame_12520.jpg,SAFE,SAFE,0.20317435264587402,baseline,in_the_wild
/Users/ahooker/Documents/Dissertation/virtushield/final-datasets/in-the-wild-final-small/SAFE/1/frame_12620.jpg,SAFE,UNSAFE,0.9004519581794739,baseline,in_the_wild
/Users/ahooker/Documents/Dissertation/virtushield/final-datasets/in-the-wild-final-small/SAFE/1/frame_12660.jpg,SAFE,UNSAFE,0.985303521156311,baseline,in_the_wild
/Users/ahooker/Documents/Dissertation/virtushield/final-datasets/in-the-wild-final-small/SAFE/1/frame_12740.jpg,SAFE,UNSAFE,0.6997363567352295,baseline,in_the_wild
/Users/ahooker/Documents/Dissertation/virtushield/final-datasets/in-the-wild-final-small/SAFE/1/frame_12780.jpg,SAFE,UNSAFE,0.7409127950668335,baseline,in_the_wild
/Users/ahooker/Documents/Dissertation/virtushield/final-datasets/in-the-wild-final-small/SAFE/1/frame_12820.jpg,SAFE,SAFE,0.24596761167049408,baseline,in_the_wild
/Users/ahooker/Documents/Dissertation/virtushield/final-datasets/in-the-wild-final-small/SAFE/1/frame_12840.jpg,SAFE,SAFE,0.20600193738937378,baseline,in_the_wild
/Users/ahooker/Documents/Dissertation/virtushield/final-datasets/in-the-wild-final-small/SAFE/1/frame_12920.jpg,SAFE,UNSAFE,0.7823944091796875,baseline,in_the_wild
/Users/ahooker/Documents/Dissertation/virtushield/final-datasets/in-the-wild-final-small/SAFE/1/frame_12920__1.jpg,SAFE,UNSAFE,0.961058497428894,baseline,in_the_wild
/Users/ahooker/Documents/Dissertation/virtushield/final-datasets/in-the-wild-final-small/SAFE/1/frame_13000.jpg,SAFE,UNSAFE,0.9484344720840454,baseline,in_the_wild
/Users/ahooker/Documents/Dissertation/virtushield/final-datasets/in-the-wild-final-small/SAFE/1/frame_13020.jpg,SAFE,UNSAFE,0.7036612033843994,baseline,in_the_wild
/Users/ahooker/Documents/Dissertation/virtushield/final-datasets/in-the-wild-final-small/SAFE/1/frame_13060.jpg,SAFE,UNSAFE,0.7129111289978027,baseline,in_the_wild
/Users/ahooker/Documents/Dissertation/virtushield/final-datasets/in-the-wild-final-small/SAFE/1/frame_13180.jpg,SAFE,UNSAFE,0.5833953022956848,baseline,in_the_wild
/Users/ahooker/Documents/Dissertation/virtushield/final-datasets/in-the-wild-final-small/SAFE/1/frame_13200.jpg,SAFE,SAFE,0.3886833190917969,baseline,in_the_wild
/Users/ahooker/Documents/Dissertation/virtushield/final-datasets/in-the-wild-final-small/SAFE/1/frame_13240.jpg,SAFE,SAFE,0.36640244722366333,baseline,in_the_wild
/Users/ahooker/Documents/Dissertation/virtushield/final-datasets/in-the-wild-final-small/SAFE/1/frame_13280.jpg,SAFE,SAFE,0.3064402937889099,baseline,in_the_wild
/Users/ahooker/Documents/Dissertation/virtushield/final-datasets/in-the-wild-final-small/SAFE/1/frame_13280__1.jpg,SAFE,UNSAFE,0.7656871676445007,baseline,in_the_wild
/Users/ahooker/Documents/Dissertation/virtushield/final-datasets/in-the-wild-final-small/SAFE/1/frame_13400.jpg,SAFE,SAFE,0.34353184700012207,baseline,in_the_wild
/Users/ahooker/Documents/Dissertation/virtushield/final-datasets/in-the-wild-final-small/SAFE/1/frame_13400__1.jpg,SAFE,UNSAFE,0.8757330179214478,baseline,in_the_wild
/Users/ahooker/Documents/Dissertation/virtushield/final-datasets/in-the-wild-final-small/SAFE/1/frame_13420.jpg,SAFE,UNSAFE,0.8297564387321472,baseline,in_the_wild
/Users/ahooker/Documents/Dissertation/virtushield/final-datasets/in-the-wild-final-small/SAFE/1/frame_13440.jpg,SAFE,UNSAFE,0.7968750596046448,baseline,in_the_wild
/Users/ahooker/Documents/Dissertation/virtushield/final-datasets/in-the-wild-final-small/SAFE/1/frame_13480.jpg,SAFE,UNSAFE,0.9668728113174438,baseline,in_the_wild
/Users/ahooker/Documents/Dissertation/virtushield/final-datasets/in-the-wild-final-small/SAFE/1/frame_13480__1.jpg,SAFE,SAFE,0.3042503893375397,baseline,in_the_wild
/Users/ahooker/Documents/Dissertation/virtushield/final-datasets/in-the-wild-final-small/SAFE/1/frame_13520.jpg,SAFE,UNSAFE,0.870667040348053,baseline,in_the_wild
/Users/ahooker/Documents/Dissertation/virtushield/final-datasets/in-the-wild-final-small/SAFE/1/frame_13580.jpg,SAFE,SAFE,0.17916448414325714,baseline,in_the_wild
/Users/ahooker/Documents/Dissertation/virtushield/final-datasets/in-the-wild-final-small/SAFE/1/frame_13580__1.jpg,SAFE,UNSAFE,0.9582372307777405,baseline,in_the_wild
/Users/ahooker/Documents/Dissertation/virtushield/final-datasets/in-the-wild-final-small/SAFE/1/frame_13640.jpg,SAFE,UNSAFE,0.5118805766105652,baseline,in_the_wild
/Users/ahooker/Documents/Dissertation/virtushield/final-datasets/in-the-wild-final-small/SAFE/1/frame_13660.jpg,SAFE,UNSAFE,0.6955703496932983,baseline,in_the_wild
/Users/ahooker/Documents/Dissertation/virtushield/final-datasets/in-the-wild-final-small/SAFE/1/frame_13700.jpg,SAFE,UNSAFE,0.6830938458442688,baseline,in_the_wild
/Users/ahooker/Documents/Dissertation/virtushield/final-datasets/in-the-wild-final-small/SAFE/1/frame_13720.jpg,SAFE,UNSAFE,0.7903128862380981,baseline,in_the_wild
/Users/ahooker/Documents/Dissertation/virtushield/final-datasets/in-the-wild-final-small/SAFE/1/frame_1380.jpg,SAFE,SAFE,0.238073468208313,baseline,in_the_wild
/Users/ahooker/Documents/Dissertation/virtushield/final-datasets/in-the-wild-final-small/SAFE/1/frame_13840.jpg,SAFE,UNSAFE,0.8276314735412598,baseline,in_the_wild
/Users/ahooker/Documents/Dissertation/virtushield/final-datasets/in-the-wild-final-small/SAFE/1/frame_13860.jpg,SAFE,UNSAFE,0.9642082452774048,baseline,in_the_wild
/Users/ahooker/Documents/Dissertation/virtushield/final-datasets/in-the-wild-final-small/SAFE/1/frame_13880.jpg,SAFE,UNSAFE,0.76482093334198,baseline,in_the_wild
/Users/ahooker/Documents/Dissertation/virtushield/final-datasets/in-the-wild-final-small/SAFE/1/frame_13900.jpg,SAFE,UNSAFE,0.7374016642570496,baseline,in_the_wild
/Users/ahooker/Documents/Dissertation/virtushield/final-datasets/in-the-wild-final-small/SAFE/1/frame_13940.jpg,SAFE,UNSAFE,0.6044737100601196,baseline,in_the_wild
/Users/ahooker/Documents/Dissertation/virtushield/final-datasets/in-the-wild-final-small/SAFE/1/frame_13960.jpg,SAFE,UNSAFE,0.8798899054527283,baseline,in_the_wild
/Users/ahooker/Documents/Dissertation/virtushield/final-datasets/in-the-wild-final-small/SAFE/1/frame_13960__1.jpg,SAFE,UNSAFE,0.6106480360031128,baseline,in_the_wild
/Users/ahooker/Documents/Dissertation/virtushield/final-datasets/in-the-wild-final-small/SAFE/1/frame_13960__2.jpg,SAFE,UNSAFE,0.8561589121818542,baseline,in_the_wild
/Users/ahooker/Documents/Dissertation/virtushield/final-datasets/in-the-wild-final-small/SAFE/1/frame_13980.jpg,SAFE,UNSAFE,0.7680345773696899,baseline,in_the_wild
/Users/ahooker/Documents/Dissertation/virtushield/final-datasets/in-the-wild-final-small/SAFE/1/frame_13980__1.jpg,SAFE,UNSAFE,0.5343567728996277,baseline,in_the_wild
/Users/ahooker/Documents/Dissertation/virtushield/final-datasets/in-the-wild-final-small/SAFE/1/frame_13980__2.jpg,SAFE,UNSAFE,0.8479532599449158,baseline,in_the_wild
/Users/ahooker/Documents/Dissertation/virtushield/final-datasets/in-the-wild-final-small/SAFE/1/frame_14040.jpg,SAFE,UNSAFE,0.5522666573524475,baseline,in_the_wild
/Users/ahooker/Documents/Dissertation/virtushield/final-datasets/in-the-wild-final-small/SAFE/1/frame_14040__1.jpg,SAFE,UNSAFE,0.8927645087242126,baseline,in_the_wild
/Users/ahooker/Documents/Dissertation/virtushield/final-datasets/in-the-wild-final-small/SAFE/1/frame_14060.jpg,SAFE,UNSAFE,0.8966025710105896,baseline,in_the_wild
/Users/ahooker/Documents/Dissertation/virtushield/final-datasets/in-the-wild-final-small/SAFE/1/frame_14080.jpg,SAFE,UNSAFE,0.8767733573913574,baseline,in_the_wild
/Users/ahooker/Documents/Dissertation/virtushield/final-datasets/in-the-wild-final-small/SAFE/1/frame_14120.jpg,SAFE,UNSAFE,0.6688321232795715,baseline,in_the_wild
/Users/ahooker/Documents/Dissertation/virtushield/final-datasets/in-the-wild-final-small/SAFE/1/frame_14200.jpg,SAFE,UNSAFE,0.9707474112510681,baseline,in_the_wild
/Users/ahooker/Documents/Dissertation/virtushield/final-datasets/in-the-wild-final-small/SAFE/1/frame_14200__1.jpg,SAFE,UNSAFE,0.9378800392150879,baseline,in_the_wild
/Users/ahooker/Documents/Dissertation/virtushield/final-datasets/in-the-wild-final-small/SAFE/1/frame_14200__2.jpg,SAFE,SAFE,0.37636926770210266,baseline,in_the_wild
/Users/ahooker/Documents/Dissertation/virtushield/final-datasets/in-the-wild-final-small/SAFE/1/frame_14240.jpg,SAFE,SAFE,0.26175716519355774,baseline,in_the_wild
/Users/ahooker/Documents/Dissertation/virtushield/final-datasets/in-the-wild-final-small/SAFE/1/frame_14300.jpg,SAFE,UNSAFE,0.7804053425788879,baseline,in_the_wild
/Users/ahooker/Documents/Dissertation/virtushield/final-datasets/in-the-wild-final-small/SAFE/1/frame_14300__1.jpg,SAFE,UNSAFE,0.8714492321014404,baseline,in_the_wild
/Users/ahooker/Documents/Dissertation/virtushield/final-datasets/in-the-wild-final-small/SAFE/1/frame_14300__2.jpg,SAFE,UNSAFE,0.7804053425788879,baseline,in_the_wild
/Users/ahooker/Documents/Dissertation/virtushield/final-datasets/in-the-wild-final-small/SAFE/1/frame_14400.jpg,SAFE,UNSAFE,0.5612345337867737,baseline,in_the_wild
/Users/ahooker/Documents/Dissertation/virtushield/final-datasets/in-the-wild-final-small/SAFE/1/frame_14400__1.jpg,SAFE,UNSAFE,0.9180794954299927,baseline,in_the_wild
/Users/ahooker/Documents/Dissertation/virtushield/final-datasets/in-the-wild-final-small/SAFE/1/frame_14400__2.jpg,SAFE,UNSAFE,0.8979158401489258,baseline,in_the_wild
/Users/ahooker/Documents/Dissertation/virtushield/final-datasets/in-the-wild-final-small/SAFE/1/frame_14460.jpg,SAFE,UNSAFE,0.8778507113456726,baseline,in_the_wild
/Users/ahooker/Documents/Dissertation/virtushield/final-datasets/in-the-wild-final-small/SAFE/1/frame_14500.jpg,SAFE,UNSAFE,0.8994459509849548,baseline,in_the_wild
/Users/ahooker/Documents/Dissertation/virtushield/final-datasets/in-the-wild-final-small/SAFE/1/frame_14580.jpg,SAFE,UNSAFE,0.6229446530342102,baseline,in_the_wild
/Users/ahooker/Documents/Dissertation/virtushield/final-datasets/in-the-wild-final-small/SAFE/1/frame_14840.jpg,SAFE,UNSAFE,0.9308270812034607,baseline,in_the_wild
/Users/ahooker/Documents/Dissertation/virtushield/final-datasets/in-the-wild-final-small/SAFE/1/frame_14840__1.jpg,SAFE,SAFE,0.2768195867538452,baseline,in_the_wild
/Users/ahooker/Documents/Dissertation/virtushield/final-datasets/in-the-wild-final-small/SAFE/1/frame_14900.jpg,SAFE,UNSAFE,0.7968201041221619,baseline,in_the_wild
/Users/ahooker/Documents/Dissertation/virtushield/final-datasets/in-the-wild-final-small/SAFE/1/frame_14920.jpg,SAFE,UNSAFE,0.5650053024291992,baseline,in_the_wild
/Users/ahooker/Documents/Dissertation/virtushield/final-datasets/in-the-wild-final-small/SAFE/1/frame_14940.jpg,SAFE,SAFE,0.4494082033634186,baseline,in_the_wild
/Users/ahooker/Documents/Dissertation/virtushield/final-datasets/in-the-wild-final-small/SAFE/1/frame_14980.jpg,SAFE,UNSAFE,0.9648821353912354,baseline,in_the_wild
/Users/ahooker/Documents/Dissertation/virtushield/final-datasets/in-the-wild-final-small/SAFE/1/frame_1500.jpg,SAFE,UNSAFE,0.9733351469039917,baseline,in_the_wild
/Users/ahooker/Documents/Dissertation/virtushield/final-datasets/in-the-wild-final-small/SAFE/1/frame_15040.jpg,SAFE,UNSAFE,0.5615248084068298,baseline,in_the_wild
/Users/ahooker/Documents/Dissertation/virtushield/final-datasets/in-the-wild-final-small/SAFE/1/frame_15040__1.jpg,SAFE,UNSAFE,0.8668017983436584,baseline,in_the_wild
/Users/ahooker/Documents/Dissertation/virtushield/final-datasets/in-the-wild-final-small/SAFE/1/frame_15060.jpg,SAFE,SAFE,0.4831625521183014,baseline,in_the_wild
/Users/ahooker/Documents/Dissertation/virtushield/final-datasets/in-the-wild-final-small/SAFE/1/frame_15080.jpg,SAFE,UNSAFE,0.6591309309005737,baseline,in_the_wild
/Users/ahooker/Documents/Dissertation/virtushield/final-datasets/in-the-wild-final-small/SAFE/1/frame_15140.jpg,SAFE,UNSAFE,0.6032212376594543,baseline,in_the_wild
/Users/ahooker/Documents/Dissertation/virtushield/final-datasets/in-the-wild-final-small/SAFE/1/frame_15160.jpg,SAFE,UNSAFE,0.7284721732139587,baseline,in_the_wild
/Users/ahooker/Documents/Dissertation/virtushield/final-datasets/in-the-wild-final-small/SAFE/1/frame_15300.jpg,SAFE,UNSAFE,0.9524522423744202,baseline,in_the_wild
/Users/ahooker/Documents/Dissertation/virtushield/final-datasets/in-the-wild-final-small/SAFE/1/frame_15320.jpg,SAFE,UNSAFE,0.9613196849822998,baseline,in_the_wild
/Users/ahooker/Documents/Dissertation/virtushield/final-datasets/in-the-wild-final-small/SAFE/1/frame_15320__1.jpg,SAFE,UNSAFE,0.9597831964492798,baseline,in_the_wild
/Users/ahooker/Documents/Dissertation/virtushield/final-datasets/in-the-wild-final-small/SAFE/1/frame_15340.jpg,SAFE,UNSAFE,0.9219460487365723,baseline,in_the_wild
/Users/ahooker/Documents/Dissertation/virtushield/final-datasets/in-the-wild-final-small/SAFE/1/frame_15360.jpg,SAFE,UNSAFE,0.6008884310722351,baseline,in_the_wild
/Users/ahooker/Documents/Dissertation/virtushield/final-datasets/in-the-wild-final-small/SAFE/1/frame_1540.jpg,SAFE,UNSAFE,0.693230390548706,baseline,in_the_wild
/Users/ahooker/Documents/Dissertation/virtushield/final-datasets/in-the-wild-final-small/SAFE/1/frame_15420.jpg,SAFE,UNSAFE,0.7064626216888428,baseline,in_the_wild
/Users/ahooker/Documents/Dissertation/virtushield/final-datasets/in-the-wild-final-small/SAFE/1/frame_15440.jpg,SAFE,UNSAFE,0.8591662645339966,baseline,in_the_wild
/Users/ahooker/Documents/Dissertation/virtushield/final-datasets/in-the-wild-final-small/SAFE/1/frame_15480.jpg,SAFE,UNSAFE,0.8753349781036377,baseline,in_the_wild
/Users/ahooker/Documents/Dissertation/virtushield/final-datasets/in-the-wild-final-small/SAFE/1/frame_15560.jpg,SAFE,SAFE,0.2508830428123474,baseline,in_the_wild
/Users/ahooker/Documents/Dissertation/virtushield/final-datasets/in-the-wild-final-small/SAFE/1/frame_15640.jpg,SAFE,UNSAFE,0.8714616298675537,baseline,in_the_wild
/Users/ahooker/Documents/Dissertation/virtushield/final-datasets/in-the-wild-final-small/SAFE/1/frame_15660.jpg,SAFE,UNSAFE,0.9690718650817871,baseline,in_the_wild
/Users/ahooker/Documents/Dissertation/virtushield/final-datasets/in-the-wild-final-small/SAFE/1/frame_15680.jpg,SAFE,SAFE,0.41340821981430054,baseline,in_the_wild
/Users/ahooker/Documents/Dissertation/virtushield/final-datasets/in-the-wild-final-small/SAFE/1/frame_15700.jpg,SAFE,UNSAFE,0.8875375986099243,baseline,in_the_wild
/Users/ahooker/Documents/Dissertation/virtushield/final-datasets/in-the-wild-final-small/SAFE/1/frame_15760.jpg,SAFE,SAFE,0.13434700667858124,baseline,in_the_wild
/Users/ahooker/Documents/Dissertation/virtushield/final-datasets/in-the-wild-final-small/SAFE/1/frame_15780.jpg,SAFE,UNSAFE,0.5381669998168945,baseline,in_the_wild
/Users/ahooker/Documents/Dissertation/virtushield/final-datasets/in-the-wild-final-small/SAFE/1/frame_15860.jpg,SAFE,SAFE,0.43988505005836487,baseline,in_the_wild
/Users/ahooker/Documents/Dissertation/virtushield/final-datasets/in-the-wild-final-small/SAFE/1/frame_15860__1.jpg,SAFE,UNSAFE,0.8145356774330139,baseline,in_the_wild
/Users/ahooker/Documents/Dissertation/virtushield/final-datasets/in-the-wild-final-small/SAFE/1/frame_15860__2.jpg,SAFE,UNSAFE,0.7210209369659424,baseline,in_the_wild
/Users/ahooker/Documents/Dissertation/virtushield/final-datasets/in-the-wild-final-small/SAFE/1/frame_15960.jpg,SAFE,UNSAFE,0.5364281535148621,baseline,in_the_wild
/Users/ahooker/Documents/Dissertation/virtushield/final-datasets/in-the-wild-final-small/SAFE/1/frame_160.jpg,SAFE,UNSAFE,0.6894534826278687,baseline,in_the_wild
/Users/ahooker/Documents/Dissertation/virtushield/final-datasets/in-the-wild-final-small/SAFE/1/frame_16200.jpg,SAFE,UNSAFE,0.9407657980918884,baseline,in_the_wild
/Users/ahooker/Documents/Dissertation/virtushield/final-datasets/in-the-wild-final-small/SAFE/1/frame_16340.jpg,SAFE,UNSAFE,0.6222316026687622,baseline,in_the_wild
/Users/ahooker/Documents/Dissertation/virtushield/final-datasets/in-the-wild-final-small/SAFE/1/frame_16340__1.jpg,SAFE,UNSAFE,0.6285516619682312,baseline,in_the_wild
/Users/ahooker/Documents/Dissertation/virtushield/final-datasets/in-the-wild-final-small/SAFE/1/frame_16360.jpg,SAFE,UNSAFE,0.8602296113967896,baseline,in_the_wild
/Users/ahooker/Documents/Dissertation/virtushield/final-datasets/in-the-wild-final-small/SAFE/1/frame_16420.jpg,SAFE,UNSAFE,0.9546335935592651,baseline,in_the_wild
/Users/ahooker/Documents/Dissertation/virtushield/final-datasets/in-the-wild-final-small/SAFE/1/frame_16440.jpg,SAFE,UNSAFE,0.9707046151161194,baseline,in_the_wild
/Users/ahooker/Documents/Dissertation/virtushield/final-datasets/in-the-wild-final-small/SAFE/1/frame_16460.jpg,SAFE,SAFE,0.44530007243156433,baseline,in_the_wild
/Users/ahooker/Documents/Dissertation/virtushield/final-datasets/in-the-wild-final-small/SAFE/1/frame_16560.jpg,SAFE,UNSAFE,0.8867366909980774,baseline,in_the_wild
/Users/ahooker/Documents/Dissertation/virtushield/final-datasets/in-the-wild-final-small/SAFE/1/frame_16660.jpg,SAFE,UNSAFE,0.9214192032814026,baseline,in_the_wild
/Users/ahooker/Documents/Dissertation/virtushield/final-datasets/in-the-wild-final-small/SAFE/1/frame_16660__1.jpg,SAFE,UNSAFE,0.9250845313072205,baseline,in_the_wild
/Users/ahooker/Documents/Dissertation/virtushield/final-datasets/in-the-wild-final-small/SAFE/1/frame_16720.jpg,SAFE,UNSAFE,0.9279548525810242,baseline,in_the_wild
/Users/ahooker/Documents/Dissertation/virtushield/final-datasets/in-the-wild-final-small/SAFE/1/frame_16780.jpg,SAFE,SAFE,0.3185025453567505,baseline,in_the_wild
/Users/ahooker/Documents/Dissertation/virtushield/final-datasets/in-the-wild-final-small/SAFE/1/frame_16780__1.jpg,SAFE,SAFE,0.364732950925827,baseline,in_the_wild
/Users/ahooker/Documents/Dissertation/virtushield/final-datasets/in-the-wild-final-small/SAFE/1/frame_16860.jpg,SAFE,UNSAFE,0.9737613201141357,baseline,in_the_wild
/Users/ahooker/Documents/Dissertation/virtushield/final-datasets/in-the-wild-final-small/SAFE/1/frame_16900.jpg,SAFE,UNSAFE,0.884377121925354,baseline,in_the_wild
/Users/ahooker/Documents/Dissertation/virtushield/final-datasets/in-the-wild-final-small/SAFE/1/frame_16920.jpg,SAFE,UNSAFE,0.9321960210800171,baseline,in_the_wild
/Users/ahooker/Documents/Dissertation/virtushield/final-datasets/in-the-wild-final-small/SAFE/1/frame_1700.jpg,SAFE,UNSAFE,0.8921767473220825,baseline,in_the_wild
/Users/ahooker/Documents/Dissertation/virtushield/final-datasets/in-the-wild-final-small/SAFE/1/frame_17040.jpg,SAFE,UNSAFE,0.7241610288619995,baseline,in_the_wild
/Users/ahooker/Documents/Dissertation/virtushield/final-datasets/in-the-wild-final-small/SAFE/1/frame_17040__1.jpg,SAFE,SAFE,0.4162181317806244,baseline,in_the_wild
/Users/ahooker/Documents/Dissertation/virtushield/final-datasets/in-the-wild-final-small/SAFE/1/frame_17080.jpg,SAFE,SAFE,0.15311041474342346,baseline,in_the_wild
/Users/ahooker/Documents/Dissertation/virtushield/final-datasets/in-the-wild-final-small/SAFE/1/frame_17200.jpg,SAFE,SAFE,0.40131792426109314,baseline,in_the_wild
/Users/ahooker/Documents/Dissertation/virtushield/final-datasets/in-the-wild-final-small/SAFE/1/frame_17300.jpg,SAFE,SAFE,0.3464912176132202,baseline,in_the_wild
/Users/ahooker/Documents/Dissertation/virtushield/final-datasets/in-the-wild-final-small/SAFE/1/frame_17320.jpg,SAFE,UNSAFE,0.9386938810348511,baseline,in_the_wild
/Users/ahooker/Documents/Dissertation/virtushield/final-datasets/in-the-wild-final-small/SAFE/1/frame_17360.jpg,SAFE,SAFE,0.1825726479291916,baseline,in_the_wild
/Users/ahooker/Documents/Dissertation/virtushield/final-datasets/in-the-wild-final-small/SAFE/1/frame_1740.jpg,SAFE,SAFE,0.23223772644996643,baseline,in_the_wild
/Users/ahooker/Documents/Dissertation/virtushield/final-datasets/in-the-wild-final-small/SAFE/1/frame_17420.jpg,SAFE,SAFE,0.49404647946357727,baseline,in_the_wild
/Users/ahooker/Documents/Dissertation/virtushield/final-datasets/in-the-wild-final-small/SAFE/1/frame_17500.jpg,SAFE,UNSAFE,0.9091448783874512,baseline,in_the_wild
/Users/ahooker/Documents/Dissertation/virtushield/final-datasets/in-the-wild-final-small/SAFE/1/frame_17520.jpg,SAFE,SAFE,0.3842164874076843,baseline,in_the_wild
/Users/ahooker/Documents/Dissertation/virtushield/final-datasets/in-the-wild-final-small/SAFE/1/frame_17620.jpg,SAFE,UNSAFE,0.599379301071167,baseline,in_the_wild
/Users/ahooker/Documents/Dissertation/virtushield/final-datasets/in-the-wild-final-small/SAFE/1/frame_17740.jpg,SAFE,UNSAFE,0.922217071056366,baseline,in_the_wild
/Users/ahooker/Documents/Dissertation/virtushield/final-datasets/in-the-wild-final-small/SAFE/1/frame_17860.jpg,SAFE,SAFE,0.4487249255180359,baseline,in_the_wild
/Users/ahooker/Documents/Dissertation/virtushield/final-datasets/in-the-wild-final-small/SAFE/1/frame_17860__1.jpg,SAFE,UNSAFE,0.5447659492492676,baseline,in_the_wild
/Users/ahooker/Documents/Dissertation/virtushield/final-datasets/in-the-wild-final-small/SAFE/1/frame_17880.jpg,SAFE,UNSAFE,0.6108280420303345,baseline,in_the_wild
/Users/ahooker/Documents/Dissertation/virtushield/final-datasets/in-the-wild-final-small/SAFE/1/frame_180.jpg,SAFE,SAFE,0.2874743342399597,baseline,in_the_wild
/Users/ahooker/Documents/Dissertation/virtushield/final-datasets/in-the-wild-final-small/SAFE/1/frame_1800.jpg,SAFE,UNSAFE,0.9277124404907227,baseline,in_the_wild
/Users/ahooker/Documents/Dissertation/virtushield/final-datasets/in-the-wild-final-small/SAFE/1/frame_18180.jpg,SAFE,UNSAFE,0.9777276515960693,baseline,in_the_wild
/Users/ahooker/Documents/Dissertation/virtushield/final-datasets/in-the-wild-final-small/SAFE/1/frame_18280.jpg,SAFE,UNSAFE,0.9425301551818848,baseline,in_the_wild
/Users/ahooker/Documents/Dissertation/virtushield/final-datasets/in-the-wild-final-small/SAFE/1/frame_18280__1.jpg,SAFE,UNSAFE,0.6162883043289185,baseline,in_the_wild
/Users/ahooker/Documents/Dissertation/virtushield/final-datasets/in-the-wild-final-small/SAFE/1/frame_18340.jpg,SAFE,UNSAFE,0.8743813037872314,baseline,in_the_wild
/Users/ahooker/Documents/Dissertation/virtushield/final-datasets/in-the-wild-final-small/SAFE/1/frame_18360.jpg,SAFE,UNSAFE,0.9244239926338196,baseline,in_the_wild
/Users/ahooker/Documents/Dissertation/virtushield/final-datasets/in-the-wild-final-small/SAFE/1/frame_18440.jpg,SAFE,UNSAFE,0.5185085535049438,baseline,in_the_wild
/Users/ahooker/Documents/Dissertation/virtushield/final-datasets/in-the-wild-final-small/SAFE/1/frame_18500.jpg,SAFE,UNSAFE,0.9029004573822021,baseline,in_the_wild
/Users/ahooker/Documents/Dissertation/virtushield/final-datasets/in-the-wild-final-small/SAFE/1/frame_18500__1.jpg,SAFE,UNSAFE,0.7346039414405823,baseline,in_the_wild
/Users/ahooker/Documents/Dissertation/virtushield/final-datasets/in-the-wild-final-small/SAFE/1/frame_18540.jpg,SAFE,UNSAFE,0.9721064567565918,baseline,in_the_wild
/Users/ahooker/Documents/Dissertation/virtushield/final-datasets/in-the-wild-final-small/SAFE/1/frame_18580.jpg,SAFE,UNSAFE,0.7372556924819946,baseline,in_the_wild
/Users/ahooker/Documents/Dissertation/virtushield/final-datasets/in-the-wild-final-small/SAFE/1/frame_1860.jpg,SAFE,UNSAFE,0.8917368650436401,baseline,in_the_wild
/Users/ahooker/Documents/Dissertation/virtushield/final-datasets/in-the-wild-final-small/SAFE/1/frame_18620.jpg,SAFE,UNSAFE,0.9151769280433655,baseline,in_the_wild
/Users/ahooker/Documents/Dissertation/virtushield/final-datasets/in-the-wild-final-small/SAFE/1/frame_18660.jpg,SAFE,UNSAFE,0.8329366445541382,baseline,in_the_wild
/Users/ahooker/Documents/Dissertation/virtushield/final-datasets/in-the-wild-final-small/SAFE/1/frame_18680.jpg,SAFE,UNSAFE,0.9721894860267639,baseline,in_the_wild
/Users/ahooker/Documents/Dissertation/virtushield/final-datasets/in-the-wild-final-small/SAFE/1/frame_18760.jpg,SAFE,UNSAFE,0.6311597228050232,baseline,in_the_wild
/Users/ahooker/Documents/Dissertation/virtushield/final-datasets/in-the-wild-final-small/SAFE/1/frame_18800.jpg,SAFE,UNSAFE,0.8284050822257996,baseline,in_the_wild
/Users/ahooker/Documents/Dissertation/virtushield/final-datasets/in-the-wild-final-small/SAFE/1/frame_18840.jpg,SAFE,UNSAFE,0.9568471312522888,baseline,in_the_wild
/Users/ahooker/Documents/Dissertation/virtushield/final-datasets/in-the-wild-final-small/SAFE/1/frame_18860.jpg,SAFE,UNSAFE,0.980221152305603,baseline,in_the_wild
/Users/ahooker/Documents/Dissertation/virtushield/final-datasets/in-the-wild-final-small/SAFE/1/frame_18880.jpg,SAFE,UNSAFE,0.7190292477607727,baseline,in_the_wild
/Users/ahooker/Documents/Dissertation/virtushield/final-datasets/in-the-wild-final-small/SAFE/1/frame_18900.jpg,SAFE,UNSAFE,0.8996101021766663,baseline,in_the_wild
/Users/ahooker/Documents/Dissertation/virtushield/final-datasets/in-the-wild-final-small/SAFE/1/frame_1900.jpg,SAFE,SAFE,0.26853471994400024,baseline,in_the_wild
/Users/ahooker/Documents/Dissertation/virtushield/final-datasets/in-the-wild-final-small/SAFE/1/frame_19080.jpg,SAFE,UNSAFE,0.7462181448936462,baseline,in_the_wild
/Users/ahooker/Documents/Dissertation/virtushield/final-datasets/in-the-wild-final-small/SAFE/1/frame_19100.jpg,SAFE,UNSAFE,0.7041919231414795,baseline,in_the_wild
/Users/ahooker/Documents/Dissertation/virtushield/final-datasets/in-the-wild-final-small/SAFE/1/frame_19140.jpg,SAFE,UNSAFE,0.7106196880340576,baseline,in_the_wild
/Users/ahooker/Documents/Dissertation/virtushield/final-datasets/in-the-wild-final-small/SAFE/1/frame_19140__1.jpg,SAFE,UNSAFE,0.9756982922554016,baseline,in_the_wild
/Users/ahooker/Documents/Dissertation/virtushield/final-datasets/in-the-wild-final-small/SAFE/1/frame_19180.jpg,SAFE,UNSAFE,0.8903310894966125,baseline,in_the_wild
/Users/ahooker/Documents/Dissertation/virtushield/final-datasets/in-the-wild-final-small/SAFE/1/frame_19220.jpg,SAFE,UNSAFE,0.8357563018798828,baseline,in_the_wild
/Users/ahooker/Documents/Dissertation/virtushield/final-datasets/in-the-wild-final-small/SAFE/1/frame_19240.jpg,SAFE,UNSAFE,0.8089106678962708,baseline,in_the_wild
/Users/ahooker/Documents/Dissertation/virtushield/final-datasets/in-the-wild-final-small/SAFE/1/frame_1940.jpg,SAFE,UNSAFE,0.9289307594299316,baseline,in_the_wild
/Users/ahooker/Documents/Dissertation/virtushield/final-datasets/in-the-wild-final-small/SAFE/1/frame_19420.jpg,SAFE,UNSAFE,0.8970840573310852,baseline,in_the_wild
/Users/ahooker/Documents/Dissertation/virtushield/final-datasets/in-the-wild-final-small/SAFE/1/frame_19540.jpg,SAFE,UNSAFE,0.9655506014823914,baseline,in_the_wild
/Users/ahooker/Documents/Dissertation/virtushield/final-datasets/in-the-wild-final-small/SAFE/1/frame_19620.jpg,SAFE,UNSAFE,0.5339547395706177,baseline,in_the_wild
/Users/ahooker/Documents/Dissertation/virtushield/final-datasets/in-the-wild-final-small/SAFE/1/frame_19780.jpg,SAFE,UNSAFE,0.9349498748779297,baseline,in_the_wild
/Users/ahooker/Documents/Dissertation/virtushield/final-datasets/in-the-wild-final-small/SAFE/1/frame_19860.jpg,SAFE,SAFE,0.32532379031181335,baseline,in_the_wild
/Users/ahooker/Documents/Dissertation/virtushield/final-datasets/in-the-wild-final-small/SAFE/1/frame_19880.jpg,SAFE,SAFE,0.47621044516563416,baseline,in_the_wild
/Users/ahooker/Documents/Dissertation/virtushield/final-datasets/in-the-wild-final-small/SAFE/1/frame_19880__1.jpg,SAFE,UNSAFE,0.913079559803009,baseline,in_the_wild
/Users/ahooker/Documents/Dissertation/virtushield/final-datasets/in-the-wild-final-small/SAFE/1/frame_19900.jpg,SAFE,SAFE,0.4181714951992035,baseline,in_the_wild
/Users/ahooker/Documents/Dissertation/virtushield/final-datasets/in-the-wild-final-small/SAFE/1/frame_19960.jpg,SAFE,UNSAFE,0.9036777019500732,baseline,in_the_wild
/Users/ahooker/Documents/Dissertation/virtushield/final-datasets/in-the-wild-final-small/SAFE/1/frame_2000.jpg,SAFE,UNSAFE,0.8759887218475342,baseline,in_the_wild
/Users/ahooker/Documents/Dissertation/virtushield/final-datasets/in-the-wild-final-small/SAFE/1/frame_2000__1.jpg,SAFE,UNSAFE,0.9499098062515259,baseline,in_the_wild
/Users/ahooker/Documents/Dissertation/virtushield/final-datasets/in-the-wild-final-small/SAFE/1/frame_20060.jpg,SAFE,UNSAFE,0.9794594645500183,baseline,in_the_wild
/Users/ahooker/Documents/Dissertation/virtushield/final-datasets/in-the-wild-final-small/SAFE/1/frame_20120.jpg,SAFE,UNSAFE,0.9473485946655273,baseline,in_the_wild
/Users/ahooker/Documents/Dissertation/virtushield/final-datasets/in-the-wild-final-small/SAFE/1/frame_20180.jpg,SAFE,UNSAFE,0.810862123966217,baseline,in_the_wild
/Users/ahooker/Documents/Dissertation/virtushield/final-datasets/in-the-wild-final-small/SAFE/1/frame_20360.jpg,SAFE,UNSAFE,0.6544644236564636,baseline,in_the_wild
/Users/ahooker/Documents/Dissertation/virtushield/final-datasets/in-the-wild-final-small/SAFE/1/frame_20440.jpg,SAFE,UNSAFE,0.6702821254730225,baseline,in_the_wild
/Users/ahooker/Documents/Dissertation/virtushield/final-datasets/in-the-wild-final-small/SAFE/1/frame_20480.jpg,SAFE,UNSAFE,0.812451183795929,baseline,in_the_wild
/Users/ahooker/Documents/Dissertation/virtushield/final-datasets/in-the-wild-final-small/SAFE/1/frame_20480__1.jpg,SAFE,UNSAFE,0.9041176438331604,baseline,in_the_wild
/Users/ahooker/Documents/Dissertation/virtushield/final-datasets/in-the-wild-final-small/SAFE/1/frame_20520.jpg,SAFE,SAFE,0.38694894313812256,baseline,in_the_wild
/Users/ahooker/Documents/Dissertation/virtushield/final-datasets/in-the-wild-final-small/SAFE/1/frame_20560.jpg,SAFE,UNSAFE,0.8864163160324097,baseline,in_the_wild
/Users/ahooker/Documents/Dissertation/virtushield/final-datasets/in-the-wild-final-small/SAFE/1/frame_2060.jpg,SAFE,UNSAFE,0.801369309425354,baseline,in_the_wild
/Users/ahooker/Documents/Dissertation/virtushield/final-datasets/in-the-wild-final-small/SAFE/1/frame_20700.jpg,SAFE,UNSAFE,0.800403892993927,baseline,in_the_wild
/Users/ahooker/Documents/Dissertation/virtushield/final-datasets/in-the-wild-final-small/SAFE/1/frame_20820.jpg,SAFE,UNSAFE,0.8405272960662842,baseline,in_the_wild
/Users/ahooker/Documents/Dissertation/virtushield/final-datasets/in-the-wild-final-small/SAFE/1/frame_20940.jpg,SAFE,UNSAFE,0.7136331796646118,baseline,in_the_wild
/Users/ahooker/Documents/Dissertation/virtushield/final-datasets/in-the-wild-final-small/SAFE/1/frame_2100.jpg,SAFE,UNSAFE,0.758548378944397,baseline,in_the_wild
/Users/ahooker/Documents/Dissertation/virtushield/final-datasets/in-the-wild-final-small/SAFE/1/frame_21080.jpg,SAFE,UNSAFE,0.6557275056838989,baseline,in_the_wild
/Users/ahooker/Documents/Dissertation/virtushield/final-datasets/in-the-wild-final-small/SAFE/1/frame_21120.jpg,SAFE,UNSAFE,0.7744574546813965,baseline,in_the_wild
/Users/ahooker/Documents/Dissertation/virtushield/final-datasets/in-the-wild-final-small/SAFE/1/frame_21240.jpg,SAFE,UNSAFE,0.861693799495697,baseline,in_the_wild
/Users/ahooker/Documents/Dissertation/virtushield/final-datasets/in-the-wild-final-small/SAFE/1/frame_21240__1.jpg,SAFE,UNSAFE,0.9521592855453491,baseline,in_the_wild
/Users/ahooker/Documents/Dissertation/virtushield/final-datasets/in-the-wild-final-small/SAFE/1/frame_21360.jpg,SAFE,UNSAFE,0.729698121547699,baseline,in_the_wild
/Users/ahooker/Documents/Dissertation/virtushield/final-datasets/in-the-wild-final-small/SAFE/1/frame_21420.jpg,SAFE,UNSAFE,0.7664271593093872,baseline,in_the_wild
/Users/ahooker/Documents/Dissertation/virtushield/final-datasets/in-the-wild-final-small/SAFE/1/frame_21480.jpg,SAFE,UNSAFE,0.911311149597168,baseline,in_the_wild
/Users/ahooker/Documents/Dissertation/virtushield/final-datasets/in-the-wild-final-small/SAFE/1/frame_21520.jpg,SAFE,UNSAFE,0.8705536723136902,baseline,in_the_wild
/Users/ahooker/Documents/Dissertation/virtushield/final-datasets/in-the-wild-final-small/SAFE/1/frame_21620.jpg,SAFE,UNSAFE,0.818591833114624,baseline,in_the_wild
/Users/ahooker/Documents/Dissertation/virtushield/final-datasets/in-the-wild-final-small/SAFE/1/frame_21660.jpg,SAFE,UNSAFE,0.8417367339134216,baseline,in_the_wild
/Users/ahooker/Documents/Dissertation/virtushield/final-datasets/in-the-wild-final-small/SAFE/1/frame_21700.jpg,SAFE,SAFE,0.4379108250141144,baseline,in_the_wild
/Users/ahooker/Documents/Dissertation/virtushield/final-datasets/in-the-wild-final-small/SAFE/1/frame_21720.jpg,SAFE,UNSAFE,0.8611002564430237,baseline,in_the_wild
/Users/ahooker/Documents/Dissertation/virtushield/final-datasets/in-the-wild-final-small/SAFE/1/frame_21860.jpg,SAFE,UNSAFE,0.7946153283119202,baseline,in_the_wild
/Users/ahooker/Documents/Dissertation/virtushield/final-datasets/in-the-wild-final-small/SAFE/1/frame_21880.jpg,SAFE,UNSAFE,0.8767564296722412,baseline,in_the_wild
/Users/ahooker/Documents/Dissertation/virtushield/final-datasets/in-the-wild-final-small/SAFE/1/frame_220.jpg,SAFE,UNSAFE,0.934920608997345,baseline,in_the_wild
/Users/ahooker/Documents/Dissertation/virtushield/final-datasets/in-the-wild-final-small/SAFE/1/frame_22000.jpg,SAFE,UNSAFE,0.9724699258804321,baseline,in_the_wild
/Users/ahooker/Documents/Dissertation/virtushield/final-datasets/in-the-wild-final-small/SAFE/1/frame_22060.jpg,SAFE,UNSAFE,0.9221994280815125,baseline,in_the_wild
/Users/ahooker/Documents/Dissertation/virtushield/final-datasets/in-the-wild-final-small/SAFE/1/frame_22080.jpg,SAFE,UNSAFE,0.904043972492218,baseline,in_the_wild
/Users/ahooker/Documents/Dissertation/virtushield/final-datasets/in-the-wild-final-small/SAFE/1/frame_22100.jpg,SAFE,UNSAFE,0.9546172022819519,baseline,in_the_wild
/Users/ahooker/Documents/Dissertation/virtushield/final-datasets/in-the-wild-final-small/SAFE/1/frame_22200.jpg,SAFE,UNSAFE,0.7541282176971436,baseline,in_the_wild
/Users/ahooker/Documents/Dissertation/virtushield/final-datasets/in-the-wild-final-small/SAFE/1/frame_22400.jpg,SAFE,UNSAFE,0.9438951015472412,baseline,in_the_wild
/Users/ahooker/Documents/Dissertation/virtushield/final-datasets/in-the-wild-final-small/SAFE/1/frame_22460.jpg,SAFE,UNSAFE,0.8997383713722229,baseline,in_the_wild
/Users/ahooker/Documents/Dissertation/virtushield/final-datasets/in-the-wild-final-small/SAFE/1/frame_22620.jpg,SAFE,UNSAFE,0.7575005292892456,baseline,in_the_wild
/Users/ahooker/Documents/Dissertation/virtushield/final-datasets/in-the-wild-final-small/SAFE/1/frame_22680.jpg,SAFE,UNSAFE,0.966371476650238,baseline,in_the_wild
/Users/ahooker/Documents/Dissertation/virtushield/final-datasets/in-the-wild-final-small/SAFE/1/frame_22900.jpg,SAFE,UNSAFE,0.7845035195350647,baseline,in_the_wild
/Users/ahooker/Documents/Dissertation/virtushield/final-datasets/in-the-wild-final-small/SAFE/1/frame_22940.jpg,SAFE,SAFE,0.36177268624305725,baseline,in_the_wild
/Users/ahooker/Documents/Dissertation/virtushield/final-datasets/in-the-wild-final-small/SAFE/1/frame_23140.jpg,SAFE,UNSAFE,0.5538526773452759,baseline,in_the_wild
/Users/ahooker/Documents/Dissertation/virtushield/final-datasets/in-the-wild-final-small/SAFE/1/frame_23480.jpg,SAFE,UNSAFE,0.5058609843254089,baseline,in_the_wild
/Users/ahooker/Documents/Dissertation/virtushield/final-datasets/in-the-wild-final-small/SAFE/1/frame_2420.jpg,SAFE,UNSAFE,0.9646589756011963,baseline,in_the_wild
/Users/ahooker/Documents/Dissertation/virtushield/final-datasets/in-the-wild-final-small/SAFE/1/frame_2440.jpg,SAFE,SAFE,0.152710422873497,baseline,in_the_wild
/Users/ahooker/Documents/Dissertation/virtushield/final-datasets/in-the-wild-final-small/SAFE/1/frame_2440__1.jpg,SAFE,SAFE,0.48402851819992065,baseline,in_the_wild
/Users/ahooker/Documents/Dissertation/virtushield/final-datasets/in-the-wild-final-small/SAFE/1/frame_2440__2.jpg,SAFE,SAFE,0.3028870224952698,baseline,in_the_wild
/Users/ahooker/Documents/Dissertation/virtushield/final-datasets/in-the-wild-final-small/SAFE/1/frame_2460.jpg,SAFE,UNSAFE,0.5576462745666504,baseline,in_the_wild
/Users/ahooker/Documents/Dissertation/virtushield/final-datasets/in-the-wild-final-small/SAFE/1/frame_2460__1.jpg,SAFE,UNSAFE,0.6257584095001221,baseline,in_the_wild
/Users/ahooker/Documents/Dissertation/virtushield/final-datasets/in-the-wild-final-small/SAFE/1/frame_24920.jpg,SAFE,UNSAFE,0.7661935687065125,baseline,in_the_wild
/Users/ahooker/Documents/Dissertation/virtushield/final-datasets/in-the-wild-final-small/SAFE/1/frame_2500.jpg,SAFE,SAFE,0.35988596081733704,baseline,in_the_wild
/Users/ahooker/Documents/Dissertation/virtushield/final-datasets/in-the-wild-final-small/SAFE/1/frame_2500__1.jpg,SAFE,UNSAFE,0.9592318534851074,baseline,in_the_wild
/Users/ahooker/Documents/Dissertation/virtushield/final-datasets/in-the-wild-final-small/SAFE/1/frame_25160.jpg,SAFE,UNSAFE,0.7413943409919739,baseline,in_the_wild
/Users/ahooker/Documents/Dissertation/virtushield/final-datasets/in-the-wild-final-small/SAFE/1/frame_2580.jpg,SAFE,UNSAFE,0.567855179309845,baseline,in_the_wild
/Users/ahooker/Documents/Dissertation/virtushield/final-datasets/in-the-wild-final-small/SAFE/1/frame_2600.jpg,SAFE,SAFE,0.27034398913383484,baseline,in_the_wild
/Users/ahooker/Documents/Dissertation/virtushield/final-datasets/in-the-wild-final-small/SAFE/1/frame_2600__1.jpg,SAFE,SAFE,0.4895997643470764,baseline,in_the_wild
/Users/ahooker/Documents/Dissertation/virtushield/final-datasets/in-the-wild-final-small/SAFE/1/frame_2620.jpg,SAFE,UNSAFE,0.7794195413589478,baseline,in_the_wild
/Users/ahooker/Documents/Dissertation/virtushield/final-datasets/in-the-wild-final-small/SAFE/1/frame_26540.jpg,SAFE,UNSAFE,0.7922540307044983,baseline,in_the_wild
/Users/ahooker/Documents/Dissertation/virtushield/final-datasets/in-the-wild-final-small/SAFE/1/frame_2660.jpg,SAFE,UNSAFE,0.9391279220581055,baseline,in_the_wild
/Users/ahooker/Documents/Dissertation/virtushield/final-datasets/in-the-wild-final-small/SAFE/1/frame_2700.jpg,SAFE,SAFE,0.25277042388916016,baseline,in_the_wild
/Users/ahooker/Documents/Dissertation/virtushield/final-datasets/in-the-wild-final-small/SAFE/1/frame_2720.jpg,SAFE,SAFE,0.3996894657611847,baseline,in_the_wild
/Users/ahooker/Documents/Dissertation/virtushield/final-datasets/in-the-wild-final-small/SAFE/1/frame_27300.jpg,SAFE,UNSAFE,0.8989574313163757,baseline,in_the_wild
/Users/ahooker/Documents/Dissertation/virtushield/final-datasets/in-the-wild-final-small/SAFE/1/frame_27640.jpg,SAFE,UNSAFE,0.9329278469085693,baseline,in_the_wild
/Users/ahooker/Documents/Dissertation/virtushield/final-datasets/in-the-wild-final-small/SAFE/1/frame_27760.jpg,SAFE,UNSAFE,0.9278126955032349,baseline,in_the_wild
/Users/ahooker/Documents/Dissertation/virtushield/final-datasets/in-the-wild-final-small/SAFE/1/frame_2780.jpg,SAFE,UNSAFE,0.5921286344528198,baseline,in_the_wild
/Users/ahooker/Documents/Dissertation/virtushield/final-datasets/in-the-wild-final-small/SAFE/1/frame_27860.jpg,SAFE,UNSAFE,0.8020288348197937,baseline,in_the_wild
/Users/ahooker/Documents/Dissertation/virtushield/final-datasets/in-the-wild-final-small/SAFE/1/frame_28160.jpg,SAFE,UNSAFE,0.9093952178955078,baseline,in_the_wild
/Users/ahooker/Documents/Dissertation/virtushield/final-datasets/in-the-wild-final-small/SAFE/1/frame_2820.jpg,SAFE,SAFE,0.43086373805999756,baseline,in_the_wild
/Users/ahooker/Documents/Dissertation/virtushield/final-datasets/in-the-wild-final-small/SAFE/1/frame_2840.jpg,SAFE,UNSAFE,0.6079481840133667,baseline,in_the_wild
/Users/ahooker/Documents/Dissertation/virtushield/final-datasets/in-the-wild-final-small/SAFE/1/frame_28400.jpg,SAFE,UNSAFE,0.8976036906242371,baseline,in_the_wild
/Users/ahooker/Documents/Dissertation/virtushield/final-datasets/in-the-wild-final-small/SAFE/1/frame_2900.jpg,SAFE,UNSAFE,0.94121915102005,baseline,in_the_wild
/Users/ahooker/Documents/Dissertation/virtushield/final-datasets/in-the-wild-final-small/SAFE/1/frame_2920.jpg,SAFE,UNSAFE,0.8255237936973572,baseline,in_the_wild
/Users/ahooker/Documents/Dissertation/virtushield/final-datasets/in-the-wild-final-small/SAFE/1/frame_2940.jpg,SAFE,SAFE,0.24581801891326904,baseline,in_the_wild
/Users/ahooker/Documents/Dissertation/virtushield/final-datasets/in-the-wild-final-small/SAFE/1/frame_2960.jpg,SAFE,UNSAFE,0.6126360893249512,baseline,in_the_wild
/Users/ahooker/Documents/Dissertation/virtushield/final-datasets/in-the-wild-final-small/SAFE/1/frame_3020.jpg,SAFE,UNSAFE,0.6449644565582275,baseline,in_the_wild
/Users/ahooker/Documents/Dissertation/virtushield/final-datasets/in-the-wild-final-small/SAFE/1/frame_3040.jpg,SAFE,SAFE,0.2607518136501312,baseline,in_the_wild
/Users/ahooker/Documents/Dissertation/virtushield/final-datasets/in-the-wild-final-small/SAFE/1/frame_3100.jpg,SAFE,SAFE,0.4437119960784912,baseline,in_the_wild
/Users/ahooker/Documents/Dissertation/virtushield/final-datasets/in-the-wild-final-small/SAFE/1/frame_3200.jpg,SAFE,SAFE,0.4847535789012909,baseline,in_the_wild
/Users/ahooker/Documents/Dissertation/virtushield/final-datasets/in-the-wild-final-small/SAFE/1/frame_3220.jpg,SAFE,UNSAFE,0.9147825241088867,baseline,in_the_wild
/Users/ahooker/Documents/Dissertation/virtushield/final-datasets/in-the-wild-final-small/SAFE/1/frame_3220__1.jpg,SAFE,UNSAFE,0.9043402671813965,baseline,in_the_wild
/Users/ahooker/Documents/Dissertation/virtushield/final-datasets/in-the-wild-final-small/SAFE/1/frame_3240.jpg,SAFE,UNSAFE,0.8543782830238342,baseline,in_the_wild
/Users/ahooker/Documents/Dissertation/virtushield/final-datasets/in-the-wild-final-small/SAFE/1/frame_3300.jpg,SAFE,UNSAFE,0.8905137181282043,baseline,in_the_wild
/Users/ahooker/Documents/Dissertation/virtushield/final-datasets/in-the-wild-final-small/SAFE/1/frame_3320.jpg,SAFE,SAFE,0.40552645921707153,baseline,in_the_wild
/Users/ahooker/Documents/Dissertation/virtushield/final-datasets/in-the-wild-final-small/SAFE/1/frame_3360.jpg,SAFE,UNSAFE,0.6129067540168762,baseline,in_the_wild
/Users/ahooker/Documents/Dissertation/virtushield/final-datasets/in-the-wild-final-small/SAFE/1/frame_3380.jpg,SAFE,UNSAFE,0.5828885436058044,baseline,in_the_wild
/Users/ahooker/Documents/Dissertation/virtushield/final-datasets/in-the-wild-final-small/SAFE/1/frame_3480.jpg,SAFE,SAFE,0.3427494168281555,baseline,in_the_wild
/Users/ahooker/Documents/Dissertation/virtushield/final-datasets/in-the-wild-final-small/SAFE/1/frame_3480__1.jpg,SAFE,UNSAFE,0.9583855867385864,baseline,in_the_wild
/Users/ahooker/Documents/Dissertation/virtushield/final-datasets/in-the-wild-final-small/SAFE/1/frame_3500.jpg,SAFE,UNSAFE,0.846517026424408,baseline,in_the_wild
/Users/ahooker/Documents/Dissertation/virtushield/final-datasets/in-the-wild-final-small/SAFE/1/frame_3540.jpg,SAFE,UNSAFE,0.7528737783432007,baseline,in_the_wild
/Users/ahooker/Documents/Dissertation/virtushield/final-datasets/in-the-wild-final-small/SAFE/1/frame_3660.jpg,SAFE,UNSAFE,0.5208409428596497,baseline,in_the_wild
/Users/ahooker/Documents/Dissertation/virtushield/final-datasets/in-the-wild-final-small/SAFE/1/frame_3680.jpg,SAFE,UNSAFE,0.9686643481254578,baseline,in_the_wild
/Users/ahooker/Documents/Dissertation/virtushield/final-datasets/in-the-wild-final-small/SAFE/1/frame_3700.jpg,SAFE,UNSAFE,0.8887221813201904,baseline,in_the_wild
/Users/ahooker/Documents/Dissertation/virtushield/final-datasets/in-the-wild-final-small/SAFE/1/frame_3720.jpg,SAFE,SAFE,0.42473119497299194,baseline,in_the_wild
/Users/ahooker/Documents/Dissertation/virtushield/final-datasets/in-the-wild-final-small/SAFE/1/frame_3740.jpg,SAFE,UNSAFE,0.6668617129325867,baseline,in_the_wild
/Users/ahooker/Documents/Dissertation/virtushield/final-datasets/in-the-wild-final-small/SAFE/1/frame_3740__1.jpg,SAFE,UNSAFE,0.730039656162262,baseline,in_the_wild
/Users/ahooker/Documents/Dissertation/virtushield/final-datasets/in-the-wild-final-small/SAFE/1/frame_3780.jpg,SAFE,SAFE,0.22936084866523743,baseline,in_the_wild
/Users/ahooker/Documents/Dissertation/virtushield/final-datasets/in-the-wild-final-small/SAFE/1/frame_3820.jpg,SAFE,UNSAFE,0.8784682750701904,baseline,in_the_wild
/Users/ahooker/Documents/Dissertation/virtushield/final-datasets/in-the-wild-final-small/SAFE/1/frame_3840.jpg,SAFE,UNSAFE,0.8327629566192627,baseline,in_the_wild
/Users/ahooker/Documents/Dissertation/virtushield/final-datasets/in-the-wild-final-small/SAFE/1/frame_3940.jpg,SAFE,UNSAFE,0.7343581318855286,baseline,in_the_wild
/Users/ahooker/Documents/Dissertation/virtushield/final-datasets/in-the-wild-final-small/SAFE/1/frame_40.jpg,SAFE,UNSAFE,0.8386614322662354,baseline,in_the_wild
/Users/ahooker/Documents/Dissertation/virtushield/final-datasets/in-the-wild-final-small/SAFE/1/frame_4020.jpg,SAFE,UNSAFE,0.9684813618659973,baseline,in_the_wild
/Users/ahooker/Documents/Dissertation/virtushield/final-datasets/in-the-wild-final-small/SAFE/1/frame_4020__1.jpg,SAFE,UNSAFE,0.9488329887390137,baseline,in_the_wild
/Users/ahooker/Documents/Dissertation/virtushield/final-datasets/in-the-wild-final-small/SAFE/1/frame_4060.jpg,SAFE,UNSAFE,0.6199450492858887,baseline,in_the_wild
/Users/ahooker/Documents/Dissertation/virtushield/final-datasets/in-the-wild-final-small/SAFE/1/frame_4120.jpg,SAFE,UNSAFE,0.794292688369751,baseline,in_the_wild
/Users/ahooker/Documents/Dissertation/virtushield/final-datasets/in-the-wild-final-small/SAFE/1/frame_4200.jpg,SAFE,SAFE,0.062313422560691833,baseline,in_the_wild
/Users/ahooker/Documents/Dissertation/virtushield/final-datasets/in-the-wild-final-small/SAFE/1/frame_4200__1.jpg,SAFE,UNSAFE,0.5804328918457031,baseline,in_the_wild
/Users/ahooker/Documents/Dissertation/virtushield/final-datasets/in-the-wild-final-small/SAFE/1/frame_4240.jpg,SAFE,UNSAFE,0.7578129172325134,baseline,in_the_wild
/Users/ahooker/Documents/Dissertation/virtushield/final-datasets/in-the-wild-final-small/SAFE/1/frame_4300.jpg,SAFE,UNSAFE,0.607418954372406,baseline,in_the_wild
/Users/ahooker/Documents/Dissertation/virtushield/final-datasets/in-the-wild-final-small/SAFE/1/frame_4300__1.jpg,SAFE,SAFE,0.3151087462902069,baseline,in_the_wild
/Users/ahooker/Documents/Dissertation/virtushield/final-datasets/in-the-wild-final-small/SAFE/1/frame_4320.jpg,SAFE,UNSAFE,0.818291425704956,baseline,in_the_wild
/Users/ahooker/Documents/Dissertation/virtushield/final-datasets/in-the-wild-final-small/SAFE/1/frame_4340.jpg,SAFE,UNSAFE,0.9783559441566467,baseline,in_the_wild
/Users/ahooker/Documents/Dissertation/virtushield/final-datasets/in-the-wild-final-small/SAFE/1/frame_4360.jpg,SAFE,UNSAFE,0.7751596570014954,baseline,in_the_wild
/Users/ahooker/Documents/Dissertation/virtushield/final-datasets/in-the-wild-final-small/SAFE/1/frame_4420.jpg,SAFE,SAFE,0.4252839982509613,baseline,in_the_wild
/Users/ahooker/Documents/Dissertation/virtushield/final-datasets/in-the-wild-final-small/SAFE/1/frame_4420__1.jpg,SAFE,UNSAFE,0.9269877672195435,baseline,in_the_wild
/Users/ahooker/Documents/Dissertation/virtushield/final-datasets/in-the-wild-final-small/SAFE/1/frame_4480.jpg,SAFE,SAFE,0.3991568684577942,baseline,in_the_wild
/Users/ahooker/Documents/Dissertation/virtushield/final-datasets/in-the-wild-final-small/SAFE/1/frame_4520.jpg,SAFE,SAFE,0.37212544679641724,baseline,in_the_wild
/Users/ahooker/Documents/Dissertation/virtushield/final-datasets/in-the-wild-final-small/SAFE/1/frame_4520__1.jpg,SAFE,UNSAFE,0.8846012353897095,baseline,in_the_wild
/Users/ahooker/Documents/Dissertation/virtushield/final-datasets/in-the-wild-final-small/SAFE/1/frame_4560.jpg,SAFE,UNSAFE,0.7538767457008362,baseline,in_the_wild
/Users/ahooker/Documents/Dissertation/virtushield/final-datasets/in-the-wild-final-small/SAFE/1/frame_4580.jpg,SAFE,UNSAFE,0.6699173450469971,baseline,in_the_wild
/Users/ahooker/Documents/Dissertation/virtushield/final-datasets/in-the-wild-final-small/SAFE/1/frame_4580__1.jpg,SAFE,UNSAFE,0.940156877040863,baseline,in_the_wild
/Users/ahooker/Documents/Dissertation/virtushield/final-datasets/in-the-wild-final-small/SAFE/1/frame_4580__2.jpg,SAFE,UNSAFE,0.9209233522415161,baseline,in_the_wild
/Users/ahooker/Documents/Dissertation/virtushield/final-datasets/in-the-wild-final-small/SAFE/1/frame_4580__3.jpg,SAFE,SAFE,0.16627919673919678,baseline,in_the_wild
/Users/ahooker/Documents/Dissertation/virtushield/final-datasets/in-the-wild-final-small/SAFE/1/frame_460.jpg,SAFE,UNSAFE,0.9576810598373413,baseline,in_the_wild
/Users/ahooker/Documents/Dissertation/virtushield/final-datasets/in-the-wild-final-small/SAFE/1/frame_4600.jpg,SAFE,SAFE,0.479302316904068,baseline,in_the_wild
/Users/ahooker/Documents/Dissertation/virtushield/final-datasets/in-the-wild-final-small/SAFE/1/frame_4620.jpg,SAFE,UNSAFE,0.9657094478607178,baseline,in_the_wild
/Users/ahooker/Documents/Dissertation/virtushield/final-datasets/in-the-wild-final-small/SAFE/1/frame_4640.jpg,SAFE,UNSAFE,0.9758008718490601,baseline,in_the_wild
/Users/ahooker/Documents/Dissertation/virtushield/final-datasets/in-the-wild-final-small/SAFE/1/frame_4640__1.jpg,SAFE,UNSAFE,0.934870719909668,baseline,in_the_wild
/Users/ahooker/Documents/Dissertation/virtushield/final-datasets/in-the-wild-final-small/SAFE/1/frame_4660.jpg,SAFE,UNSAFE,0.6514124274253845,baseline,in_the_wild
/Users/ahooker/Documents/Dissertation/virtushield/final-datasets/in-the-wild-final-small/SAFE/1/frame_4700.jpg,SAFE,UNSAFE,0.8578920960426331,baseline,in_the_wild
/Users/ahooker/Documents/Dissertation/virtushield/final-datasets/in-the-wild-final-small/SAFE/1/frame_4700__1.jpg,SAFE,UNSAFE,0.8514946103096008,baseline,in_the_wild
/Users/ahooker/Documents/Dissertation/virtushield/final-datasets/in-the-wild-final-small/SAFE/1/frame_4740.jpg,SAFE,SAFE,0.46709150075912476,baseline,in_the_wild
/Users/ahooker/Documents/Dissertation/virtushield/final-datasets/in-the-wild-final-small/SAFE/1/frame_4740__1.jpg,SAFE,SAFE,0.46709150075912476,baseline,in_the_wild
/Users/ahooker/Documents/Dissertation/virtushield/final-datasets/in-the-wild-final-small/SAFE/1/frame_4760.jpg,SAFE,UNSAFE,0.566706657409668,baseline,in_the_wild
/Users/ahooker/Documents/Dissertation/virtushield/final-datasets/in-the-wild-final-small/SAFE/1/frame_4820.jpg,SAFE,UNSAFE,0.9414477348327637,baseline,in_the_wild
/Users/ahooker/Documents/Dissertation/virtushield/final-datasets/in-the-wild-final-small/SAFE/1/frame_4820__1.jpg,SAFE,UNSAFE,0.6273440718650818,baseline,in_the_wild
/Users/ahooker/Documents/Dissertation/virtushield/final-datasets/in-the-wild-final-small/SAFE/1/frame_4900.jpg,SAFE,SAFE,0.3998221755027771,baseline,in_the_wild
/Users/ahooker/Documents/Dissertation/virtushield/final-datasets/in-the-wild-final-small/SAFE/1/frame_4900__1.jpg,SAFE,SAFE,0.33310481905937195,baseline,in_the_wild
/Users/ahooker/Documents/Dissertation/virtushield/final-datasets/in-the-wild-final-small/SAFE/1/frame_4960.jpg,SAFE,SAFE,0.33896806836128235,baseline,in_the_wild
/Users/ahooker/Documents/Dissertation/virtushield/final-datasets/in-the-wild-final-small/SAFE/1/frame_500.jpg,SAFE,UNSAFE,0.9754356145858765,baseline,in_the_wild
/Users/ahooker/Documents/Dissertation/virtushield/final-datasets/in-the-wild-final-small/SAFE/1/frame_500__1.jpg,SAFE,UNSAFE,0.9754356145858765,baseline,in_the_wild
/Users/ahooker/Documents/Dissertation/virtushield/final-datasets/in-the-wild-final-small/SAFE/1/frame_5020.jpg,SAFE,UNSAFE,0.9427805542945862,baseline,in_the_wild
/Users/ahooker/Documents/Dissertation/virtushield/final-datasets/in-the-wild-final-small/SAFE/1/frame_5020__1.jpg,SAFE,UNSAFE,0.7984247207641602,baseline,in_the_wild
/Users/ahooker/Documents/Dissertation/virtushield/final-datasets/in-the-wild-final-small/SAFE/1/frame_5060.jpg,SAFE,UNSAFE,0.8588688969612122,baseline,in_the_wild
/Users/ahooker/Documents/Dissertation/virtushield/final-datasets/in-the-wild-final-small/SAFE/1/frame_5060__1.jpg,SAFE,UNSAFE,0.9389721155166626,baseline,in_the_wild
/Users/ahooker/Documents/Dissertation/virtushield/final-datasets/in-the-wild-final-small/SAFE/1/frame_5100.jpg,SAFE,SAFE,0.2663319408893585,baseline,in_the_wild
/Users/ahooker/Documents/Dissertation/virtushield/final-datasets/in-the-wild-final-small/SAFE/1/frame_5120.jpg,SAFE,UNSAFE,0.6068338751792908,baseline,in_the_wild
/Users/ahooker/Documents/Dissertation/virtushield/final-datasets/in-the-wild-final-small/SAFE/1/frame_5200.jpg,SAFE,UNSAFE,0.9036656618118286,baseline,in_the_wild
/Users/ahooker/Documents/Dissertation/virtushield/final-datasets/in-the-wild-final-small/SAFE/1/frame_5220.jpg,SAFE,SAFE,0.2812536954879761,baseline,in_the_wild
/Users/ahooker/Documents/Dissertation/virtushield/final-datasets/in-the-wild-final-small/SAFE/1/frame_5300.jpg,SAFE,UNSAFE,0.9691529273986816,baseline,in_the_wild
/Users/ahooker/Documents/Dissertation/virtushield/final-datasets/in-the-wild-final-small/SAFE/1/frame_5360.jpg,SAFE,SAFE,0.26684993505477905,baseline,in_the_wild
/Users/ahooker/Documents/Dissertation/virtushield/final-datasets/in-the-wild-final-small/SAFE/1/frame_5400.jpg,SAFE,UNSAFE,0.8987947702407837,baseline,in_the_wild
/Users/ahooker/Documents/Dissertation/virtushield/final-datasets/in-the-wild-final-small/SAFE/1/frame_5460.jpg,SAFE,UNSAFE,0.8611377477645874,baseline,in_the_wild
/Users/ahooker/Documents/Dissertation/virtushield/final-datasets/in-the-wild-final-small/SAFE/1/frame_5480.jpg,SAFE,UNSAFE,0.9641736745834351,baseline,in_the_wild
/Users/ahooker/Documents/Dissertation/virtushield/final-datasets/in-the-wild-final-small/SAFE/1/frame_5500.jpg,SAFE,SAFE,0.3626032769680023,baseline,in_the_wild
/Users/ahooker/Documents/Dissertation/virtushield/final-datasets/in-the-wild-final-small/SAFE/1/frame_5580.jpg,SAFE,UNSAFE,0.9669500589370728,baseline,in_the_wild
/Users/ahooker/Documents/Dissertation/virtushield/final-datasets/in-the-wild-final-small/SAFE/1/frame_560.jpg,SAFE,UNSAFE,0.957135796546936,baseline,in_the_wild
/Users/ahooker/Documents/Dissertation/virtushield/final-datasets/in-the-wild-final-small/SAFE/1/frame_5600.jpg,SAFE,UNSAFE,0.855772078037262,baseline,in_the_wild
/Users/ahooker/Documents/Dissertation/virtushield/final-datasets/in-the-wild-final-small/SAFE/1/frame_5660.jpg,SAFE,SAFE,0.1798364371061325,baseline,in_the_wild
/Users/ahooker/Documents/Dissertation/virtushield/final-datasets/in-the-wild-final-small/SAFE/1/frame_5760.jpg,SAFE,UNSAFE,0.8590664863586426,baseline,in_the_wild
/Users/ahooker/Documents/Dissertation/virtushield/final-datasets/in-the-wild-final-small/SAFE/1/frame_5820.jpg,SAFE,UNSAFE,0.9694953560829163,baseline,in_the_wild
/Users/ahooker/Documents/Dissertation/virtushield/final-datasets/in-the-wild-final-small/SAFE/1/frame_5840.jpg,SAFE,SAFE,0.497896671295166,baseline,in_the_wild
/Users/ahooker/Documents/Dissertation/virtushield/final-datasets/in-the-wild-final-small/SAFE/1/frame_5860.jpg,SAFE,UNSAFE,0.9837273359298706,baseline,in_the_wild
/Users/ahooker/Documents/Dissertation/virtushield/final-datasets/in-the-wild-final-small/SAFE/1/frame_5920.jpg,SAFE,UNSAFE,0.9216082096099854,baseline,in_the_wild
/Users/ahooker/Documents/Dissertation/virtushield/final-datasets/in-the-wild-final-small/SAFE/1/frame_5940.jpg,SAFE,UNSAFE,0.8991933465003967,baseline,in_the_wild
/Users/ahooker/Documents/Dissertation/virtushield/final-datasets/in-the-wild-final-small/SAFE/1/frame_6080.jpg,SAFE,UNSAFE,0.5009818077087402,baseline,in_the_wild
/Users/ahooker/Documents/Dissertation/virtushield/final-datasets/in-the-wild-final-small/SAFE/1/frame_6220.jpg,SAFE,UNSAFE,0.9397653937339783,baseline,in_the_wild
/Users/ahooker/Documents/Dissertation/virtushield/final-datasets/in-the-wild-final-small/SAFE/1/frame_6340.jpg,SAFE,UNSAFE,0.9706864356994629,baseline,in_the_wild
/Users/ahooker/Documents/Dissertation/virtushield/final-datasets/in-the-wild-final-small/SAFE/1/frame_6340__1.jpg,SAFE,UNSAFE,0.8920842409133911,baseline,in_the_wild
/Users/ahooker/Documents/Dissertation/virtushield/final-datasets/in-the-wild-final-small/SAFE/1/frame_6380.jpg,SAFE,UNSAFE,0.942513644695282,baseline,in_the_wild
/Users/ahooker/Documents/Dissertation/virtushield/final-datasets/in-the-wild-final-small/SAFE/1/frame_640.jpg,SAFE,UNSAFE,0.6729822754859924,baseline,in_the_wild
/Users/ahooker/Documents/Dissertation/virtushield/final-datasets/in-the-wild-final-small/SAFE/1/frame_6440.jpg,SAFE,UNSAFE,0.9564014673233032,baseline,in_the_wild
/Users/ahooker/Documents/Dissertation/virtushield/final-datasets/in-the-wild-final-small/SAFE/1/frame_6480.jpg,SAFE,SAFE,0.4931754469871521,baseline,in_the_wild
/Users/ahooker/Documents/Dissertation/virtushield/final-datasets/in-the-wild-final-small/SAFE/1/frame_6500.jpg,SAFE,UNSAFE,0.934853732585907,baseline,in_the_wild
/Users/ahooker/Documents/Dissertation/virtushield/final-datasets/in-the-wild-final-small/SAFE/1/frame_6520.jpg,SAFE,SAFE,0.34643635153770447,baseline,in_the_wild
/Users/ahooker/Documents/Dissertation/virtushield/final-datasets/in-the-wild-final-small/SAFE/1/frame_6720.jpg,SAFE,UNSAFE,0.5359467267990112,baseline,in_the_wild
/Users/ahooker/Documents/Dissertation/virtushield/final-datasets/in-the-wild-final-small/SAFE/1/frame_6740.jpg,SAFE,SAFE,0.08028223365545273,baseline,in_the_wild
/Users/ahooker/Documents/Dissertation/virtushield/final-datasets/in-the-wild-final-small/SAFE/1/frame_6880.jpg,SAFE,UNSAFE,0.9442342519760132,baseline,in_the_wild
/Users/ahooker/Documents/Dissertation/virtushield/final-datasets/in-the-wild-final-small/SAFE/1/frame_6920.jpg,SAFE,UNSAFE,0.8780640959739685,baseline,in_the_wild
/Users/ahooker/Documents/Dissertation/virtushield/final-datasets/in-the-wild-final-small/SAFE/1/frame_6940.jpg,SAFE,UNSAFE,0.9766404628753662,baseline,in_the_wild
/Users/ahooker/Documents/Dissertation/virtushield/final-datasets/in-the-wild-final-small/SAFE/1/frame_6980.jpg,SAFE,SAFE,0.3696630001068115,baseline,in_the_wild
/Users/ahooker/Documents/Dissertation/virtushield/final-datasets/in-the-wild-final-small/SAFE/1/frame_700.jpg,SAFE,SAFE,0.436957985162735,baseline,in_the_wild
/Users/ahooker/Documents/Dissertation/virtushield/final-datasets/in-the-wild-final-small/SAFE/1/frame_7000.jpg,SAFE,UNSAFE,0.8865244388580322,baseline,in_the_wild
/Users/ahooker/Documents/Dissertation/virtushield/final-datasets/in-the-wild-final-small/SAFE/1/frame_7080.jpg,SAFE,UNSAFE,0.9547684192657471,baseline,in_the_wild
/Users/ahooker/Documents/Dissertation/virtushield/final-datasets/in-the-wild-final-small/SAFE/1/frame_7080__1.jpg,SAFE,UNSAFE,0.9368122220039368,baseline,in_the_wild
/Users/ahooker/Documents/Dissertation/virtushield/final-datasets/in-the-wild-final-small/SAFE/1/frame_7160.jpg,SAFE,UNSAFE,0.7810825705528259,baseline,in_the_wild
/Users/ahooker/Documents/Dissertation/virtushield/final-datasets/in-the-wild-final-small/SAFE/1/frame_7220.jpg,SAFE,UNSAFE,0.8019809722900391,baseline,in_the_wild
/Users/ahooker/Documents/Dissertation/virtushield/final-datasets/in-the-wild-final-small/SAFE/1/frame_7240.jpg,SAFE,UNSAFE,0.778932511806488,baseline,in_the_wild
/Users/ahooker/Documents/Dissertation/virtushield/final-datasets/in-the-wild-final-small/SAFE/1/frame_7260.jpg,SAFE,UNSAFE,0.7856723666191101,baseline,in_the_wild
/Users/ahooker/Documents/Dissertation/virtushield/final-datasets/in-the-wild-final-small/SAFE/1/frame_7260__1.jpg,SAFE,UNSAFE,0.7165274620056152,baseline,in_the_wild
/Users/ahooker/Documents/Dissertation/virtushield/final-datasets/in-the-wild-final-small/SAFE/1/frame_7380.jpg,SAFE,UNSAFE,0.8483975529670715,baseline,in_the_wild
/Users/ahooker/Documents/Dissertation/virtushield/final-datasets/in-the-wild-final-small/SAFE/1/frame_7480.jpg,SAFE,UNSAFE,0.6491417288780212,baseline,in_the_wild
/Users/ahooker/Documents/Dissertation/virtushield/final-datasets/in-the-wild-final-small/SAFE/1/frame_7520.jpg,SAFE,UNSAFE,0.8876510858535767,baseline,in_the_wild
/Users/ahooker/Documents/Dissertation/virtushield/final-datasets/in-the-wild-final-small/SAFE/1/frame_780.jpg,SAFE,UNSAFE,0.8699739575386047,baseline,in_the_wild
/Users/ahooker/Documents/Dissertation/virtushield/final-datasets/in-the-wild-final-small/SAFE/1/frame_7820.jpg,SAFE,UNSAFE,0.5417672991752625,baseline,in_the_wild
/Users/ahooker/Documents/Dissertation/virtushield/final-datasets/in-the-wild-final-small/SAFE/1/frame_7840.jpg,SAFE,UNSAFE,0.9313837885856628,baseline,in_the_wild
/Users/ahooker/Documents/Dissertation/virtushield/final-datasets/in-the-wild-final-small/SAFE/1/frame_7880.jpg,SAFE,UNSAFE,0.7526273727416992,baseline,in_the_wild
/Users/ahooker/Documents/Dissertation/virtushield/final-datasets/in-the-wild-final-small/SAFE/1/frame_7920.jpg,SAFE,UNSAFE,0.6854590177536011,baseline,in_the_wild
/Users/ahooker/Documents/Dissertation/virtushield/final-datasets/in-the-wild-final-small/SAFE/1/frame_7940.jpg,SAFE,UNSAFE,0.9382250308990479,baseline,in_the_wild
/Users/ahooker/Documents/Dissertation/virtushield/final-datasets/in-the-wild-final-small/SAFE/1/frame_7980.jpg,SAFE,UNSAFE,0.6612767577171326,baseline,in_the_wild
/Users/ahooker/Documents/Dissertation/virtushield/final-datasets/in-the-wild-final-small/SAFE/1/frame_8000.jpg,SAFE,SAFE,0.24432462453842163,baseline,in_the_wild
/Users/ahooker/Documents/Dissertation/virtushield/final-datasets/in-the-wild-final-small/SAFE/1/frame_8040.jpg,SAFE,UNSAFE,0.7521975040435791,baseline,in_the_wild
/Users/ahooker/Documents/Dissertation/virtushield/final-datasets/in-the-wild-final-small/SAFE/1/frame_8040__1.jpg,SAFE,UNSAFE,0.6939917206764221,baseline,in_the_wild
/Users/ahooker/Documents/Dissertation/virtushield/final-datasets/in-the-wild-final-small/SAFE/1/frame_8160.jpg,SAFE,UNSAFE,0.851771354675293,baseline,in_the_wild
/Users/ahooker/Documents/Dissertation/virtushield/final-datasets/in-the-wild-final-small/SAFE/1/frame_8320.jpg,SAFE,UNSAFE,0.8845865726470947,baseline,in_the_wild
/Users/ahooker/Documents/Dissertation/virtushield/final-datasets/in-the-wild-final-small/SAFE/1/frame_8340.jpg,SAFE,UNSAFE,0.7854416370391846,baseline,in_the_wild
/Users/ahooker/Documents/Dissertation/virtushield/final-datasets/in-the-wild-final-small/SAFE/1/frame_8360.jpg,SAFE,SAFE,0.45266446471214294,baseline,in_the_wild
/Users/ahooker/Documents/Dissertation/virtushield/final-datasets/in-the-wild-final-small/SAFE/1/frame_8420.jpg,SAFE,UNSAFE,0.9075019955635071,baseline,in_the_wild
/Users/ahooker/Documents/Dissertation/virtushield/final-datasets/in-the-wild-final-small/SAFE/1/frame_8440.jpg,SAFE,UNSAFE,0.9486350417137146,baseline,in_the_wild
/Users/ahooker/Documents/Dissertation/virtushield/final-datasets/in-the-wild-final-small/SAFE/1/frame_8520.jpg,SAFE,UNSAFE,0.9573766589164734,baseline,in_the_wild
/Users/ahooker/Documents/Dissertation/virtushield/final-datasets/in-the-wild-final-small/SAFE/1/frame_860.jpg,SAFE,SAFE,0.1190912202000618,baseline,in_the_wild
/Users/ahooker/Documents/Dissertation/virtushield/final-datasets/in-the-wild-final-small/SAFE/1/frame_8600.jpg,SAFE,UNSAFE,0.9715894460678101,baseline,in_the_wild
/Users/ahooker/Documents/Dissertation/virtushield/final-datasets/in-the-wild-final-small/SAFE/1/frame_8700.jpg,SAFE,UNSAFE,0.5630049109458923,baseline,in_the_wild
/Users/ahooker/Documents/Dissertation/virtushield/final-datasets/in-the-wild-final-small/SAFE/1/frame_8720.jpg,SAFE,UNSAFE,0.9595411419868469,baseline,in_the_wild
/Users/ahooker/Documents/Dissertation/virtushield/final-datasets/in-the-wild-final-small/SAFE/1/frame_8720__1.jpg,SAFE,UNSAFE,0.5963569283485413,baseline,in_the_wild
/Users/ahooker/Documents/Dissertation/virtushield/final-datasets/in-the-wild-final-small/SAFE/1/frame_8760.jpg,SAFE,UNSAFE,0.6294676661491394,baseline,in_the_wild
/Users/ahooker/Documents/Dissertation/virtushield/final-datasets/in-the-wild-final-small/SAFE/1/frame_8900.jpg,SAFE,UNSAFE,0.8152069449424744,baseline,in_the_wild
/Users/ahooker/Documents/Dissertation/virtushield/final-datasets/in-the-wild-final-small/SAFE/1/frame_8960.jpg,SAFE,SAFE,0.38715437054634094,baseline,in_the_wild
/Users/ahooker/Documents/Dissertation/virtushield/final-datasets/in-the-wild-final-small/SAFE/1/frame_900.jpg,SAFE,SAFE,0.34526175260543823,baseline,in_the_wild
/Users/ahooker/Documents/Dissertation/virtushield/final-datasets/in-the-wild-final-small/SAFE/1/frame_9000.jpg,SAFE,UNSAFE,0.6494691967964172,baseline,in_the_wild
/Users/ahooker/Documents/Dissertation/virtushield/final-datasets/in-the-wild-final-small/SAFE/1/frame_9040.jpg,SAFE,UNSAFE,0.9469312429428101,baseline,in_the_wild
/Users/ahooker/Documents/Dissertation/virtushield/final-datasets/in-the-wild-final-small/SAFE/1/frame_9080.jpg,SAFE,UNSAFE,0.9704764485359192,baseline,in_the_wild
/Users/ahooker/Documents/Dissertation/virtushield/final-datasets/in-the-wild-final-small/SAFE/1/frame_9120.jpg,SAFE,UNSAFE,0.7635074853897095,baseline,in_the_wild
/Users/ahooker/Documents/Dissertation/virtushield/final-datasets/in-the-wild-final-small/SAFE/1/frame_9140.jpg,SAFE,SAFE,0.4584448039531708,baseline,in_the_wild
/Users/ahooker/Documents/Dissertation/virtushield/final-datasets/in-the-wild-final-small/SAFE/1/frame_9160.jpg,SAFE,SAFE,0.12782946228981018,baseline,in_the_wild
/Users/ahooker/Documents/Dissertation/virtushield/final-datasets/in-the-wild-final-small/SAFE/1/frame_9160__1.jpg,SAFE,SAFE,0.12782946228981018,baseline,in_the_wild
/Users/ahooker/Documents/Dissertation/virtushield/final-datasets/in-the-wild-final-small/SAFE/1/frame_9180.jpg,SAFE,UNSAFE,0.7410069108009338,baseline,in_the_wild
/Users/ahooker/Documents/Dissertation/virtushield/final-datasets/in-the-wild-final-small/SAFE/1/frame_9220.jpg,SAFE,UNSAFE,0.9127646088600159,baseline,in_the_wild
/Users/ahooker/Documents/Dissertation/virtushield/final-datasets/in-the-wild-final-small/SAFE/1/frame_9220__1.jpg,SAFE,UNSAFE,0.8609208464622498,baseline,in_the_wild
/Users/ahooker/Documents/Dissertation/virtushield/final-datasets/in-the-wild-final-small/SAFE/1/frame_9280.jpg,SAFE,SAFE,0.3085530996322632,baseline,in_the_wild
/Users/ahooker/Documents/Dissertation/virtushield/final-datasets/in-the-wild-final-small/SAFE/1/frame_9300.jpg,SAFE,UNSAFE,0.8787930607795715,baseline,in_the_wild
/Users/ahooker/Documents/Dissertation/virtushield/final-datasets/in-the-wild-final-small/SAFE/1/frame_9300__1.jpg,SAFE,UNSAFE,0.893998920917511,baseline,in_the_wild
/Users/ahooker/Documents/Dissertation/virtushield/final-datasets/in-the-wild-final-small/SAFE/1/frame_9340.jpg,SAFE,UNSAFE,0.8780868053436279,baseline,in_the_wild
/Users/ahooker/Documents/Dissertation/virtushield/final-datasets/in-the-wild-final-small/SAFE/1/frame_9340__1.jpg,SAFE,UNSAFE,0.657550036907196,baseline,in_the_wild
/Users/ahooker/Documents/Dissertation/virtushield/final-datasets/in-the-wild-final-small/SAFE/1/frame_9380.jpg,SAFE,UNSAFE,0.7979269623756409,baseline,in_the_wild
/Users/ahooker/Documents/Dissertation/virtushield/final-datasets/in-the-wild-final-small/SAFE/1/frame_9460.jpg,SAFE,SAFE,0.3752829134464264,baseline,in_the_wild
/Users/ahooker/Documents/Dissertation/virtushield/final-datasets/in-the-wild-final-small/SAFE/1/frame_9600.jpg,SAFE,UNSAFE,0.5117914080619812,baseline,in_the_wild
/Users/ahooker/Documents/Dissertation/virtushield/final-datasets/in-the-wild-final-small/SAFE/1/frame_9660.jpg,SAFE,UNSAFE,0.8783419132232666,baseline,in_the_wild
/Users/ahooker/Documents/Dissertation/virtushield/final-datasets/in-the-wild-final-small/SAFE/1/frame_9740.jpg,SAFE,UNSAFE,0.8143661618232727,baseline,in_the_wild
/Users/ahooker/Documents/Dissertation/virtushield/final-datasets/in-the-wild-final-small/SAFE/1/frame_9780.jpg,SAFE,UNSAFE,0.7804919481277466,baseline,in_the_wild
/Users/ahooker/Documents/Dissertation/virtushield/final-datasets/in-the-wild-final-small/SAFE/1/frame_980.jpg,SAFE,SAFE,0.3575565814971924,baseline,in_the_wild
/Users/ahooker/Documents/Dissertation/virtushield/final-datasets/in-the-wild-final-small/SAFE/1/frame_9800.jpg,SAFE,UNSAFE,0.9136499166488647,baseline,in_the_wild
/Users/ahooker/Documents/Dissertation/virtushield/final-datasets/in-the-wild-final-small/SAFE/1/frame_9840.jpg,SAFE,UNSAFE,0.8048020601272583,baseline,in_the_wild
/Users/ahooker/Documents/Dissertation/virtushield/final-datasets/in-the-wild-final-small/SAFE/1/frame_9860.jpg,SAFE,UNSAFE,0.771497368812561,baseline,in_the_wild
/Users/ahooker/Documents/Dissertation/virtushield/final-datasets/in-the-wild-final-small/SAFE/1/frame_9900.jpg,SAFE,UNSAFE,0.6154391765594482,baseline,in_the_wild
/Users/ahooker/Documents/Dissertation/virtushield/final-datasets/in-the-wild-final-small/SAFE/1/frame_9920.jpg,SAFE,UNSAFE,0.9390532970428467,baseline,in_the_wild
/Users/ahooker/Documents/Dissertation/virtushield/final-datasets/in-the-wild-final-small/SAFE/1/frame_9940.jpg,SAFE,UNSAFE,0.8354106545448303,baseline,in_the_wild
/Users/ahooker/Documents/Dissertation/virtushield/final-datasets/in-the-wild-final-small/SAFE/1/frame_9960.jpg,SAFE,UNSAFE,0.7349064946174622,baseline,in_the_wild
/Users/ahooker/Documents/Dissertation/virtushield/final-datasets/in-the-wild-final-small/SAFE/1/frame_9960__1.jpg,SAFE,SAFE,0.3439194858074188,baseline,in_the_wild
/Users/ahooker/Documents/Dissertation/virtushield/final-datasets/in-the-wild-final-small/SAFE/1/frame_9980.jpg,SAFE,SAFE,0.16121137142181396,baseline,in_the_wild
